flag	table	lot	slot	category	item_id	num	goods_type	name
114	map	14000960	1	1	8121	1	1	Dark Moon Ring
171	map	10010	1	1	8148	1	1	
172	map	10301	1	1	8149	1	1	
173	map	10041	1	1	8150	1	1	
174	map	10221	1	1	8151	1	1	
175	map	10121	1	1	8152	1	1	
176	map	10201	1	1	8153	1	1	
191	map	34100500	1	1	191	1	15	
192	map	34130050	1	1	192	1	15	
193	map	34140700	1	1	193	1	15	
194	map	34120500	1	1	194	1	15	
195	map	34140710	1	1	195	1	15	
196	map	34150000	1	1	196	1	15	
197	map	10180	1	1	2959	1	3	Remembrance of the Full Moon Queen
197	map	10181	1	1	10080	1	1	
6700	map	2700	1	1	251	1	9	
9500	map	4900	1	1	8182	1	1	Mending Rune of Perfect Order
9502	map	4910	1	1	8183	1	1	Mending Rune of the Death-Prince
9502	map	103350	1	1	8183	1	1	Mending Rune of the Death-Prince
9504	map	4920	1	1	8184	1	1	Mending Rune of the Fell Curse
9800	map	300	1	1	12302	1		
9810	map	310	1	1	12307	1		
60000	map	2000	1	1	1001	3	0	
60000	map	2001	1	1	1051	1	0	
60020	map	1046380300	1	1	250	1	9	Flask of Wondrous Physick
60100	map	100000	1	1	130	1	0	
60110	map	103900	1	1	8158	1	1	Spirit Calling Bell
60130	map	1042371010	1	1	8590	1	1	Whetstone Knife
60140	map	20341	1	1	8163	1	1	
60140	map	102700	1	1	8163	1	1	
60150	map	1037460001	1	1	8188	1	1	Golden Tailoring Tools
60210	map	10010000	1	1	106	1	0	
60220	map	18000080	1	1	100	1	0	
60230	map	2230	1	1	109	1	0	
60240	map	1042400000	1	1	101	1	0	
60250	map	1042400001	1	1	110	1	0	
60260	map	16000720	1	1	112	1	0	Recusant Finger
60270	map	100340	1	1	102	1	0	
60280	map	101600	1	1	104	1	0	White Cipher Ring
60300	map	11100800	1	1	108	1	0	
60310	map	18000081	1	1	103	1	0	
60400	map	1045330100	1	1	10030	1	1	Memory Stone
60410	map	1034430100	1	1	10030	1	1	Memory Stone
60420	map	1035470100	1	1	10030	1	1	Memory Stone
60430	map	1034500100	1	1	10030	1	1	Memory Stone
60440	map	10170	1	1	10030	1	1	Memory Stone
60450	map	30395	1	1	10030	1	1	Memory Stone
60460	map	1052410900	1	1	10030	1	1	Memory Stone
60500	map	101100	1	1	10040	1	1	Talisman Pouch
60510	map	10000	1	1	10040	1	1	Talisman Pouch
60520	map	10050	1	1	10040	1	1	Talisman Pouch
62010	map	1042370200	1	1	8600	1	1	
62011	map	1044320000	1	1	8601	1	1	
62012	map	1045370020	1	1	8602	1	1	
62020	map	1038410200	1	1	8603	1	1	
62021	map	1037440210	1	1	8604	1	1	
62022	map	1034480200	1	1	8605	1	1	
62030	map	1040520500	1	1	8606	1	1	
62031	map	1042510500	1	1	8607	1	1	
62032	map	1036540500	1	1	8608	1	1	
62040	map	1049370500	1	1	8609	1	1	
62041	map	1049400500	1	1	8610	1	1	
62050	map	1049530700	1	1	8611	1	1	
62051	map	1052540700	1	1	8612	1	1	
62052	map	1048560700	1	1	8618	1	1	
62060	map	12010000	1	1	8613	1	1	
62061	map	12010010	1	1	8614	1	1	
62062	map	12050000	1	1	8616	1	1	
62063	map	12020060	1	1	8615	1	1	
62064	map	12030000	1	1	8617	1	1	
62080	map	2047410900	1	1	2008600	1	1	
62081	map	2048450500	1	1	2008601	1	1	
62082	map	2048370040	1	1	2008602	1	1	
62083	map	2046450710	1	1	2008603	1	1	
62084	map	2052410600	1	1	2008604	1	1	
65000	map	30321	1	1	11000	1	10	Crimsonspill Crystal Tear
65010	map	1045370301	1	1	11001	1	10	Greenspill Crystal Tear
65020	map	1046380301	1	1	11002	1	10	Crimson Crystal Tear
65030	map	1044530200	1	1	11003	1	10	
65040	map	30205	1	1	11004	1	10	Cerulean Crystal Tear
65050	map	30525	1	1	11005	1	10	
65060	map	30320	1	1	11006	1	10	Speckled Hardtear
65070	map	30526	1	1	11007	1	10	Crimson Bubbletear
65080	map	30186	1	1	11008	1	10	Opaline Bubbletear
65090	map	30185	1	1	11009	1	10	Crimsonburst Crystal Tear
65100	map	30410	1	1	11010	1	10	Greenburst Crystal Tear
65110	map	30415	1	1	11011	1	10	Opaline Hardtear
65120	map	1044530210	1	1	11012	1	10	Winged Crystal Tear
65130	map	30555	1	1	11013	1	10	Thorny Cracked Tear
65140	map	1045370300	1	1	11014	1	10	Spiked Cracked Tear
65150	map	1049370000	1	1	11015	1	10	Windy Crystal Tear
65160	map	30206	1	1	11016	1	10	Ruptured Crystal Tear
65170	map	30556	1	1	11017	1	10	
65180	map	30380	1	1	11018	1	10	Leaden Hardtear
65190	map	1044530201	1	1	11019	1	10	Twiggy Cracked Tear
65200	map	1052540790	1	1	11020	1	10	Crimsonwhorl Bubbletear
65210	map	1042390000	1	1	11021	1	10	Strength-knot Crystal Tear
65220	map	1036420000	1	1	11022	1	10	Dexterity-knot Crystal Tear
65230	map	1035490000	1	1	11023	1	10	Intelligence-knot Crystal Tear
65240	map	1043340020	1	1	11024	1	10	Faith-knot Crystal Tear
65250	map	30381	1	1	11025	1	10	Cerulean Hidden Tear
65260	map	30416	1	1	11026	1	10	Stonebarb Cracked Tear
65270	map	101620	1	1	11027	1	10	Purifying Crystal Tear
65280	map	30411	1	1	11028	1	10	Flame-Shrouding Cracked Tear
65290	map	30200	1	1	11029	1	10	Magic-Shrouding Cracked Tear
65300	map	30201	1	1	11030	1	10	Lightning-Shrouding Cracked Tear
65310	map	30202	1	1	11031	1	10	Holy-Shrouding Cracked Tear
65400	map	2048400021	1	1	2011000	1	10	Viridian Hidden Tear
65410	map	2048460700	1	1	2011010	1	10	Crimsonburst Dried Tear
65420	map	2045460501	1	1	2011020	1	10	Crimson-Sapping Cracked Tear
65430	map	2051450701	1	1	2011030	1	10	Cerulean-Sapping Cracked Tear
65440	map	2050460511	1	1	2011040	1	10	Oil-Soaked Tear
65450	map	2050460501	1	1	2011050	1	10	Bloodsucking Cracked Tear
65460	map	2046390061	1	1	2011060	1	10	Glovewort Crystal Tear
65470	map	2046420981	1	1	2011070	1	10	Deflecting Hardtear
65610	map	10000420	1	1	8970	1	1	Iron Whetblade
65640	map	1051360070	1	1	8971	1	1	Red-Hot Whetblade
65660	map	11001010	1	1	8972	1	1	Sanctified Whetblade
65680	map	14000500	1	1	8973	1	1	Glintstone Whetblade
65720	map	12020010	1	1	8974	1	1	Black Whetblade
66000	map	31030020	1	1	9500	1	11	Cracked Pot
66010	map	10000770	1	1	9500	1	11	Cracked Pot
66020	map	10000775	1	1	9500	1	11	Cracked Pot
66080	map	1039440100	1	1	9500	1	11	Cracked Pot
66090	map	1039440110	1	1	9500	1	11	Cracked Pot
66100	map	1039440120	1	1	9500	1	11	Cracked Pot
66110	map	1035500400	1	1	9500	1	11	Cracked Pot
66120	map	14000780	1	1	9500	1	11	Cracked Pot
66130	map	11000560	1	1	9500	1	11	Cracked Pot
66140	map	30130100	1	1	9500	1	11	Cracked Pot
66150	map	30130110	1	1	9500	1	11	Cracked Pot
66160	map	30130120	1	1	9500	1	11	Cracked Pot
66170	map	30130130	1	1	9500	1	11	Cracked Pot
66190	map	1047400010	1	1	9500	1	11	Cracked Pot
66400	map	30180040	1	1	9501	1	11	Ritual Pot
66410	map	14000900	1	1	9501	1	11	Ritual Pot
66420	map	1037420100	1	1	9501	1	11	Ritual Pot
66430	map	1039440130	1	1	9501	1	11	Ritual Pot
66440	map	1039440140	1	1	9501	1	11	Ritual Pot
66470	map	30130140	1	1	9501	1	11	Ritual Pot
66480	map	30130150	1	1	9501	1	11	Ritual Pot
66490	map	35000610	1	1	9501	1	11	Ritual Pot
66700	map	16000110	1	1	9510	1	11	Perfume Bottle
66710	map	11000130	1	1	9510	1	11	Perfume Bottle
66720	map	11000470	1	1	9510	1	11	Perfume Bottle
66730	map	1036510020	1	1	9510	1	11	Perfume Bottle
66740	map	1036520070	1	1	9510	1	11	Perfume Bottle
66760	map	1039510000	1	1	9510	1	11	Perfume Bottle
66770	map	1039540040	1	1	9510	1	11	Perfume Bottle
66780	map	31180000	1	1	9510	1	11	Perfume Bottle
66790	map	1048380010	1	1	9510	1	11	Perfume Bottle
66900	map	41000140	1	1	2009500	1	11	Hefty Cracked Pot
66910	map	41000220	1	1	2009500	1	11	Hefty Cracked Pot
66920	map	41000230	1	1	2009500	1	11	Hefty Cracked Pot
66930	map	41010000	1	1	2009500	1	11	Hefty Cracked Pot
66940	map	41020310	1	1	2009500	1	11	Hefty Cracked Pot
66950	map	2047410030	1	1	2009500	1	11	Hefty Cracked Pot
66960	map	2050440130	1	1	2009500	1	11	Hefty Cracked Pot
66970	map	2050440110	1	1	2009500	1	11	Hefty Cracked Pot
66980	map	21020060	1	1	2009500	1	11	Hefty Cracked Pot
66990	map	2047370010	1	1	2009500	1	11	Hefty Cracked Pot
67020	map	1046360020	1	1	9302	1	1	
67030	map	10000480	1	1	9303	1	1	
67050	map	1040390000	1	1	9305	1	1	
67060	map	1035440200	1	1	9306	1	1	
67070	map	1041530050	1	1	9307	1	1	
67090	map	1049540800	1	1	9309	1	1	
67120	map	16000090	1	1	9312	1	1	
67130	map	16000450	1	1	9313	1	1	
67200	map	1043380000	1	1	9320	1	1	
67220	map	1037420040	1	1	9322	1	1	
67250	map	1035540030	1	1	9325	1	1	
67260	map	1051360010	1	1	9326	1	1	
67300	map	12020130	1	1	9330	1	1	
67310	map	1051360120	1	1	9331	1	1	
67400	map	1036440100	1	1	9340	1	1	
67410	map	1038400010	1	1	9341	1	1	
67420	map	14000950	1	1	9342	1	1	
67430	map	30000030	1	1	9343	1	1	
67440	map	1049560360	1	1	9344	1	1	
67450	map	1038410000	1	1	9345	1	1	
67460	map	1035500040	1	1	9346	1	1	
67480	map	1038420100	1	1	9348	1	1	
67630	map	12020020	1	1	9363	1	1	
67640	map	1043500030	1	1	9364	1	1	
67650	map	1046400030	1	1	9365	1	1	
67800	map	1045370030	1	1	9380	1	1	
67840	map	1036510010	1	1	9384	1	1	
67850	map	1039540190	1	1	9385	1	1	
67860	map	30130010	1	1	9386	1	1	
67870	map	1046400050	1	1	9387	1	1	
67880	map	31020040	1	1	9388	1	1	
67890	map	12010020	1	1	9389	1	1	
67910	map	12050050	1	1	9391	1	1	
68000	map	30070000	1	1	9400	1	1	
68020	map	13000650	1	1	9402	1	1	
68030	map	1048360000	1	1	9403	1	1	
68200	map	1045380010	1	1	9420	1	1	
68210	map	102840	1	1	9421	1	1	
68400	map	1038480000	1	1	9440	1	1	
68410	map	35000800	1	1	9441	1	1	
68510	map	107520	1	1	2009301	1	1	
68520	map	107500	1	1	2009302	1	1	
68530	map	107530	1	1	2009303	1	1	
68540	map	107540	1	1	2009304	1	1	
68550	map	107550	1	1	2009305	1	1	
68560	map	107510	1	1	2009306	1	1	
68570	map	2054400000	1	1	2009307	1	1	
68580	map	2051460010	1	1	2009308	1	1	
68590	map	2047410050	1	1	2009309	1	1	
68600	map	2051450010	1	1	2009310	1	1	
68610	map	2046400010	1	1	2009311	1	1	
68620	map	2047420020	1	1	2009312	1	1	
68630	map	2049430400	1	1	2009313	1	1	
68640	map	2044460100	1	1	2009314	1	1	
68650	map	2046440040	1	1	2009315	1	1	
68660	map	41000240	1	1	2009316	1	1	
68670	map	2050410000	1	1	2009317	1	1	
68680	map	2045480700	1	1	2009318	1	1	
68690	map	2047450030	1	1	2009319	1	1	
68700	map	42000120	1	1	2009320	1	1	
68710	map	2047390030	1	1	2009321	1	1	
68720	map	2051410010	1	1	2009322	1	1	
68730	map	2046430030	1	1	2009323	1	1	
68740	map	40000010	1	1	2009324	1	1	
68750	map	2048420010	1	1	2009325	1	1	
68760	map	2048370060	1	1	2009326	1	1	
68770	map	2049440000	1	1	2009327	1	1	
68780	map	40010900	1	1	2009328	1	1	
68790	map	2047440810	1	1	2009329	1	1	
68800	map	21000660	1	1	2009330	1	1	
68810	map	2049390010	1	1	2009331	1	1	
68820	map	2049430510	1	1	2009332	1	1	
68830	map	106400	1	1	2009333	1	1	
68840	map	22000010	1	1	2009334	1	1	
68850	map	2049380040	1	1	2009335	1	1	
68860	map	2046480011	1	1	2009336	1	1	
68870	map	2048380020	1	1	2009337	1	1	
68880	map	28000060	1	1	2009338	1	1	
68890	map	2048460020	1	1	2009339	1	1	
68900	map	2047440000	1	1	2009340	1	1	
68910	enemy	524095715	1	1	2009341	1	1	
68920	map	2049380050	1	1	2009342	1	1	
68930	map	21020030	1	1	2009343	1	1	
68940	map	2046380060	1	1	2009344	1	1	
68950	map	2047350010	1	1	2009345	1	1	
69740	map	35000070	1	1	8714	1	12	
69760	map	1038480040	1	1	8716	1	12	Note: The Lord of Frenzied Flame
400001	map	100010	1	1	8107	1	1	Rold Medallion
400010	map	100100	1	1	8100	1		
400020	map	100200	1	1	900	1	0	Neutralizing Boluses
400021	map	100210	1	1	8101	1		
400030	map	100300	1	1	111	5	0	Festering Bloody Finger
400031	map	100310	1	1	8154	1	1	
400032	map	100320	1	1	2160	1	0	
400033	map	100330	1	1	8155	1	1	
400036	map	100361	1	1	111	6	0	Festering Bloody Finger
400036	map	110301	1	1	111	6	0	Festering Bloody Finger
400037	map	100360	1	2	11060000	1		
400037	map	110300	1	2	11060000	1		
400040	map	100400	1	1	125	1		
400040	map	110400	1	1	125	1		
400041	map	100410	1	1	9510	1	11	Perfume Bottle
400041	map	110401	1	1	9510	1	11	Perfume Bottle
400042	map	100420	1	1	2030	1	0	Glowstone
400049	map	110410	1	1	8920	1	1	
400050	map	100500	1	1	2050	1	0	Grace Mimic
400051	map	100510	1	1	8918	1	1	
400051	map	100520	1	1	10000	1	0	Glass Shard
400051	map	100530	1	1	1190	1	0	Silver-Pickled Fowl Foot
400051	map	110500	1	1	8918	1	1	
400051	map	110501	1	1	10000	1	0	Glass Shard
400051	map	110502	1	1	1190	1	0	Silver-Pickled Fowl Foot
400060	map	100600	1	4	6070	1		
400061	map	100610	1	1	1240	1	1	Shabriri Grape
400061	map	100611	1	6	5000	1	5	Rancorcall
400061	map	100612	1	1	1235	5	0	Raw Meat Dumpling
400061	map	110620	1	1	1240	1	1	Shabriri Grape
400069	map	110600	1	6	5000	1	5	Rancorcall
400069	map	110610	1	6	5000	1	5	Rancorcall
400069	map	110621	1	6	5000	1	5	Rancorcall
400070	map	100700	1	1	8128	1	1	Tonic of Forgetfulness
400070	map	100726	1	1	8128	1	1	Tonic of Forgetfulness
400071	map	100710	1	3	960000	1		
400071	map	100711	1	3	960100	1		
400071	map	100712	1	3	960300	1		
400072	map	100720	1	1	8134	1	1	Drawing-Room Key
400072	map	100725	1	1	8134	1	1	Drawing-Room Key
400073	map	100730	1	1	8127	1	12	Letter from Volcano Manor
400074	map	100740	1	1	8132	1	12	
400075	map	100750	1	1	8133	1	12	Red Letter
400076	map	100760	1	1	4800	1	5	Magma Shot
400077	map	100770	1	2	9080000	1		Serpentbone Blade
400078	map	100780	1	4	5030	1	5	
400079	map	100790	1	1	7520	1	16	Aspects of the Crucible: Breath
400080	map	100800	1	1	8131	1	1	
400080	map	110800	1	1	8131	1	1	
400080	map	110811	1	1	8131	1	1	
400081	map	100810	1	1	8130	1	1	
400089	map	100890	1	2	34090000	1		Frenzied Flame Seal
400089	map	100891	1	1	3311	5	0	Frenzyflame Stone
400089	map	110810	1	1	3311	3	0	Frenzyflame Stone
400090	map	100900	1	1	8137	1	12	
400091	map	100910	1	1	8221	1	12	
400091	map	100911	1	4	6060	1	18	Flame, Protect Me
400091	map	110910	1	4	6060	1	18	Flame, Protect Me
400100	map	101000	1	1	8144	1	1	
400101	map	101010	1	2	1070000	1		Glintstone Kris
400102	map	101020	1	1	8169	1	1	
400103	map	101030	1	1	1290	1	0	Starlight Shards
400104	map	101040	1	1	4200	1	5	Comet Azur
400105	map	101050	1	1	4220	1	5	Stars of Ruin
400106	map	101060	1	1	8913	1	1	
400106	map	111000	1	1	8913	1	1	
400107	map	101061	1	3	834000	1		
400107	map	101070	1	3	834000	1		
400107	map	111001	1	3	834000	1		
400108	map	111080	1	1	2030	1	0	Glowstone
400109	map	111090	1	1	2030	1	0	Glowstone
400120	map	101200	1	1	2030	1	0	Glowstone
400120	map	101201	1	1	2030	1	0	Glowstone
400121	map	101210	1	1	2030	1	0	Glowstone
400130	map	101300	1	1	8176	1	1	Haligtree Secret Medallion (Right)
400130	map	111300	1	1	8176	1	1	Haligtree Secret Medallion (Right)
400140	map	101400	1	1	8164	1	1	
400141	map	101410	1	4	2000	1		
400142	map	101420	1	1	8165	1	1	
400143	map	101430	1	1	8143	1	1	
400144	map	101440	1	1	2030	1	0	Glowstone
400145	map	101450	1	1	8166	1	1	
400148	map	101480	1	1	8911	1	1	
400148	map	101481	1	3	910000	1		
400148	map	101482	1	3	910100	1		
400148	map	101483	1	3	910200	1		
400148	map	101484	1	3	910300	1		
400149	map	101490	1	1	8910	1	1	
400149	map	101491	1	1	262000	1	8	Dolores the Sleeping Arrow Puppet
400149	map	101495	1	1	8910	1	1	
400149	map	101496	1	1	259000	1	8	
400150	map	101500	1	1	10161	1	14	Somber Smithing Stone [2]
400158	map	101580	1	2	4060000	1		Royal Greatsword
400158	map	101581	1	3	170100	1		
400158	map	101582	1	3	170200	1		
400158	map	101583	1	3	170300	1		
400158	map	111500	1	2	4060000	1		Royal Greatsword
400158	map	111501	1	3	170100	1		
400158	map	111502	1	3	170200	1		
400158	map	111503	1	3	170300	1		
400159	map	101590	1	1	8199	1	1	
400161	map	101610	1	1	10104	1	14	Smithing Stone [5]
400162	map	101621	1	2	10050000	1		
400163	map	101630	1	6	5030	1	5	
400163	map	111600	1	6	5030	1	5	
400164	map	101640	1	3	150000	1		
400164	map	101641	1	3	150100	1		
400164	map	101642	1	3	150200	1		
400164	map	101643	1	3	150300	1		
400164	map	111610	1	3	150000	1		
400164	map	111611	1	3	150100	1		
400164	map	111612	1	3	150200	1		
400164	map	111613	1	3	150300	1		
400170	map	101700	1	1	1210	1	0	Exalted Flesh
400171	map	101710	1	1	1210	3	0	Exalted Flesh
400172	map	101720	1	3	1120000	1		
400173	map	101730	1	1	8222	1	1	
400174	map	101740	1	4	1231	1		
400174	map	101741	1	1	8222	1	1	
400174	map	111710	1	4	1231	1		
400175	map	111700	1	4	1230	1		
400180	map	101800	1	1	8167	1	12	Letter to Patches
400181	map	101810	1	1	8168	1	1	
400181	map	111815	1	1	8168	1	1	
400182	map	101820	1	2	20030000	1		Magma Whip Candlestick
400183	map	101830	1	1	2900	2	0	Golden Rune [1]
400184	map	101840	1	2	16010007	1		
400184	map	101841	1	3	1400100	1		
400184	map	101842	1	3	1400200	1		
400184	map	101843	1	3	1400300	1		
400189	map	111800	1	1	8912	1	1	
400189	map	111801	1	2	16010007	1		
400189	map	111802	1	3	1400100	1		
400189	map	111803	1	3	1400200	1		
400189	map	111804	1	3	1400300	1		
400189	map	111810	1	1	8912	1	1	
400189	map	111811	1	2	16010007	1		
400189	map	111812	1	3	1400100	1		
400189	map	111813	1	3	1400200	1		
400189	map	111814	1	3	1400300	1		
400190	map	101900	1	1	236000	1	7	
400191	map	101910	1	1	10010	1	14	Golden Seed
400209	map	111900	1	1	2030	1	0	Glowstone
400209	map	112000	1	1	8917	1	1	
400209	map	112001	1	1	15090	12	2	Turtle Neck Meat
400210	map	102100	1	1	8590	1	1	Whetstone Knife
400220	map	112200	1	1	10010	1	14	Golden Seed
400221	map	102200	1	2	1150000	1		Erdsteel Dagger
400230	map	102310	1	1	10140	1	14	Ancient Dragon Smithing Stone
400230	map	112301	1	1	10140	1	14	Ancient Dragon Smithing Stone
400231	map	102311	1	1	6830	1	16	
400232	map	102312	1	2	12150000	1		Beastclaw Greathammer
400233	map	102313	1	1	6810	1	16	Stone of Gurranq
400234	map	102314	1	1	6820	1	16	Beast Claw
400235	map	102300	1	5	65200	1		
400236	map	102301	1	1	6840	1	18	Bestial Vitality
400237	map	102302	1	1	6800	1	16	Bestial Sling
400238	map	102303	1	2	34040000	1		Clawmark Seal
400239	map	102304	1	1	8979	1	1	Beast Eye
400239	map	112300	1	1	8979	1	1	Beast Eye
400240	map	102400	1	1	8940	1	1	
400241	map	102401	1	3	1301000	1		
400260	map	102600	1	1	2030	1	0	Glowstone
400271	map	102710	1	1	20760	10	2	Mushroom
400280	map	102800	1	1	8175	1	1	Haligtree Secret Medallion (Left)
400281	map	102810	1	1	8178	1		
400281	map	102860	1	2	11110000	1		Scepter of the All-Knowing
400282	map	102820	1	1	6260	1	18	
400282	map	102861	1	3	590000	1		
400283	map	102830	1	1	6490	1	18	
400283	map	102862	1	3	590100	1		
400284	map	102863	1	3	590200	1		
400285	map	102850	1	1	6760	1	18	Law of Causality
400285	map	102864	1	3	590300	1		
400290	map	102900	1	1	8173	1	12	Letter to Bernahl
400291	map	102910	1	1	4810	1	5	
400292	map	102920	1	1	2080	1	0	Blasphemous Claw
400293	map	102921	1	2	12200000	1		
400293	map	112901	1	2	12200000	1		
400294	map	102922	1	3	720000	1		
400294	map	102923	1	3	721100	1		
400294	map	102924	1	3	720200	1		
400294	map	102925	1	3	720300	1		
400294	map	102930	1	3	720000	1		
400294	map	102931	1	3	721100	1		
400294	map	102932	1	3	720200	1		
400294	map	102933	1	3	720300	1		
400294	map	112902	1	3	720000	1		
400294	map	112903	1	3	721100	1		
400294	map	112904	1	3	720200	1		
400294	map	112905	1	3	720300	1		
400295	map	102926	1	1	4810	1	5	
400299	map	112900	1	1	8916	1	1	
400300	map	103000	1	1	8136	1	1	
400300	map	113000	1	1	8136	1	1	
400308	map	103020	1	1	8193	1	1	Seedbed Curse
400308	map	113010	1	1	8193	1	1	Seedbed Curse
400309	map	103010	1	6	5040	1	16	Death Lightning
400309	map	103011	1	3	891000	1		
400309	map	103021	1	1	8942	1	1	
400309	map	103022	1	6	5040	1	16	Death Lightning
400309	map	103023	1	3	891000	1		
400309	map	113001	1	1	8942	1	1	
400309	map	113002	1	6	5040	1	16	Death Lightning
400309	map	113003	1	3	891000	1		
400309	map	113011	1	1	8942	1	1	
400309	map	113012	1	6	5040	1	16	Death Lightning
400309	map	113013	1	3	891000	1		
400310	map	103100	1	1	8976	1	1	
400311	map	103110	1	1	8978	1	12	
400312	map	103120	1	4	3050	1	0	Glintstone Scrap
400312	map	103121	1	1	8944	1	1	
400312	map	113120	1	4	3050	1	0	Glintstone Scrap
400312	map	113121	1	1	8944	1	1	
400320	map	103200	1	4	1070	1	0	
400321	map	103210	1	1	8196	1	1	Unalloyed Gold Needle
400321	map	113210	1	1	8196	1	1	Unalloyed Gold Needle
400323	map	103220	1	4	1250	1		
400323	map	113200	1	4	1250	1		
400324	map	103240	1	1	2190	1	0	
400325	map	103241	1	1	10168	1	14	Somber Ancient Dragon Smithing Stone
400331	map	103310	1	1	8980	1	1	
400332	map	103320	1	4	6070	1		
400333	map	103330	1	1	3361	1	0	
400334	map	103340	1	1	8190	1	12	
400339	map	113300	1	3	1940000	1		
400339	map	113301	1	3	1940100	1		
400348	map	103410	1	2	2090000	1		Inseparable Sword
400348	map	103411	1	3	600000	1		
400348	map	103412	1	3	600100	1		
400348	map	103413	1	3	600200	1		
400348	map	103414	1	3	600300	1		
400348	map	113410	1	2	2090000	1		Inseparable Sword
400348	map	113411	1	3	600000	1		
400348	map	113412	1	3	600100	1		
400348	map	113413	1	3	600200	1		
400348	map	113414	1	3	600300	1		
400348	map	113420	1	2	2090000	1		Inseparable Sword
400348	map	113421	1	3	600000	1		
400348	map	113422	1	3	600100	1		
400348	map	113423	1	3	600200	1		
400348	map	113424	1	3	600300	1		
400349	map	103400	1	1	8915	1	1	
400349	map	103401	1	3	600000	1		
400349	map	103402	1	3	600100	1		
400349	map	103403	1	3	600200	1		
400349	map	103404	1	3	600300	1		
400349	map	113400	1	1	8915	1	1	
400349	map	113401	1	3	600000	1		
400349	map	113402	1	3	600100	1		
400349	map	113403	1	3	600200	1		
400349	map	113404	1	3	600300	1		
400356	map	103582	1	1	8223	1	12	
400357	map	103510	1	1	8172	1	1	Black Knifeprint
400357	map	103581	1	1	8172	1	1	Black Knifeprint
400358	map	103500	1	6	5010	1	5	Explosive Ghostflame
400358	map	103580	1	6	5010	1	5	Explosive Ghostflame
400359	map	103590	1	1	8941	1	1	
400359	map	103591	1	3	130000	1		
400359	map	103592	1	3	130100	1		
400359	map	103593	1	3	130200	1		
400359	map	103594	1	3	130300	1		
400360	map	103600	1	1	8919	1	1	
400360	map	113600	1	1	8919	1	1	
400361	map	103601	1	2	33200000	1		Academy Glintstone Staff
400361	map	113601	1	2	33200000	1		Academy Glintstone Staff
400362	map	103602	1	1	4630	1	17	
400370	map	103700	1	1	8943	1	1	
400370	map	103701	1	2	13010000	1		Flail
400370	map	103702	1	3	620100	1		
400370	map	113700	1	1	8943	1	1	
400370	map	113701	1	2	13010000	1		Flail
400370	map	113702	1	3	620100	1		
400380	map	103800	1	1	8197	1	1	
400381	map	103824	1	2	3160000	1		Sword of Milos
400381	map	113800	1	2	3160000	1		Sword of Milos
400381	map	113820	1	2	3160000	1		Sword of Milos
400382	map	103820	1	3	970000	1		
400382	map	103821	1	3	970100	1		
400382	map	103822	1	3	970200	1		
400382	map	103823	1	3	970300	1		
400382	map	113821	1	3	970000	1		
400382	map	113822	1	3	970100	1		
400382	map	113823	1	3	970200	1		
400382	map	113824	1	3	970300	1		
400390	map	103901	1	1	232000	1	7	Lone Wolf Ashes
400391	map	103910	1	1	8111	1	1	Carian Inverted Statue
400392	map	103920	1	1	8191	1	1	Cursemark of Death
400393	map	103930	1	2	3090000	1		Dark Moon Greatsword
400394	map	103940	1	1	8146	1	1	Miniature Ranni
400395	map	103950	1	1	8159	1	1	Fingerslayer Blade
400400	map	104000	1	1	10140	1	14	Ancient Dragon Smithing Stone
400401	map	104010	1	3	940000	1		
400401	map	104011	1	3	940100	1		
400401	map	104012	1	3	940200	1		
400401	map	104013	1	3	940300	1		
400401	map	114000	1	3	940000	1		
400401	map	114001	1	3	940100	1		
400401	map	114002	1	3	940200	1		
400401	map	114003	1	3	940300	1		
400410	map	104100	1	1	204000	1	8	Latenna the Albinauric
400411	map	104110	1	1	10168	1	14	Somber Ancient Dragon Smithing Stone
400412	map	104120	1	3	240000	1	7	Wandering Noble Ashes
400412	map	104121	1	3	240100	1		
400412	map	104122	1	3	240200	1		
400412	map	104123	1	3	240300	1		
400412	map	114100	1	3	240000	1	7	Wandering Noble Ashes
400412	map	114101	1	3	240100	1		
400412	map	114102	1	3	240200	1		
400412	map	114103	1	3	240300	1		
400420	map	104200	1	4	1030	1		
400421	map	114210	1	2	14140000	1		Stormhawk Axe
400421	map	114211	1	2	14140000	1		Stormhawk Axe
400422	map	104220	1	1	10140	1	14	Ancient Dragon Smithing Stone
400430	map	104300	1	1	4220	1	5	Stars of Ruin
400431	map	114310	1	3	580000	1		
400431	map	114311	1	3	580100	1		
400431	map	114312	1	3	580200	1		
400431	map	114313	1	3	580300	1		
400440	map	104400	1	1	4200	1	5	Comet Azur
400441	map	114410	1	3	581000	1		
400441	map	114411	1	3	581100	1		
400441	map	114412	1	3	581200	1		
400451	map	104500	1	2	20050000	1		
400451	map	104501	1	3	651000	1		
400451	map	104510	1	2	20050000	1		
400451	map	104511	1	3	651000	1		
400451	map	114500	1	2	20050000	1		
400451	map	114501	1	3	651000	1		
400452	map	104502	1	1	2913	1	0	
400452	map	104512	1	1	2913	1	0	
400460	map	104600	1	4	2210	1		
400460	map	114600	1	1	15410	1	2	Living Jar Shard
400470	map	104700	1	4	1032	1		
400480	map	104800	1	4	2081	1		
400490	map	104900	1	3	690000	1		
400490	map	104901	1	3	690100	1		
400490	map	104902	1	3	690200	1		
400490	map	104903	1	3	690300	1		
400500	map	105000	1	3	1040100	1		
400500	map	105001	1	3	1040200	1		
400500	map	105002	1	3	1040300	1		
400510	map	105100	1	2	12180000	1		Great Stars
400510	map	105101	1	1	10165	1	14	Somber Smithing Stone [6]
400590	map	105900	1	4	8140	1		
400592	map	105910	1	4	8130	1	1	
400594	map	105920	1	5	410000	1		
400594	map	105921	1	1	2002950	1	0	
400595	map	105930	1	2	41510000	1		
400595	map	105931	1	1	2002950	1	0	
400596	map	115900	1	1	2002950	1	0	
400596	map	115910	1	1	2002950	1	0	
400598	map	105940	1	3	5000100	1		
400600	map	106000	1	2	31530000	1		Golden Lion Shield
400602	map	106010	1	2	8510000	1		
400602	map	106011	1	3	5120000	1		
400602	map	106012	1	3	5120100	1		
400602	map	106013	1	3	5120200	1		
400602	map	106014	1	3	5120300	1		
400602	map	116000	1	2	8510000	1		
400602	map	116001	1	3	5120000	1		
400602	map	116002	1	3	5120100	1		
400602	map	116003	1	3	5120200	1		
400602	map	116004	1	3	5120300	1		
400610	map	106100	1	1	2008007	1	12	Cross Map
400610	map	106120	1	1	2008007	1	12	Cross Map
400610	map	106140	1	1	2008007	1	12	Cross Map
400611	map	106121	1	1	2008012	1	12	New Cross Map
400611	map	106130	1	1	2008012	1	12	New Cross Map
400611	map	106141	1	1	2008012	1	12	New Cross Map
400612	map	106110	1	1	2020035	3	2	Furnace Visage
400612	map	106131	1	1	2020035	3	2	Furnace Visage
400612	map	106142	1	1	2020035	3	2	Furnace Visage
400614	map	116100	1	2	7510000	1		Falx
400614	map	116101	1	3	5070000	1		
400614	map	116102	1	3	5070100	1		
400614	map	116103	1	3	5070200	1		
400614	map	116104	1	3	5070300	1		
400620	map	106200	1	1	2008015	1	1	Letter for Freyja
400622	map	106210	1	3	5110000	1		
400622	map	106211	1	3	5110100	1		
400622	map	106212	1	3	5110200	1		
400622	map	106213	1	3	5110300	1		
400623	map	106214	1	2	41510000	1		
400624	map	106220	1	3	5110000	1		
400624	map	106221	1	3	5110100	1		
400624	map	106222	1	3	5110200	1		
400624	map	106223	1	3	5110300	1		
400624	map	106224	1	2	19500000	1		Obsidian Lamina
400624	map	106225	1	1	2006300	1	16	Furious Blade of Ansbach
400625	map	106230	1	3	5110000	1		
400625	map	106231	1	3	5110100	1		
400625	map	106232	1	3	5110200	1		
400625	map	106233	1	3	5110300	1		
400625	map	106234	1	2	41510000	1		
400625	map	106235	1	1	2008015	1	1	Letter for Freyja
400627	map	116200	1	3	5110000	1		
400627	map	116201	1	3	5110100	1		
400627	map	116202	1	3	5110200	1		
400627	map	116203	1	3	5110300	1		
400627	map	116204	1	2	41510000	1		
400630	map	106300	1	1	2002140	1	0	
400632	map	106310	1	4	8160	1		
400634	map	106320	1	2	21500000	1		
400634	map	106321	1	3	5030000	1		
400634	map	106322	1	3	5030100	1		
400634	map	106323	1	3	5030200	1		
400634	map	106324	1	3	5030300	1		
400636	map	106330	1	3	5030000	1		
400636	map	106331	1	3	5030100	1		
400636	map	106332	1	3	5030200	1		
400636	map	106333	1	3	5030300	1		
400642	map	106410	1	1	2008019	1	1	Black Syrup
400644	map	106420	1	1	2008900	1	1	
400644	map	116400	1	1	2008900	1	1	
400645	map	106421	1	2	32520000	1		Verdigris Greatshield
400645	map	106422	1	3	5010000	1		
400645	map	106423	1	3	5010100	1		
400645	map	106424	1	3	5010200	1		
400645	map	106425	1	3	5010300	1		
400645	map	116401	1	2	32520000	1		Verdigris Greatshield
400645	map	116402	1	3	5010000	1		
400645	map	116403	1	3	5010100	1		
400645	map	116404	1	3	5010200	1		
400645	map	116405	1	3	5010300	1		
400660	map	106600	1	1	2008008	1	1	Hole-Laden Necklace
400660	map	106601	1	1	2008016	1	12	
400661	map	106610	1	1	2008017	1	12	Ruins Map (2nd)
400661	map	106611	1	4	8190	1	12	
400661	map	106630	1	1	2008017	1	12	Ruins Map (2nd)
400661	map	106631	1	4	8190	1	12	
400662	map	106620	1	1	2008018	1	12	Ruins Map (3rd)
400662	map	106632	1	1	2008018	1	12	Ruins Map (3rd)
400664	map	106640	1	1	2008901	1	1	
400664	map	106641	1	2	33520000	1		Maternal Staff
400664	map	106642	1	3	5060000	1		
400664	map	106643	1	3	5060100	1		
400664	map	106644	1	3	5060200	1		
400664	map	106645	1	3	5060300	1		
400666	map	106650	1	1	2007420	1	5	Cherishing Fingers
400670	map	106700	1	1	2219000	1	8	Swordhand of Night Jol\xe1n
400671	map	106710	1	2	9500000	1		Sword of Night
400672	map	106720	1	2	22500000	1		Claws of Night
400690	map	106900	1	1	2218000	1	8	Fire Knight Queelign
400692	map	106910	1	2	6500000	1		
400694	map	106920	1	4	8050	1		
400696	map	106930	1	5	414000	1		
400696	map	106931	1	1	2008036	1	1	Prayer Room Key
400700	map	107010	1	1	2215000	1	8	Ancient Dragon Florissax
400702	map	107020	1	1	2006910	1	18	Dragonbolt of Florissax
400704	map	107030	1	1	2002020	1	0	Priestess Heart
400704	map	107031	1	2	11500000	1		Flowerstone Gavel
400710	map	107100	1	1	2008003	1	1	
400710	map	117100	1	1	2008003	1	1	
400711	map	117101	1	2	42500000	1		
400711	map	117102	1	3	5100000	1		
400711	map	117103	1	3	5100100	1		
400711	map	117104	1	3	5100200	1		
400711	map	117105	1	3	5100300	1		
400711	map	117106	1	1	2008907	1	1	
400712	map	107110	1	6	4548045	1		
400712	map	107111	1	3	5100000	1		
400712	map	107112	1	3	5100100	1		
400712	map	107113	1	3	5100200	1		
400712	map	107114	1	3	5100300	1		
400712	map	107115	1	1	2008907	1	1	
400714	map	107120	1	2	42500000	1		
400714	map	107121	1	3	5100000	1		
400714	map	107122	1	3	5100100	1		
400714	map	107123	1	3	5100200	1		
400714	map	107124	1	3	5100300	1		
400714	map	107125	1	1	2008907	1	1	
400720	map	107210	1	1	2001202	1	0	
400721	map	107211	1	1	2007600	1	16	Watchful Spirit
400722	map	107220	1	1	2001201	1	0	Gourmet Scorpion Stew
400723	map	107230	1	1	2001203	1	0	
400730	map	107300	1	6	4401055	1		
400730	map	107301	1	3	3000000	1		Bastard Sword
400732	map	107310	1	2	60510000	1		
400740	map	107400	1	3	5300000	1		
400750	map	107501	1	1	2020007	3	2	Glintslab Firefly
400751	map	107511	1	1	2015020	1	2	Pearlescent Scale
400752	map	107521	1	1	2020005	3	2	Dewgem
400753	map	107531	1	1	2020006	3	2	Black Pyrefly
400754	map	107541	1	1	2020008	3	2	Yellow Fulgurbloom
400755	map	107551	1	1	2020009	3	2	Shadow Sunflower
400901	map	119000	1	1	8921	1	1	
400902	map	119005	1	1	8922	1	1	
400903	map	119010	1	1	8923	1	1	
400904	map	119015	1	1	8924	1	1	
400905	map	119020	1	1	8925	1	1	
400906	map	119025	1	1	8926	1	1	
400907	map	119030	1	1	8927	1	1	
400908	map	119035	1	1	8928	1	1	
400909	map	119040	1	1	8929	1	1	
400910	map	119045	1	1	8930	1	1	
400911	map	119050	1	1	8931	1	1	
400912	map	119055	1	1	8932	1	1	
400913	map	119060	1	1	8933	1	1	
400914	map	119065	1	1	8934	1	1	
400915	map	119070	1	1	8935	1	1	
400916	map	119075	1	1	8936	1	1	
400917	map	119080	1	1	8937	1	1	
400918	map	119085	1	1	8938	1	1	
400919	map	119090	1	1	8939	1	1	
500010	map	2010	1	1	400	1	0	
500020	map	2020	1	1	12	1	0	
500520	map	2520	1	1	12	1	0	
510010	map	10011	1	1	2950	1	3	Remembrance of the Grafted
510030	map	10030	1	2	2060000	1		Ornamental Straight Sword
510030	map	10031	1	2	32090000	1		
510040	map	10040	1	1	2952	1	3	Remembrance of the Omen King
510060	map	10060	1	2	11110000	1		Scepter of the All-Knowing
510060	map	10061	1	3	590000	1		
510060	map	10062	1	3	590100	1		
510060	map	10063	1	3	590200	1		
510060	map	10064	1	3	590300	1		
510070	map	10070	1	1	2957	1	3	Remembrance of Hoarah Loux
510080	map	10080	1	1	2964	1	3	Remembrance of the Naturalborn
510090	map	10090	1	1	6921	1	16	Frozen Lightning Spear
510100	map	10100	1	2	3190000	1		
510100	map	10101	1	2	10080000	1		
510110	map	10110	1	1	2960	1	3	Remembrance of the Lichdragon
510120	map	10120	1	1	2955	1	3	Remembrance of the Blood Lord
510140	map	10140	1	1	8954	1	1	
510140	map	10141	1	5	22100	1		
510150	map	10150	1	1	2958	1	3	Remembrance of the Dragonlord
510160	map	10160	1	1	2956	1	3	Remembrance of the Black Blade
510190	map	10190	1	1	4381	1	5	
510190	map	10191	1	2	18100000	1		
510200	map	10200	1	1	2954	1	3	Remembrance of the Rot Goddess
510210	map	10210	1	2	6010000	1		Godskin Stitcher
510210	map	10211	1	1	6270	1	16	
510220	map	10220	1	1	2953	1	3	Remembrance of the Blasphemous
510230	map	10230	1	1	2963	1	3	Elden Remembrance
510250	map	10250	1	1	6300	1	16	Bloodflame Talons
510260	map	10260	1	2	8040000	1		
510260	map	10261	1	1	10060	1	1	Dragon Heart
510280	map	10280	1	1	10010	1	14	Golden Seed
510280	map	10281	1	1	201000	1	8	
510290	map	10290	1	2	16130000	1		
510300	map	10300	1	1	2951	1	3	Remembrance of the Starscourge
510310	map	10310	1	1	2961	1	3	Remembrance of the Fire Giant
510320	map	10320	1	1	209000	1	7	Ancestral Follower Ashes
510330	map	10330	1	1	2962	1	3	Remembrance of the Regal Ancestor
510340	map	10340	1	1	8185	2	1	Larval Tear
510340	map	10341	1	3	1090000	1		Great Knife
510350	map	10350	1	1	5020	1	17	
510400	map	10400	1	1	2002905	1	3	Remembrance of the Dancing Lion
510420	map	10420	1	2	67510000	1		
510430	map	10430	1	1	2002907	1	3	Remembrance of a God and a Lord
510440	map	10440	1	1	2006650	1	16	Aspects of the Crucible: Thorns
510440	map	10441	1	1	2010000	2	14	Scadutree Fragment
510460	map	10460	1	1	2002901	1	3	Remembrance of the Impaler
510460	map	10461	1	1	2008021	1	1	
510480	map	10480	1	1	2002910	1	3	Remembrance of Putrescence
510550	map	10550	1	1	2002909	1	3	Remembrance of the Mother of Fingers
510560	map	10560	1	1	2002908	1	3	Remembrance of the Lord of Frenzied Flame
510600	map	10600	1	1	2002904	1	3	Remembrance of the Saint of the Bud
510610	map	10610	1	2	17520000	1		Barbed Staff-Spear
510620	map	10620	1	1	2002902	1	3	Remembrance of the Shadow Sunflower
510620	map	10621	1	1	2008000	1	0	
510630	map	10630	1	1	2008011	1	1	Heart of Bayle
510640	map	10640	1	1	2002900	1	3	Remembrance of the Wild Boar Rider
510730	map	10730	1	3	520000	1		
510730	map	10731	1	3	520100	1		
510730	map	10732	1	3	520200	1		
510730	map	10733	1	3	520300	1		
510740	map	10740	1	1	247000	1	8	Omenkiller Rollo
510800	map	10800	1	2	4100000	1		Grafted Blade Greatsword
510810	map	10810	1	1	4380	1	5	
510810	map	10811	1	5	11800	1		
510820	map	10820	1	2	3150000	1		
510820	map	10821	1	2	32050000	1		
510830	map	10830	1	2	4080000	1		Ruins Greatsword
510840	map	10840	1	2	21120000	1		
510900	map	10900	1	1	2002903	1	3	Remembrance of the Twin Moon Knight
520000	map	20000	1	1	258000	1	8	Lhutel the Headless
520010	map	20010	1	1	234000	1	7	Demi-Human Ashes
520020	map	20020	1	1	241000	1	7	Noble Sorcerer Ashes
520030	map	20030	1	4	5050	1		
520040	map	20040	1	1	202000	1	8	Banished Knight Engvall
520050	map	20050	1	1	219000	1	7	Twinsage Sorcerer Ashes
520060	map	20060	1	1	218000	1	7	Glintstone Sorcerer Ashes
520070	map	20070	1	1	231000	1	7	Kaiden Sellsword Ashes
520080	map	20080	1	1	256000	1	8	Ancient Dragon Knight Kristoff
520090	map	20090	1	1	239000	1	8	Bloodhound Knight Floh
520100	map	20100	1	2	3060000	1		
520100	map	20101	1	3	570000	1		
520100	map	20102	1	3	570100	1		
520100	map	20103	1	3	570200	1		
520100	map	20104	1	3	570300	1		
520110	map	20110	1	1	217000	1	8	Perfumer Tricia
520120	map	20120	1	1	8960	1	1	
520130	map	20130	1	1	246000	1	7	Soldjars of Fortune Ashes
520140	map	20140	1	1	243000	1	7	Mad Pumpkin Head Ashes
520150	map	20150	1	1	224000	1	7	Kindred of Rot Ashes
520160	map	20160	1	1	257000	1	8	
520160	map	20161	1	1	10010	1	14	Golden Seed
520170	map	20170	1	2	8050000	1		Zamor Curved Sword
520170	map	20171	1	3	1070000	1		Glintstone Kris
520170	map	20172	1	3	1070100	1		
520170	map	20173	1	3	1070200	1		
520170	map	20174	1	3	1070300	1		
520180	map	20180	1	1	10010	1	14	Golden Seed
520180	map	20181	1	1	8961	1	1	
520190	map	20190	1	1	10909	2	14	Great Grave Glovewort
520190	map	20191	1	3	2000100	1		
520200	map	20200	1	1	228000	1	8	Blackflame Monk Amon
520210	map	20210	1	4	5060	1		
520210	map	20211	1	1	8172	1	1	Black Knifeprint
520220	map	20220	1	4	2160	1	0	
520300	map	20300	1	4	1020	1	0	
520310	map	20310	1	4	4010	1	5	Swift Glintstone Shard
520330	map	20330	1	4	4020	1	5	Glintstone Cometshard
520340	map	20340	1	1	8161	1	1	Sewing Needle
520350	map	20350	1	4	2110	1		
520360	map	20360	1	4	2080	1	0	Blasphemous Claw
520370	map	20370	1	4	1010	1	0	
520380	map	20380	1	1	4510	1	5	Crystal Release
520390	map	20390	1	4	2170	1		
520400	map	20400	1	2	44010000	1		Jar Cannon
520410	map	20410	1	2	15020000	1		Great Omenkiller Cleaver
520420	map	20420	1	4	6010	1	16	Flame Sling
520430	map	20430	1	1	215000	1	7	Putrid Corpse Ashes
520440	map	20440	1	4	4022	1		
520450	map	20450	1	4	1110	1	0	Immunizing Cured Meat
520460	map	20460	1	1	4520	1	5	Crystal Torrent
520470	map	20470	1	2	3170000	1		Golden Order Greatsword
520480	map	20480	1	4	5040	1	16	Death Lightning
520480	map	20481	1	1	6240	1	16	
520490	map	20490	1	2	13020000	1		Family Heads
520600	map	20600	1	2	15060000	1		Rusted Anchor
520610	map	20610	1	4	2190	1	0	
520620	map	20620	1	1	8951	1	1	
520630	map	20630	1	2	23020000	1		Great Club
520640	map	20640	1	2	8010000	1		
520650	map	20650	1	1	8956	1	1	
520660	map	20660	1	1	10060	1	1	Dragon Heart
520660	map	20661	1	2	9060000	1		Moonveil
520670	map	20670	1	1	10165	1	14	Somber Smithing Stone [6]
520670	map	20671	1	1	10106	5	14	Smithing Stone [7]
520670	map	20672	1	1	3070	10	0	Gravity Stone Chunk
520670	map	20673	1	1	8955	1	1	
520680	map	20680	1	1	4701	1	5	Meteorite of Astel
520700	map	20700	1	2	14510000	1		
520700	map	20701	1	4	7000	1	16	Dragonfire
520710	map	20710	1	2	15500000	1		
520711	map	20711	1	4	7010	1	16	Magma Breath
520750	map	20750	1	1	2206000	1	8	Demi-Human Swordsman Yosh
520760	map	20760	1	1	2200000	1	8	Curseblade Meera
520770	map	20770	1	1	2002030	1	0	
520800	map	20800	1	1	2201000	1	7	
520810	map	20810	1	2	66510000	1		
530100	map	30100	1	2	18080000	1		Golden Halberd
530110	map	30110	1	1	10060	1	1	Dragon Heart
530120	map	30120	1	1	7500	1	16	Aspects of the Crucible: Tail
530130	map	30130	1	2	8030000	1		
530170	map	30170	1	1	2090	1	1	Deathroot
530170	map	30171	1	1	212000	1	7	
530210	map	30210	1	1	10060	1	1	Dragon Heart
530225	map	30225	1	4	4110	1	5	Rock Blaster
530240	map	30240	1	1	2090	1	1	Deathroot
530240	map	30241	1	1	213000	1	7	
530245	map	30245	1	1	6110	1	16	Flame of the Fell God
530250	map	30250	1	1	4302	1	5	Greatblade Phalanx
530255	map	30255	1	1	4700	1	5	Meteorite
530260	map	30260	1	1	10060	3	1	Dragon Heart
530260	map	30261	1	1	4431	1	5	
530265	map	30265	1	1	200000	1	8	Black Knife Tiche
530300	map	30300	1	1	6950	1	16	
530310	map	30310	1	1	10164	1	14	Somber Smithing Stone [5]
530310	map	30311	1	1	10105	5	14	Smithing Stone [6]
530310	map	30312	1	1	3060	10	0	Gravity Stone Fan
530310	map	30313	1	1	3070	10	0	Gravity Stone Chunk
530315	map	30315	1	2	23060000	1		Dragon Greatclaw
530315	map	30316	1	2	32040000	1		
530325	map	30325	1	2	10010000	1		Godskin Peeler
530325	map	30326	1	1	6230	1	16	
530335	map	30335	1	2	32080000	1		Erdtree Greatshield
530335	map	30336	1	1	2914	1	0	
530350	map	30350	1	2	1010000	1		Black Knife
530375	map	30375	1	1	10165	1	14	Somber Smithing Stone [6]
530375	map	30376	1	1	10105	5	14	Smithing Stone [6]
530375	map	30377	1	2	23080000	1		Fallingstar Beast Jaw
530385	map	30385	1	1	2090	1	1	Deathroot
530385	map	30386	1	1	5030	1	5	
530390	map	30390	1	1	10060	1	1	Dragon Heart
530400	map	30400	1	1	10060	1	1	Dragon Heart
530405	map	30405	1	2	18040000	1		
530405	map	30406	1	1	8975	1	1	
530420	map	30420	1	1	10060	1	1	Dragon Heart
530425	map	30425	1	2	3210000	1		
530425	map	30426	1	2	18160000	1		
530505	map	30505	1	2	10090000	1		
530505	map	30506	1	2	15140000	1		
530510	map	30510	1	1	10060	1	1	Dragon Heart
530515	map	30515	1	1	6970	1	18	
530515	map	30516	1	3	950000	1		
530515	map	30517	1	3	950100	1		
530515	map	30518	1	3	950200	1		
530515	map	30519	1	3	950300	1		
530530	map	30530	1	2	16120000	1		Death Ritual Spear
530550	map	30550	1	1	10060	3	1	Dragon Heart
530600	map	30600	1	2	9070000	1		Dragonscale Blade
530620	map	30620	1	2	18140000	1		Dragon Halberd
530800	map	30800	1	1	10060	1	1	Dragon Heart
530800	map	30801	1	1	2001105	1	0	
530805	map	30805	1	1	10140	1	14	Ancient Dragon Smithing Stone
530805	map	30806	1	1	10168	1	14	Somber Ancient Dragon Smithing Stone
530810	map	30810	1	2	7520000	1		Dancing Blade of Ranah
530810	map	30811	1	3	5080000	1		
530810	map	30812	1	3	5080100	1		
530810	map	30813	1	3	5080200	1		
530810	map	30814	1	3	5080300	1		
530820	map	30820	1	2	3550000	1		Greatsword of Solitude
530820	map	30821	1	3	5130000	1		
530820	map	30822	1	3	5130100	1		
530820	map	30823	1	3	5130200	1		
530820	map	30824	1	3	5130300	1		
530830	map	30830	1	2	66520000	1		
530830	map	30831	1	3	5160000	1		
530830	map	30832	1	3	5160100	1		
530830	map	30833	1	3	5160200	1		
530830	map	30834	1	3	5160300	1		
530840	map	30840	1	1	10060	1	1	Dragon Heart
530840	map	30841	1	1	10168	1	14	Somber Ancient Dragon Smithing Stone
530845	map	30845	1	2	2520000	1		Star-Lined Sword
530850	map	30850	1	1	10060	1	1	Dragon Heart
530850	map	30851	1	1	2001105	1	0	
530855	map	30855	1	5	422000	1		
530860	map	30860	1	1	10060	1	1	Dragon Heart
530861	map	30861	1	1	10168	1	14	Somber Ancient Dragon Smithing Stone
530865	map	30865	1	2	4540000	1		
530900	map	30900	1	2	68510000	1		
530900	map	30901	1	3	5021000	1		
530900	map	30902	1	3	5020100	1		
530900	map	30903	1	3	5020200	1		
530900	map	30904	1	3	5020300	1		
530905	map	30910	1	1	2006800	1	16	Roar of Rugalea
530930	map	30930	1	3	5020000	1		Rapier
530935	map	30935	1	1	2000900	1	0	Blessing of Marika
530940	map	30940	1	1	2007730	1	16	Divine Beast Tornado
530945	map	30945	1	1	10060	1	1	Dragon Heart
530945	map	30946	1	1	10168	1	14	Somber Ancient Dragon Smithing Stone
530950	map	30950	1	1	2000900	1	0	Blessing of Marika
530955	map	30955	1	2	32500000	1		Black Steel Greatshield
530960	map	30960	1	1	2004710	1	5	Gravitational Missile
530965	map	30965	1	5	200100	1		
530995	map	30995	1	1	20722	1	2	Rimed Rowa
540100	map	40100	1	5	30600	1		
540104	map	40104	1	5	11000	1	10	Crimsonspill Crystal Tear
540108	map	40108	1	5	60000	1		
540112	map	40112	1	5	11400	1		
540116	map	40116	1	5	50600	1		
540118	map	40118	1	5	20100	1		
540120	map	40120	1	5	10700	1		
540132	map	40132	1	1	6480	1	18	Divine Fortification
540136	map	40136	1	1	6920	1	16	Lightning Strike
540138	map	40138	1	1	7220	1	18	Poison Mist
540140	map	40140	1	5	40200	1		
540142	map	40142	1	1	10160	1	14	Somber Smithing Stone [1]
540144	map	40144	1	1	10160	1	14	Somber Smithing Stone [1]
540146	map	40146	1	1	10160	1	14	Somber Smithing Stone [1]
540170	map	40170	1	5	12200	1		
540172	map	40172	1	5	12300	1		
540174	map	40174	1	1	5000	1	5	Rancorcall
540200	map	40200	1	5	22700	1		
540202	map	40202	1	5	10500	1		
540204	map	40204	1	5	50100	1		
540206	map	40206	1	5	31000	1		
540208	map	40208	1	5	70100	1		
540210	map	40210	1	5	30000	1		
540218	map	40218	1	1	6320	1	18	Bloodflame Blade
540220	map	40220	1	1	4450	1	5	Carian Piercer
540224	map	40224	1	5	65000	1		
540236	map	40236	1	1	7320	1	16	Frenzied Burst
540238	map	40238	1	5	12400	1		
540250	map	40250	1	1	4490	1	17	Frozen Armament
540252	map	40252	1	1	10161	1	14	Somber Smithing Stone [2]
540254	map	40254	1	1	10161	1	14	Somber Smithing Stone [2]
540256	map	40256	1	1	10162	1	14	Somber Smithing Stone [3]
540258	map	40258	1	1	10162	1	14	Somber Smithing Stone [3]
540260	map	40260	1	1	10161	1	14	Somber Smithing Stone [2]
540262	map	40262	1	1	10161	1	14	Somber Smithing Stone [2]
540264	map	40264	1	1	10161	1	14	Somber Smithing Stone [2]
540272	map	40272	1	5	22600	1		
540290	map	40290	1	1	10163	1	14	Somber Smithing Stone [4]
540300	map	40300	1	5	60400	1		
540302	map	40302	1	5	30800	1		
540304	map	40304	1	5	21200	1		
540306	map	40306	1	5	22400	1		
540308	map	40308	1	5	50700	1		
540310	map	40310	1	5	50400	1		
540312	map	40312	1	1	6340	1	18	Protection of the Erdtree
540314	map	40314	1	5	20800	1	2	Nascent Butterfly
540316	map	40316	1	5	30700	1		
540318	map	40318	1	5	21700	1		
540320	map	40320	1	1	10164	1	14	Somber Smithing Stone [5]
540332	map	40332	1	5	40100	1		
540334	map	40334	1	5	40000	1		
540370	map	40370	1	1	6330	1	18	Barrier of Gold
540372	map	40372	1	5	21600	1		
540400	map	40400	1	1	6030	1	16	Whirl, O Flame!
540402	map	40402	1	5	20500	1		
540404	map	40404	1	5	22200	1		
540406	map	40406	1	5	22800	1		
540408	map	40408	1	5	21400	1		
540410	map	40410	1	5	50500	1		
540412	map	40412	1	5	40500	1		
540414	map	40414	1	5	60700	1		
540416	map	40416	1	1	7230	1	18	
540418	map	40418	1	5	11200	1		
540420	map	40420	1	1	6850	1	18	Bestial Constitution
540422	map	40422	1	1	10163	1	14	Somber Smithing Stone [4]
540424	map	40424	1	1	10163	1	14	Somber Smithing Stone [4]
540426	map	40426	1	1	10167	1	14	Somber Smithing Stone [8]
540428	map	40428	1	1	10200	1	14	Somber Smithing Stone [9]
540500	map	40500	1	1	10100	1	14	Smithing Stone [1]
540502	map	40502	1	1	10100	1	14	Smithing Stone [1]
540504	map	40504	1	1	10100	1	14	Smithing Stone [1]
540506	map	40506	1	1	10100	1	14	Smithing Stone [1]
540508	map	40508	1	1	10100	1	14	Smithing Stone [1]
540510	map	40510	1	5	60600	1		
540512	map	40512	1	5	65300	1		
540514	map	40514	1	1	6060	1	18	Flame, Protect Me
540516	map	40516	1	5	11300	1		
540520	map	40520	1	1	10100	1	14	Smithing Stone [1]
540522	map	40522	1	1	10100	1	14	Smithing Stone [1]
540524	map	40524	1	5	85000	1		
540526	map	40526	1	1	10100	1	14	Smithing Stone [1]
540528	map	40528	1	1	10100	1	14	Smithing Stone [1]
540570	map	40570	1	1	2900	1	0	Golden Rune [1]
540572	map	40572	1	1	2900	1	0	Golden Rune [1]
540574	map	40574	1	1	2900	1	0	Golden Rune [1]
540576	map	40578	1	1	2900	1	0	Golden Rune [1]
540590	map	40590	1	1	10164	1	14	Somber Smithing Stone [5]
540592	map	40592	1	1	10164	1	14	Somber Smithing Stone [5]
540600	map	40600	1	1	10165	1	14	Somber Smithing Stone [6]
540602	map	40602	1	1	10165	1	14	Somber Smithing Stone [6]
540610	map	40610	1	1	5110	1	5	Great Oracular Bubble
540612	map	40612	1	1	2900	1	0	Golden Rune [1]
540614	map	40614	1	1	2900	1	0	Golden Rune [1]
540616	map	40616	1	1	2900	1	0	Golden Rune [1]
540618	map	40618	1	1	2900	1	0	Golden Rune [1]
540630	map	40630	1	5	11500	1		
540632	map	40632	1	1	2900	1	0	Golden Rune [1]
540634	map	40634	1	1	2900	1	0	Golden Rune [1]
540636	map	40636	1	1	2900	1	0	Golden Rune [1]
540638	map	40638	1	1	2900	1	0	Golden Rune [1]
540640	map	40640	1	1	2900	1	0	Golden Rune [1]
540642	map	40642	1	1	10164	1	14	Somber Smithing Stone [5]
540644	map	40644	1	1	2900	1	0	Golden Rune [1]
540646	map	40646	1	5	40400	1		
540648	map	40648	1	1	6780	1	18	Order Healing
540650	map	40650	1	1	2900	1	0	Golden Rune [1]
540652	map	40652	1	1	5100	1	5	Oracle Bubbles
540660	map	40660	1	5	21300	1		
540662	map	40662	1	1	2900	1	0	Golden Rune [1]
540664	map	40664	1	1	2900	1	0	Golden Rune [1]
540666	map	40666	1	1	2900	1	0	Golden Rune [1]
540668	map	40668	1	1	10165	1	14	Somber Smithing Stone [6]
540670	map	40670	1	1	10165	1	14	Somber Smithing Stone [6]
540680	map	40680	1	1	2900	1	0	Golden Rune [1]
540682	map	40682	1	1	2900	1	0	Golden Rune [1]
540684	map	40684	1	1	2900	1	0	Golden Rune [1]
540686	map	40686	1	5	10800	1		
540772	map	40772	1	1	7903	1	18	Golden Lightning Fortification
540900	map	40900	1	5	418000	1		
540902	map	40902	1	5	402000	1		
540904	map	40904	1	5	405000	1		
540906	map	40906	1	5	406000	1		
540910	map	40910	1	5	403000	1		
540912	map	40912	1	1	10200	1	14	Somber Smithing Stone [9]
540914	map	40914	1	1	10166	1	14	Somber Smithing Stone [7]
540916	map	40916	1	5	505000	1		
540920	map	40920	1	1	10167	1	14	Somber Smithing Stone [8]
540922	map	40922	1	1	10167	1	14	Somber Smithing Stone [8]
540998	map	40998	1	1	20722	1	2	Rimed Rowa
550000	map	50000	1	1	9100	1	12	About Sites of Grace
550010	map	50010	1	1	9101	1	12	
550020	map	50020	1	1	9102	1	12	
550030	map	50030	1	1	9103	1	12	
550040	map	50040	1	1	9104	1	12	
550050	map	50050	1	1	9105	1	12	About Stakes of Marika
550060	map	50060	1	1	9106	1	12	
550070	map	50070	1	1	9107	1	12	
550080	map	50080	1	1	9108	1	12	
550090	map	50090	1	1	9109	1	12	
550100	map	50100	1	1	9110	1	12	
550110	map	50110	1	1	9111	1	12	
550120	map	50120	1	1	9112	1	12	
550130	map	50130	1	1	9113	1	12	
550140	map	50140	1	1	9114	1		
550150	map	50150	1	1	9115	1	12	
550160	map	50160	1	1	9116	1	12	
550170	map	50170	1	1	9117	1	12	
550180	map	50180	1	1	9118	1	12	
550190	map	50190	1	1	9119	1	12	
550200	map	50200	1	1	9120	1	12	
550210	map	50210	1	1	9121	1	12	About Summoning Other Players
550220	map	50220	1	1	9122	1	12	About Cooperative Multiplayer
550230	map	50230	1	1	9123	1	12	
550240	map	50240	1	1	9124	1	12	
550250	map	50250	1	1	9125	1	12	
550260	map	50260	1	1	9126	1	12	
550270	map	50270	1	1	9127	1	12	About Monument Icon
550280	map	50280	1	1	9128	1	12	About Requesting Help from Hunters
550290	map	50290	1	1	9129	1	12	
580000	map	80000	1	1	8200	1	12	"Homing Instinct" Painting
580010	map	80010	1	1	8201	1	12	"Resurrection" Painting
580020	map	80020	1	1	8202	1	12	s Song" Painting
580030	map	80030	1	1	8203	1	12	
580040	map	80040	1	1	8204	1	12	"Prophecy" Painting
580050	map	80050	1	1	8205	1	12	"Flightless Bird" Painting
580060	map	80060	1	1	8206	1	12	
580100	map	80100	1	1	2008200	1	12	"Incursion" Painting
580110	map	80110	1	1	2008201	1	12	
580120	map	80120	1	1	2008202	1	12	"Domain of Dragons" Painting
580300	map	80300	1	3	1901000	1		
580310	map	80310	1	3	1030000	1		Mis\xe9ricorde
580310	map	80311	1	3	1030100	1		
580310	map	80312	1	1	8185	1	1	Larval Tear
580320	map	80320	1	2	40030000	1		Harp Bow
580330	map	80330	1	3	1600000	1		
580340	map	80340	1	1	237000	1	7	Warhawk Ashes
580350	map	80350	1	1	7900	1	16	
580360	map	80360	1	5	40600	1		
580400	map	80400	1	2	31520000	1		
580410	map	80410	1	2	34520000	1		Spiraltree Seal
580420	map	80420	1	1	2002010	1	0	Rock Heart
580600	map	80600	1	1	2008034	1	12	Message from Leda
590000	map	90000	1	1	9700	1		
590200	map	90200	1	1	9800	1		
590210	map	90210	1	1	9801	1		
590220	map	90220	1	1	9802	1		
10007005	map	10000005	1	2	32290000	1		Wooden Greatshield
10007015	map	10000015	1	2	31270000	1		Hawk Crest Wooden Shield
10007025	map	10000025	1	2	1030000	1		Mis\xe9ricorde
10007030	map	10000030	1	1	150	1	0	Furlcalling Finger Remedy
10007035	map	10000035	1	2	12190000	1		Brick Hammer
10007040	map	10000040	1	1	1400	2	0	Fire Grease
10007050	map	10000050	1	1	1200	1	0	Gold-Pickled Fowl Foot
10007060	map	10000060	1	1	111	3	0	Festering Bloody Finger
10007080	map	10000080	1	2	50000000	10		Arrow
10007082	enemy	449014001	1	1	15410	1	2	Living Jar Shard
10007082	enemy	449014002	1	1	1235	1	0	Raw Meat Dumpling
10007085	map	10001085	1	1	10160	1	14	Somber Smithing Stone [1]
10007085	map	10001086	1	1	15030	1	2	Beast Blood
10007085	map	10001087	1	1	15040	2	2	Old Fang
10007090	map	10000090	1	2	32190000	1		Manor Towershield
10007100	map	10000100	1	2	31010000	1		Marred Leather Shield
10007110	map	10000110	1	1	2900	1	0	Golden Rune [1]
10007120	map	10000120	1	2	52000000	10		Bolt
10007130	map	10000130	1	1	10102	1	14	Smithing Stone [3]
10007140	map	10000140	1	1	1760	3	0	Ruin Fragment
10007150	map	10000150	1	1	10101	1	14	Smithing Stone [2]
10007160	map	10000160	1	1	1190	1	0	Silver-Pickled Fowl Foot
10007170	map	10000170	1	1	2901	1	0	Golden Rune [2]
10007180	map	10000180	1	2	22000000	1		Hookclaws
10007190	map	10000190	1	1	1700	5	0	Throwing Dagger
10007195	map	10001095	1	1	10010	1	14	Golden Seed
10007200	map	10000200	1	2	50040000	10		
10007210	map	10000210	1	1	20802	3	2	Smoldering Butterfly
10007220	map	10000220	1	1	1400	1	0	Fire Grease
10007230	map	10000230	1	4	2180	1		
10007240	map	10000240	1	1	2901	1	0	Golden Rune [2]
10007250	map	10000250	1	1	20691	3	2	Arteria Leaf
10007260	map	10000260	1	1	1700	5	0	Throwing Dagger
10007270	map	10000270	1	1	20760	3	2	Mushroom
10007280	map	10000280	1	1	1500	2	0	Drawstring Fire Grease
10007290	map	10000290	1	1	2901	1	0	Golden Rune [2]
10007295	map	10001295	1	1	7510	1	16	Aspects of the Crucible: Horns
10007300	map	10000300	1	1	10161	1	14	Somber Smithing Stone [2]
10007310	map	10000310	1	1	10101	1	14	Smithing Stone [2]
10007320	map	10000320	1	2	31020000	1		Marred Wooden Shield
10007330	map	10000330	1	1	2901	1	0	Golden Rune [2]
10007340	map	10000340	1	2	14100000	1		Highland Axe
10007350	map	10000350	1	1	1730	5	0	Kukri
10007360	map	10000360	1	1	2901	2	0	Golden Rune [2]
10007370	map	10000370	1	1	8000	1	1	Stonesword Key
10007380	map	10000380	1	1	1210	1	0	Exalted Flesh
10007390	map	10000390	1	1	15020	1	2	Lump of Flesh
10007400	map	10000400	1	1	2900	1	0	Golden Rune [1]
10007410	map	10000410	1	1	10101	2	14	Smithing Stone [2]
10007430	map	10000430	1	2	50000000	10		Arrow
10007440	map	10000440	1	1	1160	1	0	Fireproof Dried Liver
10007450	map	10000450	1	1	8171	1	1	
10007452	map	10000451	1	3	740000	1		
10007460	map	10000460	1	1	910	1	0	Stanching Boluses
10007470	map	10000470	1	1	8000	1	1	Stonesword Key
10007500	map	10000500	1	1	8010	1	1	Rusty Key
10007510	map	10000510	1	1	10100	1	14	Smithing Stone [1]
10007520	map	10000520	1	1	2900	1	0	Golden Rune [1]
10007530	map	10000530	1	1	2901	1	0	Golden Rune [2]
10007540	map	10000540	1	2	53000000	5		Ballista Bolt
10007550	map	10000550	1	2	43080000	1		Arbalest
10007560	map	10000560	1	3	812000	1		
10007570	map	10000570	1	1	2901	1	0	Golden Rune [2]
10007580	map	10000580	1	1	2904	1	0	Golden Rune [5]
10007590	map	10000590	1	1	10101	1	14	Smithing Stone [2]
10007600	map	10000600	1	1	2903	1	0	Golden Rune [4]
10007610	map	10000610	1	2	50010000	12		Fire Arrow
10007620	map	10000620	1	2	16070000	1		Pike
10007630	map	10000630	1	1	150	1	0	Furlcalling Finger Remedy
10007640	map	10000640	1	1	10100	2	14	Smithing Stone [1]
10007650	map	10000650	1	1	20802	5	2	Smoldering Butterfly
10007660	map	10000660	1	1	2903	1	0	Golden Rune [4]
10007670	map	10000670	1	1	2900	1	0	Golden Rune [1]
10007680	map	10000680	1	1	20760	8	2	Mushroom
10007690	map	10000690	1	1	2901	1	0	Golden Rune [2]
10007700	map	10000700	1	1	1420	1	0	Magic Grease
10007710	map	10000710	1	1	10101	1	14	Smithing Stone [2]
10007720	map	10000720	1	1	2901	1	0	Golden Rune [2]
10007730	map	10000730	1	1	10010	1	14	Golden Seed
10007740	map	10000740	1	1	10101	1	14	Smithing Stone [2]
10007750	map	10000750	1	1	10100	4	14	Smithing Stone [1]
10007760	map	10000760	1	1	2904	1	0	Golden Rune [5]
10007780	map	10000780	1	1	10100	5	14	Smithing Stone [1]
10007780	map	10000781	1	1	10101	1	14	Smithing Stone [2]
10007790	map	10000790	1	1	1730	8	0	Kukri
10007800	map	10000800	1	1	10101	3	14	Smithing Stone [2]
10007810	map	10000810	1	1	15020	3	2	Lump of Flesh
10007820	map	10000820	1	1	10100	1	14	Smithing Stone [1]
10007830	map	10000830	1	1	2901	1	0	Golden Rune [2]
10007840	map	10000840	1	1	10102	1	14	Smithing Stone [3]
10007850	map	10000850	1	1	1240	1	1	Shabriri Grape
10007860	map	10000860	1	1	2020	5	0	Rainbow Stone
10007870	map	10000870	1	1	10101	2	14	Smithing Stone [2]
10007880	map	10000880	1	1	20691	1	2	Arteria Leaf
10007890	map	10000890	1	1	2901	1	0	Golden Rune [2]
10007900	map	10000900	1	1	20650	3	2	Poisonbloom
10007910	map	10000910	1	1	20802	3	2	Smoldering Butterfly
10007920	map	10000920	1	1	8000	1	1	Stonesword Key
10007930	map	10000930	1	1	1700	8	0	Throwing Dagger
10007940	map	10000940	1	4	1190	1	0	Silver-Pickled Fowl Foot
10007950	map	10000950	1	1	1730	5	0	Kukri
10007960	map	10000960	1	1	1100	3	0	Pickled Turtle Neck
10007965	map	10000965	1	2	34010000	1		
10007970	map	10000970	1	1	3040	1	0	
10007975	map	10000975	1	4	2200	1	0	Prattling Pate "Hello"
10007980	map	10000980	1	1	10161	1	14	Somber Smithing Stone [2]
10007990	map	10000990	1	1	8857	1	1	Godskin Prayerbook
10017010	map	10010010	1	1	8194	1	1	The Stormhawk King
10017900	map	10010900	1	1	238000	1	8	Stormhawk Deenh
11007000	map	11000000	1	1	1420	3	0	Magic Grease
11007005	map	11000005	1	3	120000	1		
11007005	map	11000006	1	3	120100	1		
11007005	map	11000007	1	3	120200	1		
11007005	map	11000008	1	3	120300	1		
11007010	map	11000010	1	1	150	1	0	Furlcalling Finger Remedy
11007015	map	11000015	1	2	41030000	1		Erdtree Bow
11007020	map	11000020	1	1	15341	1	2	Hefty Beast Bone
11007025	map	11000025	1	1	2130	1	1	Celestial Dew
11007030	map	11000030	1	1	10103	1	14	Smithing Stone [4]
11007035	map	11000035	1	3	1930100	1		
11007040	map	11000040	1	1	2906	1	0	Golden Rune [7]
11007045	map	11000045	1	3	640000	1		
11007045	map	11000046	1	3	640100	1		
11007045	map	11000047	1	3	640200	1		
11007045	map	11000048	1	3	640300	1		
11007050	map	11000050	1	1	20840	10	2	Cave Moss
11007055	map	11000055	1	2	11080000	1		Hammer
11007060	map	11000060	1	1	940	1	0	Preserving Boluses
11007065	map	11000065	1	1	190	1	0	Rune Arc
11007070	map	11000070	1	1	15400	4	2	String
11007075	map	11000075	1	1	2914	1	0	
11007080	map	11000080	1	3	962100	1		
11007085	map	11000085	1	1	2911	1	0	Golden Rune [12]
11007090	map	11000090	1	1	15150	10	2	Miranda Powder
11007095	map	11000095	1	3	160000	1		
11007100	map	11000100	1	1	10105	1	14	Smithing Stone [6]
11007105	map	11000105	1	2	14140000	1		Stormhawk Axe
11007110	map	11000110	1	1	3310	5	0	Warming Stone
11007115	map	11000115	1	2	2210000	1	7	Bigmouth Imp Ashes
11007120	map	11000120	1	1	2909	1	0	Golden Rune [10]
11007125	map	11000125	1	2	52030000	20		Black-Key Bolt
11007135	map	11000135	1	1	20855	2	2	Gravel Stone
11007140	map	11000140	1	1	1750	8	0	Fan Daggers
11007145	map	11000145	1	1	10165	1	14	Somber Smithing Stone [6]
11007150	map	11000150	1	1	20811	3	2	Gold Firefly
11007155	map	11000155	1	1	2918	1	0	
11007160	map	11000160	1	1	1430	1	0	Holy Grease
11007165	map	11000165	1	1	2910	1	0	Golden Rune [11]
11007170	map	11000170	1	1	2907	1	0	Golden Rune [8]
11007175	map	11000175	1	1	2915	1	0	
11007180	map	11000180	1	1	15040	3	2	Old Fang
11007185	map	11000185	1	1	10165	1	14	Somber Smithing Stone [6]
11007185	map	11000186	1	1	15030	1	2	Beast Blood
11007185	map	11000187	1	1	15040	2	2	Old Fang
11007190	map	11000190	1	1	10103	1	14	Smithing Stone [4]
11007195	map	11000195	1	1	10165	1	14	Somber Smithing Stone [6]
11007195	map	11000196	1	1	15030	1	2	Beast Blood
11007195	map	11000197	1	1	15040	2	2	Old Fang
11007200	map	11000200	1	1	2907	1	0	Golden Rune [8]
11007205	map	11000205	1	1	2912	1	0	Golden Rune [13]
11007210	map	11000210	1	1	10164	1	14	Somber Smithing Stone [5]
11007215	map	11000215	1	1	2909	1	0	Golden Rune [10]
11007220	map	11000220	1	1	2907	1	0	Golden Rune [8]
11007225	map	11000225	1	1	2911	1	0	Golden Rune [12]
11007230	map	11000230	1	2	52080000	10		
11007235	map	11000235	1	1	1170	2	0	Lightningproof Dried Liver
11007240	map	11000240	1	1	20685	8	2	Tarnished Golden Sunflower
11007245	map	11000245	1	1	2910	1	0	Golden Rune [11]
11007250	map	11000250	1	1	8000	1	1	Stonesword Key
11007260	map	11000260	1	1	2909	1	0	Golden Rune [10]
11007270	map	11000270	1	1	2907	1	0	Golden Rune [8]
11007280	map	11000280	1	1	2908	1	0	Golden Rune [9]
11007290	map	11000290	1	1	10105	1	14	Smithing Stone [6]
11007300	map	11000300	1	1	2908	1	0	Golden Rune [9]
11007310	map	11000310	1	1	20691	2	2	Arteria Leaf
11007320	map	11000320	1	3	1083000	1		
11007330	map	11000330	1	1	2908	1	0	Golden Rune [9]
11007340	map	11000340	1	1	8193	1	1	Seedbed Curse
11007350	map	11000350	1	1	10105	1	14	Smithing Stone [6]
11007360	map	11000360	1	1	2908	1	0	Golden Rune [9]
11007370	map	11000370	1	1	10104	1	14	Smithing Stone [5]
11007380	map	11000380	1	1	8000	1	1	Stonesword Key
11007390	map	11000390	1	1	2911	1	0	Golden Rune [12]
11007400	map	11000400	1	1	15030	3	2	Beast Blood
11007410	map	11000410	1	1	20800	3	2	Nascent Butterfly
11007420	map	11000420	1	1	1210	1	0	Exalted Flesh
11007430	map	11000430	1	1	1450	2	0	Soporific Grease
11007440	map	11000440	1	1	10165	1	14	Somber Smithing Stone [6]
11007450	map	11000450	1	1	2908	1	0	Golden Rune [9]
11007460	map	11000460	1	1	1170	1	0	Lightningproof Dried Liver
11007480	map	11000480	1	1	20855	1	2	Gravel Stone
11007490	map	11000490	1	1	8000	1	1	Stonesword Key
11007500	map	11000500	1	1	2908	1	0	Golden Rune [9]
11007510	map	11000510	1	1	10103	1	14	Smithing Stone [4]
11007520	map	11000520	1	2	50090000	15		Golden Arrow
11007530	map	11000530	1	1	10105	1	14	Smithing Stone [6]
11007540	map	11000540	1	1	960	1	0	Clarifying Boluses
11007550	map	11000550	1	1	2907	1	0	Golden Rune [8]
11007570	map	11000570	1	1	10070	1	1	Lost Ashes of War
11007580	map	11000580	1	1	190	1	0	Rune Arc
11007590	map	11000590	1	2	1150000	1		Erdsteel Dagger
11007600	map	11000600	1	1	1720	8	0	Poisonbone Dart
11007610	map	11000610	1	1	10165	1	14	Somber Smithing Stone [6]
11007620	map	11000620	1	1	15420	1	2	Albinauric Bloodclot
11007630	map	11000630	1	1	10104	1	14	Smithing Stone [5]
11007640	map	11000640	1	1	1100	3	0	Pickled Turtle Neck
11007650	map	11000650	1	1	10105	1	14	Smithing Stone [6]
11007660	map	11000660	1	1	2908	1	0	Golden Rune [9]
11007670	map	11000670	1	2	41070000	1		Black Bow
11007680	map	11000680	1	1	1480	1	0	Dragonwound Grease
11007690	map	11000690	1	1	8858	1	1	
11007700	map	11000700	1	1	10104	1	14	Smithing Stone [5]
11007710	map	11000710	1	1	2908	1	0	Golden Rune [9]
11007720	map	11000720	1	1	10105	1	14	Smithing Stone [6]
11007730	map	11000730	1	1	1180	1	0	Holyproof Dried Liver
11007740	map	11000740	1	1	150	1	0	Furlcalling Finger Remedy
11007750	map	11000750	1	1	20855	3	2	Gravel Stone
11007760	map	11000760	1	1	10104	1	14	Smithing Stone [5]
11007770	map	11000770	1	1	15040	5	2	Old Fang
11007780	map	11000780	1	1	10105	1	14	Smithing Stone [6]
11007790	map	11000790	1	1	20800	3	2	Nascent Butterfly
11007800	map	11000800	1	1	8000	1	1	Stonesword Key
11007810	map	11000810	1	1	1750	5	0	Fan Daggers
11007820	map	11000820	1	1	10105	1	14	Smithing Stone [6]
11007830	map	11000830	1	1	2908	1	0	Golden Rune [9]
11007840	map	11000840	1	1	20855	5	2	Gravel Stone
11007850	map	11000850	1	1	8193	1	1	Seedbed Curse
11007850	map	11050850	1	1	8193	1	1	Seedbed Curse
11007860	map	11000860	1	1	10104	1	14	Smithing Stone [5]
11007870	map	11000870	1	1	150	1	0	Furlcalling Finger Remedy
11007880	map	11000880	1	2	21080000	1		Star Fist
11007890	map	11000890	1	1	1430	3	0	Holy Grease
11007900	map	11000900	1	1	10105	1	14	Smithing Stone [6]
11007910	map	11000910	1	1	8862	1	1	Golden Order Principia
11007920	map	11000920	1	1	10164	3	14	Somber Smithing Stone [5]
11007930	map	11000930	1	1	1430	6	0	Holy Grease
11007940	map	11000940	1	1	1430	5	0	Holy Grease
11007950	map	11000950	1	1	190	1	0	Rune Arc
11007960	map	11000960	1	2	34070000	1		Erdtree Seal
11007970	map	11000970	1	2	2110000	1		Coded Sword
11007980	map	11000980	1	1	8000	1	1	Stonesword Key
11007983	enemy	424034000	1	1	10163	1	14	Somber Smithing Stone [4]
11007985	map	11001985	1	3	860000	1		
11007985	map	11001986	1	3	860100	1		
11007985	map	11001987	1	3	860200	1		
11007985	map	11001988	1	3	860300	1		
11007987	map	11001187	1	2	18150000	1		
11007989	enemy	435300706	1	2	34030000	1		Gravel Stone Seal
11007990	map	11000990	1	1	10010	1	14	Golden Seed
11007991	map	11001000	1	1	6431	1	18	Blessing of the Erdtree
11007991	map	11050001	1	1	6431	1	18	Blessing of the Erdtree
11007992	enemy	482000400	1	3	1890000	1		
11007993	map	11001193	1	1	10010	1	14	Golden Seed
11007994	map	11001020	1	4	5020	1	17	
11007995	map	11001195	1	1	10166	1	14	Somber Smithing Stone [7]
11007996	map	11001030	1	4	4090	1	5	
11007997	map	11001040	1	2	16090000	1		Bolt of Gransax
11007998	map	11001198	1	1	2919	1	0	
11057000	map	11050000	1	1	6424	1	18	Erdtree Heal
11057010	map	11050010	1	1	10168	1	14	Somber Ancient Dragon Smithing Stone
11057020	map	11050020	1	1	20685	1	2	Tarnished Golden Sunflower
11057030	map	11050030	1	1	190	1	0	Rune Arc
11057040	map	11050040	1	1	20683	1	2	Golden Sunflower
11057050	map	11050050	1	1	2917	1	0	
11057100	map	11050100	1	4	1042	1		
11107000	map	11100000	1	2	21130000	1		Cipher Pata
11107700	map	11100700	1	1	8859	1	1	
11107710	map	11100710	1	2	43110000	1		
11107710	map	11100711	1	2	52030000	20		Black-Key Bolt
11107900	map	11100900	1	2	21110000	1		Clinging Bone
12017030	map	12010030	1	1	10167	1	14	Somber Smithing Stone [8]
12017040	map	12010040	1	1	2900	1	0	Golden Rune [1]
12017050	map	12010050	1	1	2901	1	0	Golden Rune [2]
12017060	map	12010060	1	1	10100	1	14	Smithing Stone [1]
12017070	map	12010070	1	1	1420	3	0	Magic Grease
12017080	map	12010080	1	1	2902	1	0	Golden Rune [3]
12017090	map	12010090	1	1	10200	1	14	Somber Smithing Stone [9]
12017100	map	12010100	1	1	10010	1	14	Golden Seed
12017105	map	12010105	1	1	2909	1	0	Golden Rune [10]
12017105	map	12010106	1	1	190	1	0	Rune Arc
12017110	map	12010110	1	1	1490	1	0	Rot Grease
12017120	map	12010120	1	2	52030000	10		Black-Key Bolt
12017130	map	12010130	1	1	3310	1	0	Warming Stone
12017140	map	12010140	1	1	1170	1	0	Lightningproof Dried Liver
12017150	map	12010150	1	1	10102	1	14	Smithing Stone [3]
12017160	map	12010160	1	2	50060000	10		Shattershard Arrow (Fletched)
12017170	map	12010170	1	1	2050	8	0	Grace Mimic
12017180	map	12010180	1	4	1170	1	0	Lightningproof Dried Liver
12017190	map	12010190	1	1	10102	1	14	Smithing Stone [3]
12017200	map	12010200	1	1	2900	1	0	Golden Rune [1]
12017210	map	12010210	1	1	10102	1	14	Smithing Stone [3]
12017220	map	12010220	1	1	1700	6	0	Throwing Dagger
12017230	map	12010230	1	1	10102	2	14	Smithing Stone [3]
12017240	map	12010240	1	1	2901	1	0	Golden Rune [2]
12017250	map	12010250	1	1	1690	1	0	Shield Grease
12017260	map	12010260	1	1	10102	3	14	Smithing Stone [3]
12017270	map	12010270	1	1	10103	1	14	Smithing Stone [4]
12017280	map	12010280	1	1	10101	3	14	Smithing Stone [2]
12017290	map	12010290	1	1	20852	1	2	Formic Rock
12017300	map	12010300	1	1	1740	5	0	Crystal Dart
12017310	map	12010310	1	1	2120	4	0	Soap
12017320	map	12010320	1	1	10162	1	14	Somber Smithing Stone [3]
12017330	map	12010330	1	1	20761	3	2	Melted Mushroom
12017340	map	12010340	1	1	2902	1	0	Golden Rune [3]
12017350	map	12010350	1	1	2130	1	1	Celestial Dew
12017360	map	12010360	1	1	2902	1	0	Golden Rune [3]
12017370	map	12010370	1	1	20801	1	2	Aeonian Butterfly
12017380	map	12010380	1	1	10166	1	14	Somber Smithing Stone [7]
12017390	map	12010390	1	1	20810	2	2	Silver Firefly
12017400	map	12010400	1	1	2902	1	0	Golden Rune [3]
12017410	map	12010410	1	1	1420	2	0	Magic Grease
12017420	map	12010420	1	1	2902	1	0	Golden Rune [3]
12017430	map	12010430	1	1	150	1	0	Furlcalling Finger Remedy
12017440	map	12010440	1	1	10100	3	14	Smithing Stone [1]
12017450	map	12010450	1	1	2908	1	0	Golden Rune [9]
12017460	map	12010460	1	3	2010000	1	14	Scadutree Fragment
12017470	map	12010470	1	1	940	1	0	Preserving Boluses
12017480	map	12010480	1	1	2906	1	0	Golden Rune [7]
12017490	map	12010490	1	1	2909	1	0	Golden Rune [10]
12017500	map	12010500	1	1	2906	1	0	Golden Rune [7]
12017510	map	12010510	1	1	15100	3	2	Human Bone Shard
12017520	map	12010520	1	1	10165	1	14	Somber Smithing Stone [6]
12017530	map	12010530	1	1	10103	1	14	Smithing Stone [4]
12017540	map	12010540	1	1	930	1	0	Stimulating Boluses
12017550	map	12010550	1	1	1690	2	0	Shield Grease
12017560	map	12010560	1	1	2909	8	0	Golden Rune [10]
12017570	map	12010570	1	2	7070000	1		Wing of Astel
12017580	map	12010580	1	1	8000	1	1	Stonesword Key
12017590	map	12010590	1	1	2906	1	0	Golden Rune [7]
12017600	map	12010600	1	1	2909	1	0	Golden Rune [10]
12017610	map	12010610	1	1	1750	1	0	Fan Daggers
12017620	map	12010620	1	1	10105	1	14	Smithing Stone [6]
12017630	map	12010630	1	1	249000	1	7	Archer Ashes
12017640	map	12010640	1	1	2909	1	0	Golden Rune [10]
12017650	map	12010650	1	1	2909	1	0	Golden Rune [10]
12017660	map	12010660	1	1	2909	1	0	Golden Rune [10]
12017670	map	12010670	1	1	10105	1	14	Smithing Stone [6]
12017680	map	12010680	1	1	2909	1	0	Golden Rune [10]
12017690	map	12010690	1	1	10919	1	14	Great Ghost Glovewort
12017700	map	12010700	1	1	10166	1	14	Somber Smithing Stone [7]
12017710	map	12010710	1	1	222000	1	7	Clayman Ashes
12017720	map	12010720	1	1	8000	1	1	Stonesword Key
12017730	map	12010730	1	1	1420	3	0	Magic Grease
12017740	map	12010740	1	1	1530	2	0	Drawstring Holy Grease
12017750	map	12010750	1	1	20825	3	2	Silver Tear Husk
12017760	map	12010760	1	1	10105	1	14	Smithing Stone [6]
12017770	map	12010770	1	1	2130	1	1	Celestial Dew
12017780	map	12010780	1	1	10166	1	14	Somber Smithing Stone [7]
12017790	map	12010790	1	1	2130	1	1	Celestial Dew
12017800	map	12010800	1	1	10103	1	14	Smithing Stone [4]
12017810	map	12010810	1	1	10104	1	14	Smithing Stone [5]
12017820	map	12010820	1	1	2909	1	0	Golden Rune [10]
12017830	map	12010830	1	1	10104	1	14	Smithing Stone [5]
12017840	map	12010840	1	1	1750	8	0	Fan Daggers
12017850	map	12010850	1	1	2909	1	0	Golden Rune [10]
12017860	map	12010860	1	1	10106	1	14	Smithing Stone [7]
12017870	map	12010870	1	1	10105	1	14	Smithing Stone [6]
12017880	map	12010880	1	1	10167	1	14	Somber Smithing Stone [8]
12017890	map	12010890	1	1	10166	1	14	Somber Smithing Stone [7]
12017900	map	12010900	1	2	7070000	1		Wing of Astel
12017910	map	12010910	1	1	10919	1	14	Great Ghost Glovewort
12017920	map	12010920	1	2	1080000	1		
12017930	map	12010930	1	2	2000400	1		Fire Longsword
12017940	map	12010940	1	1	10166	1	14	Somber Smithing Stone [7]
12017950	map	12010950	1	1	10918	1	14	Ghost Glovewort [9]
12017960	map	12010960	1	4	1140	1	0	Dappled Cured Meat
12017965	enemy	333062021	1	1	8185	1	1	Larval Tear
12017970	map	12010970	1	2	32220000	1		
12017975	enemy	333062011	1	1	8185	1	1	Larval Tear
12017980	map	12010980	1	1	8964	1	1	
12017985	enemy	333062001	1	1	8185	1	1	Larval Tear
12017990	map	12010990	1	1	206000	1	8	Nightmaiden & Swordstress Puppets
12017992	enemy	336000707	1	4	1171	1		
12017995	map	12015995	1	1	10166	1	14	Somber Smithing Stone [7]
12017997	map	12015997	1	1	10010	1	14	Golden Seed
12017999	enemy	360062000	1	2	3070000	1		
12027000	map	12020000	1	4	1200	1	0	Gold-Pickled Fowl Foot
12027030	map	12020030	1	1	20691	3	2	Arteria Leaf
12027040	map	12020040	1	1	10010	1	14	Golden Seed
12027050	map	12020050	1	4	1220	1	0	
12027070	map	12020070	1	2	3000600	1		Lightning Bastard Sword
12027080	map	12020080	1	1	8159	1	1	Fingerslayer Blade
12027080	map	12020081	1	1	10919	1	14	Great Ghost Glovewort
12027090	map	12020090	1	1	3000	1	0	
12027100	map	12020100	1	1	15130	3	2	Crab Eggs
12027110	map	12020110	1	1	15010	3	2	Beast Liver
12027120	map	12020120	1	1	2902	1	0	Golden Rune [3]
12027140	map	12020140	1	2	31320000	1		Inverted Hawk Heater Shield
12027150	map	12020150	1	1	10161	1	14	Somber Smithing Stone [2]
12027160	map	12020160	1	1	15040	2	2	Old Fang
12027170	map	12020170	1	1	2901	1	0	Golden Rune [2]
12027180	map	12020180	1	1	1690	1	0	Shield Grease
12027190	map	12020190	1	1	2902	1	0	Golden Rune [3]
12027200	map	12020200	1	1	1140	1	0	Dappled Cured Meat
12027210	map	12020210	1	1	10161	1	14	Somber Smithing Stone [2]
12027220	map	12020220	1	1	10102	1	14	Smithing Stone [3]
12027230	map	12020230	1	1	10101	3	14	Smithing Stone [2]
12027240	map	12020240	1	2	50100000	10		Dwelling Arrow
12027250	map	12020250	1	1	1200	1	0	Gold-Pickled Fowl Foot
12027260	map	12020260	1	1	2903	1	0	Golden Rune [4]
12027270	map	12020270	1	1	2903	1	0	Golden Rune [4]
12027280	map	12020280	1	1	150	1	0	Furlcalling Finger Remedy
12027290	map	12020290	1	1	2903	1	0	Golden Rune [4]
12027300	map	12020300	1	1	10103	1	14	Smithing Stone [4]
12027310	map	12020310	1	1	15341	1	2	Hefty Beast Bone
12027320	map	12020320	1	1	2905	1	0	Golden Rune [6]
12027330	map	12020330	1	1	2902	1	0	Golden Rune [3]
12027340	map	12020340	1	1	15000	1	2	Sliver of Meat
12027350	map	12020350	1	1	10102	2	14	Smithing Stone [3]
12027360	map	12020360	1	1	1200	2	0	Gold-Pickled Fowl Foot
12027370	map	12020370	1	1	2903	1	0	Golden Rune [4]
12027380	map	12020380	1	2	50100000	10		Dwelling Arrow
12027390	map	12020390	1	1	8000	1	1	Stonesword Key
12027400	map	12020400	1	1	2903	1	0	Golden Rune [4]
12027410	map	12020410	1	1	10101	3	14	Smithing Stone [2]
12027420	map	12020420	1	2	41020000	1		Horn Bow
12027430	map	12020430	1	1	2903	1	0	Golden Rune [4]
12027435	map	12020435	1	2	32030000	1		Crucible Hornshield
12027440	map	12020440	1	1	15000	3	2	Sliver of Meat
12027445	map	12020445	1	1	10165	1	14	Somber Smithing Stone [6]
12027450	map	12020450	1	1	8000	1	1	Stonesword Key
12027460	map	12020460	1	1	190	1	0	Rune Arc
12027470	map	12020470	1	4	1180	1	0	Holyproof Dried Liver
12027480	map	12020480	1	1	15020	3	2	Lump of Flesh
12027490	map	12020490	1	4	1181	1		
12027500	map	12020500	1	1	2903	1	0	Golden Rune [4]
12027510	map	12020510	1	2	50100000	8		Dwelling Arrow
12027520	map	12020520	1	1	20800	1	2	Nascent Butterfly
12027530	map	12020530	1	1	20830	5	2	Gold-Tinged Excrement
12027540	map	12020540	1	1	1160	1	0	Fireproof Dried Liver
12027550	map	12020550	1	1	2903	1	0	Golden Rune [4]
12027560	map	12020560	1	3	301000	1		
12027570	map	12020570	1	1	15040	4	2	Old Fang
12027580	map	12020580	1	1	2904	1	0	Golden Rune [5]
12027590	map	12020590	1	1	1730	8	0	Kukri
12027600	map	12020600	1	1	15341	5	2	Hefty Beast Bone
12027610	map	12020610	1	1	10104	1	14	Smithing Stone [5]
12027620	map	12020620	1	4	1201	1		
12027630	map	12020630	1	1	15040	1	2	Old Fang
12027640	map	12020640	1	1	15341	3	2	Hefty Beast Bone
12027650	map	12020650	1	1	10103	1	14	Smithing Stone [4]
12027660	map	12020660	1	1	15030	1	2	Beast Blood
12027670	map	12020670	1	1	15030	3	2	Beast Blood
12027680	map	12020680	1	1	10164	1	14	Somber Smithing Stone [5]
12027690	map	12020690	1	1	2911	1	0	Golden Rune [12]
12027700	map	12020700	1	1	2900	1	0	Golden Rune [1]
12027710	map	12020710	1	1	10104	1	14	Smithing Stone [5]
12027720	map	12020720	1	1	10101	1	14	Smithing Stone [2]
12027730	map	12020730	1	1	2130	1	1	Celestial Dew
12027740	map	12020740	1	1	10104	1	14	Smithing Stone [5]
12027750	map	12020750	1	1	8000	1	1	Stonesword Key
12027760	map	12020760	1	1	20825	2	2	Silver Tear Husk
12027770	map	12020770	1	1	2900	1	0	Golden Rune [1]
12027780	map	12020780	1	1	2912	1	0	Golden Rune [13]
12027790	map	12020790	1	1	2906	1	0	Golden Rune [7]
12027800	map	12020800	1	1	10104	1	14	Smithing Stone [5]
12027810	map	12020810	1	1	2905	1	0	Golden Rune [6]
12027820	map	12020820	1	1	190	1	0	Rune Arc
12027830	map	12020830	1	1	10103	1	14	Smithing Stone [4]
12027840	map	12020840	1	1	2900	1	0	Golden Rune [1]
12027850	map	12020850	1	1	950	1	0	Rejuvenating Boluses
12027860	map	12020860	1	1	190	1	0	Rune Arc
12027870	map	12020870	1	1	2130	1	1	Celestial Dew
12027880	map	12020880	1	1	207000	1	8	Mimic Tear Ashes
12027890	map	12020890	1	1	2906	1	0	Golden Rune [7]
12027900	map	12020900	1	1	10102	1	14	Smithing Stone [3]
12027910	map	12020910	1	2	11120000	1		Nox Flowing Hammer
12027920	map	12020920	1	1	2130	1	1	Celestial Dew
12027930	map	12020930	1	1	2906	1	0	Golden Rune [7]
12027940	map	12020940	1	1	2100	3	0	Soft Cotton
12027950	map	12020950	1	1	10164	1	14	Somber Smithing Stone [5]
12027960	map	12020960	1	1	1480	3	0	Dragonwound Grease
12027970	map	12020970	1	1	15120	2	2	Slumbering Egg
12027980	map	12020980	1	1	2906	1	0	Golden Rune [7]
12027985	enemy	333065001	1	1	8185	1	1	Larval Tear
12027990	map	12020990	1	1	2906	1	0	Golden Rune [7]
12027995	enemy	337000704	1	3	301000	1		
12037010	map	12030010	1	1	8000	1	1	Stonesword Key
12037020	map	12030020	1	1	20852	1	2	Formic Rock
12037030	map	12030030	1	1	2904	1	0	Golden Rune [5]
12037040	map	12030040	1	1	2907	1	0	Golden Rune [8]
12037050	map	12030050	1	2	50090000	10		Golden Arrow
12037060	map	12030060	1	1	10105	1	14	Smithing Stone [6]
12037070	map	12030070	1	1	1430	3	0	Holy Grease
12037080	map	12030080	1	1	6720	1	16	Elden Stars
12037090	map	12030090	1	1	10103	1	14	Smithing Stone [4]
12037100	map	12030100	1	1	2904	1	0	Golden Rune [5]
12037110	map	12030110	1	1	2905	1	0	Golden Rune [6]
12037120	map	12030120	1	1	3310	3	0	Warming Stone
12037130	map	12030130	1	1	10103	1	14	Smithing Stone [4]
12037140	map	12030140	1	5	22000	1		
12037150	map	12030150	1	1	1480	1	0	Dragonwound Grease
12037160	map	12030160	1	1	15341	5	2	Hefty Beast Bone
12037170	map	12030170	1	1	2900	1	0	Golden Rune [1]
12037180	map	12030180	1	2	33180000	1		
12037190	map	12030190	1	1	10105	1	14	Smithing Stone [6]
12037200	map	12030200	1	1	2904	1	0	Golden Rune [5]
12037210	map	12030210	1	1	2907	1	0	Golden Rune [8]
12037220	map	12030220	1	1	20800	3	2	Nascent Butterfly
12037230	map	12030230	1	1	10166	1	14	Somber Smithing Stone [7]
12037240	map	12030240	1	1	10166	1	14	Somber Smithing Stone [7]
12037250	map	12030250	1	1	10166	1	14	Somber Smithing Stone [7]
12037260	map	12030260	1	1	1750	4	0	Fan Daggers
12037270	map	12030270	1	1	10165	1	14	Somber Smithing Stone [6]
12037280	map	12030280	1	1	2907	1	0	Golden Rune [8]
12037290	map	12030290	1	1	2907	1	0	Golden Rune [8]
12037300	map	12030300	1	3	571000	1		
12037300	map	12030301	1	3	571100	1		
12037300	map	12030302	1	3	570200	1		
12037300	map	12030303	1	3	570300	1		
12037310	map	12030310	1	1	10105	1	14	Smithing Stone [6]
12037320	map	12030320	1	1	2907	1	0	Golden Rune [8]
12037330	map	12030330	1	1	10166	1	14	Somber Smithing Stone [7]
12037340	map	12030340	1	1	20691	5	2	Arteria Leaf
12037350	map	12030350	1	1	10106	1	14	Smithing Stone [7]
12037360	map	12030360	1	2	53010000	6		Lightning Greatbolt
12037370	map	12030370	1	1	2907	1	0	Golden Rune [8]
12037380	map	12030380	1	1	10105	1	14	Smithing Stone [6]
12037390	map	12030390	1	1	2907	1	0	Golden Rune [8]
12037400	map	12030400	1	1	960	1	0	Clarifying Boluses
12037410	map	12030410	1	1	10103	1	14	Smithing Stone [4]
12037420	map	12030420	1	1	15100	5	2	Human Bone Shard
12037430	map	12030430	1	1	2907	1	0	Golden Rune [8]
12037440	map	12030440	1	1	2908	1	0	Golden Rune [9]
12037450	map	12030450	1	1	10103	1	14	Smithing Stone [4]
12037460	map	12030460	1	1	20800	1	2	Nascent Butterfly
12037470	map	12030470	1	1	2907	1	0	Golden Rune [8]
12037480	map	12030480	1	1	10104	1	14	Smithing Stone [5]
12037490	map	12030490	1	1	10104	1	14	Smithing Stone [5]
12037500	map	12030500	1	1	10105	3	14	Smithing Stone [6]
12037510	map	12030510	1	1	190	1	0	Rune Arc
12037520	map	12030520	1	1	254000	1	7	Mausoleum Soldier Ashes
12037530	map	12030530	1	1	10166	1	14	Somber Smithing Stone [7]
12037540	map	12030540	1	1	2907	1	0	Golden Rune [8]
12037550	map	12030550	1	1	10165	1	14	Somber Smithing Stone [6]
12037560	map	12030560	1	1	2900	1	0	Golden Rune [1]
12037570	map	12030570	1	1	2900	1	0	Golden Rune [1]
12037580	map	12030580	1	1	2900	1	0	Golden Rune [1]
12037590	map	12030590	1	1	2900	1	0	Golden Rune [1]
12037800	map	12030800	1	1	2913	1	0	
12037800	map	12030801	1	1	190	1	0	Rune Arc
12037810	map	12030810	1	1	2913	1	0	
12037810	map	12030811	1	1	190	1	0	Rune Arc
12037820	map	12030820	1	1	2913	1	0	
12037820	map	12030821	1	1	190	1	0	Rune Arc
12037830	map	12030830	1	1	2913	1	0	
12037830	map	12030831	1	1	190	1	0	Rune Arc
12037840	map	12030840	1	1	2913	1	0	
12037840	map	12030841	1	1	190	1	0	Rune Arc
12037850	map	12030850	1	1	2913	1	0	
12037850	map	12030851	1	1	190	1	0	Rune Arc
12037900	map	12030900	1	2	3000600	1		Lightning Bastard Sword
12037910	map	12030910	1	1	2900	1	0	Golden Rune [1]
12037950	map	12030950	1	2	17020000	1		
12037960	map	12030960	1	2	23070000	1		Staff of the Avatar
12037990	enemy	463000704	1	4	1191	1		
12057010	map	12050010	1	1	10010	1	14	Golden Seed
12057020	map	12050020	1	1	2910	1	0	Golden Rune [11]
12057030	map	12050030	1	1	10105	1	14	Smithing Stone [6]
12057040	map	12050040	1	1	20723	5	2	Bloodrose
12057060	map	12050060	1	1	2917	1	0	
12057070	map	12050070	1	1	10107	1	14	Smithing Stone [8]
12057080	map	12050080	1	1	2916	1	0	
12057090	map	12050090	1	1	20831	8	2	Blood-Tainted Excrement
12057100	map	12050100	1	1	10200	1	14	Somber Smithing Stone [9]
12057110	map	12050110	1	1	7210	1	16	Swarm of Flies
12057120	map	12050120	1	1	1540	4	0	Drawstring Blood Grease
12057130	map	12050130	1	1	20831	8	2	Blood-Tainted Excrement
12057140	map	12050140	1	1	2911	1	0	Golden Rune [12]
12057150	map	12050150	1	1	10106	1	14	Smithing Stone [7]
12057160	map	12050160	1	1	2911	1	0	Golden Rune [12]
12057170	map	12050170	1	1	20753	1	2	Sacramental Bud
12057180	map	12050180	1	1	20800	3	2	Nascent Butterfly
12057190	map	12050190	1	1	190	1	0	Rune Arc
12057200	map	12050200	1	1	2900	1	0	Golden Rune [1]
12057210	map	12050210	1	1	2912	1	0	Golden Rune [13]
12057220	map	12050220	1	1	2900	1	0	Golden Rune [1]
12057230	map	12050230	1	1	2900	1	0	Golden Rune [1]
12057240	map	12050240	1	1	2900	1	0	Golden Rune [1]
12057250	map	12050250	1	1	2900	1	0	Golden Rune [1]
12057260	map	12050260	1	1	2900	1	0	Golden Rune [1]
12057270	map	12050270	1	1	2900	1	0	Golden Rune [1]
12057280	map	12050280	1	1	2900	1	0	Golden Rune [1]
12057290	map	12050290	1	1	20723	5	2	Bloodrose
12057300	map	12050300	1	1	1430	1	0	Holy Grease
12057310	map	12050310	1	1	8000	1	1	Stonesword Key
12057320	map	12050320	1	1	10105	1	14	Smithing Stone [6]
12057330	map	12050330	1	1	20691	4	2	Arteria Leaf
12057340	map	12050340	1	1	2912	1	0	Golden Rune [13]
12057350	map	12050350	1	1	960	1	0	Clarifying Boluses
12057360	map	12050360	1	1	1490	3	0	Rot Grease
12057370	map	12050370	1	4	4042	1		
12057380	map	12050380	1	1	2900	1	0	Golden Rune [1]
12057390	map	12050390	1	1	2900	1	0	Golden Rune [1]
12057400	map	12050400	1	1	2900	1	0	Golden Rune [1]
12057410	map	12050410	1	1	2900	1	0	Golden Rune [1]
12057420	map	12050420	1	1	2900	1	0	Golden Rune [1]
12057430	map	12050430	1	1	2900	1	0	Golden Rune [1]
12057440	map	12050440	1	1	2900	1	0	Golden Rune [1]
12057450	map	12050450	1	1	2900	1	0	Golden Rune [1]
12057460	map	12050460	1	1	2900	1	0	Golden Rune [1]
12057470	map	12050470	1	1	2900	1	0	Golden Rune [1]
12057480	map	12050480	1	1	2900	1	0	Golden Rune [1]
12057490	map	12050490	1	1	2900	1	0	Golden Rune [1]
12057500	map	12050500	1	1	2900	1	0	Golden Rune [1]
12057510	map	12050510	1	1	2900	1	0	Golden Rune [1]
12057520	map	12050520	1	1	2900	1	0	Golden Rune [1]
12057530	map	12050530	1	1	2900	1	0	Golden Rune [1]
12057540	map	12050540	1	1	2900	1	0	Golden Rune [1]
12057550	map	12050550	1	1	2900	1	0	Golden Rune [1]
12057560	map	12050560	1	1	2900	1	0	Golden Rune [1]
12057570	map	12050570	1	1	2900	1	0	Golden Rune [1]
12057580	map	12050580	1	1	2900	1	0	Golden Rune [1]
12057590	map	12050590	1	1	10106	1	14	Smithing Stone [7]
12057600	map	12050600	1	1	910	3	0	Stanching Boluses
12057610	map	12050610	1	1	8000	1	1	Stonesword Key
12057620	map	12050620	1	1	20723	8	2	Bloodrose
12057630	map	12050630	1	2	2000400	1		Fire Longsword
12057640	map	12050640	1	1	10107	3	14	Smithing Stone [8]
12057650	map	12050650	1	1	2913	1	0	
12057660	map	12050660	1	1	3000600	1		Lightning Bastard Sword
12057670	map	12050670	1	1	2912	1	0	Golden Rune [13]
12057680	map	12050680	1	1	2910	1	0	Golden Rune [11]
12057690	map	12050690	1	1	2919	1	0	
12057700	map	12050700	1	1	10105	1	14	Smithing Stone [6]
12057710	map	12050710	1	1	2900	1	0	Golden Rune [1]
12057720	map	12050720	1	1	2900	1	0	Golden Rune [1]
12057730	map	12050730	1	1	2900	1	0	Golden Rune [1]
12057740	map	12050740	1	1	2900	1	0	Golden Rune [1]
12057900	map	12050900	1	1	10168	1	14	Somber Ancient Dragon Smithing Stone
12057950	map	12050950	1	3	680000	1		
12057950	map	12050951	1	3	681100	1		
12057950	map	12050952	1	3	680200	1		
12057950	map	12050953	1	3	680300	1		
12077000	map	12070000	1	1	150	1	0	Furlcalling Finger Remedy
12077010	map	12070010	1	1	20810	5	2	Silver Firefly
12077020	map	12070020	1	1	2902	1	0	Golden Rune [3]
12077030	map	12070030	1	1	2901	1	0	Golden Rune [2]
12077040	map	12070040	1	1	10103	1	14	Smithing Stone [4]
12077050	map	12070050	1	1	10101	1	14	Smithing Stone [2]
12077060	map	12070060	1	1	2901	1	0	Golden Rune [2]
12077070	map	12070070	1	1	1110	1	0	Immunizing Cured Meat
12077080	map	12070080	1	1	2901	1	0	Golden Rune [2]
12077090	map	12070090	1	1	2020	5	0	Rainbow Stone
12077100	map	12070100	1	1	2903	1	0	Golden Rune [4]
12077110	map	12070110	1	1	15050	3	2	Budding Horn
12077120	map	12070120	1	1	1700	8	0	Throwing Dagger
12077130	map	12070130	1	1	10102	1	14	Smithing Stone [3]
12077140	map	12070140	1	1	2903	1	0	Golden Rune [4]
12077150	map	12070150	1	1	10103	1	14	Smithing Stone [4]
12077160	map	12070160	1	1	2120	3	0	Soap
12077170	map	12070170	1	1	940	1	0	Preserving Boluses
12077180	map	12070180	1	1	1190	3	0	Silver-Pickled Fowl Foot
12077190	map	12070190	1	1	2900	1	0	Golden Rune [1]
12077200	map	12070200	1	1	2900	1	0	Golden Rune [1]
12077210	map	12070210	1	1	2900	1	0	Golden Rune [1]
12077220	map	12070220	1	1	2900	1	0	Golden Rune [1]
12077230	map	12070230	1	1	2900	1	0	Golden Rune [1]
12077240	map	12070240	1	1	2900	1	0	Golden Rune [1]
12077250	map	12070250	1	1	2900	1	0	Golden Rune [1]
12077260	map	12070260	1	1	2900	1	0	Golden Rune [1]
12077270	map	12070270	1	1	2900	1	0	Golden Rune [1]
12077280	map	12070280	1	1	2900	1	0	Golden Rune [1]
12077290	map	12070290	1	1	2900	1	0	Golden Rune [1]
12077300	map	12070300	1	1	2904	1	0	Golden Rune [5]
12077310	map	12070310	1	1	1450	2	0	Soporific Grease
12077320	map	12070320	1	2	52040000	10		Burred Bolt
12077330	map	12070330	1	1	20800	3	2	Nascent Butterfly
12077340	map	12070340	1	1	190	1	0	Rune Arc
12077350	map	12070350	1	1	2905	1	0	Golden Rune [6]
12077360	map	12070360	1	1	10104	1	14	Smithing Stone [5]
12077370	map	12070370	1	1	150	1	0	Furlcalling Finger Remedy
12077380	map	12070380	1	1	1330	1	0	Clarifying White Cured Meat
12077390	map	12070390	1	1	2905	1	0	Golden Rune [6]
12077400	map	12070400	1	1	8963	1	1	
12077410	map	12070410	1	1	10102	1	14	Smithing Stone [3]
12077420	map	12070420	1	1	10163	1	14	Somber Smithing Stone [4]
12077430	map	12070430	1	1	10104	1	14	Smithing Stone [5]
12077440	map	12070440	1	1	248000	1	7	Greatshield Soldier Ashes
12077450	map	12070450	1	1	2906	1	0	Golden Rune [7]
12077460	map	12070460	1	1	2906	1	0	Golden Rune [7]
12077470	map	12070470	1	1	190	1	0	Rune Arc
12077480	map	12070480	1	1	8185	1	1	Larval Tear
12077490	map	12070490	1	1	8185	1	1	Larval Tear
12077500	map	12070500	1	2	24050000	1		Ghostflame Torch
12077510	map	12070510	1	1	2900	1	0	Golden Rune [1]
12077520	map	12070520	1	1	2900	1	0	Golden Rune [1]
12077530	map	12070530	1	1	2900	1	0	Golden Rune [1]
12077540	map	12070540	1	1	2900	1	0	Golden Rune [1]
13007000	map	13000000	1	1	10107	1	14	Smithing Stone [8]
13007005	map	13000005	1	1	10168	1	14	Somber Ancient Dragon Smithing Stone
13007010	map	13000010	1	1	2908	1	0	Golden Rune [9]
13007015	map	13000015	1	1	1480	2	0	Dragonwound Grease
13007020	map	13000020	1	1	15040	3	2	Old Fang
13007025	map	13000025	1	1	10909	1	14	Great Grave Glovewort
13007030	map	13000030	1	1	1170	1	0	Lightningproof Dried Liver
13007035	map	13000035	1	1	10909	1	14	Great Grave Glovewort
13007040	map	13000040	1	1	10105	1	14	Smithing Stone [6]
13007050	map	13000050	1	1	10107	1	14	Smithing Stone [8]
13007060	map	13000060	1	1	1480	1	0	Dragonwound Grease
13007070	map	13000070	1	1	10107	1	14	Smithing Stone [8]
13007080	map	13000080	1	1	10107	1	14	Smithing Stone [8]
13007090	map	13000090	1	2	53010000	14		Lightning Greatbolt
13007110	map	13000110	1	1	2911	1	0	Golden Rune [12]
13007120	map	13000120	1	1	8865	1	1	Ancient Dragon Prayerbook
13007130	map	13000130	1	1	2915	1	0	
13007140	map	13000140	1	1	10105	1	14	Smithing Stone [6]
13007150	map	13000150	1	1	8958	1	1	
13007170	map	13000170	1	1	10200	1	14	Somber Smithing Stone [9]
13007180	map	13000180	1	1	20652	4	2	Fulgurbloom
13007190	map	13000190	1	1	10107	1	14	Smithing Stone [8]
13007200	map	13000200	1	1	950	1	0	Rejuvenating Boluses
13007220	map	13000220	1	1	10107	1	14	Smithing Stone [8]
13007240	map	13000240	1	1	20855	5	2	Gravel Stone
13007250	map	13000250	1	1	10166	1	14	Somber Smithing Stone [7]
13007260	map	13000260	1	1	2908	1	0	Golden Rune [9]
13007270	map	13000270	1	2	50090000	14		Golden Arrow
13007280	map	13000280	1	0	20855	3	2	Gravel Stone
13007290	map	13000290	1	1	20855	3	2	Gravel Stone
13007300	map	13000300	1	1	2909	1	0	Golden Rune [10]
13007310	map	13000310	1	1	2911	1	0	Golden Rune [12]
13007320	map	13000320	1	1	10105	1	14	Smithing Stone [6]
13007330	map	13000330	1	1	2910	1	0	Golden Rune [11]
13007350	map	13000350	1	1	8000	1	1	Stonesword Key
13007360	map	13000360	1	1	2911	1	0	Golden Rune [12]
13007380	map	13000380	1	1	190	1	0	Rune Arc
13007390	map	13000390	1	1	10200	1	14	Somber Smithing Stone [9]
13007420	map	13000420	1	1	2910	1	0	Golden Rune [11]
13007430	map	13000430	1	1	15040	5	2	Old Fang
13007440	map	13000440	1	1	2918	1	0	
13007450	map	13000450	1	1	10106	1	14	Smithing Stone [7]
13007460	map	13000460	1	1	1410	5	0	Lightning Grease
13007470	map	13000470	1	1	10200	1	14	Somber Smithing Stone [9]
13007480	map	13000480	1	1	10140	1	14	Ancient Dragon Smithing Stone
13007490	map	13000490	1	1	2911	1	0	Golden Rune [12]
13007500	map	13000500	1	4	4002	1		
13007510	map	13000510	1	1	1140	1	0	Dappled Cured Meat
13007520	map	13000520	1	1	10107	1	14	Smithing Stone [8]
13007530	map	13000530	1	1	2919	1	0	
13007540	map	13000540	1	1	20800	2	2	Nascent Butterfly
13007550	map	13000550	1	1	2911	1	0	Golden Rune [12]
13007560	map	13000560	1	1	10107	1	14	Smithing Stone [8]
13007570	map	13000570	1	1	190	1	0	Rune Arc
13007580	map	13000580	1	1	10106	1	14	Smithing Stone [7]
13007590	map	13000590	1	1	1480	2	0	Dragonwound Grease
13007600	map	13000600	1	1	10107	1	14	Smithing Stone [8]
13007620	map	13000620	1	1	2911	1	0	Golden Rune [12]
13007640	map	13000640	1	1	10106	1	14	Smithing Stone [7]
13007660	map	13000660	1	1	10167	1	14	Somber Smithing Stone [8]
13007670	map	13000670	1	1	10105	1	14	Smithing Stone [6]
13007680	map	13000680	1	1	20691	3	2	Arteria Leaf
13007700	map	13000700	1	2	53010000	5		Lightning Greatbolt
13007710	map	13000710	1	1	20652	8	2	Fulgurbloom
13007720	map	13000720	1	1	2911	1	0	Golden Rune [12]
13007730	map	13000730	1	1	10106	1	14	Smithing Stone [7]
13007740	map	13000740	1	1	2911	1	0	Golden Rune [12]
13007760	map	13000760	1	4	4032	1		
13007770	map	13000770	1	1	10166	1	14	Somber Smithing Stone [7]
13007790	map	13000790	1	1	8959	1	1	
13007800	map	13000800	1	1	2911	1	0	Golden Rune [12]
13007810	map	13000810	1	1	10166	1	14	Somber Smithing Stone [7]
13007820	map	13000820	1	1	10167	1	14	Somber Smithing Stone [8]
13007830	map	13000830	1	4	4050	1	5	Star Shower
13007850	map	13000850	1	1	10106	1	14	Smithing Stone [7]
13007860	map	13000860	1	1	20855	3	2	Gravel Stone
13007870	map	13000870	1	1	10200	1	14	Somber Smithing Stone [9]
13007880	map	13000880	1	1	10107	1	14	Smithing Stone [8]
13007890	map	13000890	1	1	230000	1	7	Azula Beastman Ashes
13007900	map	13000900	1	1	10140	1	14	Ancient Dragon Smithing Stone
13007910	map	13000910	1	1	8962	1	1	
13007920	map	13000920	1	3	60000	1		
13007920	map	13000921	1	3	60100	1		
13007920	map	13000922	1	3	60200	1		
13007920	map	13000923	1	3	60300	1		
13007940	map	13000940	1	2	32000000	1		Dragon Towershield
13007950	map	13000950	1	4	3060	1	0	Gravity Stone Fan
13007980	map	13000980	1	1	10010	1	14	Golden Seed
13007990	map	13000990	1	1	10010	1	14	Golden Seed
13007991	map	13002091	1	1	10140	1	14	Ancient Dragon Smithing Stone
13007993	map	13002093	1	1	10140	1	14	Ancient Dragon Smithing Stone
13007995	map	13002095	1	3	260000	1	8	Dung Eater Puppet
13007995	map	13002096	1	3	260100	1		
13007995	map	13002097	1	3	260200	1		
13007995	map	13002098	1	3	260300	1		
14007000	map	14000000	1	1	1420	1	0	Magic Grease
14007005	map	14000005	1	3	830000	1		
14007015	map	14000015	1	3	831000	1		
14007020	map	14000020	1	1	190	1	0	Rune Arc
14007025	map	14000025	1	3	832000	1		
14007030	map	14000030	1	1	2901	1	0	Golden Rune [2]
14007035	map	14000035	1	3	833000	1		
14007040	map	14000040	1	1	10162	1	14	Somber Smithing Stone [3]
14007070	map	14000070	1	1	2050	3	0	Grace Mimic
14007090	map	14000090	1	1	10103	1	14	Smithing Stone [4]
14007120	map	14000120	1	1	1150	1	0	Spellproof Dried Liver
14007150	map	14000150	1	1	225000	1	7	Marionette Soldier Ashes
14007160	map	14000160	1	1	1190	1	0	Silver-Pickled Fowl Foot
14007190	map	14000190	1	1	1420	2	0	Magic Grease
14007200	map	14000200	1	1	2903	1	0	Golden Rune [4]
14007220	map	14000220	1	1	20760	5	2	Mushroom
14007250	map	14000250	1	1	2903	1	0	Golden Rune [4]
14007280	map	14000280	1	1	2902	1	0	Golden Rune [3]
14007290	map	14000290	1	1	226000	1	7	Avionette Soldier Ashes
14007300	map	14000300	1	1	10104	1	14	Smithing Stone [5]
14007320	map	14000320	1	4	6040	1	18	Flame, Cleanse Me
14007330	map	14000330	1	1	1740	5	0	Crystal Dart
14007350	map	14000350	1	1	2903	1	0	Golden Rune [4]
14007360	map	14000360	1	1	8850	1	1	Conspectus Scroll
14007370	map	14000370	1	1	10103	1	14	Smithing Stone [4]
14007380	map	14000380	1	1	8000	1	1	Stonesword Key
14007390	map	14000390	1	1	150	1	0	Furlcalling Finger Remedy
14007410	map	14000410	1	1	15410	3	2	Living Jar Shard
14007420	map	14000420	1	1	8000	1	1	Stonesword Key
14007430	map	14000430	1	1	20812	5	2	Glintstone Firefly
14007440	map	14000440	1	1	2901	1	0	Golden Rune [2]
14007450	map	14000450	1	1	2903	1	0	Golden Rune [4]
14007460	map	14000460	1	1	20750	5	2	Crystal Bud
14007470	map	14000470	1	1	2903	1	0	Golden Rune [4]
14007480	map	14000480	1	1	10104	1	14	Smithing Stone [5]
14007490	map	14000490	1	1	2901	1	0	Golden Rune [2]
14007510	map	14000510	1	1	2902	1	0	Golden Rune [3]
14007520	map	14000520	1	1	1740	8	0	Crystal Dart
14007530	map	14000530	1	1	2903	1	0	Golden Rune [4]
14007540	map	14000540	1	1	150	1	0	Furlcalling Finger Remedy
14007560	map	14000560	1	1	2906	1	0	Golden Rune [7]
14007600	map	14000600	1	1	2903	1	0	Golden Rune [4]
14007620	map	14000620	1	1	1740	5	0	Crystal Dart
14007630	map	14000630	1	1	8186	1	1	Imbued Sword Key
14007660	map	14000660	1	2	52050000	5		Meteor Bolt
14007670	map	14000670	1	1	10103	1	14	Smithing Stone [4]
14007710	map	14000710	1	1	2903	1	0	Golden Rune [4]
14007720	map	14000720	1	1	10102	2	14	Smithing Stone [3]
14007740	map	14000740	1	1	1420	2	0	Magic Grease
14007750	map	14000750	1	1	2902	1	0	Golden Rune [3]
14007760	map	14000760	1	1	10163	1	14	Somber Smithing Stone [4]
14007770	map	14000770	1	1	4500	1	5	Shattering Crystal
14007840	map	14000840	1	2	33230000	1		
14007850	map	14000850	1	3	980000	1		
14007850	map	14000851	1	3	980100	1		
14007850	map	14000852	1	3	980200	1		
14007850	map	14000853	1	3	980300	1		
14007860	map	14000860	1	1	10162	1	14	Somber Smithing Stone [3]
14007870	map	14000870	1	1	10070	1	1	Lost Ashes of War
14007880	map	14000880	1	1	4021	1	5	Comet
14007890	map	14000890	1	4	3000	1	0	
14007910	map	14000910	1	3	1902000	1		
14007920	map	14000920	1	1	4130	1	17	
14007930	map	14000930	1	1	8174	1	1	
14007940	map	14000940	1	4	3070	1	0	Gravity Stone Chunk
14007970	map	14000970	1	2	43060000	1		Full Moon Crossbow
14007980	map	14000980	1	2	31190000	1		
14007990	map	14000990	1	1	10010	1	14	Golden Seed
14007995	enemy	360000010	1	1	4720	1	5	Gravity Well
14007997	enemy	449024001	1	1	15410	1	2	Living Jar Shard
14007997	enemy	449024002	1	1	1235	1	0	Raw Meat Dumpling
15001200	map	15001200	1	1	10010	1	14	Golden Seed
15001210	map	15001210	1	0	2900	1	0	Golden Rune [1]
15001250	map	15001250	1	0	2900	1	0	Golden Rune [1]
15001260	map	15001260	1	0	2900	1	0	Golden Rune [1]
15001270	map	15001270	1	1	2919	1	0	
15001280	map	15001280	1	2	23140000	1		Rotten Staff
15001290	map	15001290	1	0	2900	1	0	Golden Rune [1]
15001300	enemy	402056001	1	1	10918	1	14	Ghost Glovewort [9]
15001310	enemy	402056011	1	1	10918	1	14	Ghost Glovewort [9]
15001320	enemy	402056021	1	1	10918	1	14	Ghost Glovewort [9]
15001330	enemy	402056031	1	1	10918	1	14	Ghost Glovewort [9]
15001340	enemy	402056041	1	1	10918	1	14	Ghost Glovewort [9]
15007000	map	15000000	1	1	8000	1	1	Stonesword Key
15007010	map	15000010	1	1	20753	3	2	Sacramental Bud
15007020	map	15000020	1	1	2909	1	0	Golden Rune [10]
15007030	map	15000030	1	1	8000	1	1	Stonesword Key
15007040	map	15000040	1	1	1400	3	0	Fire Grease
15007050	map	15000050	1	1	20801	2	2	Aeonian Butterfly
15007060	map	15000060	1	1	940	1	0	Preserving Boluses
15007070	map	15000070	1	1	2909	1	0	Golden Rune [10]
15007080	map	15000080	1	3	820000	1		
15007090	map	15000090	1	1	1140	1	0	Dappled Cured Meat
15007100	map	15000100	1	1	10107	1	14	Smithing Stone [8]
15007110	map	15000110	1	1	2205	1	0	Prattling Pate "My beloved"
15007120	map	15000120	1	1	3310	4	0	Warming Stone
15007130	map	15000130	1	2	52190000	10		Flaming Bolt
15007140	map	15000140	1	1	2913	1	0	
15007150	map	15000150	1	1	2912	1	0	Golden Rune [13]
15007160	map	15000160	1	1	10070	1	1	Lost Ashes of War
15007170	map	15000170	1	1	214000	1	7	Oracle Envoy Ashes
15007180	map	15000180	1	1	2900	1	0	Golden Rune [1]
15007190	map	15000190	1	1	2900	1	0	Golden Rune [1]
15007200	map	15000200	1	1	2909	1	0	Golden Rune [10]
15007210	map	15000210	1	1	1490	2	0	Rot Grease
15007220	map	15000220	1	4	4052	1		
15007230	map	15000230	1	1	10107	1	14	Smithing Stone [8]
15007240	map	15000240	1	1	2912	1	0	Golden Rune [13]
15007250	map	15000250	1	1	15341	6	2	Hefty Beast Bone
15007260	map	15000260	1	1	1400	5	0	Fire Grease
15007270	map	15000270	1	1	10140	1	14	Ancient Dragon Smithing Stone
15007280	map	15000280	1	1	10167	1	14	Somber Smithing Stone [8]
15007290	map	15000290	1	1	2911	1	0	Golden Rune [12]
15007300	map	15000300	1	1	20801	4	2	Aeonian Butterfly
15007310	map	15000310	1	1	10105	1	14	Smithing Stone [6]
15007320	map	15000320	1	1	10200	1	14	Somber Smithing Stone [9]
15007330	map	15000330	1	1	2909	1	0	Golden Rune [10]
15007340	map	15000340	1	1	2911	1	0	Golden Rune [12]
15007350	map	15000350	1	4	1022	1	0	
15007360	map	15000360	1	1	10105	1	14	Smithing Stone [6]
15007370	map	15000370	1	1	20753	1	2	Sacramental Bud
15007380	map	15000380	1	1	10106	1	14	Smithing Stone [7]
15007390	map	15000390	1	1	2917	1	0	
15007400	map	15000400	1	1	10107	1	14	Smithing Stone [8]
15007410	map	15000410	1	1	2900	1	0	Golden Rune [1]
15007420	map	15000420	1	1	2900	1	0	Golden Rune [1]
15007430	map	15000430	1	1	2900	1	0	Golden Rune [1]
15007440	map	15000440	1	1	2900	1	0	Golden Rune [1]
15007450	map	15000450	1	1	10200	1	14	Somber Smithing Stone [9]
15007460	map	15000460	1	1	10140	1	14	Ancient Dragon Smithing Stone
15007470	map	15000470	1	1	2900	1	0	Golden Rune [1]
15007480	map	15000480	1	1	2900	1	0	Golden Rune [1]
15007490	map	15000490	1	1	2900	1	0	Golden Rune [1]
15007500	map	15000500	1	1	1430	3	0	Holy Grease
15007510	map	15000510	1	1	2911	1	0	Golden Rune [12]
15007520	map	15000520	1	1	10107	1	14	Smithing Stone [8]
15007530	map	15000530	1	2	2200000	1	8	Curseblade Meera
15007540	map	15000540	1	2	53010000	5		Lightning Greatbolt
15007550	map	15000550	1	1	10106	1	14	Smithing Stone [7]
15007560	map	15000560	1	1	6701	1	16	Triple Rings of Light
15007570	map	15000570	1	1	1310	1	0	Immunizing White Cured Meat
15007580	map	15000580	1	1	223000	1	8	Cleanrot Knight Finlay
15007590	map	15000590	1	1	10168	1	14	Somber Ancient Dragon Smithing Stone
15007600	map	15000600	1	1	2913	1	0	
15007610	map	15000610	1	1	10168	1	14	Somber Ancient Dragon Smithing Stone
15007620	map	15000620	1	1	10200	1	14	Somber Smithing Stone [9]
15007630	map	15000630	1	1	2909	1	0	Golden Rune [10]
15007640	map	15000640	1	1	10106	1	14	Smithing Stone [7]
15007650	map	15000650	1	1	15040	5	2	Old Fang
15007660	map	15000660	1	1	3310	2	0	Warming Stone
15007670	map	15000670	1	2	50240000	15		Spiritflame Arrow
15007680	map	15000680	1	1	10107	1	14	Smithing Stone [8]
15007690	map	15000690	1	1	255000	1	7	Haligtree Soldier Ashes
15007700	map	15000700	1	1	2910	1	0	Golden Rune [11]
15007710	map	15000710	1	1	20691	1	2	Arteria Leaf
15007720	map	15000720	1	1	20753	1	2	Sacramental Bud
15007730	map	15000730	1	1	10107	1	14	Smithing Stone [8]
15007740	map	15000740	1	1	2919	1	0	
15007750	map	15000750	1	1	8193	1	1	Seedbed Curse
15007760	map	15000760	1	1	10200	1	14	Somber Smithing Stone [9]
15007770	map	15000770	1	1	1100	1	0	Pickled Turtle Neck
15007780	map	15000780	1	1	15030	3	2	Beast Blood
15007790	map	15000790	1	1	20801	4	2	Aeonian Butterfly
15007800	map	15000800	1	4	1221	1		
15007810	map	15000810	1	1	2911	1	0	Golden Rune [12]
15007820	map	15000820	1	3	1820000	1		
15007830	map	15000830	1	1	10105	1	14	Smithing Stone [6]
15007840	map	15000840	1	1	8193	1	1	Seedbed Curse
15007850	map	15000850	1	1	2900	1	0	Golden Rune [1]
15007860	map	15000860	1	2	2260000	1		Rotten Crystal Sword
15007870	map	15000870	1	1	2918	1	0	
15007880	map	15000880	1	1	1490	1	0	Rot Grease
15007890	map	15000890	1	1	10909	1	14	Great Grave Glovewort
15007900	map	15000900	1	1	2909	1	0	Golden Rune [10]
15007910	map	15000910	1	1	8965	1	1	
15007920	map	15000920	1	1	20800	1	2	Nascent Butterfly
15007930	map	15000930	1	4	4003	1		
15007940	map	15000940	1	1	20801	1	2	Aeonian Butterfly
15007950	map	15000950	1	1	20691	3	2	Arteria Leaf
15007960	map	15000960	1	1	2918	1	0	
15007970	map	15000970	1	1	2913	1	0	
15007980	map	15000980	1	3	1020100	1		
15007980	map	15000981	1	3	1020200	1		
15007980	map	15000982	1	3	1020300	1		
15007990	map	15000990	1	1	2190	1	0	
16007000	map	16000000	1	1	10105	1	14	Smithing Stone [6]
16007010	map	16000010	1	1	216000	1	8	Depraved Perfumer Carmaan
16007020	map	16000020	1	5	60100	1		
16007030	map	16000030	1	1	15050	3	2	Budding Horn
16007040	map	16000040	1	1	1160	1	0	Fireproof Dried Liver
16007050	map	16000050	1	1	2908	1	0	Golden Rune [9]
16007060	map	16000060	1	1	2904	1	0	Golden Rune [5]
16007070	map	16000070	1	1	8000	1	1	Stonesword Key
16007080	map	16000080	1	1	150	1	0	Furlcalling Finger Remedy
16007100	map	16000100	1	1	10166	1	14	Somber Smithing Stone [7]
16007120	map	16000120	1	1	10105	1	14	Smithing Stone [6]
16007130	map	16000130	1	2	34070000	1		Erdtree Seal
16007140	map	16000140	1	1	1500	3	0	Drawstring Fire Grease
16007150	map	16000150	1	1	2905	1	0	Golden Rune [6]
16007160	map	16000160	1	2	50010000	10		Fire Arrow
16007170	map	16000170	1	1	2908	1	0	Golden Rune [9]
16007190	map	16000190	1	2	53020000	5		Explosive Greatbolt
16007200	map	16000200	1	1	2908	1	0	Golden Rune [9]
16007210	map	16000210	1	1	10165	1	14	Somber Smithing Stone [6]
16007220	map	16000220	1	1	1160	2	0	Fireproof Dried Liver
16007230	map	16000230	1	1	15420	1	2	Albinauric Bloodclot
16007240	map	16000240	1	1	10103	1	14	Smithing Stone [4]
16007250	map	16000250	1	1	10105	2	14	Smithing Stone [6]
16007270	map	16000270	1	1	20802	6	2	Smoldering Butterfly
16007280	map	16000280	1	1	10106	1	14	Smithing Stone [7]
16007290	map	16000290	1	1	10164	1	14	Somber Smithing Stone [5]
16007310	map	16000310	1	1	20802	5	2	Smoldering Butterfly
16007320	map	16000320	1	1	2908	1	0	Golden Rune [9]
16007330	map	16000330	1	1	2909	1	0	Golden Rune [10]
16007350	map	16000350	1	1	10105	2	14	Smithing Stone [6]
16007360	map	16000360	1	1	2908	1	0	Golden Rune [9]
16007380	map	16000380	1	1	10104	1	14	Smithing Stone [5]
16007390	map	16000390	1	1	20802	4	2	Smoldering Butterfly
16007400	map	16000400	1	1	2911	1	0	Golden Rune [12]
16007410	map	16000410	1	1	150	1	0	Furlcalling Finger Remedy
16007420	map	16000420	1	1	15030	2	2	Beast Blood
16007430	map	16000430	1	2	33190000	1		Albinauric Staff
16007430	map	16000431	1	3	1060000	1		
16007440	map	16000440	1	1	1500	4	0	Drawstring Fire Grease
16007480	map	16000480	1	3	1910000	1		
16007490	map	16000490	1	1	8000	1	1	Stonesword Key
16007500	map	16000500	1	1	190	1	0	Rune Arc
16007510	map	16000510	1	3	810000	1		
16007520	map	16000520	1	1	229000	1	7	Man-Serpent Ashes
16007530	map	16000530	1	1	10165	1	14	Somber Smithing Stone [6]
16007540	map	16000540	1	4	1001	1	0	
16007550	map	16000550	1	1	10105	1	14	Smithing Stone [6]
16007560	map	16000560	1	1	10103	1	14	Smithing Stone [4]
16007610	map	16000610	1	2	30150000	1		Smoldering Shield
16007620	map	16000620	1	4	2090	1	1	Deathroot
16007690	map	16000690	1	2	17030000	1		Serpent-Hunter
16007700	map	16000700	1	1	8193	1	1	Seedbed Curse
16007710	map	16000710	1	1	8129	1	1	
16007730	map	16000730	1	3	1101100	1		
16007930	enemy	449038001	1	1	15410	1	2	Living Jar Shard
16007930	enemy	449038002	1	1	1235	1	0	Raw Meat Dumpling
16007940	map	16000940	1	2	23100000	1		
16007950	map	16000950	1	1	7520	1	16	Aspects of the Crucible: Breath
16007960	enemy	482000600	1	2	15020000	1		Great Omenkiller Cleaver
16007970	enemy	482000700	1	2	15020000	1		Great Omenkiller Cleaver
16007980	enemy	429000700	1	2	22020000	1		Bloodhound Claws
16007991	map	16001000	1	1	2900	1	0	Golden Rune [1]
16007992	map	16001010	1	1	2900	1	0	Golden Rune [1]
16007999	map	16002000	1	1	10060	1	1	Dragon Heart
18007000	map	18000000	1	1	1720	5	0	Poisonbone Dart
18007010	map	18000010	1	1	8000	1	1	Stonesword Key
18007020	map	18000020	1	1	2904	1	0	Golden Rune [5]
18007030	map	18000030	1	1	1480	1	0	Dragonwound Grease
18007040	map	18000040	1	1	1410	2	0	Lightning Grease
18007050	map	18000050	1	4	1040	1		
18007060	map	18000060	1	1	10900	1	14	Grave Glovewort [1]
18007070	map	18000070	1	4	4040	1	5	Glintstone Stars
18007700	enemy	301000010	1	2	34080000	1		Dragon Communion Seal
18007900	map	18000900	1	2	42030000	1		Erdtree Greatbow
18007900	map	18000901	1	2	51000000	10		Great Arrow
20007000	map	20000000	1	1	2002952	1	0	Shadow Realm Rune [1]
20007010	map	20000010	1	1	1160	1	0	Fireproof Dried Liver
20007020	map	20000020	1	1	2020006	5	2	Black Pyrefly
20007030	map	20000030	1	1	900	1	0	Neutralizing Boluses
20007040	map	20000040	1	1	2020004	3	2	Knot Resin
20007050	map	20000050	1	1	930	1	0	Stimulating Boluses
20007060	map	20000060	1	1	10162	1	14	Somber Smithing Stone [3]
20007070	map	20000070	1	1	2001400	1	0	Messmerfire Grease
20007080	map	20000080	1	1	2020006	3	2	Black Pyrefly
20007090	map	20000090	1	1	2001220	1	0	Silver Horn Tender
20007100	map	20000100	1	1	2001220	1	0	Silver Horn Tender
20007110	map	20000110	1	1	10163	1	14	Somber Smithing Stone [4]
20007120	map	20000120	1	1	2020001	1	2	Rada Fruit
20007130	map	20000130	1	1	2020001	1	2	Rada Fruit
20007140	map	20000140	1	1	2020001	1	2	Rada Fruit
20007150	map	20000150	1	1	2020001	1	2	Rada Fruit
20007160	map	20000160	1	1	2020001	1	2	Rada Fruit
20007170	map	20000170	1	1	2010100	2	14	Revered Spirit Ash
20007180	map	20000180	1	1	2020001	1	2	Rada Fruit
20007190	map	20000190	1	1	2020001	1	2	Rada Fruit
20007200	map	20000200	1	1	2001400	1	0	Messmerfire Grease
20007210	map	20000210	1	1	10101	2	14	Smithing Stone [2]
20007220	map	20000220	1	1	15340	8	2	Thin Beast Bones
20007230	map	20000230	1	1	15000	2	2	Sliver of Meat
20007240	map	20000240	1	1	2002951	1	0	Broken Rune
20007250	map	20000250	1	1	10102	1	14	Smithing Stone [3]
20007260	map	20000260	1	1	1720	8	0	Poisonbone Dart
20007270	map	20000270	1	1	900	1	0	Neutralizing Boluses
20007280	map	20000280	1	2	50020000	8		Serpent Arrow
20007290	map	20000290	1	1	15010	3	2	Beast Liver
20007300	map	20000300	1	2	21520000	1		Poisoned Hand
20007310	map	20000310	1	1	2020004	5	2	Knot Resin
20007320	map	20000320	1	1	2020003	4	2	Whiteflesh Mushroom
20007330	map	20000330	1	2	10500000	1		Euporia
20007340	map	20000340	1	1	2020001	1	2	Rada Fruit
20007350	map	20000350	1	1	2020001	1	2	Rada Fruit
20007360	map	20000360	1	1	2020001	1	2	Rada Fruit
20007370	map	20000370	1	1	2020001	1	2	Rada Fruit
20007380	map	20000380	1	1	2020001	1	2	Rada Fruit
20007390	map	20000390	1	1	2020001	1	2	Rada Fruit
20007400	map	20000400	1	1	2020006	3	2	Black Pyrefly
20007410	map	20000410	1	5	419000	1		
20007420	map	20000420	1	1	2020005	3	2	Dewgem
20007430	map	20000430	1	2	50000000	10		Arrow
20007440	map	20000440	1	1	2020006	2	2	Black Pyrefly
20007450	map	20000450	1	1	15340	4	2	Thin Beast Bones
20007460	map	20000460	1	1	2020002	5	2	Redflesh Mushroom
20007470	map	20000470	1	1	15400	4	2	String
20007480	map	20000480	1	1	2008013	1	1	Storeroom Key
20007490	map	20000490	1	1	1700	3	0	Throwing Dagger
20007500	map	20000500	1	1	2020003	6	2	Whiteflesh Mushroom
20007510	map	20000510	1	1	2008004	1	1	Well Depths Key
20007520	map	20000520	1	1	15060	4	2	Flight Pinion
20007530	map	20000530	1	1	10101	3	14	Smithing Stone [2]
20007540	map	20000540	1	1	2020001	1	2	Rada Fruit
20007550	map	20000550	1	1	2020001	1	2	Rada Fruit
20007560	map	20000560	1	1	2020001	1	2	Rada Fruit
20007570	map	20000570	1	1	2020001	1	2	Rada Fruit
20007580	map	20000580	1	1	2020001	1	2	Rada Fruit
20007590	map	20000590	1	1	2020001	1	2	Rada Fruit
20007600	map	20000600	1	2	40500000	1		Bone Bow
20007610	map	20000610	1	1	15340	5	2	Thin Beast Bones
20007620	map	20000620	1	1	2010000	1	14	Scadutree Fragment
20007630	map	20000630	1	4	8100	1		
20007640	map	20000640	1	1	10000	1	0	Glass Shard
20007650	map	20000650	1	1	910	1	0	Stanching Boluses
20007660	map	20000660	1	1	2020002	8	2	Redflesh Mushroom
20007670	map	20000670	1	1	2015040	4	2	Fly Mold
20007680	map	20000680	1	1	2002951	1	0	Broken Rune
20007690	map	20000690	1	1	2020006	4	2	Black Pyrefly
20007700	map	20000700	1	1	2010100	1	14	Revered Spirit Ash
20007710	map	20000710	1	1	10160	1	14	Somber Smithing Stone [1]
20007730	map	20000730	1	1	2020006	3	2	Black Pyrefly
20007740	map	20000740	1	1	2020001	1	2	Rada Fruit
20007750	map	20000750	1	1	2020001	1	2	Rada Fruit
20007760	map	20000760	1	1	2020001	1	2	Rada Fruit
20007770	map	20000770	1	1	2020001	1	2	Rada Fruit
20007780	map	20000780	1	1	2020001	1	2	Rada Fruit
20007790	map	20000790	1	1	2020001	1	2	Rada Fruit
20007800	map	20000800	1	1	2010100	1	14	Revered Spirit Ash
20007810	map	20000810	1	3	5290000	1		
20007820	map	20000820	1	1	2010000	1	14	Scadutree Fragment
20007830	map	20000830	1	1	2008037	1	12	Tower of Shadow Message
20007900	enemy	524088702	1	1	2010100	1	14	Revered Spirit Ash
20007900	enemy	524088703	1	1	2001230	1	0	Golden Horn Tender
20007991	map	20001991	1	4	7050	1	16	
20007993	map	20001993	1	2	7530000	1		
20017000	map	20010000	1	1	10200	1	14	Somber Smithing Stone [9]
20017010	map	20010010	1	1	2020001	1	2	Rada Fruit
20017020	map	20010020	1	1	2020001	1	2	Rada Fruit
20017030	map	20010030	1	1	2001400	1	0	Messmerfire Grease
20017040	map	20010040	1	1	10164	1	14	Somber Smithing Stone [5]
20017050	map	20010050	1	1	2020001	1	2	Rada Fruit
20017060	map	20010060	1	1	2020001	1	2	Rada Fruit
20017070	map	20010070	1	1	2020001	1	2	Rada Fruit
20017080	map	20010080	1	1	2020001	1	2	Rada Fruit
20017090	map	20010090	1	1	2020001	1	2	Rada Fruit
20017100	map	20010100	1	1	2020001	1	2	Rada Fruit
20017110	map	20010110	1	1	2002951	1	0	Broken Rune
20017120	map	20010120	1	1	2020001	1	2	Rada Fruit
20017130	map	20010130	1	1	190	1	0	Rune Arc
20017140	map	20010140	1	1	15050	4	2	Budding Horn
20017150	map	20010150	1	1	2020001	1	2	Rada Fruit
20017160	map	20010160	1	1	2001140	2	0	Lightningproof Pickled Liver
20017170	map	20010170	1	1	15340	8	2	Thin Beast Bones
20017180	map	20010180	1	1	2020003	3	2	Whiteflesh Mushroom
20017190	map	20010190	1	1	2020002	4	2	Redflesh Mushroom
20017200	map	20010200	1	1	2010100	2	14	Revered Spirit Ash
20017210	map	20010210	1	1	2020001	1	2	Rada Fruit
20017220	map	20010220	1	1	150	3	0	Furlcalling Finger Remedy
20017230	map	20010230	1	1	2007720	1	16	Spira
20017240	map	20010240	1	1	2020001	1	2	Rada Fruit
20017250	map	20010250	1	1	2020001	1	2	Rada Fruit
20017260	map	20010260	1	1	2020001	1	2	Rada Fruit
20017270	map	20010270	1	1	2020001	1	2	Rada Fruit
20017280	map	20010280	1	1	2020001	1	2	Rada Fruit
20017290	map	20010290	1	1	2020001	1	2	Rada Fruit
20017300	map	20010300	1	1	2001410	1	0	Dragonbolt Grease
20017310	map	20010310	1	1	2205000	1	7	Inquisitor Ashes
20017320	map	20010320	1	1	2001530	1	0	Drawstring Golden Grease
20017330	map	20010330	1	2	50010000	10		Fire Arrow
20017340	map	20010340	1	2	52070000	10		Golden Bolt
20017350	map	20010350	1	1	2010000	1	14	Scadutree Fragment
20017360	map	20010360	1	1	2020001	1	2	Rada Fruit
20017370	map	20010370	1	1	2020001	1	2	Rada Fruit
20017380	map	20010380	1	1	10107	2	14	Smithing Stone [8]
20017390	map	20010390	1	1	2020001	1	2	Rada Fruit
20017400	map	20010400	1	1	2010100	1	14	Revered Spirit Ash
20017410	map	20010410	1	1	2001220	1	0	Silver Horn Tender
20017420	map	20010420	1	1	2214000	1	7	Horned Warrior Ashes
20017430	map	20010430	1	1	900	2	0	Neutralizing Boluses
20017440	map	20010440	1	1	910	1	0	Stanching Boluses
20017450	map	20010450	1	1	2001230	1	0	Golden Horn Tender
20017460	map	20010460	1	1	2020001	1	2	Rada Fruit
20017470	map	20010470	1	1	2010000	1	14	Scadutree Fragment
20017480	map	20010480	1	1	2003310	2	0	Sunwarmth Stone
20017490	map	20010490	1	1	10165	1	14	Somber Smithing Stone [6]
20017500	map	20010500	1	3	5230000	1		
20017510	map	20010510	1	1	2020001	1	2	Rada Fruit
20017520	map	20010520	1	1	10168	1	14	Somber Ancient Dragon Smithing Stone
20017530	map	20010530	1	1	2020001	1	2	Rada Fruit
20017540	map	20010540	1	1	2020001	1	2	Rada Fruit
20017550	map	20010550	1	1	2010000	1	14	Scadutree Fragment
20017560	map	20010560	1	1	2020001	1	2	Rada Fruit
20017570	map	20010570	1	1	2020001	1	2	Rada Fruit
20017580	map	20010580	1	1	2020001	1	2	Rada Fruit
20017590	map	20010590	1	1	2020001	1	2	Rada Fruit
20017600	map	20010600	1	1	2001130	2	0	Fireproof Pickled Liver
20017610	map	20010610	1	1	2020001	1	2	Rada Fruit
20017620	map	20010620	1	1	2001150	1	0	Holyproof Pickled Liver
20017630	map	20010630	1	1	10107	2	14	Smithing Stone [8]
20017640	map	20010640	1	2	52080000	10		
20017650	map	20010650	1	1	10164	1	14	Somber Smithing Stone [5]
20017660	map	20010660	1	1	2001130	1	0	Fireproof Pickled Liver
20017670	map	20010670	1	1	2020001	1	2	Rada Fruit
20017680	map	20010680	1	1	2020001	1	2	Rada Fruit
20017690	map	20010690	1	1	2020001	1	2	Rada Fruit
20017900	enemy	532000701	1	1	2010100	1	14	Revered Spirit Ash
20017981	map	20011981	1	3	5272000	1		
20017991	map	20011991	1	2	8520000	1		
21007000	map	21000000	1	1	2001600	1	0	Festive Grease
21007010	map	21000010	1	1	10100	6	14	Smithing Stone [1]
21007020	map	21000020	1	2	1500000	1		Main-gauche
21007030	map	21000030	1	1	2020002	7	2	Redflesh Mushroom
21007040	map	21000040	1	1	2003170	1	0	
21007050	map	21000050	1	1	2002957	1	0	Shadow Realm Rune [6]
21007060	map	21000060	1	1	10104	5	14	Smithing Stone [5]
21007070	map	21000070	1	4	8200	1	12	"Homing Instinct" Painting
21007080	map	21000080	1	1	10107	2	14	Smithing Stone [8]
21007090	map	21000090	1	1	2003170	3	0	
21007100	map	21000100	1	1	10100	4	14	Smithing Stone [1]
21007110	map	21000110	1	1	2001150	1	0	Holyproof Pickled Liver
21007120	map	21000120	1	1	2001400	1	0	Messmerfire Grease
21007130	map	21000130	1	1	2001530	1	0	Drawstring Golden Grease
21007140	map	21000140	1	1	10107	3	14	Smithing Stone [8]
21007160	map	21000160	1	1	10167	1	14	Somber Smithing Stone [8]
21007170	map	21000170	1	1	1710	8	0	Bone Dart
21007180	map	21000180	1	1	10101	8	14	Smithing Stone [2]
21007190	map	21000190	1	1	1190	1	0	Silver-Pickled Fowl Foot
21007200	map	21000200	1	1	2020001	1	2	Rada Fruit
21007210	map	21000210	1	1	2020001	1	2	Rada Fruit
21007220	map	21000220	1	1	2020001	1	2	Rada Fruit
21007230	map	21000230	1	1	2020001	1	2	Rada Fruit
21007240	map	21000240	1	1	2020001	1	2	Rada Fruit
21007250	map	21000250	1	1	2020001	1	2	Rada Fruit
21007260	map	21000260	1	1	2020001	1	2	Rada Fruit
21007270	map	21000270	1	1	2020001	1	2	Rada Fruit
21007280	map	21000280	1	1	2020001	1	2	Rada Fruit
21007290	map	21000290	1	1	2020001	1	2	Rada Fruit
21007300	map	21000300	1	1	15340	4	2	Thin Beast Bones
21007310	map	21000310	1	1	15160	2	2	Strip of White Flesh
21007320	map	21000320	1	1	10909	1	14	Great Grave Glovewort
21007330	map	21000330	1	1	2001130	1	0	Fireproof Pickled Liver
21007340	map	21000340	1	1	2020030	3	2	Ember of Messmer
21007350	map	21000350	1	1	15120	1	2	Slumbering Egg
21007360	map	21000360	1	1	15430	3	2	Stormhawk Feather
21007370	map	21000370	1	1	2001140	1	0	Lightningproof Pickled Liver
21007380	map	21000380	1	1	2002959	1	0	Rune of an Unsung Hero
21007390	map	21000390	1	1	2020030	2	2	Ember of Messmer
21007400	map	21000400	1	1	2010000	1	14	Scadutree Fragment
21007410	map	21000410	1	1	15341	3	2	Hefty Beast Bone
21007420	map	21000420	1	1	15130	2	2	Crab Eggs
21007430	map	21000430	1	1	2020001	1	2	Rada Fruit
21007440	map	21000440	1	1	2020001	1	2	Rada Fruit
21007450	map	21000450	1	1	2020001	1	2	Rada Fruit
21007460	map	21000460	1	1	2020001	1	2	Rada Fruit
21007470	map	21000470	1	1	2020001	1	2	Rada Fruit
21007480	map	21000480	1	1	2020001	1	2	Rada Fruit
21007490	map	21000490	1	1	2020001	1	2	Rada Fruit
21007500	map	21000500	1	1	2020001	1	2	Rada Fruit
21007510	map	21000510	1	1	2020001	1	2	Rada Fruit
21007520	map	21000520	1	1	2020001	1	2	Rada Fruit
21007530	map	21000530	1	1	2020001	1	2	Rada Fruit
21007540	map	21000540	1	1	2020001	1	2	Rada Fruit
21007550	map	21000550	1	1	10164	1	14	Somber Smithing Stone [5]
21007560	map	21000560	1	1	2001170	1	0	Well-Pickled Turtle Neck
21007570	map	21000570	1	1	15130	2	2	Crab Eggs
21007580	map	21000580	1	1	10910	1	14	Ghost Glovewort [1]
21007590	map	21000590	1	1	10164	1	14	Somber Smithing Stone [5]
21007600	map	21000600	1	1	2002956	1	0	Shadow Realm Rune [5]
21007610	map	21000610	1	1	1730	6	0	Kukri
21007620	map	21000620	1	1	10103	4	14	Smithing Stone [4]
21007630	map	21000630	1	1	15130	2	2	Crab Eggs
21007640	map	21000640	1	1	2020009	3	2	Shadow Sunflower
21007650	map	21000650	1	2	34510000	1		
21007670	map	21000670	1	1	2020001	4	2	Rada Fruit
21007680	map	21000680	1	1	15400	6	2	String
21007690	map	21000690	1	1	2020001	1	2	Rada Fruit
21007700	map	21000700	1	1	2020001	1	2	Rada Fruit
21007710	map	21000710	1	1	2020001	1	2	Rada Fruit
21007720	map	21000720	1	1	2020001	1	2	Rada Fruit
21007730	map	21000730	1	1	2020001	1	2	Rada Fruit
21007740	map	21000740	1	1	2020001	1	2	Rada Fruit
21007750	map	21000750	1	1	2020001	1	2	Rada Fruit
21007760	map	21000760	1	1	2020001	1	2	Rada Fruit
21007770	map	21000770	1	1	2020001	1	2	Rada Fruit
21007780	map	21000780	1	1	2020001	1	2	Rada Fruit
21007790	map	21000790	1	1	2020001	1	2	Rada Fruit
21007800	map	21000800	1	1	2002120	1	0	Iris of Grace
21007810	map	21000810	1	1	2002960	1	0	
21007820	map	21000820	1	1	2020001	1	2	Rada Fruit
21007830	map	21000830	1	1	2020001	1	2	Rada Fruit
21007840	map	21000840	1	1	2020001	1	2	Rada Fruit
21007850	map	21000850	1	1	2020001	1	2	Rada Fruit
21007860	map	21000860	1	1	2020001	1	2	Rada Fruit
21007870	map	21000870	1	1	2020001	1	2	Rada Fruit
21007880	map	21000880	1	1	2020001	1	2	Rada Fruit
21007890	map	21000890	1	1	2020001	1	2	Rada Fruit
21007900	map	21000900	1	1	2020001	1	2	Rada Fruit
21007910	map	21000910	1	1	2020001	1	2	Rada Fruit
21007920	map	21000920	1	1	2020001	1	2	Rada Fruit
21007930	map	21000930	1	1	2020001	1	2	Rada Fruit
21007940	map	21000940	1	1	2020001	1	2	Rada Fruit
21007950	map	21000950	1	1	2020001	1	2	Rada Fruit
21007960	map	21000960	1	1	2020001	1	2	Rada Fruit
21007970	map	21000970	1	1	2020001	1	2	Rada Fruit
21007980	map	21000980	1	1	2020001	1	2	Rada Fruit
21007990	map	21000990	1	1	2020001	1	2	Rada Fruit
21007991	map	21001991	1	1	2004900	1	17	Mantle of Thorns
21007993	map	21001993	1	1	2002130	1	0	Iris of Occultation
21007995	map	21001995	1	3	5182000	1		
21017000	map	21010000	1	1	2001130	1	0	Fireproof Pickled Liver
21017010	map	21010010	1	1	190	1	0	Rune Arc
21017020	map	21010020	1	1	2010100	1	14	Revered Spirit Ash
21017030	map	21010030	1	1	2020030	2	2	Ember of Messmer
21017040	map	21010040	1	1	2003180	1	0	Fire Coil
21017050	map	21010050	1	1	15341	3	2	Hefty Beast Bone
21017060	map	21010060	1	1	10107	5	14	Smithing Stone [8]
21017070	map	21010070	1	1	2020006	4	2	Black Pyrefly
21017080	map	21010080	1	1	2015000	4	2	Beast Horn
21017090	map	21010090	1	1	10104	3	14	Smithing Stone [5]
21017100	map	21010100	1	4	7110	1		
21017110	map	21010110	1	1	2015000	1	2	Beast Horn
21017120	map	21010120	1	4	7130	1		
21017130	map	21010130	1	1	2020031	1	2	Blessed Bone Shard
21017140	map	21010140	1	1	150	1	0	Furlcalling Finger Remedy
21017150	map	21010150	1	6	4800057	1		
21017160	map	21010160	1	1	15020	2	2	Lump of Flesh
21017170	map	21010170	1	1	2015000	4	2	Beast Horn
21017180	map	21010180	1	1	2008030	1	12	Storehouse Cross Message
21017200	map	21010200	1	1	2010000	1	14	Scadutree Fragment
21017210	map	21010210	1	1	2020001	1	2	Rada Fruit
21017220	map	21010220	1	1	2020001	1	2	Rada Fruit
21017230	map	21010230	1	1	2020001	1	2	Rada Fruit
21017240	map	21010240	1	1	2020001	1	2	Rada Fruit
21017250	map	21010250	1	1	2020001	1	2	Rada Fruit
21017260	map	21010260	1	1	2020001	1	2	Rada Fruit
21017270	map	21010270	1	1	2020001	1	2	Rada Fruit
21017280	map	21010280	1	1	2020001	1	2	Rada Fruit
21017290	map	21010290	1	1	2020001	1	2	Rada Fruit
21017300	map	21010300	1	1	15430	3	2	Stormhawk Feather
21017310	map	21010310	1	1	2020006	4	2	Black Pyrefly
21017320	map	21010320	1	1	2002956	1	0	Shadow Realm Rune [5]
21017330	map	21010330	1	1	2001150	1	0	Holyproof Pickled Liver
21017340	map	21010340	1	1	2008014	1	1	Secret Rite Scroll
21017350	map	21010350	1	1	2020002	6	2	Redflesh Mushroom
21017360	map	21010360	1	1	2020030	3	2	Ember of Messmer
21017370	map	21010370	1	1	2020001	1	2	Rada Fruit
21017380	map	21010380	1	1	2020001	1	2	Rada Fruit
21017390	map	21010390	1	1	2020001	1	2	Rada Fruit
21017400	map	21010400	1	1	10105	2	14	Smithing Stone [6]
21017410	map	21010410	1	1	2003180	2	0	Fire Coil
21017420	map	21010420	1	1	10106	3	14	Smithing Stone [7]
21017430	map	21010430	1	1	1190	1	0	Silver-Pickled Fowl Foot
21017440	map	21010440	1	1	2015010	1	2	Spirit Calculus
21017450	map	21010450	1	1	15000	2	2	Sliver of Meat
21017460	map	21010460	1	1	2010100	1	14	Revered Spirit Ash
21017470	map	21010470	1	1	2020030	5	2	Ember of Messmer
21017480	map	21010480	1	1	2002956	1	0	Shadow Realm Rune [5]
21017490	map	21010490	1	1	2020030	3	2	Ember of Messmer
21017500	map	21010500	1	1	2010000	1	14	Scadutree Fragment
21017510	map	21010510	1	1	2004910	1	5	Impenetrable Thorns
21017520	map	21010520	1	1	2020001	1	2	Rada Fruit
21017530	map	21010530	1	1	2020001	1	2	Rada Fruit
21017540	map	21010540	1	1	2020001	1	2	Rada Fruit
21017550	map	21010550	1	1	2020001	1	2	Rada Fruit
21017560	map	21010560	1	1	2020001	1	2	Rada Fruit
21017570	map	21010570	1	1	2020001	1	2	Rada Fruit
21017580	map	21010580	1	1	2020001	1	2	Rada Fruit
21017590	map	21010590	1	1	2020001	1	2	Rada Fruit
21017600	map	21010600	1	1	10200	1	14	Somber Smithing Stone [9]
21017610	map	21010610	1	1	2020007	3	2	Glintslab Firefly
21017620	map	21010620	1	2	62510000	1		Carian Thrusting Shield
21017630	map	21010630	1	1	2003180	3	0	Fire Coil
21017640	map	21010640	1	1	10912	1	14	Ghost Glovewort [3]
21017650	map	21010650	1	1	2007800	1	16	Fire Serpent
21017660	map	21010660	1	1	2020009	6	2	Shadow Sunflower
21017670	map	21010670	1	1	2020031	1	2	Blessed Bone Shard
21017680	map	21010680	1	1	2020001	1	2	Rada Fruit
21017690	map	21010690	1	1	2020001	1	2	Rada Fruit
21017700	map	21010700	1	1	2020001	1	2	Rada Fruit
21017710	map	21010710	1	1	2020001	1	2	Rada Fruit
21017720	map	21010720	1	1	2020001	1	2	Rada Fruit
21017730	map	21010730	1	1	2020001	1	2	Rada Fruit
21017740	map	21010740	1	1	2020001	1	2	Rada Fruit
21017750	map	21010750	1	1	15340	7	2	Thin Beast Bones
21017760	map	21010760	1	1	10106	4	14	Smithing Stone [7]
21017770	map	21010770	1	1	10167	1	14	Somber Smithing Stone [8]
21017780	map	21010780	1	1	2006690	1	16	Wrath from Afar
21017790	map	21010790	1	1	2002959	1	0	Rune of an Unsung Hero
21017800	map	21010800	1	1	2203000	1	8	Fire Knight Hilde
21017810	map	21010819	1	1	2020001	1	2	Rada Fruit
21017820	map	21010820	1	1	2020001	1	2	Rada Fruit
21017830	map	21010830	1	1	2020001	1	2	Rada Fruit
21017840	map	21010840	1	1	2020001	1	2	Rada Fruit
21017850	map	21010850	1	1	2020001	1	2	Rada Fruit
21017860	map	21010860	1	1	2020001	1	2	Rada Fruit
21017870	map	21010870	1	1	2020001	1	2	Rada Fruit
21017880	map	21010880	1	1	2020001	1	2	Rada Fruit
21017890	map	21010890	1	1	2020001	1	2	Rada Fruit
21017900	map	21010900	1	1	2020001	1	2	Rada Fruit
21017910	map	21010910	1	1	2020001	1	2	Rada Fruit
21017920	map	21010920	1	1	2020001	1	2	Rada Fruit
21017930	map	21010930	1	1	2020001	1	2	Rada Fruit
21017940	map	21010940	1	1	2020001	1	2	Rada Fruit
21017950	map	21010950	1	1	2020001	1	2	Rada Fruit
21017960	map	21010960	1	1	2020001	1	2	Rada Fruit
21017970	map	21010970	1	1	2020001	1	2	Rada Fruit
21017980	map	21010980	1	1	2020001	1	2	Rada Fruit
21017990	map	21010990	1	1	2020001	1	2	Rada Fruit
21017991	map	21011991	1	3	5183000	1		
21017991	map	21011992	1	5	417000	1		
21027000	map	21020000	1	1	2020001	1	2	Rada Fruit
21027010	map	21020010	1	1	1200	1	0	Gold-Pickled Fowl Foot
21027020	map	21020020	1	5	404000	1		
21027040	map	21020040	1	1	2002120	1	0	Iris of Grace
21027050	map	21020050	1	1	2001700	1	0	Innard Meat
21027070	map	21020070	1	1	2020001	1	2	Rada Fruit
21027080	map	21020080	1	1	2020001	1	2	Rada Fruit
21027090	map	21020090	1	1	2020001	1	2	Rada Fruit
21027100	map	21020100	1	1	2020001	1	2	Rada Fruit
21027110	map	21020110	1	1	2020001	1	2	Rada Fruit
21027120	map	21020120	1	1	2020001	1	2	Rada Fruit
21027130	map	21020130	1	1	2020001	1	2	Rada Fruit
21027140	map	21020140	1	1	2020001	1	2	Rada Fruit
21027150	map	21020150	1	1	2020001	1	2	Rada Fruit
21027160	map	21020160	1	1	2020001	1	2	Rada Fruit
21027170	map	21020170	1	1	2020001	1	2	Rada Fruit
21027180	map	21020180	1	1	2020001	1	2	Rada Fruit
21027190	map	21020190	1	1	2020001	1	2	Rada Fruit
21027200	map	21020200	1	1	10102	1	14	Smithing Stone [3]
21027210	map	21020210	1	1	15010	3	2	Beast Liver
21027220	map	21020220	1	1	15030	3	2	Beast Blood
21027230	map	21020230	1	1	10103	2	14	Smithing Stone [4]
21027240	map	21020240	1	1	2020002	5	2	Redflesh Mushroom
21027250	map	21020250	1	1	15340	8	2	Thin Beast Bones
21027260	map	21020260	1	1	10161	1	14	Somber Smithing Stone [2]
21027270	map	21020270	1	1	10200	1	14	Somber Smithing Stone [9]
21027280	map	21020280	1	1	2020001	1	2	Rada Fruit
21027290	map	21020290	1	1	2020001	1	2	Rada Fruit
21027300	map	21020300	1	1	2020001	1	2	Rada Fruit
21027310	map	21020310	1	1	2020001	1	2	Rada Fruit
21027320	map	21020320	1	1	2020001	1	2	Rada Fruit
21027330	map	21020330	1	1	2020001	1	2	Rada Fruit
21027340	map	21020340	1	1	2020001	1	2	Rada Fruit
21027350	map	21020350	1	1	2020001	1	2	Rada Fruit
21027360	map	21020360	1	1	2020001	1	2	Rada Fruit
21027370	map	21020370	1	1	2020001	1	2	Rada Fruit
21027380	map	21020380	1	1	2020001	1	2	Rada Fruit
21027390	map	21020390	1	1	2020001	1	2	Rada Fruit
21027400	map	21020400	1	1	2020001	1	2	Rada Fruit
21027985	enemy	575098701	1	1	15410	1	2	Living Jar Shard
21027985	enemy	575098702	1	1	1235	1	0	Raw Meat Dumpling
21027991	map	21021991	1	3	5184000	1		
21027991	map	21021992	1	1	2007810	1	16	
22007000	map	22000000	1	1	2010000	1	14	Scadutree Fragment
22007100	map	22000100	1	1	2020026	5	2	Congealed Putrescence
22007110	map	22000110	1	2	50040000	10		
22007120	map	22000120	1	1	2020014	2	2	Deep-Purple Lily
22007130	map	22000130	1	1	2002954	1	0	Shadow Realm Rune [3]
22007140	map	22000140	1	1	10907	1	14	Grave Glovewort [8]
22007150	map	22000150	1	2	2510000	1		Velvet Sword of St. Trina
22007160	map	22000160	1	1	10902	1	14	Grave Glovewort [3]
22007170	map	22000170	1	1	10901	1	14	Grave Glovewort [2]
22007190	map	22000190	1	1	10105	2	14	Smithing Stone [6]
22007200	map	22000200	1	1	10906	1	14	Grave Glovewort [7]
22007210	map	22000210	1	1	2006210	1	5	Mass of Putrescence
22007220	map	22000220	1	1	2020026	2	2	Congealed Putrescence
22007230	map	22000230	1	1	2020005	3	2	Dewgem
22007240	map	22000240	1	1	10905	1	14	Grave Glovewort [6]
22007900	map	22000900	1	1	2006710	1	16	Multilayered Ring of Light
22007910	enemy	559100701	1	1	10107	7	14	Smithing Stone [8]
22007910	enemy	559100702	1	1	2020026	5	2	Congealed Putrescence
28007000	map	28000000	1	1	2020017	1	2	Swollen Grape
28007010	map	28000010	1	1	2008032	1	12	Torn Diary Page
28007020	map	28000020	1	1	2020017	2	2	Swollen Grape
28007030	map	28000030	1	1	15340	4	2	Thin Beast Bones
28007040	map	28000040	1	1	2002957	1	0	Shadow Realm Rune [6]
28007050	map	28000050	1	1	2003160	3	0	Surging Frenzied Flame
28007070	map	28000070	1	1	2001230	2	0	Golden Horn Tender
28007080	map	28000080	1	1	2002958	1	0	Shadow Realm Rune [7]
28007090	map	28000090	1	1	2020017	2	2	Swollen Grape
28007100	map	28000100	1	2	24500000	1		
28007110	map	28000110	1	1	2010100	1	14	Revered Spirit Ash
28007900	enemy	532000711	1	1	2010100	1	14	Revered Spirit Ash
30007010	map	30000010	1	1	15100	5	2	Human Bone Shard
30007020	map	30000020	1	1	2901	1	0	Golden Rune [2]
30007040	map	30000040	1	1	2201	1	0	Prattling Pate "Thank you"
30017010	map	30010010	1	1	20775	3	2	Root Resin
30017020	map	30010020	1	1	2204	1	0	Prattling Pate "Please help"
30027000	map	30020000	1	1	20775	2	2	Root Resin
30027010	map	30020010	1	1	20802	3	2	Smoldering Butterfly
30027020	map	30020020	1	1	240000	1	7	Wandering Noble Ashes
30027030	map	30020030	1	1	2200	1	0	Prattling Pate "Hello"
30037000	map	30030000	1	1	20775	3	2	Root Resin
30037010	map	30030010	1	1	251000	1	7	Raya Lucaria Soldier Ashes
30037020	map	30030020	1	1	15100	5	2	Human Bone Shard
30037030	map	30030030	1	1	190	1	0	Rune Arc
30037040	map	30030040	1	2	23010000	1		
30047000	map	30040000	1	1	20775	5	2	Root Resin
30057000	map	30050000	1	2	14120000	1		
30057010	map	30050010	1	1	190	1	0	Rune Arc
30057030	map	30050030	1	1	2090	1	1	Deathroot
30057040	map	30050040	1	1	1150	1	0	Spellproof Dried Liver
30067000	map	30060000	1	1	20775	5	2	Root Resin
30067010	map	30060010	1	3	1300000	1		
30067020	map	30060020	1	1	2902	1	0	Golden Rune [3]
30067030	map	30060030	1	1	220000	1	7	Page Ashes
30067040	map	30060040	1	1	190	1	0	Rune Arc
30067050	map	30060050	1	1	15040	3	2	Old Fang
30067060	map	30060060	1	1	15341	3	2	Hefty Beast Bone
30067070	map	30060070	1	2	19000000	1		Scythe
30067080	map	30060080	1	1	2203	1	0	Prattling Pate "Wonderful"
30077010	map	30070010	1	1	2904	1	0	Golden Rune [5]
30077020	map	30070020	1	1	1420	2	0	Magic Grease
30077600	map	30070600	1	4	2010	1		
30077900	map	30070900	1	1	2900	1	0	Golden Rune [1]
30087010	map	30080010	1	4	5000	1	5	Rancorcall
30087020	map	30080020	1	1	252000	1	7	Leyndell Soldier Ashes
30087030	map	30080030	1	4	4001	1	5	Great Glintstone Shard
30087040	map	30080040	1	1	20775	3	2	Root Resin
30087050	map	30080050	1	1	2206	1	0	s get to it"
30087060	map	30080060	1	1	15100	5	2	Human Bone Shard
30087970	enemy	402030021	1	1	10913	1	14	Ghost Glovewort [4]
30087980	enemy	402030011	1	1	10913	1	14	Ghost Glovewort [4]
30087990	enemy	402030001	1	1	10913	1	14	Ghost Glovewort [4]
30097000	map	30090000	1	1	2090	1	1	Deathroot
30097010	map	30090010	1	2	11130000	1		Ringed Finger
30097020	map	30090020	1	1	2905	1	0	Golden Rune [6]
30097030	map	30090030	1	1	20802	6	2	Smoldering Butterfly
30097040	map	30090040	1	1	8000	1	1	Stonesword Key
30097050	map	30090050	1	3	1760000	1		
30097050	map	30090051	1	3	1760100	1		
30097050	map	30090052	1	3	1760200	1		
30097050	map	30090053	1	3	1760300	1		
30097060	map	30090060	1	1	20775	5	2	Root Resin
30097070	map	30090070	1	1	15030	3	2	Beast Blood
30097700	enemy	366400700	1	2	7120000	1		Mantis Blade
30097800	enemy	429000800	1	3	790000	1		
30097800	enemy	429000801	1	3	790100	1		
30097800	enemy	429000802	1	3	790200	1		
30097800	enemy	429000803	1	3	790300	1		
30107010	map	30100010	1	1	1430	2	0	Holy Grease
30107020	map	30100020	1	1	1750	5	0	Fan Daggers
30107030	map	30100030	1	1	2906	1	0	Golden Rune [7]
30107040	map	30100040	1	4	4070	1	5	Glintstone Arc
30107050	map	30100050	1	2	2070000	1		Golden Epitaph
30107060	map	30100060	1	1	15110	3	2	Great Dragonfly Head
30107070	map	30100070	1	1	8000	1	1	Stonesword Key
30107080	map	30100080	1	1	242000	1	7	Vulgar Militia Ashes
30107100	map	30100100	1	5	70200	1		
30107100	map	30100101	1	3	270000	1		
30107100	map	30100102	1	3	270100	1		
30107100	map	30100103	1	3	270200	1		
30107100	map	30100104	1	3	270300	1		
30117000	map	30110000	1	1	2090	1	1	Deathroot
30117010	map	30110010	1	1	20723	3	2	Bloodrose
30117020	map	30110020	1	2	9000000	1		Uchigatana
30127000	map	30120000	1	1	1430	3	0	Holy Grease
30127010	map	30120010	1	1	210000	1	7	Winged Misbegotten Ashes
30127020	map	30120020	1	1	190	1	0	Rune Arc
30127030	map	30120030	1	1	2202	1	0	Prattling Pate "Apologies"
30127900	map	30120900	1	1	2900	1	0	Golden Rune [1]
30137020	map	30130020	1	1	2906	1	0	Golden Rune [7]
30137030	map	30130030	1	1	10104	1	14	Smithing Stone [5]
30137040	map	30130040	1	1	20775	2	2	Root Resin
30137960	enemy	449033031	1	1	15410	1	2	Living Jar Shard
30137960	enemy	449033032	1	1	1235	1	0	Raw Meat Dumpling
30137970	enemy	449033021	1	1	15410	1	2	Living Jar Shard
30137970	enemy	449033022	1	1	1235	1	0	Raw Meat Dumpling
30137980	enemy	449033011	1	1	15410	1	2	Living Jar Shard
30137980	enemy	449033012	1	1	1235	1	0	Raw Meat Dumpling
30137990	enemy	449033001	1	1	15410	1	2	Living Jar Shard
30137990	enemy	449033002	1	1	1235	1	0	Raw Meat Dumpling
30147000	map	30140000	1	3	1084000	1		
30147010	map	30140010	1	1	20654	3	2	Grave Violet
30147020	map	30140020	1	1	20753	2	2	Sacramental Bud
30147030	map	30140030	1	1	20801	1	2	Aeonian Butterfly
30147040	map	30140040	1	1	2903	1	0	Golden Rune [4]
30147900	map	30140900	1	1	2900	1	0	Golden Rune [1]
30157000	map	30150000	1	1	245000	1	7	Miranda Sprout Ashes
30167000	map	30160000	1	1	2905	1	0	Golden Rune [6]
30167010	map	30160010	1	1	1420	3	0	Magic Grease
30167020	map	30160020	1	1	253000	1	7	Radahn Soldier Ashes
30167030	map	30160030	1	1	1190	1	0	Silver-Pickled Fowl Foot
30167040	map	30160040	1	1	4721	1	5	Collapsing Stars
30177000	map	30170000	1	2	12170000	1		Cranial Vessel Candlestand
30177010	map	30170010	1	1	6060	1	18	Flame, Protect Me
30177020	map	30170020	1	2	3000600	1		Lightning Bastard Sword
30177030	map	30170030	1	2	34020000	1		
30177040	map	30170040	1	1	1470	1	0	Freezing Grease
30177050	map	30170050	1	1	2910	1	0	Golden Rune [11]
30177060	map	30170060	1	1	2900	1	0	Golden Rune [1]
30187000	map	30180000	1	1	2909	1	0	Golden Rune [10]
30187010	map	30180010	1	1	930	1	0	Stimulating Boluses
30187020	map	30180020	1	1	20800	1	2	Nascent Butterfly
30187030	map	30180030	1	1	20775	5	2	Root Resin
30187070	map	30180070	1	1	227000	1	7	Fire Monk Ashes
30187900	map	30180900	1	1	2090	1	1	Deathroot
30187950	enemy	449050041	1	1	15410	1	2	Living Jar Shard
30187950	enemy	449050042	1	1	1235	1	0	Raw Meat Dumpling
30187960	enemy	449050031	1	1	15410	1	2	Living Jar Shard
30187960	enemy	449050032	1	1	1235	1	0	Raw Meat Dumpling
30187970	enemy	449050021	1	1	15410	1	2	Living Jar Shard
30187970	enemy	449050022	1	1	1235	1	0	Raw Meat Dumpling
30187980	enemy	449050011	1	1	15410	1	2	Living Jar Shard
30187980	enemy	449050012	1	1	1235	1	0	Raw Meat Dumpling
30187990	enemy	449050001	1	1	15410	1	2	Living Jar Shard
30187990	enemy	449050002	1	1	1235	1	0	Raw Meat Dumpling
30197000	map	30190000	1	1	2911	1	0	Golden Rune [12]
30197010	map	30190010	1	1	950	1	0	Rejuvenating Boluses
30197020	map	30190020	1	1	20775	4	2	Root Resin
30197030	map	30190030	1	1	15100	8	2	Human Bone Shard
30197040	map	30190040	1	3	1085000	1		
30197900	map	30190900	1	1	2900	1	0	Golden Rune [1]
30207000	map	30200000	1	1	3310	2	0	Warming Stone
30207010	map	30200010	1	1	20753	3	2	Sacramental Bud
30207020	map	30200020	1	1	2914	1	0	
30207030	map	30200030	1	1	15040	6	2	Old Fang
30207040	map	30200040	1	1	20775	4	2	Root Resin
30207050	map	30200050	1	1	1470	5	0	Freezing Grease
30207060	map	30200060	1	4	4012	1		
30207900	map	30200900	1	4	1100	1	0	Pickled Turtle Neck
30207910	map	30200910	1	1	2090	1	1	Deathroot
31007000	map	31000000	1	1	20760	5	2	Mushroom
31007010	map	31000010	1	3	160100	1		
31007010	map	31000011	1	3	160300	1		
31007030	map	31000030	1	1	10000	3	0	Glass Shard
31017000	map	31010000	1	1	2900	1	0	Golden Rune [1]
31017010	map	31010010	1	1	2030	5	0	Glowstone
31017020	map	31010020	1	1	1730	8	0	Kukri
31017030	map	31010030	1	1	20802	5	2	Smoldering Butterfly
31017040	map	31010040	1	1	20651	1	2	
31017060	map	31010100	1	1	1100	3	0	Pickled Turtle Neck
31027000	map	31020000	1	1	2901	1	0	Golden Rune [2]
31027010	map	31020010	1	1	150	1	0	Furlcalling Finger Remedy
31027020	map	31020020	1	1	1720	6	0	Poisonbone Dart
31027030	map	31020030	1	1	20691	1	2	Arteria Leaf
31027050	map	31020050	1	1	1310	1	0	Immunizing White Cured Meat
31037000	map	31030000	1	1	2900	1	0	Golden Rune [1]
31037010	map	31030010	1	1	2030	3	0	Glowstone
31047000	map	31040000	1	1	2902	1	0	Golden Rune [3]
31047010	map	31040010	1	1	2903	1	0	Golden Rune [4]
31047020	map	31040020	1	2	50020000	15		Serpent Arrow
31047030	map	31040030	1	1	2904	1	0	Golden Rune [5]
31047040	map	31040040	1	1	2030	5	0	Glowstone
31047050	map	31040050	1	1	1460	2	0	Poison Grease
31047060	map	31040060	1	3	430000	1		
31047060	map	31040061	1	3	430100	1		
31047060	map	31040062	1	3	430300	1		
31047990	enemy	420120010	1	1	2905	1	0	Golden Rune [6]
31057000	map	31050000	1	1	15341	3	2	Hefty Beast Bone
31057010	map	31050010	1	1	1700	5	0	Throwing Dagger
31057020	map	31050020	1	1	2904	1	0	Golden Rune [5]
31057030	map	31050030	1	1	2100	2	0	Soft Cotton
31057040	map	31050040	1	1	10103	1	14	Smithing Stone [4]
31057050	map	31050050	1	1	10101	1	14	Smithing Stone [2]
31057060	map	31050060	1	1	15020	1	2	Lump of Flesh
31057070	map	31050070	1	1	20691	1	2	Arteria Leaf
31057100	map	31050100	1	4	2060	1		
31067000	map	31060000	1	1	3030	5	0	Cuckoo Glintstone
31067010	map	31060010	1	1	8000	1	1	Stonesword Key
31067030	map	31060110	1	2	33040000	1		Crystal Staff
31067100	map	31060100	1	1	190	1	0	Rune Arc
31077000	map	31070000	1	1	1460	3	0	Poison Grease
31077010	map	31070010	1	1	15020	4	2	Lump of Flesh
31077020	map	31070020	1	1	940	1	0	Preserving Boluses
31077030	map	31070030	1	3	1130000	1		Ivory Sickle
31077030	map	31070031	1	3	1130100	1		
31077030	map	31070032	1	3	1130200	1		
31077030	map	31070033	1	3	1130300	1		
31077040	map	31070040	1	1	1720	10	0	Poisonbone Dart
31077050	map	31070050	1	1	2905	1	0	Golden Rune [6]
31077060	map	31070060	1	1	2906	1	0	Golden Rune [7]
31077070	map	31070070	1	1	1110	1	0	Immunizing Cured Meat
31097000	map	31090000	1	1	2905	1	0	Golden Rune [6]
31097010	map	31090010	1	1	15000	6	2	Sliver of Meat
31097020	map	31090020	1	1	20691	3	2	Arteria Leaf
31097030	map	31090030	1	1	15020	5	2	Lump of Flesh
31097040	map	31090040	1	2	30200000	1		Coil Shield
31107000	map	31100000	1	1	3310	1	0	Warming Stone
31107010	map	31100010	1	1	2911	1	0	Golden Rune [12]
31107050	map	31100050	1	4	1210	1	0	Exalted Flesh
31107110	map	31100110	1	1	2907	1	0	Golden Rune [8]
31107120	map	31100120	1	1	15030	3	2	Beast Blood
31117000	map	31110000	1	1	2902	1	0	Golden Rune [3]
31117010	map	31110010	1	1	10070	1	1	Lost Ashes of War
31117020	map	31110020	1	1	2904	1	0	Golden Rune [5]
31117030	map	31110030	1	1	930	1	0	Stimulating Boluses
31117040	map	31110040	1	1	10163	1	14	Somber Smithing Stone [4]
31117080	map	31110080	1	1	940	3	0	Preserving Boluses
31117090	map	31110090	1	1	1740	10	0	Crystal Dart
31117100	map	31110100	1	1	2904	1	0	Golden Rune [5]
31117110	map	31110110	1	1	2030	4	0	Glowstone
31117200	map	31110200	1	2	16020000	1		Crystal Spear
31117220	map	31110220	1	1	208000	1	7	Crystalian Ashes
31117300	map	31110300	1	1	10100	1	14	Smithing Stone [1]
31117990	enemy	402040001	1	1	10913	1	14	Ghost Glovewort [4]
31127000	map	31120000	1	1	2906	1	0	Golden Rune [7]
31127010	map	31120010	1	1	1470	1	0	Freezing Grease
31127020	map	31120020	1	1	2915	1	0	
31127030	map	31120030	1	1	190	1	0	Rune Arc
31127040	map	31120040	1	1	20653	3	2	
31127050	map	31120050	1	1	20800	1	2	Nascent Butterfly
31127060	map	31120060	1	1	920	3	0	Thawfrost Boluses
31127070	map	31120070	1	1	1740	8	0	Crystal Dart
31127080	map	31120080	1	1	920	2	0	Thawfrost Boluses
31127090	map	31120090	1	1	1470	6	0	Freezing Grease
31127100	map	31120100	1	1	1470	4	0	Freezing Grease
31127110	map	31120110	1	1	2909	1	0	Golden Rune [10]
31127120	map	31120120	1	2	50240000	10		Spiritflame Arrow
31157010	map	31150010	1	1	15140	1	2	Land Octopus Ovary
31157020	map	31150020	1	1	20802	1	2	Smoldering Butterfly
31177010	map	31170010	1	1	2900	1	0	Golden Rune [1]
31177020	map	31170020	1	1	20691	3	2	Arteria Leaf
31177030	map	31170030	1	1	10100	3	14	Smithing Stone [1]
31177040	map	31170040	1	1	10101	1	14	Smithing Stone [2]
31177050	map	31170050	1	1	2903	1	0	Golden Rune [4]
31177060	map	31170060	1	1	1400	2	0	Fire Grease
31177070	map	31170070	1	1	150	1	0	Furlcalling Finger Remedy
31177080	map	31170080	1	2	7030000	1		Shamshir
31187020	map	31180020	1	1	15410	10	2	Living Jar Shard
31187030	map	31180030	1	1	15410	5	2	Living Jar Shard
31187040	map	31180040	1	1	20691	3	2	Arteria Leaf
31187050	map	31180050	1	1	2904	1	0	Golden Rune [5]
31187060	map	31180060	1	1	15150	6	2	Miranda Powder
31187070	map	31180070	1	1	3310	1	0	Warming Stone
31187080	map	31180080	1	1	2904	1	0	Golden Rune [5]
31197000	map	31190000	1	1	950	5	0	Rejuvenating Boluses
31197010	map	31190010	1	1	10070	1	1	Lost Ashes of War
31197030	map	31190030	1	2	31250000	1		Candletree Wooden Shield
31197040	map	31190040	1	1	1190	5	0	Silver-Pickled Fowl Foot
31197050	map	31190050	1	3	1400000	1		
31197060	map	31190060	1	1	20800	1	2	Nascent Butterfly
31197080	map	31190080	1	1	8000	1	1	Stonesword Key
31197090	map	31190090	1	1	1480	4	0	Dragonwound Grease
31197100	map	31190100	1	2	22030000	1		Raptor Talons
31197110	map	31190110	1	2	51020000	10		Golden Great Arrow
31197120	map	31190120	1	3	930100	1		
31197130	map	31190130	1	3	930000	1		
31197200	map	31190200	1	1	2904	1	0	Golden Rune [5]
31197210	map	31190210	1	1	2904	1	0	Golden Rune [5]
31207000	map	31200000	1	1	1480	1	0	Dragonwound Grease
31207010	map	31200010	1	2	22010000	1		Venomous Fang
31207020	map	31200020	1	2	41040000	1		Serpent Bow
31207030	map	31200030	1	1	1400	1	0	Fire Grease
31217000	map	31210000	1	1	2901	1	0	Golden Rune [2]
31217030	map	31210030	1	1	2901	1	0	Golden Rune [2]
31217040	map	31210040	1	1	15040	5	2	Old Fang
31217070	map	31210070	1	1	2901	1	0	Golden Rune [2]
31217080	map	31210080	1	1	2903	1	0	Golden Rune [4]
31217090	map	31210090	1	1	8000	1	1	Stonesword Key
31217100	map	31210100	1	2	1100000	1		Wakizashi
31217110	map	31210110	1	1	2903	1	0	Golden Rune [4]
31217120	map	31210120	1	1	15090	2	2	Turtle Neck Meat
31217140	map	31210140	1	1	2904	1	0	Golden Rune [5]
31217150	map	31210150	1	1	2020	1	0	Rainbow Stone
31217160	map	31210160	1	1	2903	1	0	Golden Rune [4]
31217190	map	31210190	1	1	2030	3	0	Glowstone
31217200	map	31210200	1	1	10164	1	14	Somber Smithing Stone [5]
31217210	map	31210210	1	2	30040000	1		Pillory Shield
31217350	map	31210350	1	2	2220000	1	8	Regalia of Eochaid
31217400	map	31210400	1	1	190	1	0	Rune Arc
31227000	map	31220000	1	3	872100	1		
31227000	map	31220001	1	3	872200	1		
31227000	map	31220002	1	3	872300	1		
31227010	map	31220010	1	1	2905	1	0	Golden Rune [6]
31227020	map	31220020	1	1	2911	1	0	Golden Rune [12]
31227030	map	31220030	1	1	1470	2	0	Freezing Grease
31227040	map	31220040	1	1	2909	1	0	Golden Rune [10]
31227050	map	31220050	1	1	2914	1	0	
31227060	map	31220060	1	1	190	1	0	Rune Arc
31227070	map	31220070	1	1	1320	1	0	Invigorating White Cured Meat
31227080	map	31220080	1	1	20691	5	2	Arteria Leaf
32007000	map	32000000	1	1	2901	1	0	Golden Rune [2]
32007010	map	32000010	1	1	2903	1	0	Golden Rune [4]
32007020	map	32000020	1	1	3051	2	0	Large Glintstone Scrap
32007030	map	32000030	1	1	910	1	0	Stanching Boluses
32007060	map	32000060	1	1	2100	1	0	Soft Cotton
32007070	map	32000070	1	1	20691	2	2	Arteria Leaf
32007900	map	32000900	1	1	1210	1	0	Exalted Flesh
32017000	map	32010000	1	1	10100	1	14	Smithing Stone [1]
32017010	map	32010010	1	1	2903	1	0	Golden Rune [4]
32017020	map	32010020	1	1	3051	5	0	Large Glintstone Scrap
32017030	map	32010030	1	1	2900	1	0	Golden Rune [1]
32017040	map	32010040	1	1	3050	3	0	Glintstone Scrap
32027000	map	32020000	1	1	10161	1	14	Somber Smithing Stone [2]
32027010	map	32020010	1	1	10162	1	14	Somber Smithing Stone [3]
32027020	map	32020020	1	1	2902	1	0	Golden Rune [3]
32027030	map	32020030	1	1	10102	1	14	Smithing Stone [3]
32027040	map	32020040	1	1	10162	1	14	Somber Smithing Stone [3]
32027060	map	32020060	1	1	10100	3	14	Smithing Stone [1]
32027070	map	32020070	1	1	4100	1	5	Shatter Earth
32027900	map	32020900	1	2	1050000	1		Crystal Knife
32047000	map	32040000	1	1	2905	1	0	Golden Rune [6]
32047010	map	32040010	1	1	910	1	0	Stanching Boluses
32047020	map	32040020	1	1	10163	1	14	Somber Smithing Stone [4]
32047030	map	32040030	1	1	1831	3	0	Explosive Stone Clump
32047040	map	32040040	1	4	4031	1		
32047050	map	32040050	1	2	23130000	1		
32057000	map	32050000	1	1	1740	8	0	Crystal Dart
32057010	map	32050010	1	1	20691	2	2	Arteria Leaf
32057020	map	32050020	1	1	2906	1	0	Golden Rune [7]
32057030	map	32050030	1	4	1031	1		
32057040	map	32050040	1	1	3050	6	0	Glintstone Scrap
32057900	map	32050900	1	0	3050	6	0	Glintstone Scrap
32057910	map	32050910	1	1	190	1	0	Rune Arc
32077000	map	32070000	1	1	10161	1	14	Somber Smithing Stone [2]
32077010	map	32070010	1	1	2904	1	0	Golden Rune [5]
32077020	map	32070020	1	2	16110000	1		Cross-Naginata
32077030	map	32070030	1	1	1200	1	0	Gold-Pickled Fowl Foot
32077060	map	32070060	1	1	3051	5	0	Large Glintstone Scrap
32077070	map	32070070	1	1	2050	5	0	Grace Mimic
32087000	map	32080000	1	1	1490	1	0	Rot Grease
32087020	map	32080020	1	1	2904	1	0	Golden Rune [5]
32087030	map	32080030	1	1	3050	6	0	Glintstone Scrap
32087050	map	32080050	1	1	190	1	0	Rune Arc
32087060	map	32080060	1	1	3030	5	0	Cuckoo Glintstone
32087070	map	32080070	1	1	10163	1	14	Somber Smithing Stone [4]
32087100	map	32080100	1	1	2903	1	0	Golden Rune [4]
32087110	map	32080110	1	1	1480	1	0	Dragonwound Grease
32087120	map	32080120	1	4	3040	1	0	
32087900	map	32080900	1	1	3060	6	0	Gravity Stone Fan
32087900	map	32080901	1	1	3070	3	0	Gravity Stone Chunk
32087910	map	32080910	1	1	4110	1	5	Rock Blaster
32117000	map	32110000	1	1	1470	3	0	Freezing Grease
32117020	map	32110020	1	1	2909	1	0	Golden Rune [10]
32117030	map	32110030	1	1	10140	1	14	Ancient Dragon Smithing Stone
32117040	map	32110040	1	1	190	1	0	Rune Arc
32117060	map	32110060	1	1	1831	6	0	Explosive Stone Clump
32117080	map	32110080	1	1	2918	1	0	
32117700	enemy	360000020	1	2	3070000	1		
34107000	map	34100000	1	1	3310	1	0	Warming Stone
34107010	map	34100010	1	1	2100	1	0	Soft Cotton
34107070	map	34100070	1	1	15430	5	2	Stormhawk Feather
34107080	map	34100080	1	1	1190	1	0	Silver-Pickled Fowl Foot
34107090	map	34100090	1	1	2901	1	0	Golden Rune [2]
34107100	map	34100100	1	4	4030	1	5	Shard Spiral
34107110	map	34100110	1	3	1900000	1		
34117010	map	34110010	1	1	2902	1	0	Golden Rune [3]
34117060	map	34110060	1	1	2903	1	0	Golden Rune [4]
34117080	map	34110080	1	4	5010	1	5	Explosive Ghostflame
34117100	map	34110100	1	3	911000	1		
34117110	map	34110110	1	1	1180	2	0	Holyproof Dried Liver
34117120	map	34110120	1	1	20812	8	2	Glintstone Firefly
34117200	map	34110200	1	2	33210000	1		Carian Glintstone Staff
34117400	map	34110400	1	3	530000	1		
34117401	map	34110401	1	3	530100	1		
34117402	map	34110402	1	3	530200	1		
34117403	map	34110403	1	3	530300	1		
34117500	map	34110500	1	1	8191	1	1	Cursemark of Death
34117500	map	34110501	1	4	1080	1		
34117700	map	34110700	1	1	4370	1	5	Magic Downpour
34117710	map	34110710	1	1	4480	1	17	Lucidity
34127010	map	34120010	1	1	2904	1	0	Golden Rune [5]
34127020	map	34120020	1	1	2904	1	0	Golden Rune [5]
34127040	map	34120040	1	1	15341	5	2	Hefty Beast Bone
34127050	map	34120050	1	1	1200	1	0	Gold-Pickled Fowl Foot
34127060	map	34120060	1	1	8000	1	1	Stonesword Key
34127070	map	34120070	1	1	190	1	0	Rune Arc
34127080	map	34120080	1	1	2900	1	0	Golden Rune [1]
34127090	map	34120090	1	1	150	3	0	Furlcalling Finger Remedy
34127100	map	34120100	1	1	15040	2	2	Old Fang
34127110	map	34120110	1	1	2050	5	0	Grace Mimic
34127120	map	34120120	1	1	3051	3	0	Large Glintstone Scrap
34127130	map	34120130	1	1	10105	3	14	Smithing Stone [6]
34127150	map	34120150	1	1	1410	4	0	Lightning Grease
34127160	map	34120160	1	1	2908	1	0	Golden Rune [9]
34127900	map	34120900	1	1	8952	1	1	
34137000	map	34130000	1	1	8000	1	1	Stonesword Key
34137010	map	34130010	1	1	190	1	0	Rune Arc
34137020	map	34130020	1	1	2911	1	0	Golden Rune [12]
34137900	map	34130900	1	2	4070000	1		
34147000	map	34140000	1	1	1320	1	0	Invigorating White Cured Meat
34147010	map	34140010	1	3	964100	1		
34147020	map	34140020	1	4	4021	1	5	Comet
34147720	map	34140720	1	1	10165	1	14	Somber Smithing Stone [6]
34147800	map	34140800	1	1	2908	1	0	Golden Rune [9]
34147810	map	34140810	1	2	1160000	1		Blade of Calling
35007000	map	35000000	1	1	1720	6	0	Poisonbone Dart
35007010	map	35000010	1	1	10000	2	0	Glass Shard
35007020	map	35000020	1	1	2900	1	0	Golden Rune [1]
35007030	map	35000030	1	4	1002	1	0	
35007040	map	35000040	1	1	2910	1	0	Golden Rune [11]
35007050	map	35000050	1	3	963200	1		
35007050	map	35000051	1	3	964000	1		
35007060	map	35000060	1	1	20740	5	2	Eye of Yelough
35007080	map	35000080	1	1	940	1	0	Preserving Boluses
35007090	map	35000090	1	1	150	1	0	Furlcalling Finger Remedy
35007100	map	35000100	1	1	2900	1	0	Golden Rune [1]
35007110	map	35000110	1	1	2910	1	0	Golden Rune [11]
35007120	map	35000120	1	1	190	1	0	Rune Arc
35007130	map	35000130	1	1	10070	1	1	Lost Ashes of War
35007150	map	35000150	1	1	10000	1	0	Glass Shard
35007160	map	35000160	1	1	8000	1	1	Stonesword Key
35007170	map	35000170	1	2	50080000	10		Rainbow Stone Arrow (Fletched)
35007180	map	35000180	1	1	20654	5	2	Grave Violet
35007190	map	35000190	1	1	10106	1	14	Smithing Stone [7]
35007200	map	35000200	1	1	1160	1	0	Fireproof Dried Liver
35007210	map	35000210	1	1	10167	1	14	Somber Smithing Stone [8]
35007220	map	35000220	1	1	10106	1	14	Smithing Stone [7]
35007240	map	35000240	1	1	2050	1	0	Grace Mimic
35007250	map	35000250	1	1	15400	1	2	String
35007260	map	35000260	1	1	1400	2	0	Fire Grease
35007270	map	35000270	1	1	205000	1	7	Nomad Ashes
35007280	map	35000280	1	1	940	1	0	Preserving Boluses
35007300	map	35000300	1	1	10000	1	0	Glass Shard
35007310	map	35000310	1	1	2150	1	0	
35007320	map	35000320	1	1	1340	1	0	Dappled White Cured Meat
35007330	map	35000330	1	1	10000	3	0	Glass Shard
35007340	map	35000340	1	1	20820	2	2	Golden Centipede
35007350	map	35000350	1	1	1840	3	0	Poisoned Stone
35007370	map	35000370	1	1	1470	1	0	Freezing Grease
35007380	map	35000380	1	2	50020000	10		Serpent Arrow
35007390	map	35000390	1	1	1400	5	0	Fire Grease
35007400	map	35000400	1	1	10165	1	14	Somber Smithing Stone [6]
35007410	map	35000410	1	1	10106	1	14	Smithing Stone [7]
35007420	map	35000420	1	1	6520	1	18	Shadow Bait
35007430	map	35000430	1	1	2909	1	0	Golden Rune [10]
35007450	map	35000450	1	1	10166	1	14	Somber Smithing Stone [7]
35007460	map	35000460	1	1	10106	2	14	Smithing Stone [7]
35007470	map	35000470	1	1	10000	5	0	Glass Shard
35007480	map	35000480	1	1	10106	2	14	Smithing Stone [7]
35007500	map	35000500	1	1	2908	1	0	Golden Rune [9]
35007510	map	35000510	1	1	2910	1	0	Golden Rune [11]
35007530	map	35000530	1	1	3310	1	0	Warming Stone
35007540	map	35000540	1	1	10107	1	14	Smithing Stone [8]
35007550	map	35000550	1	1	20740	1	2	Eye of Yelough
35007560	map	35000560	1	1	2907	1	0	Golden Rune [8]
35007570	map	35000570	1	1	10106	4	14	Smithing Stone [7]
35007580	map	35000580	1	1	2900	1	0	Golden Rune [1]
35007590	map	35000590	1	1	2910	1	0	Golden Rune [11]
35007600	map	35000600	1	1	10104	1	14	Smithing Stone [5]
35007630	map	35000630	1	1	10105	1	14	Smithing Stone [6]
35007650	map	35000650	1	1	2050	5	0	Grace Mimic
35007660	map	35000660	1	1	2910	1	0	Golden Rune [11]
35007670	map	35000670	1	1	15341	3	2	Hefty Beast Bone
35007680	map	35000680	1	1	7300	1	16	Inescapable Frenzy
35007700	map	35000700	1	4	1041	1		
35007710	map	35000710	1	3	250000	1	7	Godrick Soldier Ashes
35007710	map	35000711	1	3	250100	1		
35007710	map	35000712	1	3	250300	1		
35007720	map	35000720	1	2	32130000	1		Fingerprint Stone Shield
35007730	map	35000730	1	1	3310	1	0	Warming Stone
35007740	map	35000740	1	1	1840	8	0	Poisoned Stone
35007750	map	35000750	1	1	10100	1	14	Smithing Stone [1]
35007770	map	35000770	1	2	2000400	1		Fire Longsword
35007780	map	35000780	1	1	190	1	0	Rune Arc
35007900	map	35000900	1	1	10915	1	14	Ghost Glovewort [6]
35007910	map	35000910	1	1	20775	4	2	Root Resin
35007920	map	35000920	1	1	20760	8	2	Mushroom
35007930	map	35000930	1	1	20753	2	2	Sacramental Bud
35007940	map	35000940	1	4	4060	1	5	Crystal Barrage
35007950	map	35000950	1	4	4041	1		
35007960	map	35000960	1	1	190	1	0	Rune Arc
35007970	map	35000970	1	1	10165	1	14	Somber Smithing Stone [6]
35007980	map	35000980	1	1	10166	1	14	Somber Smithing Stone [7]
35007990	enemy	214000991	1	1	3010	1	0	Omen Bairn
35007993	enemy	424035000	1	1	10166	1	14	Somber Smithing Stone [7]
35007995	enemy	402035001	1	1	10915	1	14	Ghost Glovewort [6]
35007997	enemy	449035001	1	1	15410	1	2	Living Jar Shard
35007997	enemy	449035002	1	1	1235	1	0	Raw Meat Dumpling
39207000	map	39200000	1	1	2900	1	0	Golden Rune [1]
39207010	map	39200010	1	1	10104	1	14	Smithing Stone [5]
39207020	map	39200020	1	1	190	1	0	Rune Arc
39207030	map	39200030	1	1	10162	1	14	Somber Smithing Stone [3]
39207040	map	39200040	1	2	7110000	1		
39207050	map	39200050	1	1	10103	1	14	Smithing Stone [4]
39207060	map	39200060	1	1	2903	1	0	Golden Rune [4]
39207070	map	39200070	1	1	2904	1	0	Golden Rune [5]
39207080	map	39200080	1	1	190	1	0	Rune Arc
39207090	map	39200090	1	1	2100	1	0	Soft Cotton
39207100	map	39200100	1	1	2904	1	0	Golden Rune [5]
39207110	map	39200110	1	1	2904	1	0	Golden Rune [5]
39207120	map	39200120	1	1	10070	1	1	Lost Ashes of War
39207130	map	39200130	1	1	10102	1	14	Smithing Stone [3]
39207140	map	39200140	1	1	10102	1	14	Smithing Stone [3]
39207150	map	39200150	1	1	10102	1	14	Smithing Stone [3]
39207160	map	39200160	1	1	1410	2	0	Lightning Grease
39207170	map	39200170	1	1	10020	1	14	Sacred Tear
39207200	map	39200200	1	1	10100	1	14	Smithing Stone [1]
39207500	map	39200500	1	3	140000	1		
39207500	map	39200501	1	3	140100	1		
39207500	map	39200502	1	3	140200	1		
39207500	map	39200503	1	3	140300	1		
39207970	enemy	420126020	1	1	2905	1	0	Golden Rune [6]
39207980	enemy	420126010	1	1	2905	1	0	Golden Rune [6]
39207990	enemy	420126000	1	1	2905	1	0	Golden Rune [6]
40007000	map	40000000	1	1	10900	1	14	Grave Glovewort [1]
40007020	map	40000020	1	1	2020004	3	2	Knot Resin
40007040	map	40000040	1	1	2001410	2	0	Dragonbolt Grease
40007050	map	40000050	1	1	10901	1	14	Grave Glovewort [2]
40007060	map	40000060	1	1	10000	1	0	Glass Shard
40007070	map	40000070	1	1	2002951	1	0	Broken Rune
40007080	map	40000080	1	1	10913	1	14	Ghost Glovewort [4]
40007090	map	40000090	1	1	2006920	1	16	Electrocharge
40007100	map	40000100	1	1	10914	1	14	Ghost Glovewort [5]
40007110	map	40000110	1	1	10906	1	14	Grave Glovewort [7]
40007120	map	40000120	1	1	2020001	4	2	Rada Fruit
40007800	map	40000800	1	1	10919	1	14	Great Ghost Glovewort
40007810	map	40000810	1	1	2208000	1	8	Black Knight Commander Andreas
40007820	map	40000820	1	1	2002954	1	0	Shadow Realm Rune [3]
40007900	map	40000900	1	5	413000	1		
40017000	map	40010000	1	1	950	3	0	Rejuvenating Boluses
40017010	map	40010010	1	1	10902	1	14	Grave Glovewort [3]
40017020	map	40010020	1	1	2020002	5	2	Redflesh Mushroom
40017030	map	40010030	1	1	10914	1	14	Ghost Glovewort [5]
40017040	map	40010040	1	1	10912	1	14	Ghost Glovewort [3]
40017050	map	40010050	1	1	2209000	1	8	Black Knight Captain Huw
40017060	map	40010060	1	1	10915	1	14	Ghost Glovewort [6]
40017070	map	40010070	1	3	5330000	1		
40017080	map	40010080	1	1	2006900	1	16	
40017090	map	40010090	1	1	2020008	6	2	Yellow Fulgurbloom
40017100	map	40010100	1	1	10903	1	14	Grave Glovewort [4]
40017110	map	40010110	1	1	950	2	0	Rejuvenating Boluses
40017120	map	40010120	1	1	10919	1	14	Great Ghost Glovewort
40017130	map	40010130	1	1	10917	1	14	Ghost Glovewort [8]
40017140	map	40010140	1	1	2002955	1	0	Shadow Realm Rune [4]
40017150	map	40010150	1	1	2002951	1	0	Broken Rune
40027000	map	40020000	1	1	10904	1	14	Grave Glovewort [5]
40027010	map	40020010	1	1	10900	1	14	Grave Glovewort [1]
40027020	map	40020020	1	4	7020	1	16	Dragonice
40027100	map	40020100	1	1	10911	1	14	Ghost Glovewort [2]
40027110	map	40020110	1	1	15340	4	2	Thin Beast Bones
40027120	map	40020120	1	1	2002956	1	0	Shadow Realm Rune [5]
40027130	map	40020130	1	3	5200000	1		
40027130	map	40020131	1	3	5200100	1		
40027130	map	40020132	1	3	5200200	1		
40027130	map	40020133	1	3	5200300	1		
40027140	map	40020140	1	1	10918	1	14	Ghost Glovewort [9]
40027200	map	40020200	1	1	10917	1	14	Ghost Glovewort [8]
40027210	map	40020210	1	1	10913	1	14	Ghost Glovewort [4]
40027220	map	40020220	1	1	2210000	1	7	Bigmouth Imp Ashes
40027900	enemy	587200700	1	1	10919	1	14	Great Ghost Glovewort
41007000	map	41000000	1	1	2020013	6	2	Frozen Maggot
41007010	map	41000010	1	1	2001220	1	0	Silver Horn Tender
41007020	map	41000020	1	1	2020013	4	2	Frozen Maggot
41007100	map	41000100	1	1	2002951	1	0	Broken Rune
41007110	map	41000110	1	1	920	1	0	Thawfrost Boluses
41007120	map	41000120	1	1	2002954	1	0	Shadow Realm Rune [3]
41007130	map	41000130	1	1	10000	1	0	Glass Shard
41007200	map	41000200	1	1	10105	2	14	Smithing Stone [6]
41007210	map	41000210	1	1	2001700	1	0	Innard Meat
41007250	map	41000250	1	3	5320000	1		
41007260	map	41000260	1	1	10102	2	14	Smithing Stone [3]
41007270	map	41000270	1	1	10070	1	1	Lost Ashes of War
41007970	enemy	575080751	1	1	15410	1	2	Living Jar Shard
41007970	enemy	575080752	1	1	1235	1	0	Raw Meat Dumpling
41007975	enemy	575080741	1	1	15410	1	2	Living Jar Shard
41007975	enemy	575080742	1	1	1235	1	0	Raw Meat Dumpling
41007980	enemy	575080731	1	1	15410	1	2	Living Jar Shard
41007980	enemy	575080732	1	1	1235	1	0	Raw Meat Dumpling
41007985	enemy	575080721	1	1	15410	1	2	Living Jar Shard
41007985	enemy	575080722	1	1	1235	1	0	Raw Meat Dumpling
41007990	enemy	575080711	1	1	15410	1	2	Living Jar Shard
41007990	enemy	575080712	1	1	1235	1	0	Raw Meat Dumpling
41007995	enemy	575080701	1	1	15410	1	2	Living Jar Shard
41007995	enemy	575080702	1	1	1235	1	0	Raw Meat Dumpling
41017010	map	41010010	1	2	52000000	10		Bolt
41017020	map	41010020	1	4	7040	1	16	Glintstone Breath
41017030	map	41010030	1	1	2020013	8	2	Frozen Maggot
41017100	map	41010100	1	1	2002951	1	0	Broken Rune
41017110	map	41010110	1	1	10101	4	14	Smithing Stone [2]
41017120	map	41010120	1	1	1120	1	0	Invigorating Cured Meat
41017130	map	41010130	1	1	2002951	1	0	Broken Rune
41017200	map	41010200	1	1	2002951	1	0	Broken Rune
41017210	map	41010210	1	1	10070	1	1	Lost Ashes of War
41017220	map	41010220	1	2	21550000	1		Shield of Night
41017230	map	41010230	1	1	2001700	1	0	Innard Meat
41017240	map	41010240	1	1	1235	1	0	Raw Meat Dumpling
41017300	map	41010300	1	3	5090000	1		
41017300	map	41010301	1	3	5090100	1		
41017300	map	41010302	1	3	5090200	1		
41017300	map	41010303	1	3	5090300	1		
41017310	map	41010310	1	1	2001220	1	0	Silver Horn Tender
41017975	enemy	575090741	1	1	15410	1	2	Living Jar Shard
41017975	enemy	575090742	1	1	1235	1	0	Raw Meat Dumpling
41017980	enemy	575090731	1	1	15410	1	2	Living Jar Shard
41017980	enemy	575090732	1	1	1235	1	0	Raw Meat Dumpling
41017985	enemy	575090721	1	1	15410	1	2	Living Jar Shard
41017985	enemy	575090722	1	1	1235	1	0	Raw Meat Dumpling
41017990	enemy	575090711	1	1	15410	1	2	Living Jar Shard
41017990	enemy	575090712	1	1	1235	1	0	Raw Meat Dumpling
41017995	enemy	575090701	1	1	15410	1	2	Living Jar Shard
41017995	enemy	575090702	1	1	1235	1	0	Raw Meat Dumpling
41027000	map	41020000	1	1	2008005	1	1	Gaol Upper Level Key
41027010	map	41020010	1	1	2002150	1	0	Prattling Pate "Lamentation"
41027100	map	41020100	1	2	61510000	1		Chilling Perfume Bottle
41027110	map	41020110	1	1	2003150	1	0	Call of Tibia
41027120	map	41020120	1	1	2002955	1	0	Shadow Realm Rune [4]
41027130	map	41020130	1	2	24510000	1		Lamenting Visage
41027200	map	41020200	1	1	2001700	2	0	Innard Meat
41027210	map	41020210	1	4	7060	1	16	Dragonclaw
41027300	map	41020300	1	1	15410	6	2	Living Jar Shard
41027320	map	41020320	1	1	2008006	1	1	Gaol Lower Level Key
41027985	enemy	575084721	1	1	15410	1	2	Living Jar Shard
41027985	enemy	575084722	1	1	1235	1	0	Raw Meat Dumpling
41027990	enemy	575084711	1	1	15410	1	2	Living Jar Shard
41027990	enemy	575084712	1	1	1235	1	0	Raw Meat Dumpling
41027995	enemy	575084701	1	1	15410	1	2	Living Jar Shard
41027995	enemy	575084702	1	1	1235	1	0	Raw Meat Dumpling
42007000	map	42000000	1	2	12510000	1		Anvil Hammer
42007000	map	42000001	1	1	10140	1	14	Ancient Dragon Smithing Stone
42007100	map	42000100	1	1	10104	4	14	Smithing Stone [5]
42007110	map	42000110	1	1	10101	7	14	Smithing Stone [2]
42007130	map	42000130	1	1	10103	2	14	Smithing Stone [4]
42007140	map	42000140	1	1	10106	3	14	Smithing Stone [7]
42007150	map	42000150	1	2	63500000	1		Smithscript Dagger
42007160	map	42000160	1	1	10165	1	14	Somber Smithing Stone [6]
42007170	map	42000170	1	1	10161	1	14	Somber Smithing Stone [2]
42007180	map	42000180	1	1	10000	1	0	Glass Shard
42027000	map	42020000	1	2	4500000	1		Ancient Meteoric Ore Greatsword
42027000	map	42020001	1	1	10140	1	14	Ancient Dragon Smithing Stone
42027010	map	42020010	1	1	10000	1	0	Glass Shard
42027020	map	42020020	1	1	10166	1	14	Somber Smithing Stone [7]
42027030	map	42020030	1	4	8110	1		
42027040	map	42020040	1	1	10167	1	14	Somber Smithing Stone [8]
42027050	map	42020050	1	2	16500000	1		Smithscript Spear
42027060	map	42020060	1	2	64510000	1		Smithscript Cirque
42027070	map	42020070	1	1	10102	5	14	Smithing Stone [3]
42027080	map	42020080	1	1	10107	2	14	Smithing Stone [8]
42037000	map	42030000	1	1	2212000	1	8	Taylew the Golem Smith
42037000	map	42030001	1	1	10140	1	14	Ancient Dragon Smithing Stone
42037100	map	42030100	1	2	14500000	1		Smithscript Axe
42037110	map	42030110	1	1	10140	1	14	Ancient Dragon Smithing Stone
42037120	map	42030120	1	2	30510000	1		Smithscript Shield
42037130	map	42030130	1	1	10162	1	14	Somber Smithing Stone [3]
42037140	map	42030140	1	1	10167	1	14	Somber Smithing Stone [8]
42037150	map	42030150	1	1	2002954	1	0	Shadow Realm Rune [3]
42037160	map	42030160	1	2	12500000	1		Smithscript Greathammer
42037170	map	42030170	1	1	10103	5	14	Smithing Stone [4]
42037180	map	42030180	1	1	10107	3	14	Smithing Stone [8]
43007000	map	43000000	1	1	15000	3	2	Sliver of Meat
43007010	map	43000010	1	1	15341	2	2	Hefty Beast Bone
43007020	map	43000020	1	1	2002952	1	0	Shadow Realm Rune [1]
43007030	map	43000030	1	1	2020012	6	2	Sanguine Amaryllis
43007040	map	43000040	1	1	2001210	3	0	Sacred Bloody Flesh
43007050	map	43000050	1	1	2001210	1	0	Sacred Bloody Flesh
43017000	map	43010000	1	1	10100	6	14	Smithing Stone [1]
43017010	map	43010010	1	1	2002953	1	0	Shadow Realm Rune [2]
43017020	map	43010020	1	1	2020004	4	2	Knot Resin
43017030	map	43010030	1	1	10104	2	14	Smithing Stone [5]
43017040	map	43010040	1	1	10103	2	14	Smithing Stone [4]
43017900	map	43010900	1	1	10060	1	1	Dragon Heart
43017900	map	43010901	1	1	10140	1	14	Ancient Dragon Smithing Stone
53000700	enemy	70010000	1	1	386	1		
59930000	map	9930000	1	3	780000	1		
59930000	map	9930001	1	3	781000	1		
59930000	map	9930002	1	3	782000	1		
59930000	map	9930003	1	3	783000	1		
59930001	map	9930004	1	2	205000	1	7	Nomad Ashes
59930010	map	9930010	1	1	404	1		
59931000	map	9931000	1	1	2100	1	0	Soft Cotton
59990000	map	9990000	1	1	404	1		
59990010	map	9990010	1	1	404	1		
99017000	map	99010000	1	1	2900	1	0	Golden Rune [1]
99997000	map	9990100	1	1	8552	1		
99997010	map	9990110	1	1	8553	1		
99997020	map	9990120	1	1	9500	15	11	Cracked Pot
99997030	map	9990130	1	1	9510	5	11	Perfume Bottle
1033407100	map	1033400100	1	1	4361	1	5	
1033417000	map	1033410000	1	1	10106	3	14	Smithing Stone [7]
1033417010	map	1033410010	1	1	10107	3	14	Smithing Stone [8]
1033417020	map	1033410020	1	1	10106	3	14	Smithing Stone [7]
1033417400	map	1033410400	1	1	10060	1	1	Dragon Heart
1033417410	map	1033410410	1	1	10060	1	1	Dragon Heart
1033447000	map	1033440000	1	1	1235	1	0	Raw Meat Dumpling
1033447010	map	1033440010	1	1	1235	1	0	Raw Meat Dumpling
1033447020	map	1033440020	1	1	1235	1	0	Raw Meat Dumpling
1033447030	map	1033440030	1	1	1235	1	0	Raw Meat Dumpling
1033447040	map	1033440040	1	1	1235	1	0	Raw Meat Dumpling
1033457100	map	1033450100	1	2	9070000	1		Dragonscale Blade
1033457990	enemy	420120000	1	1	2905	1	0	Golden Rune [6]
1033467000	map	1033460000	1	1	15160	1	2	Strip of White Flesh
1033467030	map	1033460030	1	1	1440	3	0	Blood Grease
1033467040	map	1033460040	1	2	32120000	1		Jellyfish Shield
1033477000	map	1033470000	1	1	10162	1	14	Somber Smithing Stone [3]
1033477010	map	1033470010	1	1	10103	1	14	Smithing Stone [4]
1033477020	map	1033470020	1	1	8186	1	1	Imbued Sword Key
1033477030	map	1033470030	1	1	190	1	0	Rune Arc
1033477200	map	1033470200	1	2	2180000	1		
1033477900	map	1033470900	1	1	15420	6	2	Albinauric Bloodclot
1033477910	map	1033470910	1	1	3030	10	0	Cuckoo Glintstone
1034417000	map	1034410000	1	1	20855	5	2	Gravel Stone
1034427000	map	1034420000	1	1	2908	1	0	Golden Rune [9]
1034427010	map	1034420010	1	1	1420	1	0	Magic Grease
1034427020	map	1034420020	1	1	15420	1	2	Albinauric Bloodclot
1034427030	map	1034420030	1	1	10101	2	14	Smithing Stone [2]
1034427040	map	1034420040	1	1	190	1	0	Rune Arc
1034427050	map	1034420050	1	2	2150000	1		Crystal Sword
1034427060	map	1034420060	1	1	8185	1	1	Larval Tear
1034427100	map	1034420100	1	1	10167	1	14	Somber Smithing Stone [8]
1034427400	map	1034420400	1	1	10060	1	1	Dragon Heart
1034437000	map	1034430000	1	1	1420	2	0	Magic Grease
1034437200	map	1034430200	1	1	2905	1	0	Golden Rune [6]
1034437300	map	1034430300	1	1	3030	5	0	Cuckoo Glintstone
1034447000	map	1034440000	1	1	20751	3	2	Rimed Crystal Bud
1034447010	map	1034440010	1	1	10101	3	14	Smithing Stone [2]
1034447900	map	1034440900	1	2	14080000	1		Icerind Hatchet
1034457010	map	1034450010	1	1	1480	1	0	Dragonwound Grease
1034457020	map	1034450020	1	1	1730	6	0	Kukri
1034457100	map	1034450100	1	1	8109	1	1	Academy Glintstone Key
1034467100	map	1034460100	1	1	10102	3	14	Smithing Stone [3]
1034477000	map	1034470000	1	1	1700	6	0	Throwing Dagger
1034477110	map	1034471010	1	1	2900	1	0	Golden Rune [1]
1034477120	map	1034471020	1	1	2902	1	0	Golden Rune [3]
1034477130	map	1034471030	1	1	2902	1	0	Golden Rune [3]
1034477140	map	1034471040	1	1	2900	1	0	Golden Rune [1]
1034477150	map	1034471050	1	1	2904	1	0	Golden Rune [5]
1034477160	map	1034471060	1	1	2902	1	0	Golden Rune [3]
1034477170	map	1034471070	1	1	2901	1	0	Golden Rune [2]
1034477180	map	1034471080	1	1	2902	1	0	Golden Rune [3]
1034477190	map	1034471090	1	1	2902	1	0	Golden Rune [3]
1034477200	map	1034471100	1	1	2903	1	0	Golden Rune [4]
1034477210	map	1034471110	1	1	2901	1	0	Golden Rune [2]
1034477220	map	1034471120	1	1	2903	1	0	Golden Rune [4]
1034477300	map	1034471300	1	1	2905	1	0	Golden Rune [6]
1034477310	map	1034471310	1	1	2905	1	0	Golden Rune [6]
1034477500	map	1034471500	1	1	2901	1	0	Golden Rune [2]
1034487000	map	1034480000	1	1	20751	8	2	Rimed Crystal Bud
1034487010	map	1034480010	1	1	20812	4	2	Glintstone Firefly
1034487100	map	1034480100	1	2	5050000	1		Frozen Needle
1034487300	map	1034481300	1	1	2905	1	0	Golden Rune [6]
1034487310	map	1034481310	1	1	2905	1	0	Golden Rune [6]
1034497010	map	934490010	1	1	310	1		
1034507010	map	1034500010	1	1	2902	1	0	Golden Rune [3]
1034507020	map	1034500020	1	1	2903	1	0	Golden Rune [4]
1034507030	map	1034500030	1	1	2904	1	0	Golden Rune [5]
1034507040	map	1034500040	1	1	2900	1	0	Golden Rune [1]
1034507050	map	1034500050	1	1	2902	1	0	Golden Rune [3]
1034507060	map	1034500060	1	1	2902	1	0	Golden Rune [3]
1034507070	map	1034500070	1	1	2901	1	0	Golden Rune [2]
1034507080	map	1034500080	1	1	2902	1	0	Golden Rune [3]
1034507090	map	1034500090	1	3	170000	1		
1034507200	map	1034500200	1	1	8165	1	1	
1034517900	map	1034510900	1	3	1010000	1		Black Knife
1034517900	map	1034510901	1	3	1010100	1		
1034517900	map	1034510902	1	3	1010300	1		
1035417000	map	1035410000	1	1	2909	1	0	Golden Rune [10]
1035417010	map	1035410010	1	1	20812	5	2	Glintstone Firefly
1035417100	map	1035410100	1	4	1012	1	0	
1035417110	map	1035410110	1	1	10107	3	14	Smithing Stone [8]
1035417980	enemy	402022011	1	1	10911	1	14	Ghost Glovewort [2]
1035417990	enemy	402022001	1	1	10911	1	14	Ghost Glovewort [2]
1035427010	map	1035420010	1	1	10101	2	14	Smithing Stone [2]
1035427030	map	1035420030	1	1	190	1	0	Rune Arc
1035427040	map	1035420040	1	2	1130000	1		Ivory Sickle
1035427100	map	1035420100	1	1	1290	1	0	Starlight Shards
1035427110	map	1035420110	1	1	1290	1	0	Starlight Shards
1035427120	map	1035420120	1	1	1290	1	0	Starlight Shards
1035427130	map	1035420130	1	1	1290	1	0	Starlight Shards
1035427140	map	1035420140	1	1	1290	1	0	Starlight Shards
1035427150	map	1035420150	1	1	1290	1	0	Starlight Shards
1035427160	map	1035420160	1	1	1290	1	0	Starlight Shards
1035427170	map	1035420170	1	1	1290	1	0	Starlight Shards
1035427180	map	1035420180	1	1	1290	1	0	Starlight Shards
1035427190	map	1035420190	1	1	1290	1	0	Starlight Shards
1035427200	map	1035420200	1	1	1290	1	0	Starlight Shards
1035437010	map	1035430010	1	1	10160	2	14	Somber Smithing Stone [1]
1035437100	map	1035430100	1	1	8185	1	1	Larval Tear
1035447000	map	1035440000	1	1	10102	1	14	Smithing Stone [3]
1035447010	map	1035440010	1	1	2900	1	0	Golden Rune [1]
1035447020	map	1035440020	1	1	2903	1	0	Golden Rune [4]
1035447030	map	1035440030	1	1	2902	1	0	Golden Rune [3]
1035447040	map	1035440040	1	1	2901	1	0	Golden Rune [2]
1035447050	map	1035440050	1	1	2903	1	0	Golden Rune [4]
1035447060	map	1035440060	1	1	2901	1	0	Golden Rune [2]
1035447070	map	1035440070	1	1	2900	1	0	Golden Rune [1]
1035447080	map	1035440080	1	1	2904	1	0	Golden Rune [5]
1035447090	map	1035440090	1	1	2901	1	0	Golden Rune [2]
1035447100	map	1035440100	1	1	2902	1	0	Golden Rune [3]
1035447110	map	1035440110	1	1	10101	3	14	Smithing Stone [2]
1035447120	map	1035440120	1	2	30100000	1		Blue-White Wooden Shield
1035447990	enemy	446002001	1	1	20802	5	2	Smoldering Butterfly
1035447990	enemy	446002002	1	1	20682	3	2	Fire Blossom
1035457000	map	1035450000	1	1	2130	1	1	Celestial Dew
1035457030	map	1035450030	1	1	15160	2	2	Strip of White Flesh
1035457100	map	1035450100	1	1	8198	1	12	Meeting Place Map
1035467020	map	1035460020	1	1	8000	1	1	Stonesword Key
1035467100	map	1035460100	1	1	10010	1	14	Golden Seed
1035467700	map	1035460700	1	5	80200	1		
1035477000	map	1035470000	1	1	2900	1	0	Golden Rune [1]
1035477010	map	1035470010	1	1	10101	3	14	Smithing Stone [2]
1035487010	map	1035480010	1	1	15040	2	2	Old Fang
1035487020	map	1035480020	1	1	1450	3	0	Soporific Grease
1035487030	map	1035480030	1	1	15020	1	2	Lump of Flesh
1035487100	map	1035480100	1	1	2905	1	0	Golden Rune [6]
1035497020	map	1035490020	1	1	10163	1	14	Somber Smithing Stone [4]
1035497990	enemy	424020000	1	1	10161	1	14	Somber Smithing Stone [2]
1035507000	map	1035500000	1	1	190	1	0	Rune Arc
1035507010	map	1035500010	1	1	2903	1	0	Golden Rune [4]
1035507020	map	1035500020	1	1	8000	1	1	Stonesword Key
1035507030	map	1035500030	1	1	15120	3	2	Slumbering Egg
1035507050	map	1035500050	1	1	10162	1	14	Somber Smithing Stone [3]
1035507060	map	1035500060	1	1	2902	1	0	Golden Rune [3]
1035507070	map	1035500070	1	1	1740	8	0	Crystal Dart
1035507080	map	1035500080	1	1	10103	1	14	Smithing Stone [4]
1035507090	map	1035500090	1	5	21800	1		
1035507100	map	1035500100	1	1	10162	1	14	Somber Smithing Stone [3]
1035507110	map	1035500110	1	1	1150	1	0	Spellproof Dried Liver
1035507120	map	1035500120	1	1	20751	5	2	Rimed Crystal Bud
1035507130	map	1035500130	1	1	10101	3	14	Smithing Stone [2]
1035507140	map	1035500140	1	1	10103	1	14	Smithing Stone [4]
1035507150	map	1035500150	1	2	20070000	1		Urumi
1035507160	map	1035500160	1	1	10102	1	14	Smithing Stone [3]
1035507170	map	1035500170	1	1	2903	1	0	Golden Rune [4]
1035507180	map	1035500180	1	1	15040	5	2	Old Fang
1035507190	map	1035500190	1	1	20812	6	2	Glintstone Firefly
1035507200	map	1035500200	1	2	30140000	1		Ice Crest Shield
1035507220	map	1035500220	1	1	1420	2	0	Magic Grease
1035507230	map	1035500230	1	1	20751	5	2	Rimed Crystal Bud
1035507240	map	1035500240	1	1	20751	3	2	Rimed Crystal Bud
1035507250	map	1035500250	1	1	20751	8	2	Rimed Crystal Bud
1035507260	map	1035500260	1	1	20751	3	2	Rimed Crystal Bud
1035507270	map	1035500270	1	1	20751	2	2	Rimed Crystal Bud
1035507280	map	1035500280	1	1	20751	2	2	Rimed Crystal Bud
1035507300	map	1035500300	1	1	10010	1	14	Golden Seed
1035507610	enemy	449021021	1	1	15410	1	2	Living Jar Shard
1035507610	enemy	449021022	1	1	1235	1	0	Raw Meat Dumpling
1035507620	enemy	449021011	1	1	15410	1	2	Living Jar Shard
1035507620	enemy	449021012	1	1	1235	1	0	Raw Meat Dumpling
1035507630	enemy	449021001	1	1	15410	1	2	Living Jar Shard
1035507630	enemy	449021002	1	1	1235	1	0	Raw Meat Dumpling
1035507650	enemy	424021160	1	1	10161	1	14	Somber Smithing Stone [2]
1035507660	enemy	424021150	1	1	10161	1	14	Somber Smithing Stone [2]
1035507670	enemy	424021140	1	1	10161	1	14	Somber Smithing Stone [2]
1035507680	enemy	424021130	1	1	10161	1	14	Somber Smithing Stone [2]
1035507690	enemy	424021120	1	1	10161	1	14	Somber Smithing Stone [2]
1035507700	enemy	424021110	1	1	10161	1	14	Somber Smithing Stone [2]
1035507710	enemy	424021100	1	1	10161	1	14	Somber Smithing Stone [2]
1035507720	enemy	424021090	1	1	10161	1	14	Somber Smithing Stone [2]
1035507730	enemy	424021080	1	1	10161	1	14	Somber Smithing Stone [2]
1035507740	enemy	424021070	1	1	10161	1	14	Somber Smithing Stone [2]
1035507750	enemy	424021060	1	1	10161	1	14	Somber Smithing Stone [2]
1035507760	enemy	424021050	1	1	10161	1	14	Somber Smithing Stone [2]
1035507770	enemy	424021040	1	1	10161	1	14	Somber Smithing Stone [2]
1035507780	enemy	424021030	1	1	10161	1	14	Somber Smithing Stone [2]
1035507790	enemy	424021020	1	1	10161	1	14	Somber Smithing Stone [2]
1035507800	enemy	424021010	1	1	10161	1	14	Somber Smithing Stone [2]
1035507900	map	1035500900	1	2	2140000	1		Sword of Night and Flame
1035507990	enemy	460021400	1	2	4110000	1		
1035527010	map	1035520010	1	1	2901	1	0	Golden Rune [2]
1035527020	map	1035520020	1	1	2903	1	0	Golden Rune [4]
1035527030	map	1035520030	1	1	2901	1	0	Golden Rune [2]
1035527040	map	1035520040	1	1	2905	1	0	Golden Rune [6]
1035537000	map	1035530000	1	1	20802	8	2	Smoldering Butterfly
1035537010	map	1035530010	1	1	2902	1	0	Golden Rune [3]
1035537020	map	1035530020	1	1	20760	5	2	Mushroom
1035537030	map	1035530030	1	1	20802	2	2	Smoldering Butterfly
1035537040	map	1035530040	1	1	20802	5	2	Smoldering Butterfly
1035537050	map	1035530050	1	1	2904	1	0	Golden Rune [5]
1035537980	enemy	446032011	1	1	20802	5	2	Smoldering Butterfly
1035537980	enemy	446032012	1	1	20682	3	2	Fire Blossom
1035537990	enemy	446032001	1	1	20802	5	2	Smoldering Butterfly
1035537990	enemy	446032002	1	1	20682	3	2	Fire Blossom
1035547000	map	1035540000	1	1	1480	1	0	Dragonwound Grease
1035547010	map	1035540010	1	1	2902	1	0	Golden Rune [3]
1035547020	map	1035540020	1	1	8000	1	1	Stonesword Key
1035547050	map	1035540050	1	4	2020	1	0	Rainbow Stone
1035547060	map	1035540060	1	1	2907	1	0	Golden Rune [8]
1035547070	map	1035540070	1	1	15120	3	2	Slumbering Egg
1035547700	enemy	391000704	1	2	23000000	1		
1035547980	enemy	424032000	1	1	10163	1	14	Somber Smithing Stone [4]
1035547990	enemy	446032021	1	1	20802	5	2	Smoldering Butterfly
1035547990	enemy	446032022	1	1	20682	3	2	Fire Blossom
1036417000	map	1036410000	1	1	8855	1	1	
1036417010	map	1036410010	1	1	1140	1	0	Dappled Cured Meat
1036417020	map	1036410020	1	1	190	1	0	Rune Arc
1036437000	map	1036430000	1	1	10101	3	14	Smithing Stone [2]
1036437010	map	1036430010	1	3	880000	1		
1036437010	map	1036430011	1	3	880100	1		
1036437010	map	1036430012	1	3	880200	1		
1036437010	map	1036430013	1	3	880300	1		
1036437020	map	1036430020	1	1	20685	4	2	Tarnished Golden Sunflower
1036437030	map	1036430030	1	1	2020	4	0	Rainbow Stone
1036447000	map	1036440000	1	1	20750	2	2	Crystal Bud
1036447010	map	1036440010	1	1	20691	2	2	Arteria Leaf
1036447040	map	1036440040	1	1	10101	3	14	Smithing Stone [2]
1036447050	map	1036440050	1	2	50060000	6		Shattershard Arrow (Fletched)
1036447060	map	1036440060	1	1	20812	4	2	Glintstone Firefly
1036447300	map	1036440300	1	1	10010	1	14	Golden Seed
1036457020	map	1036450020	1	1	20842	3	2	Crystal Cave Moss
1036457110	map	1036450110	1	1	8000	1	1	Stonesword Key
1036457400	map	1036450400	1	1	5001	1	5	Ancient Death Rancor
1036477000	map	1036470000	1	1	10162	1	14	Somber Smithing Stone [3]
1036477100	map	1036470100	1	1	2900	1	0	Golden Rune [1]
1036487000	map	1036480000	1	1	20795	3	2	Sanctuary Stone
1036487100	map	1036480100	1	1	2900	1	0	Golden Rune [1]
1036487400	map	1036480400	1	5	11600	1		
1036487400	map	1036480401	1	2	18050000	1		Nightrider Glaive
1036497000	map	1036490000	1	1	10020	1	14	Sacred Tear
1036507010	map	1036500010	1	1	2902	1	0	Golden Rune [3]
1036507020	map	1036500020	1	1	920	1	0	Thawfrost Boluses
1036507030	map	1036500030	1	1	211000	1	7	Albinauric Ashes
1036517000	map	1036510000	1	1	2904	1	0	Golden Rune [5]
1036517700	enemy	482000500	1	3	1890100	1		
1036517700	enemy	482000501	1	3	1890200	1		
1036517700	enemy	482000502	1	3	1890300	1		
1036527000	map	1036520000	1	1	10105	3	14	Smithing Stone [6]
1036527010	map	1036520010	1	4	2220	1		
1036527020	map	1036520020	1	1	20841	4	2	Budding Cave Moss
1036527030	map	1036520030	1	1	20800	1	2	Nascent Butterfly
1036527040	map	1036520040	1	1	20855	1	2	Gravel Stone
1036527050	map	1036520050	1	1	4820	1	5	Roiling Magma
1036527060	map	1036520060	1	2	43050000	1		Pulley Crossbow
1036537000	map	1036530000	1	1	2905	1	0	Golden Rune [6]
1036547000	map	1036540000	1	1	2902	1	0	Golden Rune [3]
1036547010	map	1036540010	1	1	20802	4	2	Smoldering Butterfly
1036547020	map	1036540020	1	1	2906	1	0	Golden Rune [7]
1036547030	map	1036540030	1	1	20802	6	2	Smoldering Butterfly
1036547040	map	1036540040	1	1	1290	1	0	Starlight Shards
1036547050	map	1036540050	1	1	1160	3	0	Fireproof Dried Liver
1036547100	map	1036540100	1	1	8185	1	1	Larval Tear
1036547400	map	1036540400	1	1	10010	1	14	Golden Seed
1036547990	enemy	424032010	1	1	10163	1	14	Somber Smithing Stone [4]
1037417010	map	1037410010	1	2	53000000	5		Ballista Bolt
1037427000	map	1037420000	1	1	2902	1	0	Golden Rune [3]
1037427010	map	1037420010	1	1	10102	1	14	Smithing Stone [3]
1037427030	map	1037420030	1	1	10000	1	0	Glass Shard
1037427400	map	1037420400	1	4	2040	1	0	Telescope
1037427900	map	1037420900	1	1	3080	1	0	Wraith Calling Bell
1037427990	enemy	402020001	1	1	10911	1	14	Ghost Glovewort [2]
1037437000	map	1037430000	1	1	2902	1	0	Golden Rune [3]
1037437010	map	1037430010	1	1	10102	3	14	Smithing Stone [3]
1037447000	map	1037440000	1	1	2903	1	0	Golden Rune [4]
1037447010	map	1037440010	1	1	1420	1	0	Magic Grease
1037457100	map	1037450100	1	1	10102	3	14	Smithing Stone [3]
1037467000	map	1037460000	1	1	8162	1	1	Gold Sewing Needle
1037467010	map	1037460010	1	1	15430	5	2	Stormhawk Feather
1037467400	map	1037460400	1	1	8946	1	1	
1037477000	map	1037470000	1	1	20654	1	2	Grave Violet
1037477010	map	1037470010	1	1	20691	3	2	Arteria Leaf
1037477020	map	1037470020	1	4	1160	1	0	Fireproof Dried Liver
1037477030	map	1037470030	1	2	30190000	1		Spiralhorn Shield
1037487000	map	1037480000	1	1	15120	2	2	Slumbering Egg
1037487010	map	1037480010	1	1	2902	1	0	Golden Rune [3]
1037487020	map	1037480020	1	1	2902	1	0	Golden Rune [3]
1037487030	map	1037480030	1	1	2900	1	0	Golden Rune [1]
1037487040	map	1037480040	1	1	2906	1	0	Golden Rune [7]
1037487050	map	1037480050	1	1	2902	1	0	Golden Rune [3]
1037487060	map	1037480060	1	1	2901	1	0	Golden Rune [2]
1037487070	map	1037480070	1	1	2903	1	0	Golden Rune [4]
1037487080	map	1037480080	1	1	2902	1	0	Golden Rune [3]
1037487100	map	1037480100	1	1	2900	1	0	Golden Rune [1]
1037497000	map	1037490000	1	1	3030	3	0	Cuckoo Glintstone
1037497010	map	1037490010	1	1	190	1	0	Rune Arc
1037497020	map	1037490020	1	1	190	1	0	Rune Arc
1037497030	map	1037490030	1	3	902000	1		
1037497030	map	1037490031	1	3	902100	1		
1037497030	map	1037490032	1	3	902300	1		
1037497100	map	1037490100	1	1	10020	1	14	Sacred Tear
1037497200	map	1037490200	1	2	12060000	1		Great Mace
1037497300	map	1037490300	1	1	8126	1	1	Fingerprint Grape
1037497300	map	1037490301	1	2	17050000	1		
1037497990	enemy	446002021	1	1	20802	5	2	Smoldering Butterfly
1037497990	enemy	446002022	1	1	20682	3	2	Fire Blossom
1037507000	map	1037500000	1	1	900	5	0	Neutralizing Boluses
1037507000	map	1037500001	1	1	910	5	0	Stanching Boluses
1037507000	map	1037500002	1	1	241000	1	7	Noble Sorcerer Ashes
1037507100	map	1037500100	1	1	10010	1	14	Golden Seed
1037517000	map	1037510000	1	1	10104	1	14	Smithing Stone [5]
1037517010	map	1037510010	1	1	20652	5	2	Fulgurbloom
1037517020	map	1037510020	1	3	961000	1		
1037517020	map	1037510021	1	3	961100	1		
1037527020	map	1037520020	1	2	50000000	10		Arrow
1037527030	map	1037520030	1	1	20753	2	2	Sacramental Bud
1037527040	map	1037520040	1	1	15400	5	2	String
1037527050	map	1037520050	1	1	20830	1	2	Gold-Tinged Excrement
1037527060	map	1037520060	1	1	20811	1	2	Gold Firefly
1037527070	map	1037520070	1	1	2207	1	0	re beautiful"
1037527080	map	1037520080	1	1	1290	1	0	Starlight Shards
1037527090	map	1037520090	1	3	990000	1		
1037527100	map	1037520100	1	3	990200	1		
1037527100	map	1037520101	1	3	990300	1		
1037527100	map	1037520102	1	3	991100	1		
1037537000	map	1037530000	1	1	20760	6	2	Mushroom
1037537010	map	1037530010	1	1	2905	1	0	Golden Rune [6]
1037537020	map	1037530020	1	1	10104	1	14	Smithing Stone [5]
1037537400	map	1037530400	1	1	10010	1	14	Golden Seed
1037547000	map	1037540000	1	1	15030	3	2	Beast Blood
1037547010	map	1037540010	1	1	8000	1	1	Stonesword Key
1037547020	map	1037540020	1	1	1450	2	0	Soporific Grease
1037547030	map	1037540030	1	1	20690	3	2	Herba
1037547040	map	1037540040	1	1	20740	3	2	Eye of Yelough
1037547050	map	1037540050	1	2	50090000	5		Golden Arrow
1037547060	map	1037540060	1	1	10000	1	0	Glass Shard
1037547070	map	1037540070	1	1	20800	1	2	Nascent Butterfly
1037547080	map	1037540080	1	1	950	1	0	Rejuvenating Boluses
1037547090	map	1037540090	1	1	15341	2	2	Hefty Beast Bone
1037547100	map	1037540100	1	1	2905	1	0	Golden Rune [6]
1037547110	map	1037540110	1	2	51000000	5		Great Arrow
1037547120	map	1037540120	1	1	1750	5	0	Fan Daggers
1037547130	map	1037540130	1	1	1500	3	0	Drawstring Fire Grease
1037547140	map	1037540140	1	1	2903	1	0	Golden Rune [4]
1037547150	map	1037540150	1	2	7080000	1		
1037557000	map	1037550000	1	1	1460	2	0	Poison Grease
1038397000	map	1038390000	1	1	3310	3	0	Warming Stone
1038407000	map	1038400000	1	1	20802	6	2	Smoldering Butterfly
1038417010	map	1038410010	1	4	6070	1		
1038417020	map	1038410020	1	2	67530000	1		Idus Sword
1038417100	map	1038410100	1	5	1007	1	0	
1038427000	map	1038420000	1	1	10101	3	14	Smithing Stone [2]
1038427010	map	1038420010	1	1	2903	1	0	Golden Rune [4]
1038427020	map	1038420020	1	2	33170000	1		Carian Glintblade Staff
1038437000	map	1038430000	1	1	15160	3	2	Strip of White Flesh
1038437010	map	1038430010	1	1	15000	1	2	Sliver of Meat
1038437020	map	1038430020	1	1	1190	3	0	Silver-Pickled Fowl Foot
1038437100	map	1038430100	1	1	2905	1	0	Golden Rune [6]
1038447030	map	1038440030	1	1	10102	3	14	Smithing Stone [3]
1038447040	map	1038440040	1	1	244000	1	7	Land Squirt Ashes
1038447100	map	1038440100	1	1	8864	1	1	Dragon Cult Prayerbook
1038447500	enemy	435320006	1	1	8864	1	1	Dragon Cult Prayerbook
1038457000	map	1038450000	1	1	20802	8	2	Smoldering Butterfly
1038457010	map	1038450010	1	1	6040	1	18	Flame, Cleanse Me
1038457020	map	1038450020	1	1	10103	1	14	Smithing Stone [4]
1038457500	enemy	438100012	2	1	4900	1	5	
1038467000	map	1038460000	1	1	1310	1	0	Immunizing White Cured Meat
1038467400	map	1038460400	1	1	2900	1	0	Golden Rune [1]
1038467990	enemy	446002011	1	1	20802	5	2	Smoldering Butterfly
1038467990	enemy	446002012	1	1	20682	3	2	Fire Blossom
1038477010	map	1038470010	1	1	3311	1	0	Frenzyflame Stone
1038477030	map	1038470030	1	1	8000	1	1	Stonesword Key
1038477100	map	1038470100	1	1	2900	1	0	Golden Rune [1]
1038487020	map	1038480020	1	1	20740	3	2	Eye of Yelough
1038487030	map	1038480030	1	1	8000	1	1	Stonesword Key
1038487100	map	1038480100	1	4	6050	1	18	Flame, Grant Me Strength
1038487120	map	1038480120	1	1	20740	1	2	Eye of Yelough
1038487130	map	1038480130	1	1	3311	1	0	Frenzyflame Stone
1038497000	map	1038490000	1	1	20845	1	2	Yellow Ember
1038497010	map	1038490010	1	1	10101	2	14	Smithing Stone [2]
1038497030	map	1038490030	1	2	52040000	5		Burred Bolt
1038497040	map	1038490040	1	1	2902	1	0	Golden Rune [3]
1038497900	map	1038490900	1	1	7330	1	16	Howl of Shabriri
1038507000	map	1038500000	1	1	10104	1	14	Smithing Stone [5]
1038507010	map	1038500010	1	1	1480	1	0	Dragonwound Grease
1038517000	map	1038510000	1	1	20800	1	2	Nascent Butterfly
1038517010	map	1038510010	1	1	15400	5	2	String
1038517020	map	1038510020	1	1	1170	1	0	Lightningproof Dried Liver
1038517030	map	1038510030	1	4	4100	1	5	Shatter Earth
1038517040	map	1038510040	1	1	1170	1	0	Lightningproof Dried Liver
1038517050	map	1038510050	1	4	2050	1	0	Grace Mimic
1038517060	map	1038510060	1	1	1410	1	0	Lightning Grease
1038517070	map	1038510070	1	1	15400	3	2	String
1038517080	map	1038510080	1	1	2902	1	0	Golden Rune [3]
1038517090	map	1038510090	1	2	4030000	1		
1038517400	map	1038510400	1	1	10010	1	14	Golden Seed
1038527000	map	1038520000	1	4	4051	1		
1038527010	map	1038520010	1	1	10104	1	14	Smithing Stone [5]
1038527020	map	1038520020	1	1	2902	1	0	Golden Rune [3]
1038527030	map	1038520030	1	1	2906	1	0	Golden Rune [7]
1038527040	map	1038520040	1	1	1340	1	0	Dappled White Cured Meat
1038527050	map	1038520050	1	1	15430	4	2	Stormhawk Feather
1038527060	map	1038520060	1	1	2903	1	0	Golden Rune [4]
1038527070	map	1038520070	1	1	15100	5	2	Human Bone Shard
1038537000	map	1038530000	1	1	2901	1	0	Golden Rune [2]
1038537010	map	1038530010	1	1	2902	1	0	Golden Rune [3]
1038537020	map	1038530020	1	1	2903	1	0	Golden Rune [4]
1038537030	map	1038530030	1	1	2906	1	0	Golden Rune [7]
1038537040	map	1038530040	1	1	2902	1	0	Golden Rune [3]
1038537050	map	1038530050	1	1	10165	1	14	Somber Smithing Stone [6]
1038547000	map	1038540000	1	1	20723	3	2	Bloodrose
1038547010	map	1038540010	1	2	53020000	5		Explosive Greatbolt
1038547020	map	1038540020	1	1	2907	1	0	Golden Rune [8]
1038547030	map	1038540030	1	2	50010000	10		Fire Arrow
1038547050	map	1038540050	1	1	6600	1	18	Golden Vow
1038547060	map	1038540060	1	1	20691	2	2	Arteria Leaf
1038547070	map	1038540070	1	1	1700	6	0	Throwing Dagger
1038547080	map	1038540080	1	1	15030	1	2	Beast Blood
1038547090	map	1038540090	1	1	10104	1	14	Smithing Stone [5]
1038547100	map	1038540100	1	2	5040000	1		Antspur Rapier
1038547100	map	1038540101	1	3	963000	1		
1038547100	map	1038540102	1	3	963100	1		
1038547110	map	1038540110	1	2	41060000	1		Pulley Bow
1038547700	map	1038540700	1	2	15120700	1		Sacred Butchering Knife
1039397000	map	1039390000	1	1	10020	1	14	Sacred Tear
1039407000	map	1039400000	1	1	8866	1	1	Academy Scroll
1039417000	map	1039410000	1	1	2902	1	0	Golden Rune [3]
1039417010	map	1039410010	1	1	3030	4	0	Cuckoo Glintstone
1039417020	map	1039410020	1	1	10161	2	14	Somber Smithing Stone [2]
1039417030	map	1039410030	1	1	15430	3	2	Stormhawk Feather
1039417100	map	1039410100	1	4	1090	1		
1039417200	map	1039410200	1	1	1240	1	1	Shabriri Grape
1039417300	map	1039410300	1	1	2905	1	0	Golden Rune [6]
1039417310	map	1039410310	1	1	2905	1	0	Golden Rune [6]
1039427000	map	1039420000	1	1	20760	5	2	Mushroom
1039427010	map	1039420010	1	1	1740	5	0	Crystal Dart
1039427020	map	1039420020	1	1	2905	1	0	Golden Rune [6]
1039427030	map	1039420030	1	1	2902	1	0	Golden Rune [3]
1039427040	map	1039420040	1	1	15030	1	2	Beast Blood
1039427050	map	1039420050	1	2	18020000	1		Lucerne
1039437010	map	1039430010	1	1	2901	1	0	Golden Rune [2]
1039437020	map	1039430020	1	1	2905	1	0	Golden Rune [6]
1039437030	map	1039430030	1	1	2900	1	0	Golden Rune [1]
1039437040	map	1039430040	1	1	2902	1	0	Golden Rune [3]
1039437050	map	1039430050	1	1	2901	1	0	Golden Rune [2]
1039437060	map	1039430060	1	1	2902	1	0	Golden Rune [3]
1039437100	map	1039430100	1	1	1290	1	0	Starlight Shards
1039437400	map	1039430400	1	5	20200	1		
1039447000	map	1039440000	1	1	10102	1	14	Smithing Stone [3]
1039447010	map	1039440010	1	1	15110	5	2	Great Dragonfly Head
1039447020	map	1039440020	1	1	20651	1	2	
1039447030	map	1039440030	1	1	10102	3	14	Smithing Stone [3]
1039447040	map	1039440040	1	1	15410	1	2	Living Jar Shard
1039447980	enemy	449020001	1	1	15410	1	2	Living Jar Shard
1039447980	enemy	449020002	1	1	1235	1	0	Raw Meat Dumpling
1039447990	enemy	449020011	1	1	15410	1	2	Living Jar Shard
1039447990	enemy	449020012	1	1	1235	1	0	Raw Meat Dumpling
1039487000	map	1039480000	1	1	1740	3	0	Crystal Dart
1039487100	map	1039480100	1	1	4080	1	5	Cannon of Haima
1039487100	map	1039480101	1	1	4120	1	5	
1039507000	map	1039500000	1	1	15341	2	2	Hefty Beast Bone
1039507010	map	1039500010	1	1	8000	1	1	Stonesword Key
1039507020	map	1039500020	1	1	2903	1	0	Golden Rune [4]
1039507100	map	1039500100	1	4	3090	1		
1039517010	map	1039510010	1	1	1750	5	0	Fan Daggers
1039517020	map	1039510020	1	4	6070	1		
1039517030	map	1039510030	1	1	3310	1	0	Warming Stone
1039517040	map	1039510040	1	1	15090	1	2	Turtle Neck Meat
1039517200	map	1039510200	1	5	60500	1		
1039517400	map	1039510400	1	1	10010	1	14	Golden Seed
1039527000	map	1039520000	1	1	15100	6	2	Human Bone Shard
1039527020	map	1039520020	1	1	1420	1	0	Magic Grease
1039527400	map	1039520400	1	1	10020	1	14	Sacred Tear
1039527700	map	1039520700	1	2	10050000	1		
1039537000	map	1039530000	1	1	2903	1	0	Golden Rune [4]
1039537010	map	1039530010	1	1	1440	2	0	Blood Grease
1039537020	map	1039530020	1	1	2902	1	0	Golden Rune [3]
1039537030	map	1039530030	1	1	20653	1	2	
1039537040	map	1039530040	1	1	20800	1	2	Nascent Butterfly
1039537050	map	1039530050	1	1	4660	1	17	Unseen Blade
1039537050	map	1039530051	1	1	4670	1	17	
1039537060	map	1039530060	1	1	15120	5	2	Slumbering Egg
1039537070	map	1039530070	1	1	2902	1	0	Golden Rune [3]
1039537080	map	1039530080	1	1	8660	1	12	Mirage Riddle
1039537700	map	1039530700	1	4	6000	1	16	Catch Flame
1039537700	map	1039530701	1	2	52030000	20		Black-Key Bolt
1039537750	enemy	430030413	1	1	2909	1	0	Golden Rune [10]
1039547010	map	1039540010	1	1	2902	1	0	Golden Rune [3]
1039547020	map	1039540020	1	1	10104	1	14	Smithing Stone [5]
1039547030	map	1039540030	1	1	20650	4	2	Poisonbloom
1039547050	map	1039540050	1	1	1720	5	0	Poisonbone Dart
1039547060	map	1039540060	1	1	2905	1	0	Golden Rune [6]
1039547070	map	1039540070	1	1	10103	1	14	Smithing Stone [4]
1039547080	map	1039540080	1	1	10164	1	14	Somber Smithing Stone [5]
1039547090	map	1039540090	1	1	10104	1	14	Smithing Stone [5]
1039547100	map	1039540100	1	1	1500	2	0	Drawstring Fire Grease
1039547110	map	1039540110	1	1	2905	1	0	Golden Rune [6]
1039547120	map	1039540120	1	1	15030	1	2	Beast Blood
1039547130	map	1039540130	1	1	900	2	0	Neutralizing Boluses
1039547140	map	1039540140	1	1	10000	2	0	Glass Shard
1039547150	map	1039540150	1	1	8000	1	1	Stonesword Key
1039547160	map	1039540160	1	1	2905	1	0	Golden Rune [6]
1039547170	map	1039540170	1	1	1460	1	0	Poison Grease
1039547180	map	1039540180	1	1	15341	4	2	Hefty Beast Bone
1039547200	map	1039540200	1	1	10104	1	14	Smithing Stone [5]
1039547210	map	1039540210	1	1	20811	2	2	Gold Firefly
1039547220	map	1039540220	1	1	10000	1	0	Glass Shard
1039547230	map	1039540230	1	1	10104	1	14	Smithing Stone [5]
1039547240	map	1039540240	1	1	10104	1	14	Smithing Stone [5]
1039547250	map	1039540250	1	1	2903	1	0	Golden Rune [4]
1039547260	map	1039540260	1	1	10103	1	14	Smithing Stone [4]
1039547300	map	1039540300	1	1	8977	1	1	
1039547350	map	1039540350	1	1	1290	1	0	Starlight Shards
1039547980	enemy	402031011	1	1	10913	1	14	Ghost Glovewort [4]
1039547990	enemy	402031001	1	1	10913	1	14	Ghost Glovewort [4]
1039570000	map	1039540000	1	1	1490	3	0	Rot Grease
1040387000	map	1040380000	1	1	10100	1	14	Smithing Stone [1]
1040407000	map	1040400000	1	2	17070000	1		Treespear
1040507000	map	1040500000	1	1	3060	4	0	Gravity Stone Fan
1040517000	map	1040510000	1	1	2130	1	1	Celestial Dew
1040517010	map	1040510010	1	1	15040	3	2	Old Fang
1040517020	map	1040510020	1	1	6971	1	18	Dragonbolt Blessing
1040517030	map	1040510030	1	1	15030	1	2	Beast Blood
1040517040	map	1040510040	1	2	53010000	10		Lightning Greatbolt
1040517400	map	1040510400	1	1	10020	1	14	Sacred Tear
1040527000	map	1040520000	1	1	8142	1	1	Amber Starlight
1040527010	map	1040520010	1	1	2905	1	0	Golden Rune [6]
1040527020	map	1040520020	1	1	2905	1	0	Golden Rune [6]
1040527030	map	1040520030	1	1	2903	1	0	Golden Rune [4]
1040527040	map	1040520040	1	1	2902	1	0	Golden Rune [3]
1040527050	map	1040520050	1	1	2903	1	0	Golden Rune [4]
1040537000	map	1040530000	1	1	2904	1	0	Golden Rune [5]
1040537010	map	1040530010	1	2	6000000	1		Bloody Helice
1040537020	map	1040530020	1	1	20800	1	2	Nascent Butterfly
1040537030	map	1040530030	1	1	20652	4	2	Fulgurbloom
1040537040	map	1040530040	1	2	50090000	10		Golden Arrow
1040537050	map	1040530050	1	1	15020	3	2	Lump of Flesh
1040537060	map	1040530060	1	1	15341	2	2	Hefty Beast Bone
1040547000	map	1040540000	1	2	12180000	1		Great Stars
1040547010	map	1040540010	1	1	20855	2	2	Gravel Stone
1040547030	map	1040540030	1	1	930	2	0	Stimulating Boluses
1040547050	map	1040540050	1	1	1480	1	0	Dragonwound Grease
1040547090	map	1040540090	1	3	1040000	1		Reduvia
1040547700	enemy	430030403	1	1	2909	1	0	Golden Rune [10]
1040557000	map	1040550000	1	1	233000	1	7	Giant Rat Ashes
1040557700	enemy	370400703	1	3	1000000	1		Dagger
1040557700	enemy	370400704	1	3	1000100	1		
1040557700	enemy	370400705	1	3	1000200	1		
1040557700	enemy	370400706	1	3	1000300	1		
1041327000	map	1041320000	1	1	2900	1	0	Golden Rune [1]
1041327010	map	1041320010	1	1	2900	1	0	Golden Rune [1]
1041327020	map	1041320020	1	1	2901	1	0	Golden Rune [2]
1041327030	map	1041320030	1	1	2900	1	0	Golden Rune [1]
1041327040	map	1041320040	1	1	2900	1	0	Golden Rune [1]
1041327050	map	1041320050	1	1	2902	1	0	Golden Rune [3]
1041337000	map	1041330000	1	1	2900	1	0	Golden Rune [1]
1041337010	map	1041330010	1	1	2904	1	0	Golden Rune [5]
1041337030	map	1041330030	1	1	15110	1	2	Great Dragonfly Head
1041337100	map	1041330100	1	1	4600	1	5	Ambush Shard
1041337200	map	1041330200	1	1	10020	1	14	Sacred Tear
1041357000	map	1041350000	1	1	15110	4	2	Great Dragonfly Head
1041357010	map	1041350010	1	1	10101	1	14	Smithing Stone [2]
1041357020	map	1041350020	1	1	1210	1	0	Exalted Flesh
1041367000	map	1041360000	1	1	15140	1	2	Land Octopus Ovary
1041377000	map	1041370000	1	1	15160	1	2	Strip of White Flesh
1041377020	map	1041370020	1	1	1290	1	0	Starlight Shards
1041387010	map	1041380010	1	1	1420	3	0	Magic Grease
1041387030	map	1041380030	1	1	10100	3	14	Smithing Stone [1]
1041387040	map	1041380040	1	1	8000	1	1	Stonesword Key
1041387050	map	1041380050	1	1	250000	1	7	Godrick Soldier Ashes
1041387100	map	1041380100	1	1	10010	1	14	Golden Seed
1041387200	map	1041382000	1	1	20723	3	2	Bloodrose
1041397000	map	1041390000	1	1	15020	1	2	Lump of Flesh
1041517000	map	1041510000	1	1	2902	1	0	Golden Rune [3]
1041517010	map	1041510010	1	1	2905	1	0	Golden Rune [6]
1041517020	map	1041510020	1	1	1190	1	0	Silver-Pickled Fowl Foot
1041517030	map	1041510030	1	1	3070	2	0	Gravity Stone Chunk
1041527000	map	1041520000	1	1	2907	1	0	Golden Rune [8]
1041527010	map	1041520010	1	1	2905	1	0	Golden Rune [6]
1041527020	map	1041520020	1	1	2903	1	0	Golden Rune [4]
1041527030	map	1041520030	1	1	2902	1	0	Golden Rune [3]
1041527040	map	1041520040	1	1	2900	1	0	Golden Rune [1]
1041527070	map	1041520070	1	1	15020	1	2	Lump of Flesh
1041527080	map	1041520080	1	1	15140	1	2	Land Octopus Ovary
1041527090	map	1041520090	1	1	8000	1	1	Stonesword Key
1041537010	map	1041530010	1	1	1720	5	0	Poisonbone Dart
1041537020	map	1041530020	1	1	6410	1	16	Wrath of Gold
1041537030	map	1041530030	1	1	1320	1	0	Invigorating White Cured Meat
1041537040	map	1041530040	1	1	15030	2	2	Beast Blood
1041537060	map	1041530060	1	1	20855	2	2	Gravel Stone
1041537070	map	1041530070	1	1	2100	1	0	Soft Cotton
1041537080	map	1041530080	1	2	32140000	1		Icon Shield
1041547000	map	1041540000	1	1	1460	1	0	Poison Grease
1041547400	map	1041540400	1	1	10010	1	14	Golden Seed
1041557000	map	1041550000	1	2	10030000	1		Twinned Knight Swords
1041557010	map	1041550010	1	1	1235	10	0	Raw Meat Dumpling
1041557020	map	1041550020	1	3	741000	1		
1041557020	map	1041550021	1	3	740100	1		
1041557020	map	1041550022	1	3	740200	1		
1041557020	map	1041550023	1	3	740300	1		
1042327000	map	1042320000	1	1	15110	3	2	Great Dragonfly Head
1042327020	map	1042320020	1	1	20760	4	2	Mushroom
1042327100	map	1042320100	1	2	40050000	1		Composite Bow
1042337000	map	1042330000	1	2	31310000	1		Eclipse Crest Heater Shield
1042337100	map	1042330100	1	4	1050	1	0	
1042337200	map	1042331200	1	1	2900	1	0	Golden Rune [1]
1042347000	map	1042340000	1	1	1440	2	0	Blood Grease
1042347010	map	1042340010	1	1	15010	1	2	Beast Liver
1042347020	map	1042340020	1	1	2901	1	0	Golden Rune [2]
1042347030	map	1042340030	1	2	30130000	1		Gilded Iron Shield
1042347100	map	1042340100	1	2	19060000	1		Winged Scythe
1042357000	map	1042350000	1	1	15020	3	2	Lump of Flesh
1042357010	map	1042350010	1	1	1200	1	0	Gold-Pickled Fowl Foot
1042357020	map	1042350020	1	1	15000	1	2	Sliver of Meat
1042357030	map	1042350030	1	1	3350	3	0	Bewitching Branch
1042367010	map	1042360010	1	1	1190	2	0	Silver-Pickled Fowl Foot
1042367030	map	1042360030	1	1	2901	1	0	Golden Rune [2]
1042367040	map	1042360040	1	1	2900	1	0	Golden Rune [1]
1042367050	map	1042360050	1	1	10100	1	14	Smithing Stone [1]
1042367060	map	1042360060	1	1	10100	1	14	Smithing Stone [1]
1042377000	map	1042370000	1	1	1760	3	0	Ruin Fragment
1042377010	map	1042370010	1	1	1730	4	0	Kukri
1042377020	map	942370020	1	1	401	1		
1042377060	map	942370060	1	2	13010000	1		Flail
1042377070	map	942370070	1	2	3030000	1		
1042377100	map	1042370100	1	4	5050	1		
1042377110	map	1042371011	1	5	50200	1	0	
1042377300	map	1042371300	1	4	2100	1	0	Soft Cotton
1042377700	map	1042370700	1	2	1040000	1		Reduvia
1042387000	map	1042380000	1	1	15010	1	2	Beast Liver
1042387010	map	1042380010	1	1	2900	1	0	Golden Rune [1]
1042387020	map	1042380020	1	2	50010000	5		Fire Arrow
1042387030	map	1042380030	1	1	2904	1	0	Golden Rune [5]
1042387040	map	1042380040	1	1	2900	1	0	Golden Rune [1]
1042387050	map	1042380050	1	1	2902	1	0	Golden Rune [3]
1042387070	map	1042380070	1	1	2901	1	0	Golden Rune [2]
1042387080	map	1042380080	1	1	2900	1	0	Golden Rune [1]
1042387090	map	1042380090	1	1	2901	1	0	Golden Rune [2]
1042387100	map	1042380100	1	1	2900	1	0	Golden Rune [1]
1042387110	map	1042380110	1	1	2900	1	0	Golden Rune [1]
1042387120	map	1042380120	1	1	2901	1	0	Golden Rune [2]
1042387140	map	1042380140	1	1	15020	1	2	Lump of Flesh
1042387200	map	1042382000	1	1	20802	5	2	Smoldering Butterfly
1042387400	map	1042380400	1	4	4080	1	5	Cannon of Haima
1042387410	map	1042380410	1	1	8945	1	1	
1042387600	map	1042380600	1	1	10100	5	14	Smithing Stone [1]
1042387600	map	1042380601	1	1	10101	1	14	Smithing Stone [2]
1042397010	map	1042390010	1	2	17060000	1		Lance
1042397500	map	1042390500	1	3	80000	1		
1042397500	map	1042390501	1	3	80100	1		
1042397500	map	1042390502	1	3	80200	1		
1042397500	map	1042390503	1	3	80300	1		
1042397700	map	1042390700	1	4	2070	1	0	Lantern
1042397900	map	1042390900	1	2	31280000	1		Beast Crest Heater Shield
1042507000	map	1042500000	1	2	23110000	1		Giant-Crusher
1042507020	map	1042500020	1	1	10010	1	14	Golden Seed
1042517000	map	1042510000	1	1	1430	2	0	Holy Grease
1042517400	map	1042510400	1	1	10010	1	14	Golden Seed
1042517410	map	1042510410	1	1	10010	1	14	Golden Seed
1042517900	map	1042510900	1	2	15130000	1		
1042527000	map	1042520000	1	1	15040	3	2	Old Fang
1042527010	map	1042520010	1	1	2903	1	0	Golden Rune [4]
1042527020	map	1042520020	1	1	2020	4	0	Rainbow Stone
1042527030	map	1042520030	1	1	2909	1	0	Golden Rune [10]
1042527040	map	1042520040	1	1	20691	3	2	Arteria Leaf
1042527990	enemy	420133000	1	1	2908	1	0	Golden Rune [9]
1042537000	map	1042530000	1	2	53010000	3		Lightning Greatbolt
1042537010	map	1042530010	1	1	10164	1	14	Somber Smithing Stone [5]
1042547000	map	1042540000	1	1	15080	3	2	Four-Toed Fowl Foot
1042547010	map	1042540010	1	1	2904	1	0	Golden Rune [5]
1042547020	map	1042540020	1	1	1180	1	0	Holyproof Dried Liver
1042547030	map	1042540030	1	1	15430	3	2	Stormhawk Feather
1042547040	map	1042540040	1	1	15341	10	2	Hefty Beast Bone
1042547050	map	1042540050	1	2	50090000	6		Golden Arrow
1042547060	map	1042540060	1	2	42040000	1		Greatbow
1042547060	map	1042540061	1	2	51000000	20		Great Arrow
1042547070	map	1042540070	1	1	20811	1	2	Gold Firefly
1042547080	map	1042540080	1	1	1410	1	0	Lightning Grease
1042547090	map	1042540090	1	1	1210	2	0	Exalted Flesh
1042547100	map	1042540100	1	1	190	1	0	Rune Arc
1042547400	map	1042540400	1	1	10010	1	14	Golden Seed
1042557000	map	1042550000	1	2	12130000	1		
1043307000	map	1043300000	1	1	10160	1	14	Somber Smithing Stone [1]
1043307010	map	1043300010	1	2	50010000	15		Fire Arrow
1043317000	map	1043310000	1	1	1400	2	0	Fire Grease
1043317020	map	1043310020	1	1	10101	1	14	Smithing Stone [2]
1043317080	map	1043310080	1	1	2901	1	0	Golden Rune [2]
1043317090	map	1043310090	1	1	10101	2	14	Smithing Stone [2]
1043317110	map	1043310110	1	1	2901	1	0	Golden Rune [2]
1043317140	map	1043310140	1	1	1100	1	0	Pickled Turtle Neck
1043317170	map	1043310170	1	1	8000	1	1	Stonesword Key
1043317220	map	1043310220	1	1	20685	3	2	Tarnished Golden Sunflower
1043317240	map	1043310240	1	1	10101	1	14	Smithing Stone [2]
1043317280	map	1043310280	1	1	1700	8	0	Throwing Dagger
1043317320	map	1043310320	1	1	150	1	0	Furlcalling Finger Remedy
1043317330	map	1043310330	1	2	24020000	1		Steel-Wire Torch
1043317350	map	1043310350	1	1	10100	3	14	Smithing Stone [1]
1043317360	map	1043310360	1	2	53000000	5		Ballista Bolt
1043317370	map	1043310370	1	2	20000000	1		Whip
1043317400	map	1043310400	1	1	2900	1	0	Golden Rune [1]
1043317500	map	1043310500	1	1	10100	1	14	Smithing Stone [1]
1043317900	map	1043310900	1	4	2120	1	0	Soap
1043317910	map	1043310910	1	2	3180000	1		Claymore
1043327000	map	1043320000	1	1	20845	1	2	Yellow Ember
1043327010	map	1043320010	1	1	15000	1	2	Sliver of Meat
1043327990	enemy	420112000	1	1	2905	1	0	Golden Rune [6]
1043337000	map	1043330000	1	1	2901	1	0	Golden Rune [2]
1043337010	map	1043330010	1	1	2901	1	0	Golden Rune [2]
1043347000	map	1043340000	1	1	20691	2	2	Arteria Leaf
1043347040	map	1043340040	1	1	20830	2	2	Gold-Tinged Excrement
1043347050	map	1043340050	1	1	15400	5	2	String
1043347100	map	1043340100	1	2	31170000	1		Shield of the Guilty
1043347400	map	1043340400	1	2	33060000	1		
1043347400	map	1043340401	1	1	4090	1	5	
1043357000	map	1043350000	1	1	15130	1	2	Crab Eggs
1043357010	map	1043350010	1	1	2900	1	0	Golden Rune [1]
1043357030	map	1043350030	1	1	15120	1	2	Slumbering Egg
1043357100	map	1043350100	1	1	10020	1	14	Sacred Tear
1043357500	enemy	360010000	1	5	20900	1		
1043367010	map	1043360010	1	1	8000	1	1	Stonesword Key
1043367020	map	1043360020	1	1	2901	1	0	Golden Rune [2]
1043367040	map	1043360040	1	1	15130	1	2	Crab Eggs
1043367070	map	1043360070	1	1	20691	1	2	Arteria Leaf
1043367110	map	1043361010	1	2	10000000	1		Twinblade
1043377000	map	1043370000	1	1	10100	1	14	Smithing Stone [1]
1043377010	map	1043370010	1	1	1400	1	0	Fire Grease
1043377020	map	1043370020	1	1	20691	1	2	Arteria Leaf
1043377400	map	1043370400	1	5	10900	1	14	Grave Glovewort [1]
1043387010	map	1043380010	1	1	10100	1	14	Smithing Stone [1]
1043387020	map	1043380020	1	1	2901	1	0	Golden Rune [2]
1043397010	map	1043390010	1	1	1210	1	0	Exalted Flesh
1043397020	map	1043390020	1	1	10100	2	14	Smithing Stone [1]
1043397030	map	1043390030	1	1	15090	1	2	Turtle Neck Meat
1043397200	map	1043392000	1	1	2902	1	0	Golden Rune [3]
1043397500	enemy	435110106	1	5	60300	1		
1043407000	map	1043400000	1	1	1450	3	0	Soporific Grease
1043407010	map	1043400010	1	4	2140	1	0	
1043507000	map	1043500000	1	2	34060000	1		Golden Order Seal
1043507010	map	1043500010	1	1	20802	3	2	Smoldering Butterfly
1043527000	map	1043520000	1	1	10070	1	1	Lost Ashes of War
1043527030	map	1043520030	1	1	2904	1	0	Golden Rune [5]
1043527400	map	1043520400	1	1	10010	1	14	Golden Seed
1043527410	map	1043520410	1	1	10010	1	14	Golden Seed
1043527500	map	1043520500	1	4	1021	1	0	
1043527700	enemy	430033423	1	1	2911	1	0	Golden Rune [12]
1043527750	enemy	430052433	1	1	2912	1	0	Golden Rune [13]
1043527760	enemy	430052443	1	1	2912	1	0	Golden Rune [13]
1043537000	map	1043530000	1	1	2908	1	0	Golden Rune [9]
1043537010	map	1043530010	1	1	2909	1	0	Golden Rune [10]
1043537020	map	1043530020	1	1	2050	3	0	Grace Mimic
1043537030	map	1043530030	1	1	1530	3	0	Drawstring Holy Grease
1043537040	map	1043530040	1	1	10104	1	14	Smithing Stone [5]
1043537050	map	1043530050	1	1	2904	1	0	Golden Rune [5]
1043537060	map	1043530060	1	1	2906	1	0	Golden Rune [7]
1043537070	map	1043530070	1	1	20760	8	2	Mushroom
1043537100	map	1043530100	1	1	8185	1	1	Larval Tear
1043537400	map	1043530400	1	1	8947	1	1	
1044317010	map	1044310010	1	1	2903	1	0	Golden Rune [4]
1044317020	map	1044310020	1	1	20691	1	2	Arteria Leaf
1044317030	map	1044310030	1	1	10161	1	14	Somber Smithing Stone [2]
1044327010	map	1044320010	1	1	10100	1	14	Smithing Stone [1]
1044327020	map	1044320020	1	1	10010	1	14	Golden Seed
1044327030	map	1044320030	1	1	3310	2	0	Warming Stone
1044327040	map	1044320040	1	2	31140000	1		Great Turtle Shell
1044327400	map	1044320400	1	2	14110000	1		Sacrificial Axe
1044327410	map	1044320410	1	5	30100	1		
1044327410	map	1044320411	1	2	13000000	1		Nightrider Flail
1044337000	map	1044330000	1	2	31260000	1		Flame Crest Wooden Shield
1044337020	map	1044330020	1	1	2020	5	0	Rainbow Stone
1044337030	map	1044330030	1	1	15160	1	2	Strip of White Flesh
1044337050	map	1044330050	1	1	2901	1	0	Golden Rune [2]
1044337070	map	1044330070	1	1	2901	1	0	Golden Rune [2]
1044337080	map	1044330080	1	1	7310	1	16	The Flame of Frenzy
1044337100	map	1044330100	1	1	10020	1	14	Sacred Tear
1044337200	map	1044330200	1	1	10101	1	14	Smithing Stone [2]
1044337210	map	1044330210	1	2	11050000	1		Morning Star
1044347000	map	1044340000	1	1	8000	1	1	Stonesword Key
1044347010	map	1044340010	1	1	10100	3	14	Smithing Stone [1]
1044347040	map	1044340040	1	1	2020	1	0	Rainbow Stone
1044347050	map	1044340050	1	1	1760	3	0	Ruin Fragment
1044347060	map	1044340060	1	1	2900	3	0	Golden Rune [1]
1044347070	map	1044340070	1	1	2900	3	0	Golden Rune [1]
1044347080	map	1044340080	1	2	12000000	1		Large Club
1044347100	map	1044340100	1	2	44000000	1		Hand Ballista
1044347100	map	1044340101	1	2	53000000	5		Ballista Bolt
1044357000	map	1044350000	1	1	2901	1	0	Golden Rune [2]
1044357010	map	1044350010	1	1	8851	1	1	Royal House Scroll
1044357020	map	1044350020	1	1	2900	1	0	Golden Rune [1]
1044357030	map	1044350030	1	1	15000	1	2	Sliver of Meat
1044357040	map	1044350040	1	1	15130	1	2	Crab Eggs
1044357050	map	944350050	1	1	6010	1	16	Flame Sling
1044357060	map	1044350060	1	1	2900	1	0	Golden Rune [1]
1044357070	map	1044350070	1	1	1290	1	0	Starlight Shards
1044357100	map	1044350100	1	1	8185	1	1	Larval Tear
1044357900	map	1044350900	1	2	6020000	1		Great \xc9p\xe9e
1044367000	map	1044360000	1	1	2030	2	0	Glowstone
1044367010	map	1044360010	1	1	2900	1	0	Golden Rune [1]
1044367020	map	1044360020	1	1	1110	1	0	Immunizing Cured Meat
1044367030	map	1044360030	1	1	20802	4	2	Smoldering Butterfly
1044367040	map	1044360040	1	1	10160	1	14	Somber Smithing Stone [1]
1044367100	map	1044360100	1	1	20651	4	2	
1044367200	map	944360200	1	2	15000000	1		Greataxe
1044367300	map	1044360300	1	1	2900	1	0	Golden Rune [1]
1044367310	map	1044360310	1	1	2900	1	0	Golden Rune [1]
1044367320	map	1044360320	1	1	2901	1	0	Golden Rune [2]
1044367330	map	1044360330	1	1	2900	1	0	Golden Rune [1]
1044367340	map	1044360340	1	1	2902	1	0	Golden Rune [3]
1044367700	enemy	430000257	1	2	33000000	1		Glintstone Staff
1044377010	map	1044370010	1	1	2900	1	0	Golden Rune [1]
1044377020	map	1044370020	1	4	6070	1		
1044377200	map	1044372000	1	1	1200	1	0	Gold-Pickled Fowl Foot
1044387010	map	1044380010	1	1	10100	1	14	Smithing Stone [1]
1044387040	map	1044380040	1	1	20650	2	2	Poisonbloom
1044387100	map	1044380100	1	1	2900	1	0	Golden Rune [1]
1044397010	map	944390010	1	1	310	1		
1044527000	map	1044520000	1	2	51000000	10		Great Arrow
1044527010	map	1044520010	1	1	2905	1	0	Golden Rune [6]
1044527020	map	1044520020	1	1	2901	1	0	Golden Rune [2]
1044537010	map	1044530010	1	1	2903	1	0	Golden Rune [4]
1044537300	map	1044530300	1	2	31090000	1		Twinbird Kite Shield
1045337000	map	1045330000	1	1	1290	1	0	Starlight Shards
1045347000	map	1045340000	1	1	8000	1	1	Stonesword Key
1045357000	map	1045350000	1	1	2900	1	0	Golden Rune [1]
1045357020	map	1045350020	1	1	2900	1	0	Golden Rune [1]
1045357030	map	1045350030	1	1	2903	1	0	Golden Rune [4]
1045357040	map	1045350040	1	1	2902	1	0	Golden Rune [3]
1045357050	map	1045350050	1	1	2901	1	0	Golden Rune [2]
1045357060	map	1045350060	1	1	2900	1	0	Golden Rune [1]
1045357070	map	1045350070	1	1	2901	1	0	Golden Rune [2]
1045357080	map	1045350080	1	1	2900	1	0	Golden Rune [1]
1045357090	map	1045350090	1	1	2900	1	0	Golden Rune [1]
1045377000	map	1045370000	1	1	2901	1	0	Golden Rune [2]
1045377010	map	1045370010	1	1	10101	1	14	Smithing Stone [2]
1045377040	map	945370040	1	1	401	1		
1045377050	map	1045370050	1	1	2900	1	0	Golden Rune [1]
1045377060	map	1045370060	1	1	15340	3	2	Thin Beast Bones
1045377070	map	1045370070	1	1	20830	5	2	Gold-Tinged Excrement
1045377080	map	1045370080	1	1	1700	5	0	Throwing Dagger
1045377090	map	1045370090	1	1	2904	1	0	Golden Rune [5]
1045377100	map	1045371000	1	4	2130	1	1	Celestial Dew
1045387000	map	1045380000	1	1	1420	1	0	Magic Grease
1045387020	map	1045380020	1	1	2900	1	0	Golden Rune [1]
1045387030	map	1045380030	1	1	2900	1	0	Golden Rune [1]
1045387040	map	1045380040	1	1	2900	1	0	Golden Rune [1]
1045387050	map	1045380050	1	1	2901	1	0	Golden Rune [2]
1045387060	map	1045380060	1	1	2903	1	0	Golden Rune [4]
1045387070	map	1045380070	1	1	2903	1	0	Golden Rune [4]
1045387080	map	1045380080	1	1	2905	1	0	Golden Rune [6]
1045397000	map	1045390000	1	1	2903	1	0	Golden Rune [4]
1045397020	map	1045390020	1	1	20760	3	2	Mushroom
1045397040	map	1045390040	1	1	10101	1	14	Smithing Stone [2]
1045397050	map	1045390050	1	1	2900	1	0	Golden Rune [1]
1045397060	map	1045390060	1	1	2900	1	0	Golden Rune [1]
1045397070	map	1045390070	1	1	2900	1	0	Golden Rune [1]
1045397080	map	1045390080	1	1	2900	1	0	Golden Rune [1]
1045397090	map	1045390090	1	1	2904	1	0	Golden Rune [5]
1045397100	map	1045390100	1	1	2901	1	0	Golden Rune [2]
1045397110	map	1045390110	1	1	2900	1	0	Golden Rune [1]
1045397120	map	1045390120	1	4	1150	1	0	Spellproof Dried Liver
1045397140	map	1045390140	1	1	10100	1	14	Smithing Stone [1]
1045527000	map	1045520000	1	1	3060	3	0	Gravity Stone Fan
1045527010	map	1045520010	1	1	20855	1	2	Gravel Stone
1045527020	map	1045520020	1	1	10105	2	14	Smithing Stone [6]
1045527030	map	1045520030	1	1	10104	1	14	Smithing Stone [5]
1046367000	map	1046360000	1	1	10100	1	14	Smithing Stone [1]
1046367010	map	1046360010	1	1	20723	5	2	Bloodrose
1046367030	map	1046360030	1	1	20723	3	2	Bloodrose
1046367100	map	1046360100	1	1	10010	1	14	Golden Seed
1046367500	map	1046360500	1	1	8105	1	1	Dectus Medallion (Left)
1046367700	map	1046360700	1	5	20400	1		
1046377000	map	1046370000	1	1	15160	3	2	Strip of White Flesh
1046387010	map	1046380010	1	1	900	1	0	Neutralizing Boluses
1046387100	map	1046380100	1	1	10020	1	14	Sacred Tear
1046397000	map	1046390000	1	1	2900	1	0	Golden Rune [1]
1046397010	map	1046390010	1	1	2901	1	0	Golden Rune [2]
1046397020	map	1046390020	1	1	2902	1	0	Golden Rune [3]
1046407000	map	1046400000	1	1	20800	2	2	Nascent Butterfly
1046407010	map	1046400010	1	1	190	1	0	Rune Arc
1046407020	map	1046400020	1	1	2902	1	0	Golden Rune [3]
1046407040	map	1046400040	1	1	940	5	0	Preserving Boluses
1046407060	map	1046400060	1	1	1510	2	0	Drawstring Lightning Grease
1046407700	map	1046400700	1	4	2030	1	0	Glowstone
1046577300	map	1046570300	1	1	2900	6	0	Golden Rune [1]
1046577800	map	1046570800	1	1	10106	3	14	Smithing Stone [7]
1046577800	map	1046570801	1	1	10107	1	14	Smithing Stone [8]
1047377000	map	1047370000	1	1	2900	1	0	Golden Rune [1]
1047377010	map	1047370010	1	1	2904	1	0	Golden Rune [5]
1047377020	map	1047370020	1	1	2900	1	0	Golden Rune [1]
1047377030	map	1047370030	1	1	2901	1	0	Golden Rune [2]
1047377040	map	1047370040	1	1	20650	4	2	Poisonbloom
1047377050	map	1047370050	1	1	1290	1	0	Starlight Shards
1047377100	map	1047370100	1	1	8185	1	1	Larval Tear
1047387010	map	1047380020	1	1	10163	1	14	Somber Smithing Stone [4]
1047387030	map	1047380030	1	1	15110	5	2	Great Dragonfly Head
1047387040	map	1047380040	1	1	1490	3	0	Rot Grease
1047387070	map	1047380070	1	1	190	1	0	Rune Arc
1047387080	map	1047380080	1	1	3310	2	0	Warming Stone
1047387100	map	1047380100	1	1	20802	6	2	Smoldering Butterfly
1047387110	map	1047380110	1	1	20760	10	2	Mushroom
1047387120	map	1047380120	1	1	6050	1	18	Flame, Grant Me Strength
1047387130	map	1047380130	1	2	53020000	5		Explosive Greatbolt
1047387700	map	1047380700	1	5	10000	1	0	Glass Shard
1047387900	map	1047380900	1	4	1060	1	0	
1047387910	map	1047380910	1	2	9030000	1		Meteoric Ore Blade
1047387920	map	1047380920	1	2	21100000	1		Katar
1047387980	enemy	446040021	1	1	20802	5	2	Smoldering Butterfly
1047387980	enemy	446040022	1	1	20682	3	2	Fire Blossom
1047387990	enemy	446040001	1	1	20802	5	2	Smoldering Butterfly
1047387990	enemy	446040002	1	1	20682	3	2	Fire Blossom
1047397000	map	1047390000	1	1	10104	1	14	Smithing Stone [5]
1047397040	map	1047390040	1	1	2908	1	0	Golden Rune [9]
1047397080	map	1047390080	1	1	15120	2	2	Slumbering Egg
1047397990	enemy	446040011	1	1	20802	5	2	Smoldering Butterfly
1047397990	enemy	446040012	1	1	20682	3	2	Fire Blossom
1047407000	map	1047400000	1	1	2904	1	0	Golden Rune [5]
1047407020	map	1047400020	1	1	10103	1	14	Smithing Stone [4]
1047407030	map	1047400030	1	1	10163	1	14	Somber Smithing Stone [4]
1047407040	map	1047400040	1	2	52060000	6		Explosive Bolt
1047407070	map	1047400070	1	1	1500	3	0	Drawstring Fire Grease
1047407080	map	1047400080	1	1	20802	3	2	Smoldering Butterfly
1047407900	map	1047400900	1	1	190	1	0	Rune Arc
1047407910	map	1047400910	1	2	2190000	1		Sword of St. Trina
1047427000	map	1047420000	1	2	62520000	1		Ritual Thrusting Shield
1047407920	map	1047400920	1	2	4000000	1		Greatsword
1047407990	enemy	446040031	1	1	20802	5	2	Smoldering Butterfly
1047407990	enemy	446040032	1	1	20682	3	2	Fire Blossom
1047517000	map	1047510000	1	1	1500	2	0	Drawstring Fire Grease
1047517010	map	1047510010	1	1	2906	1	0	Golden Rune [7]
1047517300	map	1047510300	1	1	1480	1	0	Dragonwound Grease
1047557000	map	1047550000	1	1	10106	1	14	Smithing Stone [7]
1047557010	map	1047550010	1	1	20722	8	2	Rimed Rowa
1047557020	map	1047550020	1	1	2912	1	0	Golden Rune [13]
1047557030	map	1047550030	1	1	8000	1	1	Stonesword Key
1047557040	map	1047550040	1	1	2906	1	0	Golden Rune [7]
1047557900	map	1047550900	1	1	7311	1	16	Unendurable Frenzy
1047567300	map	1047560300	1	1	2915	1	0	
1047567310	map	1047560310	1	1	10107	1	14	Smithing Stone [8]
1047567320	map	1047560320	1	1	920	2	0	Thawfrost Boluses
1047567330	map	1047560330	1	1	1740	4	0	Crystal Dart
1047567700	map	1047560700	1	3	320000	1		
1047567700	map	1047560701	1	3	320100	1		
1047567700	map	1047560702	1	3	320300	1		
1047577300	map	1047570300	1	1	2906	1	0	Golden Rune [7]
1047577310	map	1047570310	1	1	2911	1	0	Golden Rune [12]
1047587000	map	1047580000	1	1	10200	1	14	Somber Smithing Stone [9]
1047587800	map	1047580800	1	2	31060000	1		Silver Mirrorshield
1048377000	map	1048370000	1	1	15130	4	2	Crab Eggs
1048377020	map	1048370020	1	1	2902	1	0	Golden Rune [3]
1048377030	map	1048370030	1	1	2903	1	0	Golden Rune [4]
1048387000	map	1048380000	1	1	2903	1	0	Golden Rune [4]
1048387010	map	948380010	1	1	401	1		
1048387010	map	1048380011	1	3	100000	1		
1048387010	map	1048380012	1	3	100100	1		
1048387010	map	1048380013	1	3	100200	1		
1048387010	map	1048380014	1	3	100300	1		
1048387020	map	948380020	1	1	401	1		
1048387020	map	1048380020	1	2	33250000	1		Meteorite Staff
1048387030	map	948380030	1	1	401	1		
1048387500	map	1048380500	1	1	20753	5	2	Sacramental Bud
1048387500	map	1048380501	1	1	2902	1	0	Golden Rune [3]
1048387500	map	1048380502	1	1	2904	1	0	Golden Rune [5]
1048387500	map	1048380503	1	1	2909	1	0	Golden Rune [10]
1048397000	map	1048390000	1	1	20753	1	2	Sacramental Bud
1048397010	map	1048390010	1	1	10164	1	14	Somber Smithing Stone [5]
1048397040	map	1048390040	1	1	15110	3	2	Great Dragonfly Head
1048397050	map	1048390050	1	1	8000	1	1	Stonesword Key
1048397900	map	1048390900	1	1	4710	1	5	Rock Sling
1048407010	map	1048400010	1	1	2900	1	0	Golden Rune [1]
1048407020	map	1048400020	1	1	2905	1	0	Golden Rune [6]
1048407030	map	1048400030	1	1	2901	1	0	Golden Rune [2]
1048407040	map	1048400040	1	1	20753	1	2	Sacramental Bud
1048407050	map	1048400050	1	1	15341	3	2	Hefty Beast Bone
1048407060	map	1048400060	1	2	32170000	1		Spiked Palisade Shield
1048407900	map	1048400900	1	2	32160000	1		Visage Shield
1048407980	enemy	446040051	1	1	20802	5	2	Smoldering Butterfly
1048407980	enemy	446040052	1	1	20682	3	2	Fire Blossom
1048407990	enemy	446040041	1	1	20802	5	2	Smoldering Butterfly
1048407990	enemy	446040042	1	1	20682	3	2	Fire Blossom
1048417800	map	1048410800	1	1	8948	1	1	
1048517000	map	1048510000	1	1	10166	1	14	Somber Smithing Stone [7]
1048517700	map	1048510700	1	5	22500	1		
1048547800	map	1048540800	1	1	2900	1	0	Golden Rune [1]
1048547810	map	1048540810	1	1	2902	1	0	Golden Rune [3]
1048547820	map	1048540820	1	1	2905	1	0	Golden Rune [6]
1048547830	map	1048540830	1	1	2908	1	0	Golden Rune [9]
1048547840	map	1048540840	1	1	2910	1	0	Golden Rune [11]
1048547990	enemy	340051300	1	2	12210000	1		Rotten Battle Hammer
1048547990	enemy	340051301	1	3	2000000	1		Longsword
1048557300	map	1048550300	1	1	2912	1	0	Golden Rune [13]
1048557600	map	1048550600	1	4	1161	1		
1048557700	map	1048550700	1	1	10140	1	14	Ancient Dragon Smithing Stone
1048557710	map	1048550710	1	3	230000	1	7	Azula Beastman Ashes
1048557710	map	1048550711	1	3	230100	1		
1048557710	map	1048550712	1	3	230200	1		
1048557710	map	1048550713	1	3	230300	1		
1048557900	map	1048550900	1	2	7060000	1		Flowing Curved Sword
1048567300	map	1048560300	1	1	8000	1	1	Stonesword Key
1048567800	map	1048560800	1	1	10168	1	14	Somber Ancient Dragon Smithing Stone
1048577000	map	1048570000	1	1	190	1	0	Rune Arc
1048577010	map	1048570010	1	1	2912	1	0	Golden Rune [13]
1048577020	map	1048570020	1	1	15341	3	2	Hefty Beast Bone
1048577030	map	1048570030	1	1	2912	1	0	Golden Rune [13]
1048577040	map	1048570040	1	1	1470	2	0	Freezing Grease
1048577050	map	1048570050	1	1	3030	8	0	Cuckoo Glintstone
1048577060	map	1048570060	1	1	1740	5	0	Crystal Dart
1048577070	map	1048570070	1	1	15040	3	2	Old Fang
1048577080	map	1048570080	1	1	15120	3	2	Slumbering Egg
1048577090	map	1048570090	1	1	2911	1	0	Golden Rune [12]
1048577300	map	1048570300	1	1	1120	1	0	Invigorating Cured Meat
1048577310	map	1048570310	1	1	2909	1	0	Golden Rune [10]
1048577700	map	1048570700	1	1	5010	1	5	Explosive Ghostflame
1048577800	map	1048570800	1	1	10010	1	14	Golden Seed
1048577810	map	1048570810	1	3	180000	1		
1048577810	map	1048570811	1	3	180100	1		
1048577810	map	1048570812	1	3	180200	1		
1048577810	map	1048570813	1	3	180300	1		
1048577900	map	1048570900	1	1	10918	1	14	Ghost Glovewort [9]
1048577910	map	1048570910	1	1	10918	1	14	Ghost Glovewort [9]
1048577920	map	1048570920	1	1	10918	1	14	Ghost Glovewort [9]
1048577930	map	1048570930	1	1	10918	1	14	Ghost Glovewort [9]
1048577990	enemy	340052100	1	3	2000300	1	0	
1048577990	enemy	340052101	1	2	23150000	1		Rotten Greataxe
1048587300	map	1048580300	1	1	2912	1	0	Golden Rune [13]
1049367000	map	1049360000	1	1	20802	3	2	Smoldering Butterfly
1049367010	map	1049360010	1	1	1750	6	0	Fan Daggers
1049377010	map	1049370010	1	1	15030	2	2	Beast Blood
1049377020	map	1049370020	1	1	10010	1	14	Golden Seed
1049377050	map	1049370050	1	1	15030	3	2	Beast Blood
1049377070	map	1049370070	1	1	2901	1	0	Golden Rune [2]
1049377100	map	1049370100	1	5	11900	1		
1049377110	map	1049370110	1	2	3200000	1		
1049377700	map	1049370700	1	1	10163	1	14	Somber Smithing Stone [4]
1049377700	map	1049370701	1	1	15030	1	2	Beast Blood
1049377700	map	1049370702	1	1	15040	2	2	Old Fang
1049387010	map	1049380010	1	1	10163	1	14	Somber Smithing Stone [4]
1049387020	map	1049380020	1	1	20801	1	2	Aeonian Butterfly
1049387030	map	1049380030	1	1	10103	3	14	Smithing Stone [4]
1049387040	map	1049380040	1	2	52030000	20		Black-Key Bolt
1049387060	map	1049380060	1	1	20753	2	2	Sacramental Bud
1049387070	map	1049380070	1	1	190	1	0	Rune Arc
1049387080	map	1049380080	1	1	2903	1	0	Golden Rune [4]
1049387110	map	1049380110	1	1	2904	1	0	Golden Rune [5]
1049387120	map	1049380120	1	1	10000	5	0	Glass Shard
1049387800	map	1049380000	1	1	4650	1	17	Eternal Darkness
1049397000	map	1049390000	1	1	8000	1	1	Stonesword Key
1049397010	map	1049390010	1	1	20650	5	2	Poisonbloom
1049397020	map	1049390020	1	1	190	1	0	Rune Arc
1049397030	map	1049390030	1	2	33280000	1		Staff of Loss
1049397040	map	1049390040	1	1	235000	1	7	Rotten Stray Ashes
1049397800	map	1049390800	1	2	2080000	1		Nox Flowing Sword
1049397850	map	1049390850	1	1	221000	1	8	Battlemage Hugues
1049397900	map	1049390900	1	2	33240000	1		
1049397910	map	1049390910	1	4	4011	1		
1049407000	map	1049400000	1	1	2904	1	0	Golden Rune [5]
1049407010	map	1049400010	1	1	20855	1	2	Gravel Stone
1049407020	map	1049400020	1	1	15000	3	2	Sliver of Meat
1049407040	map	1049400040	1	1	10104	3	14	Smithing Stone [5]
1049417040	map	1049410040	1	1	20691	2	2	Arteria Leaf
1049417070	map	1049410070	1	1	1480	1	0	Dragonwound Grease
1049417080	map	1049410080	1	1	190	1	0	Rune Arc
1049417090	map	1049410090	1	1	10200	1	14	Somber Smithing Stone [9]
1049417100	map	1049410100	1	1	2913	1	0	
1049527000	map	1049520000	1	1	1470	1	0	Freezing Grease
1049527800	map	1049520800	1	1	10010	1	14	Golden Seed
1049537000	map	1049530000	1	1	15000	2	2	Sliver of Meat
1049537010	map	1049530010	1	1	1120	1	0	Invigorating Cured Meat
1049537020	map	1049530020	1	1	2909	1	0	Golden Rune [10]
1049537030	map	1049530030	1	1	4410	1	5	Zamor Ice Storm
1049537300	map	1049530300	1	1	15030	2	2	Beast Blood
1049537900	map	1049530900	1	1	8953	1	1	
1049547300	map	1049540300	1	1	2912	1	0	Golden Rune [13]
1049547310	map	1049540310	1	1	2910	1	0	Golden Rune [11]
1049547700	map	1049540700	1	1	10167	1	14	Somber Smithing Stone [8]
1049547900	map	1049540900	1	2	24040000	1		
1049557300	map	1049550300	1	1	10200	1	14	Somber Smithing Stone [9]
1049557310	map	1049550310	1	1	15040	2	2	Old Fang
1049557320	map	1049550320	1	1	20682	6	2	Fire Blossom
1049557330	map	1049550330	1	1	20653	3	2	
1049557700	map	1049550700	1	1	8185	1	1	Larval Tear
1049557800	map	1049550800	1	1	10010	1	14	Golden Seed
1049557810	map	1049550810	1	1	2910	1	0	Golden Rune [11]
1049567300	map	1049560300	1	1	15420	2	2	Albinauric Bloodclot
1049567310	map	1049560310	1	1	15040	3	2	Old Fang
1049567320	map	1049560320	1	1	15160	2	2	Strip of White Flesh
1049567330	map	1049560330	1	1	1480	2	0	Dragonwound Grease
1049567340	map	1049560340	1	1	20800	3	2	Nascent Butterfly
1049567350	map	1049560350	1	1	10107	1	14	Smithing Stone [8]
1049577700	map	1049570700	1	1	10166	1	14	Somber Smithing Stone [7]
1049577710	map	1049570710	1	1	10167	1	14	Somber Smithing Stone [8]
1049577720	map	1049570720	1	1	10200	1	14	Somber Smithing Stone [9]
1050367000	map	1050360000	1	1	20760	6	2	Mushroom
1050367900	map	1050360900	1	4	2150	1	0	
1050387000	map	1050380000	1	1	2904	1	0	Golden Rune [5]
1050387010	map	1050380010	1	1	1560	3	0	Drawstring Poison Grease
1050387020	map	1050380020	1	1	10020	1	14	Sacred Tear
1050387950	enemy	420140040	1	1	2908	1	0	Golden Rune [9]
1050387960	enemy	420140030	1	1	2908	1	0	Golden Rune [9]
1050387970	enemy	420140020	1	1	2908	1	0	Golden Rune [9]
1050387980	enemy	420140010	1	1	2908	1	0	Golden Rune [9]
1050387990	enemy	420140000	1	1	2908	1	0	Golden Rune [9]
1050397000	map	1050390000	1	1	1460	2	0	Poison Grease
1050397010	map	1050390010	1	1	20770	5	2	Toxic Mushroom
1050397020	map	1050390020	1	1	10106	1	14	Smithing Stone [7]
1050397030	map	1050390030	1	1	10106	1	14	Smithing Stone [7]
1050397040	map	1050390040	1	1	8000	1	1	Stonesword Key
1050397050	map	1050390050	1	1	10107	1	14	Smithing Stone [8]
1050397060	map	1050390060	1	1	1290	1	0	Starlight Shards
1050397070	map	1050390070	1	3	1920000	1		
1050397090	map	1050390090	1	1	15030	2	2	Beast Blood
1050397100	map	1050390100	1	1	10010	1	14	Golden Seed
1050397900	map	1050390900	1	1	4620	1	5	Night Comet
1050397910	map	1050390910	1	1	8186	1	1	Imbued Sword Key
1050407000	map	1050400000	1	2	66530000	1		Reed Great Katana
1050407800	map	1050400800	1	1	10060	5	1	Dragon Heart
1050537000	map	1050530000	1	1	10166	1	14	Somber Smithing Stone [7]
1050537300	map	1050530300	1	1	20802	4	2	Smoldering Butterfly
1050537700	map	1050530700	1	1	10166	1	14	Somber Smithing Stone [7]
1050537980	enemy	424050010	1	1	10166	1	14	Somber Smithing Stone [7]
1050537990	enemy	424050000	1	1	10166	1	14	Somber Smithing Stone [7]
1050547000	map	1050540000	1	1	10070	1	1	Lost Ashes of War
1050547800	map	1050540800	1	1	20691	3	2	Arteria Leaf
1050547810	map	1050540810	1	1	4910	1	5	Briars of Punishment
1050557300	map	1050550300	1	1	15341	2	2	Hefty Beast Bone
1050557310	map	1050550310	1	1	2908	1	0	Golden Rune [9]
1050557320	map	1050550320	1	1	15020	4	2	Lump of Flesh
1050557800	map	1050550800	1	1	10167	1	14	Somber Smithing Stone [8]
1050557900	map	1050550900	1	1	190	1	0	Rune Arc
1050567300	map	1050560300	1	1	20685	3	2	Tarnished Golden Sunflower
1050567500	map	1050560500	1	1	3310	3	0	Warming Stone
1050567510	map	1050560510	1	1	1320	1	0	Invigorating White Cured Meat
1050567520	map	1050560520	1	1	10106	1	14	Smithing Stone [7]
1050567600	map	1050560600	1	1	10140	1	14	Ancient Dragon Smithing Stone
1050567620	map	1050560620	1	3	900000	1		
1050567620	map	1050560621	1	3	900100	1		
1050567620	map	1050560622	1	3	900200	1		
1050567620	map	1050560623	1	3	900300	1		
1050567700	map	1050560700	1	2	20050000	1		
1050567700	map	1050560701	1	3	650000	1		
1050567700	map	1050560702	1	3	650100	1		
1050567700	map	1050560703	1	3	650200	1		
1050567700	map	1050560704	1	3	650300	1		
1050567800	map	1050560800	1	1	10107	3	14	Smithing Stone [8]
1050567820	map	1050560820	1	4	3001	1		
1050577300	map	1050570300	1	1	3310	4	0	Warming Stone
1050577800	map	1050570800	1	1	1290	1	0	Starlight Shards
1051357000	map	1051350000	1	1	20802	8	2	Smoldering Butterfly
1051357990	enemy	420141000	1	1	2908	1	0	Golden Rune [9]
1051367000	map	1051360000	1	1	2905	1	0	Golden Rune [6]
1051367020	map	1051360020	1	1	10105	1	14	Smithing Stone [6]
1051367030	map	1051360030	1	1	10102	1	14	Smithing Stone [3]
1051367040	map	1051360040	1	1	10103	1	14	Smithing Stone [4]
1051367050	map	1051360050	1	1	10102	1	14	Smithing Stone [3]
1051367060	map	1051360060	1	1	10104	1	14	Smithing Stone [5]
1051367080	map	1051360080	1	1	10104	1	14	Smithing Stone [5]
1051367090	map	1051360090	1	1	10103	1	14	Smithing Stone [4]
1051367100	map	1051360100	1	1	10105	1	14	Smithing Stone [6]
1051367110	map	1051360110	1	1	10164	1	14	Somber Smithing Stone [5]
1051367130	map	1051360130	1	2	3050000	1		Flamberge
1051367700	map	1051360700	1	1	10163	1	14	Somber Smithing Stone [4]
1051367700	map	1051360701	1	1	15030	1	2	Beast Blood
1051367700	map	1051360702	1	1	15040	2	2	Old Fang
1051367800	map	1051360800	1	1	10163	1	14	Somber Smithing Stone [4]
1051367800	map	1051360801	1	1	15030	1	2	Beast Blood
1051367800	map	1051360802	1	1	15040	2	2	Old Fang
1051367910	map	1051360910	1	1	10105	1	14	Smithing Stone [6]
1051387000	map	1051380000	1	2	51040000	4		
1051387010	map	1051380010	1	2	51040000	6		
1051387020	map	1051380020	1	2	51040000	10		
1051397040	map	1051390040	1	1	2911	1	0	Golden Rune [12]
1051397050	map	1051390050	1	1	900	2	0	Neutralizing Boluses
1051397060	map	1051390060	1	4	1051	1	0	
1051397900	map	1051390900	1	1	8106	1	1	Dectus Medallion (Right)
1051397960	enemy	420141040	1	1	2908	1	0	Golden Rune [9]
1051397970	enemy	420141030	1	1	2908	1	0	Golden Rune [9]
1051397980	enemy	420141020	1	1	2908	1	0	Golden Rune [9]
1051397990	enemy	420141010	1	1	2908	1	0	Golden Rune [9]
1051407040	map	1051400040	1	1	190	1	0	Rune Arc
1051417000	map	1051430000	1	1	2100	3	0	Soft Cotton
1051417010	map	1051430010	1	2	1110000	1		Cinquedea
1051417030	map	1051430030	1	4	4000	1	5	Glintstone Pebble
1051437020	map	1051430020	1	1	10010	1	14	Golden Seed
1051537000	map	1051530000	1	1	10140	1	14	Ancient Dragon Smithing Stone
1051537010	map	1051530010	1	1	10106	1	14	Smithing Stone [7]
1051537300	map	1051530300	1	1	1530	2	0	Drawstring Holy Grease
1051537500	map	1051530500	1	2	9040000	1		Rivers of Blood
1051537500	map	1051530501	1	3	872000	1		
1051537600	map	1051530600	1	5	65300	1		
1051537700	map	1051530700	1	1	10167	1	14	Somber Smithing Stone [8]
1051537800	map	1051530800	1	1	10020	1	14	Sacred Tear
1051537810	map	1051530810	1	1	3310	2	0	Warming Stone
1051537950	enemy	424050060	1	1	10166	1	14	Somber Smithing Stone [7]
1051537960	enemy	424050050	1	1	10166	1	14	Somber Smithing Stone [7]
1051537970	enemy	424050040	1	1	10166	1	14	Somber Smithing Stone [7]
1051537980	enemy	424050030	1	1	10166	1	14	Somber Smithing Stone [7]
1051537990	enemy	424050020	1	1	10166	1	14	Somber Smithing Stone [7]
1051547000	map	1051540000	1	1	1320	3	0	Invigorating White Cured Meat
1051547800	map	1051540800	1	1	1750	5	0	Fan Daggers
1051547960	enemy	424050100	1	1	10166	1	14	Somber Smithing Stone [7]
1051547970	enemy	424050090	1	1	10166	1	14	Somber Smithing Stone [7]
1051547980	enemy	424050080	1	1	10166	1	14	Somber Smithing Stone [7]
1051547990	enemy	424050070	1	1	10166	1	14	Somber Smithing Stone [7]
1051557300	map	1051550300	1	1	2906	1	0	Golden Rune [7]
1051557310	map	1051550310	1	1	1530	2	0	Drawstring Holy Grease
1051557320	map	1051550320	1	1	2020	4	0	Rainbow Stone
1051557330	map	1051550330	1	1	2912	1	0	Golden Rune [13]
1051567020	map	1051560020	1	1	10200	1	14	Somber Smithing Stone [9]
1051567030	map	1051560030	1	1	1470	2	0	Freezing Grease
1051567300	map	1051560300	1	1	20852	2	2	Formic Rock
1051567310	map	1051560310	1	1	2100	6	0	Soft Cotton
1051567320	map	1051560320	1	1	2909	1	0	Golden Rune [10]
1051567700	map	1051560700	1	1	10167	1	14	Somber Smithing Stone [8]
1051567800	map	1051560800	1	1	20653	1	2	
1051567810	map	1051560810	1	1	20653	1	2	
1051567900	map	1051560900	1	4	3080	1	0	Wraith Calling Bell
1051577000	map	1051570000	1	1	1470	5	0	Freezing Grease
1051577010	map	1051570010	1	1	2909	1	0	Golden Rune [10]
1051577020	map	1051570020	1	1	10104	1	14	Smithing Stone [5]
1051577030	map	1051570030	1	1	1750	5	0	Fan Daggers
1051577040	map	1051570040	1	1	2909	1	0	Golden Rune [10]
1051577050	map	1051570050	1	1	2909	1	0	Golden Rune [10]
1051577060	map	1051570060	1	1	20800	1	2	Nascent Butterfly
1051577070	map	1051570070	1	4	1011	1	0	
1051577080	map	1051570080	1	1	10106	3	14	Smithing Stone [7]
1051577090	map	1051570090	1	1	10104	1	14	Smithing Stone [5]
1051577100	map	1051570100	1	1	10105	1	14	Smithing Stone [6]
1051577110	map	1051570110	1	1	10167	1	14	Somber Smithing Stone [8]
1051577120	map	1051570120	1	1	2909	1	0	Golden Rune [10]
1051577130	map	1051570130	1	1	15100	5	2	Human Bone Shard
1051577140	map	1051570140	1	1	2910	1	0	Golden Rune [11]
1051577150	map	1051570150	1	1	920	3	0	Thawfrost Boluses
1051577160	map	1051570160	1	1	150	1	0	Furlcalling Finger Remedy
1051577170	map	1051570170	1	1	10105	1	14	Smithing Stone [6]
1051577180	map	1051570180	1	1	920	1	0	Thawfrost Boluses
1051577190	map	1051570190	1	1	10167	1	14	Somber Smithing Stone [8]
1051577200	map	1051570200	1	1	2908	1	0	Golden Rune [9]
1051577210	map	1051570210	1	1	190	1	0	Rune Arc
1051577220	map	1051570220	1	2	14140000	1		Stormhawk Axe
1051577230	map	1051570230	1	1	2909	1	0	Golden Rune [10]
1051577300	map	1051570300	1	1	8000	1	1	Stonesword Key
1051577600	map	1051570600	1	2	7100000	1		Eclipse Shotel
1051577720	map	1051570720	1	2	3130000	1		
1051577720	map	1051570721	1	1	2090	1	1	Deathroot
1051577800	map	1051570800	1	1	10166	1	14	Somber Smithing Stone [7]
1051577800	map	1051570801	1	1	15030	1	2	Beast Blood
1051577800	map	1051570802	1	1	15040	2	2	Old Fang
1051577810	map	1051570810	1	1	10166	1	14	Somber Smithing Stone [7]
1051577810	map	1051570811	1	1	15030	1	2	Beast Blood
1051577810	map	1051570812	1	1	15040	2	2	Old Fang
1051587800	map	1051580800	1	1	8175	1	1	Haligtree Secret Medallion (Left)
1052417000	map	1052410000	1	1	2907	1	0	Golden Rune [8]
1052417010	map	1052410010	1	1	2905	1	0	Golden Rune [6]
1052417020	map	1052410020	1	1	2902	1	0	Golden Rune [3]
1052417030	map	1052410030	1	1	2900	1	0	Golden Rune [1]
1052417100	map	1052410100	1	5	80100	1		
1052437000	map	1052430000	1	1	1290	1	0	Starlight Shards
1052537000	map	1052530000	1	1	2909	1	0	Golden Rune [10]
1052537800	map	1052530800	1	1	10010	1	14	Golden Seed
1052547000	map	1052540000	1	1	2050	3	0	Grace Mimic
1052547010	map	1052540010	1	1	2909	1	0	Golden Rune [10]
1052547020	map	1052540020	1	1	2909	1	0	Golden Rune [10]
1052547800	map	1052540800	1	1	1290	1	0	Starlight Shards
1052547980	enemy	424050120	1	1	10166	1	14	Somber Smithing Stone [7]
1052547990	enemy	424050110	1	1	10166	1	14	Somber Smithing Stone [7]
1052557000	map	1052550000	1	1	20802	5	2	Smoldering Butterfly
1052557010	map	1052550010	1	1	10106	1	14	Smithing Stone [7]
1052557020	map	1052550020	1	1	2909	1	0	Golden Rune [10]
1052557030	map	1052550030	1	1	20802	6	2	Smoldering Butterfly
1052557040	map	1052550040	1	1	10106	1	14	Smithing Stone [7]
1052557300	map	1052550300	1	1	2907	1	0	Golden Rune [8]
1052557310	map	1052550310	1	1	8000	1	1	Stonesword Key
1052557700	map	1052550700	1	2	32150000	1		One-Eyed Shield
1052557800	map	1052550800	1	1	20855	2	2	Gravel Stone
1052557900	map	1052550900	1	1	8856	1	1	
1052567300	map	1052560300	1	2	53020000	5		Explosive Greatbolt
1052567310	map	1052560310	1	1	190	1	0	Rune Arc
1052577000	map	1052570000	1	1	930	3	0	Stimulating Boluses
1052577300	map	1052570300	1	1	920	2	0	Thawfrost Boluses
1052577310	map	1052570310	1	1	15040	5	2	Old Fang
1052577800	map	1052570800	1	1	10010	1	14	Golden Seed
1052577810	map	1052570810	1	1	10106	3	14	Smithing Stone [7]
1052577900	map	1052570900	1	1	4210	1	5	Founding Rain of Stars
1052587800	map	1052580800	1	1	2903	1	0	Golden Rune [4]
1052587810	map	1052580810	1	1	2904	1	0	Golden Rune [5]
1052587820	map	1052580820	1	1	2909	1	0	Golden Rune [10]
1053567300	map	1053560300	1	1	10167	1	14	Somber Smithing Stone [8]
1053567310	map	1053560310	1	1	2909	1	0	Golden Rune [10]
1053567700	map	1053560700	1	1	2911	1	0	Golden Rune [12]
1053567710	map	1053560710	1	1	2911	1	0	Golden Rune [12]
1053567720	map	1053560720	1	1	2911	1	0	Golden Rune [12]
1053567800	map	1053560800	1	1	2906	1	0	Golden Rune [7]
1053567810	map	1053560810	1	1	2906	1	0	Golden Rune [7]
1053577300	map	1053570300	1	1	2910	1	0	Golden Rune [11]
1054557000	map	1054550000	1	1	10106	3	14	Smithing Stone [7]
1054557310	map	1054550310	1	1	8957	1	1	
1054557800	map	1054550800	1	1	10020	1	14	Sacred Tear
2044417000	map	2044410000	1	1	10913	1	14	Ghost Glovewort [4]
2044417995	enemy	524080714	1	1	2010000	1	14	Scadutree Fragment
2044417995	enemy	524080715	1	1	2001220	1	0	Silver Horn Tender
2044457000	map	2044450000	1	1	2010000	1	14	Scadutree Fragment
2044457010	map	2044450010	1	1	15080	3	2	Four-Toed Fowl Foot
2044457020	map	2044450020	1	1	2020028	2	2	Spiritgrave Stone
2044457900	map	2044450900	1	4	8240	1		
2044457950	enemy	524094724	1	1	2015010	3	2	Spirit Calculus
2044467000	map	2044460000	1	1	2010100	1	14	Revered Spirit Ash
2044467010	map	2044460010	1	1	1340	2	0	Dappled White Cured Meat
2044467020	map	2044460020	1	1	1110	3	0	Immunizing Cured Meat
2044467030	map	2044460030	1	1	2002955	1	0	Shadow Realm Rune [4]
2044467040	map	2044460040	1	1	2007210	1	16	Pest-Thread Spears
2044467050	map	2044460050	1	1	2020004	3	2	Knot Resin
2044467060	map	2044460060	1	1	10101	8	14	Smithing Stone [2]
2044467070	map	2044460070	1	1	2015040	4	2	Fly Mold
2044467080	map	2044460080	1	1	2020011	6	2	Scarlet Bud
2044467110	map	2044460110	1	1	2007740	1	16	Divine Bird Feathers
2044467950	enemy	524094744	1	1	2010100	1	14	Revered Spirit Ash
2044467950	enemy	524094745	1	1	2001220	1	0	Silver Horn Tender
2044477000	map	2044470000	1	1	10911	1	14	Ghost Glovewort [2]
2044477010	map	2044470010	1	3	5190000	1		
2044477010	map	2044470011	1	3	5190100	1		
2044477010	map	2044470012	1	3	5190200	1		
2044477010	map	2044470013	1	3	5190300	1		
2044477020	map	2044470020	1	1	15030	2	2	Beast Blood
2044477030	map	2044470030	1	1	15020	3	2	Lump of Flesh
2044477040	map	2044470040	1	1	1700	5	0	Throwing Dagger
2044477050	map	2044470050	1	1	10160	1	14	Somber Smithing Stone [1]
2044477900	map	2044470900	1	1	2008033	1	1	
2045417000	map	2045410000	1	1	15030	2	2	Beast Blood
2045417010	map	2045410010	1	1	2020003	3	2	Whiteflesh Mushroom
2045417020	map	2045410020	1	1	2020012	2	2	Sanguine Amaryllis
2045417030	map	2045410030	1	1	10163	1	14	Somber Smithing Stone [4]
2045417040	map	2045410040	1	1	10103	4	14	Smithing Stone [4]
2045417050	map	2045410050	1	2	51000000	10		Great Arrow
2045417700	map	2045410700	1	1	2010100	1	14	Revered Spirit Ash
2045417710	map	2045410710	1	1	2008909	1	1	
2045417800	map	2045410800	1	4	8020	1		
2045417900	map	2045410900	1	1	2008033	1	1	
2045417950	enemy	508000702	1	2	12530000	1		
2045427000	map	2045420000	1	1	10102	3	14	Smithing Stone [3]
2045427700	map	2045420700	1	1	2010000	1	14	Scadutree Fragment
2045437000	map	2045430000	1	1	2002952	1	0	Shadow Realm Rune [1]
2045437700	map	2045430700	1	5	415000	1		
2045447000	map	2045440000	1	1	2020003	3	2	Whiteflesh Mushroom
2045447010	map	2045440010	1	6	4411061	1		
2045447020	map	2045440020	1	3	5231100	1		
2045457000	map	2045450000	1	1	1730	6	0	Kukri
2045457010	map	2045450010	1	1	10904	1	14	Grave Glovewort [5]
2045457020	map	2045450020	1	1	2015010	1	2	Spirit Calculus
2045467000	map	2045460000	1	1	2015000	2	2	Beast Horn
2045467020	map	2045460020	1	1	10106	2	14	Smithing Stone [7]
2045467040	map	2045460040	1	1	2001230	1	0	Golden Horn Tender
2045467050	map	2045460050	1	1	2002958	1	0	Shadow Realm Rune [7]
2045467060	map	2045460060	1	1	10106	2	14	Smithing Stone [7]
2045467070	map	2045460070	1	3	5230100	1		
2045467080	map	2045460080	1	1	2020003	5	2	Whiteflesh Mushroom
2045467090	map	2045460090	1	1	940	2	0	Preserving Boluses
2045467500	map	2045460500	1	1	2020035	1	2	Furnace Visage
2045467900	map	2045460900	1	4	7080	1	16	Dragonmaw
2045467910	map	2045460910	1	1	2015000	2	2	Beast Horn
2045467995	enemy	508100700	1	1	2001210	5	0	Sacred Bloody Flesh
2045477010	map	2045470010	1	1	2002958	1	0	Shadow Realm Rune [7]
2045477020	map	2045470020	1	1	15060	2	2	Flight Pinion
2045477040	map	2045470040	1	1	2006660	1	16	Aspects of the Crucible: Bloom
2045477050	map	2045470050	1	1	2002951	1	0	Broken Rune
2045477060	map	2045470060	1	1	2020005	4	2	Dewgem
2045477070	map	2045470070	1	1	2020029	5	2	Rauh Burrow
2045477400	map	2045470400	1	2	23500000	1		
2045477400	map	2045470401	1	3	5310000	1		
2045477500	map	2045470500	1	2	2550000	1		Sword of Light
2045477510	map	2045470510	1	2	2550001	1		
2045477520	map	2045470520	1	2	2550002	1		
2045477530	map	2045470530	1	2	2550003	1		
2045477540	map	2045470540	1	2	2550004	1		
2045477550	map	2045470550	1	2	2550005	1		
2045477560	map	2045470560	1	2	2550006	1		
2045477570	map	2045470570	1	2	2550007	1		
2045477580	map	2045470580	1	2	2550008	1		
2045477590	map	2045470590	1	2	2550009	1		
2045477600	map	2045470600	1	2	2550010	1		
2045477700	map	2045470700	1	2	2560000	1		Sword of Darkness
2045477710	map	2045470710	1	2	2560001	1		
2045477720	map	2045470720	1	2	2560002	1		
2045477730	map	2045470730	1	2	2560003	1		
2045477740	map	2045470740	1	2	2560004	1		
2045477750	map	2045470750	1	2	2560005	1		
2045477760	map	2045470760	1	2	2560006	1		
2045477770	map	2045470770	1	2	2560007	1		
2045477780	map	2045470780	1	2	2560008	1		
2045477790	map	2045470790	1	2	2560009	1		
2045477800	map	2045470800	1	2	2560010	1		
2045477900	map	2045470900	1	2	2540000	1		Stone-Sheathed Sword
2045487000	map	2045480000	1	4	8010	1	1	Rusty Key
2046387000	map	2046380000	1	1	10070	1	1	Lost Ashes of War
2046387010	map	2046380010	1	1	2002954	1	0	Shadow Realm Rune [3]
2046387020	map	2046380020	1	1	15400	3	2	String
2046387030	map	2046380030	1	1	2020028	2	2	Spiritgrave Stone
2046387040	map	2046380040	1	1	15130	2	2	Crab Eggs
2046387050	map	2046380050	1	1	10163	1	14	Somber Smithing Stone [4]
2046387070	map	2046380070	1	1	2003140	1	0	Perfumed Oil of Ranah
2046397000	map	2046390000	1	1	10901	1	14	Grave Glovewort [2]
2046397020	map	2046390020	1	1	10909	1	14	Great Grave Glovewort
2046397030	map	2046390030	1	1	2001130	1	0	Fireproof Pickled Liver
2046397040	map	2046390040	1	1	2202000	1	7	Gravebird Ashes
2046397050	map	2046390050	1	1	10907	1	14	Grave Glovewort [8]
2046397060	map	2046390060	1	1	2020035	1	2	Furnace Visage
2046407000	map	2046400000	1	2	21510000	1		Pata
2046407001	map	2046400001	1	3	5000000	1		Estoc
2046407002	map	2046400002	1	3	5002100	1		
2046407003	map	2046400003	1	3	5000200	1		
2046407004	map	2046400004	1	3	5000300	1		
2046407040	map	2046400040	1	1	10909	1	14	Great Grave Glovewort
2046407050	map	2046400050	1	1	10916	1	14	Ghost Glovewort [7]
2046407060	map	2046400060	1	1	10918	1	14	Ghost Glovewort [9]
2046407700	map	2046400700	1	4	8000	1	1	Stonesword Key
2046427700	map	2046420700	1	1	2010000	1	14	Scadutree Fragment
2046427980	map	2046420980	1	1	2020035	1	2	Furnace Visage
2046437000	map	2046430000	1	2	53000000	5		Ballista Bolt
2046437010	map	2046430010	1	1	10070	1	1	Lost Ashes of War
2046437020	map	2046430020	1	1	2002952	1	0	Shadow Realm Rune [1]
2046437040	map	2046430040	1	1	10105	1	14	Smithing Stone [6]
2046437700	map	2046430700	1	1	2020035	1	2	Furnace Visage
2046437710	map	2046430710	1	1	2020035	1	2	Furnace Visage
2046447000	map	2046440000	1	1	2002951	1	0	Broken Rune
2046447010	map	2046440010	1	1	15100	1	2	Human Bone Shard
2046447020	map	2046440020	1	1	2015040	3	2	Fly Mold
2046447030	map	2046440030	1	4	8120	1		
2046447050	map	2046440050	1	1	2001220	1	0	Silver Horn Tender
2046447060	map	2046440060	1	1	2015040	3	2	Fly Mold
2046447070	map	2046440070	1	1	2020006	2	2	Black Pyrefly
2046447700	map	2046440700	1	1	2010100	1	14	Revered Spirit Ash
2046447710	map	2046440710	1	1	2008903	1	1	
2046447900	map	2046440900	1	1	2008033	1	1	
2046457000	map	2046450000	1	4	7030	1	16	Rotten Breath
2046457020	map	2046450020	1	2	50000000	10		Arrow
2046457030	map	2046450030	1	1	15030	3	2	Beast Blood
2046457040	map	2046450040	1	1	2010000	1	14	Scadutree Fragment
2046457050	map	2046450050	1	1	2020028	3	2	Spiritgrave Stone
2046457060	map	2046450060	1	1	10162	1	14	Somber Smithing Stone [3]
2046457070	map	2046450070	1	1	10102	2	14	Smithing Stone [3]
2046457720	map	2046450720	1	1	2010100	1	14	Revered Spirit Ash
2046457910	map	2046450910	1	4	8040	1		
2046457920	map	2046450920	1	1	2213000	1	8	Divine Bird Warrior Ornis
2046457950	enemy	524095705	1	1	2020029	4	2	Rauh Burrow
2046457950	enemy	524095706	1	1	2001220	1	0	Silver Horn Tender
2046467000	map	2046460000	1	1	2010000	1	14	Scadutree Fragment
2046467010	map	2046460010	1	1	2020002	1	2	Redflesh Mushroom
2046467020	map	2046460020	1	1	10107	4	14	Smithing Stone [8]
2046467800	map	2046460800	1	1	2008033	1	1	
2046477000	map	2046470000	1	1	1700	5	0	Throwing Dagger
2046477010	map	2046470010	1	1	2002957	1	0	Shadow Realm Rune [6]
2046477020	map	2046470020	1	1	2204000	1	7	Spider Scorpion Ashes
2046477030	map	2046470030	1	1	10200	1	14	Somber Smithing Stone [9]
2046477060	map	2046470060	1	1	2003190	1	0	Fire Spritestone
2046477070	map	2046470070	1	1	10165	1	14	Somber Smithing Stone [6]
2046477090	map	2046470090	1	1	2020005	2	2	Dewgem
2046477100	map	2046470100	1	1	15340	8	2	Thin Beast Bones
2046477120	map	2046470120	1	1	15000	2	2	Sliver of Meat
2046477130	map	2046470130	1	1	2015030	3	2	Scorpion Liver
2046477140	map	2046470140	1	1	10000	1	0	Glass Shard
2046477150	map	2046470150	1	5	200000	1	8	Black Knife Tiche
2046477160	map	2046470160	1	1	2015000	2	2	Beast Horn
2046477700	map	2047470000	1	1	10167	1	14	Somber Smithing Stone [8]
2046477720	map	2046470720	1	4	8210	1		
2046477750	map	2046470750	1	1	2010000	1	14	Scadutree Fragment
2046477950	enemy	524094734	1	1	2010100	1	14	Revered Spirit Ash
2046477950	enemy	524094735	1	1	2001220	1	0	Silver Horn Tender
2046477955	enemy	524094704	1	1	2015010	3	2	Spirit Calculus
2046477960	enemy	524094714	1	1	2010000	1	14	Scadutree Fragment
2046477960	enemy	524094715	1	1	2001230	1	0	Golden Horn Tender
2046477970	enemy	524095716	1	1	2003190	3	0	Fire Spritestone
2046487000	map	2046480000	1	1	2002956	1	0	Shadow Realm Rune [5]
2046487010	map	2046480010	1	1	2003000	1	0	Bondstone
2047357000	map	2047350000	1	1	2002952	1	0	Shadow Realm Rune [1]
2047367000	map	2047360000	1	1	10907	1	14	Grave Glovewort [8]
2047367010	map	2047360010	1	1	2020014	3	2	Deep-Purple Lily
2047377000	map	2047370000	1	1	2020003	4	2	Whiteflesh Mushroom
2047387000	map	2047380000	1	1	10906	1	14	Grave Glovewort [7]
2047387010	map	2047380010	1	1	10908	1	14	Grave Glovewort [9]
2047397000	map	2047390000	1	2	7500000	1		Spirit Sword
2047397040	map	2047390040	1	1	10908	1	14	Grave Glovewort [9]
2047397050	map	2047390050	1	1	2020021	4	2	Ghostflame Bloom
2047397070	map	2047390070	1	1	2010000	1	14	Scadutree Fragment
2047397080	map	2047390080	1	1	10908	1	14	Grave Glovewort [9]
2047397090	map	2047390090	1	1	10105	3	14	Smithing Stone [6]
2047397995	enemy	581000704	1	1	1290	1	0	Starlight Shards
2047407000	map	2047400000	1	1	10000	1	0	Glass Shard
2047407010	map	2047400010	1	1	2020006	1	2	Black Pyrefly
2047407020	map	2047400020	1	2	50000000	10		Arrow
2047407030	map	2047400030	1	1	15020	2	2	Lump of Flesh
2047407100	map	2047400100	1	1	2010000	1	14	Scadutree Fragment
2047407710	map	2047410710	1	1	2008902	1	1	
2047407900	map	2047400900	1	1	2008033	1	1	
2047407980	map	2047400980	1	6	4407062	1		
2047417000	map	2047410000	1	1	2020006	3	2	Black Pyrefly
2047417010	map	2047410010	1	1	2002953	1	0	Shadow Realm Rune [2]
2047417020	map	2047410020	1	1	150	2	0	Furlcalling Finger Remedy
2047417030	map	2047410040	1	1	2020002	5	2	Redflesh Mushroom
2047417060	map	2047410060	1	1	2020006	3	2	Black Pyrefly
2047417100	map	2047410100	1	1	15340	6	2	Thin Beast Bones
2047417110	map	2047410110	1	1	2008904	1	1	
2047417700	map	2047410700	1	1	2010100	1	14	Revered Spirit Ash
2047417800	map	2047410800	1	4	8230	1		
2047417995	enemy	524080704	1	1	2010000	1	14	Scadutree Fragment
2047417995	enemy	524080705	1	1	2001220	1	0	Silver Horn Tender
2047427000	map	2047420000	1	1	10902	1	14	Grave Glovewort [3]
2047427030	map	2047420030	1	1	10163	1	14	Somber Smithing Stone [4]
2047427040	map	2047420040	1	1	10165	1	14	Somber Smithing Stone [6]
2047427700	map	2047420700	1	6	4409058	1		
2047427950	enemy	563000704	1	1	10107	3	14	Smithing Stone [8]
2047437000	map	2047430000	1	1	10904	1	14	Grave Glovewort [5]
2047437010	map	2047430010	1	2	43510000	1		Spread Crossbow
2047437020	map	2047430020	1	1	10104	3	14	Smithing Stone [5]
2047437030	map	2047430030	1	2	16520000	1		Swift Spear
2047437040	map	2047430040	1	1	2002953	1	0	Shadow Realm Rune [2]
2047437050	map	2047430050	1	1	10163	1	14	Somber Smithing Stone [4]
2047437700	map	2047430700	1	1	2010100	1	14	Revered Spirit Ash
2047437980	map	2047430980	1	1	2003130	1	0	Horned Bairn
2047447010	map	2047440010	1	1	2020006	3	2	Black Pyrefly
2047447020	map	2047440020	1	1	10160	1	14	Somber Smithing Stone [1]
2047447030	map	2047440030	1	1	2002951	1	0	Broken Rune
2047447040	map	2047440040	1	1	2020007	3	2	Glintslab Firefly
2047447050	map	2047440050	1	1	15060	2	2	Flight Pinion
2047447060	map	2047440060	1	1	1190	1	0	Silver-Pickled Fowl Foot
2047447070	map	2047440070	1	1	10162	1	14	Somber Smithing Stone [3]
2047447080	map	2047440080	1	1	10165	1	14	Somber Smithing Stone [6]
2047447090	map	2047440090	1	1	2004310	1	5	Glintblade Trio
2047447100	map	2047440100	1	1	10161	1	14	Somber Smithing Stone [2]
2047447110	map	2047440110	1	1	2020007	1	2	Glintslab Firefly
2047447120	map	2047440120	1	1	2020005	3	2	Dewgem
2047447130	map	2047440130	1	1	10160	1	14	Somber Smithing Stone [1]
2047447140	map	2047440140	1	2	50000000	10		Arrow
2047447150	map	2047440150	1	2	52000000	10		Bolt
2047447160	map	2047440160	1	1	2002953	1	0	Shadow Realm Rune [2]
2047447170	map	2047440170	1	1	2020007	1	2	Glintslab Firefly
2047447190	map	2047440190	1	4	7090	1	16	
2047447200	map	2047440200	1	1	2001520	3	0	Drawstring Royal Magic Grease
2047447210	map	2047440210	1	1	2020004	3	2	Knot Resin
2047447600	map	2047440600	1	1	2002955	1	0	Shadow Realm Rune [4]
2047447610	map	2047440610	1	1	1290	1	0	Starlight Shards
2047447620	map	2047440620	1	1	2002953	1	0	Shadow Realm Rune [2]
2047447700	map	2047440700	1	4	8220	1		
2047447710	map	2047440710	1	1	2008027	1	12	Castle Cross Message
2047447720	map	2047440720	1	1	2010000	1	14	Scadutree Fragment
2047447730	map	2047440730	1	1	1290	1	0	Starlight Shards
2047447750	map	2047440750	1	1	2010000	1	14	Scadutree Fragment
2047447800	map	2047440800	1	2	67500000	1		Milady
2047447820	map	2047440820	1	2	2530000	1		Carian Sorcery Sword
2047447830	map	2047440830	1	2	31510000	1		Wolf Crest Shield
2047447840	map	2047440840	1	2	61500000	1		Firespark Perfume Bottle
2047447900	map	2047440900	1	1	10200	1	14	Somber Smithing Stone [9]
2047447901	map	2047440901	1	1	2001420	3	0	Royal Magic Grease
2047457000	map	2047450000	1	1	2020006	5	2	Black Pyrefly
2047457010	map	2047450010	1	1	10102	3	14	Smithing Stone [3]
2047457020	map	2047450020	1	1	10161	1	14	Somber Smithing Stone [2]
2047457040	map	2047450040	1	1	2001400	1	0	Messmerfire Grease
2047457070	map	2047450070	1	1	2020002	8	2	Redflesh Mushroom
2047457080	map	2047450080	1	2	50010000	10		Fire Arrow
2047457180	map	2047440180	1	1	10903	1	14	Grave Glovewort [4]
2047457700	map	2047450700	1	1	10107	9	14	Smithing Stone [8]
2047457800	map	2047450800	1	1	2008033	1	1	
2047457900	map	2047450900	1	2	13500000	1		Serpent Flail
2047457910	map	2047450910	1	4	8070	1		
2047457920	map	2047450920	1	1	10106	8	14	Smithing Stone [7]
2047467000	map	2047460000	1	1	190	1	0	Rune Arc
2047467010	map	2047460010	1	1	2020029	1	2	Rauh Burrow
2047467030	map	2047460030	1	1	2020029	1	2	Rauh Burrow
2047467500	map	2047460500	1	1	2010000	2	14	Scadutree Fragment
2047477000	map	2046470700	1	1	2008028	1	12	Ancient Ruins Cross Message
2047477010	map	2047470010	1	1	2001230	1	0	Golden Horn Tender
2047477020	map	2047470020	1	1	2015010	1	2	Spirit Calculus
2047477030	map	2047470030	1	1	2001210	5	0	Sacred Bloody Flesh
2047477040	map	2047470040	1	1	2020012	5	2	Sanguine Amaryllis
2047477050	map	2047470050	1	1	10106	4	14	Smithing Stone [7]
2047477070	map	2047470070	1	1	2002954	1	0	Shadow Realm Rune [3]
2047477900	map	2047470900	1	4	8090	1		
2047477950	enemy	508095202	1	2	16550000	1		
2047477995	enemy	508100710	1	1	2001210	5	0	Sacred Bloody Flesh
2048377010	map	2048370010	1	1	10908	1	14	Grave Glovewort [9]
2048377020	map	2048370020	1	1	10909	1	14	Great Grave Glovewort
2048377030	map	2048370030	1	1	10908	1	14	Grave Glovewort [9]
2048377050	map	2048370050	1	1	2010000	1	14	Scadutree Fragment
2048387000	map	2048380000	1	1	2020022	6	2	Grave Cricket
2048387010	map	2048380010	1	1	10909	1	14	Great Grave Glovewort
2048387030	map	2048380030	1	1	10909	1	14	Great Grave Glovewort
2048397000	map	2048390000	1	1	10106	4	14	Smithing Stone [7]
2048397010	map	2048390010	1	1	2020022	6	2	Grave Cricket
2048397020	map	2048390020	1	1	15100	1	2	Human Bone Shard
2048397030	map	2048390030	1	1	2003150	1	0	Call of Tibia
2048397040	map	2048390040	1	1	10906	1	14	Grave Glovewort [7]
2048397050	map	2048390050	1	1	2005000	1	5	Rings of Spectral Light
2048407000	map	2048400000	1	2	61530000	1		Lightning Perfume Bottle
2048407010	map	2048400010	1	2	18500000	1		Spirit Glaive
2048407020	map	2048400020	1	1	2020035	1	2	Furnace Visage
2048417000	map	2048410000	1	1	2003180	2	0	Fire Coil
2048417010	map	2048410010	1	1	2000900	1	0	Blessing of Marika
2048417030	map	2048410030	1	1	10101	3	14	Smithing Stone [2]
2048417700	map	2048410700	1	1	2010000	2	14	Scadutree Fragment
2048417800	map	2048410800	1	1	10140	1	14	Ancient Dragon Smithing Stone
2048417980	map	2048410980	1	2	12520000	1		Black Steel Greathammer
2048427000	map	2048420000	1	1	2001600	1	0	Festive Grease
2048427020	map	2048420020	1	3	5230200	1		
2048427900	map	2048420900	1	1	2008033	1	1	
2048437000	map	2048430000	1	1	2020014	1	2	Deep-Purple Lily
2048437010	map	2048430010	1	1	2020010	8	2	Toxic Mossling
2048437020	map	2048430020	1	1	2002952	1	0	Shadow Realm Rune [1]
2048437030	map	2048430030	1	1	10905	1	14	Grave Glovewort [6]
2048437700	map	2048430700	1	1	2010000	1	14	Scadutree Fragment
2048447000	map	2048440000	1	1	2020004	4	2	Knot Resin
2048447010	map	2048440010	1	1	2002953	1	0	Shadow Realm Rune [2]
2048447020	map	2048440020	1	1	15341	4	2	Hefty Beast Bone
2048447030	map	2048440030	1	1	15400	3	2	String
2048447040	map	2048440040	1	1	15020	2	2	Lump of Flesh
2048447050	map	2048440050	1	1	10164	1	14	Somber Smithing Stone [5]
2048447060	map	2048440060	1	1	10165	1	14	Somber Smithing Stone [6]
2048447070	map	2048440070	1	1	10163	1	14	Somber Smithing Stone [4]
2048447080	map	2048440080	1	1	10916	1	14	Ghost Glovewort [7]
2048447500	map	2048440500	1	1	2010000	1	14	Scadutree Fragment
2048447800	map	2048440800	1	1	8186	1	1	Imbued Sword Key
2048447810	map	2048440810	1	5	412000	1		
2048457000	map	2048450000	1	1	2020006	3	2	Black Pyrefly
2048457510	map	2048450510	1	1	2008029	1	12	
2048457520	map	2048450520	1	1	2010000	1	14	Scadutree Fragment
2048467010	map	2048460010	1	1	2003170	2	0	
2048467030	map	2048460030	1	1	10165	1	14	Somber Smithing Stone [6]
2048467040	map	2048460040	1	1	2020030	6	2	Ember of Messmer
2048467050	map	2048460050	1	1	2001500	1	0	Drawstring Messmerfire Grease
2048467060	map	2048460060	1	1	10102	5	14	Smithing Stone [3]
2048467090	map	2048460090	1	1	2020009	2	2	Shadow Sunflower
2048467500	map	2048460500	1	1	2002955	1	0	Shadow Realm Rune [4]
2048467510	map	2048460510	1	1	2010000	1	14	Scadutree Fragment
2048467701	map	2048460701	1	1	2020035	1	2	Furnace Visage
2048467710	map	2048460710	1	2	10510000	1		Black Steel Twinblade
2049377000	map	2049370000	1	2	50000000	10		Arrow
2049387000	map	2049380000	1	1	2001710	1	0	Dragon Communion Harpoon
2049387010	map	2049380010	1	1	2001710	1	0	Dragon Communion Harpoon
2049387020	map	2049380020	1	1	2001480	1	0	Dragon Communion Grease
2049387030	map	2049380030	1	1	2001710	1	0	Dragon Communion Harpoon
2049387060	map	2049380060	1	1	10101	6	14	Smithing Stone [2]
2049397000	map	2049390000	1	1	2020032	3	2	Red Fulgurbloom
2049427000	map	2049420000	1	4	8170	1		
2049427010	map	2049420010	1	1	10166	1	14	Somber Smithing Stone [7]
2049427700	map	2049420700	1	1	2020017	1	2	Swollen Grape
2049427720	map	2049420720	1	1	2020017	1	2	Swollen Grape
2049437000	map	2049430000	1	2	43500000	1		Repeating Crossbow
2049437200	map	2049430200	1	1	190	1	0	Rune Arc
2049437210	map	2049430210	1	1	2020031	1	2	Blessed Bone Shard
2049437220	map	2049430220	1	1	2002951	1	0	Broken Rune
2049437230	map	2049430230	1	1	2207000	1	7	Messmer Soldier Ashes
2049437240	map	2049430240	1	1	2020004	6	2	Knot Resin
2049437250	map	2049430250	1	1	2002960	1	0	
2049437260	map	2049430260	1	1	2002951	1	0	Broken Rune
2049437270	map	2049430270	1	4	7100	1		
2049437280	map	2049430280	1	1	2020028	3	2	Spiritgrave Stone
2049437290	map	2049430290	1	1	2020005	3	2	Dewgem
2049437300	map	2049430300	1	1	2001130	1	0	Fireproof Pickled Liver
2049437310	map	2049430310	1	1	2020031	1	2	Blessed Bone Shard
2049437320	map	2049430320	1	1	2002951	1	0	Broken Rune
2049437330	map	2049430330	1	1	10910	1	14	Ghost Glovewort [1]
2049437340	map	2049430340	1	1	2002951	1	0	Broken Rune
2049437350	map	2049430350	1	1	2020002	5	2	Redflesh Mushroom
2049437360	map	2049430360	1	1	1700	8	0	Throwing Dagger
2049437370	map	2049430370	1	1	2002955	1	0	Shadow Realm Rune [4]
2049437380	map	2049430380	1	1	2001600	2	0	Festive Grease
2049437500	map	2049430500	1	1	10105	8	14	Smithing Stone [6]
2049437520	map	2049430520	1	1	10107	4	14	Smithing Stone [8]
2049437600	map	2049430600	1	1	10104	7	14	Smithing Stone [5]
2049437610	map	2049430610	1	1	2001130	1	0	Fireproof Pickled Liver
2049437620	map	2049430620	1	1	2000900	1	0	Blessing of Marika
2049437900	enemy	597000700	1	1	2002951	5	0	Broken Rune
2049437900	enemy	597000701	1	1	2002953	1	0	Shadow Realm Rune [2]
2049437900	enemy	597000702	1	1	2002954	1	0	Shadow Realm Rune [3]
2049437900	map	2049430900	1	1	2002951	5	0	Broken Rune
2049437901	map	2049430901	1	1	2002953	1	0	Shadow Realm Rune [2]
2049437902	map	2049430902	1	1	2002954	1	0	Shadow Realm Rune [3]
2049437910	enemy	597000710	1	1	2002951	4	0	Broken Rune
2049437910	enemy	597000711	1	1	2002952	2	0	Shadow Realm Rune [1]
2049437910	enemy	597000712	1	1	2002955	1	0	Shadow Realm Rune [4]
2049437910	map	2049430910	1	1	2002951	5	0	Broken Rune
2049437911	map	2049430911	1	1	2002953	1	0	Shadow Realm Rune [2]
2049437912	map	2049430912	1	1	2002954	1	0	Shadow Realm Rune [3]
2049437920	enemy	598000700	1	1	2020031	3	2	Blessed Bone Shard
2049437920	map	2049430920	1	1	2020031	3	2	Blessed Bone Shard
2049437930	enemy	598000710	1	1	2020031	4	2	Blessed Bone Shard
2049437930	map	2049430930	1	1	2020031	4	2	Blessed Bone Shard
2049437940	enemy	598000720	1	1	2002130	1	0	Iris of Occultation
2049437940	map	2049430940	1	1	2002130	1	0	Iris of Occultation
2049440990	enemy	524090704	1	1	2010000	1	14	Scadutree Fragment
2049440990	enemy	524090705	1	1	2001230	1	0	Golden Horn Tender
2049447020	map	2049440020	1	1	2020009	4	2	Shadow Sunflower
2049447030	map	2049440030	1	1	15400	2	2	String
2049447040	map	2049440040	1	1	2002954	1	0	Shadow Realm Rune [3]
2049447050	map	2049440050	1	1	2001230	1	0	Golden Horn Tender
2049447060	map	2049440060	1	1	2020003	3	2	Whiteflesh Mushroom
2049447070	map	2049440070	1	1	10100	4	14	Smithing Stone [1]
2049447090	map	2049440090	1	4	8030	1		
2049447500	map	2049440500	1	1	2010100	1	14	Revered Spirit Ash
2049447530	map	2049440530	1	1	2010000	1	14	Scadutree Fragment
2049447900	map	2049440900	1	1	2007700	1	16	Golden Arcs
2049457000	map	2049450000	1	1	2020009	2	2	Shadow Sunflower
2049457010	map	2049450010	1	1	2002954	1	0	Shadow Realm Rune [3]
2049457050	map	2049450050	1	1	15080	1	2	Four-Toed Fowl Foot
2049457200	map	2049450200	1	3	5191000	1		
2049457200	map	2049450201	1	3	5191100	1		
2049457200	map	2049450202	1	3	5190200	1		
2049457200	map	2049450203	1	3	5190300	1		
2049457500	map	2049450500	1	1	2006400	1	18	Heal from Afar
2049457510	map	2049450510	1	1	2010000	1	14	Scadutree Fragment
2049467010	map	2049460010	1	3	5230300	1		
2049467510	map	2049460510	1	1	2020035	1	2	Furnace Visage
2049467520	map	2049460520	1	1	2020035	1	2	Furnace Visage
2049467530	map	2049460530	1	1	2020035	1	2	Furnace Visage
2049467540	map	2049460540	1	1	2020035	1	2	Furnace Visage
2049467550	map	2049460550	1	1	2020035	1	2	Furnace Visage
2049467560	map	2049460560	1	1	2020035	1	2	Furnace Visage
2049467570	map	2049460570	1	1	2020035	1	2	Furnace Visage
2049467580	map	2049460580	1	1	2020035	1	2	Furnace Visage
2049467590	map	2049460590	1	1	2020035	1	2	Furnace Visage
2049467600	map	2049460600	1	1	2020035	1	2	Furnace Visage
2049467900	map	2049460900	1	1	2008033	1	1	
2049477000	map	2049470000	1	1	2008025	1	12	
2049477500	map	2049470500	1	1	2020035	1	2	Furnace Visage
2049477510	map	2049470510	1	1	2020035	1	2	Furnace Visage
2049487000	map	2049480000	1	1	2010000	1	14	Scadutree Fragment
2049490900	enemy	621000707	1	3	3010300	1		
2049490900	enemy	621000708	1	1	15420	1	2	Albinauric Bloodclot
2049497500	map	2049490500	1	1	2010000	1	14	Scadutree Fragment
2049497510	map	2049490510	1	4	8150	1	1	
2049497520	map	2049490520	1	1	2010000	1	14	Scadutree Fragment
2049497530	map	2049490530	1	1	2010000	1	14	Scadutree Fragment
2049497540	map	2049490540	1	1	2010000	1	14	Scadutree Fragment
2049497550	map	2049490550	1	1	2010000	1	14	Scadutree Fragment
2050387000	map	2050380000	1	1	2002953	1	0	Shadow Realm Rune [2]
2050387010	map	2050380010	1	1	10908	1	14	Grave Glovewort [9]
2050407000	map	2050400000	1	4	7140	1		
2050417010	map	2050410010	1	1	960	3	0	Clarifying Boluses
2050417700	map	2050410700	1	1	2020017	1	2	Swollen Grape
2050427700	map	2050420700	1	1	2020017	1	2	Swollen Grape
2050437000	map	2050430000	1	1	2001220	1	0	Silver Horn Tender
2050437010	map	2050430010	1	1	2010000	1	14	Scadutree Fragment
2050437040	map	2050430040	1	1	10106	2	14	Smithing Stone [7]
2050437220	map	2050430220	1	1	10105	8	14	Smithing Stone [6]
2050437500	map	2050430500	1	1	2010000	1	14	Scadutree Fragment
2050437720	map	2050430720	1	1	2010100	1	14	Revered Spirit Ash
2050447000	map	2050440000	1	1	10102	2	14	Smithing Stone [3]
2050447010	map	2050440010	1	1	2002955	1	0	Shadow Realm Rune [4]
2050447020	map	2050440020	1	1	15410	3	2	Living Jar Shard
2050447030	map	2050440030	1	1	15410	2	2	Living Jar Shard
2050447040	map	2050440040	1	1	1235	1	0	Raw Meat Dumpling
2050447050	map	2050440050	1	2	15510000	1		Bonny Butchering Knife
2050447060	map	2050440060	1	1	15100	2	2	Human Bone Shard
2050447070	map	2050440070	1	1	10000	1	0	Glass Shard
2050447090	map	2050440090	1	1	2002951	1	0	Broken Rune
2050447100	map	2050440100	1	1	1730	5	0	Kukri
2050447120	map	2050440120	1	1	15100	1	2	Human Bone Shard
2050447140	map	2050440140	1	1	2001230	1	0	Golden Horn Tender
2050447500	map	2050440500	1	1	2010100	1	14	Revered Spirit Ash
2050447710	map	2050440710	1	1	2211000	1	7	Man-Fly Ashes
2050447720	map	2050440720	1	3	3000100	1		
2050447720	map	2050440721	1	3	3000200	1		
2050447720	map	2050440722	1	3	3000300	1		
2050447730	map	2050440730	1	1	2008906	1	1	
2050447740	map	2050440740	1	1	10167	1	14	Somber Smithing Stone [8]
2050457000	map	2050450000	1	1	15340	6	2	Thin Beast Bones
2050457020	map	2050450720	1	2	34500000	1		Dryleaf Seal
2050457060	map	2050450060	1	1	2015040	4	2	Fly Mold
2050457080	map	2050450080	1	1	10166	1	14	Somber Smithing Stone [7]
2050457510	map	2050450510	1	1	2009004	1	0	O Mother
2050457730	map	2050450730	1	1	2010000	1	14	Scadutree Fragment
2050467000	map	2050460000	1	1	10107	3	14	Smithing Stone [8]
2050467020	map	2050460020	1	1	10070	1	1	Lost Ashes of War
2050467030	map	2050460030	1	1	2020030	5	2	Ember of Messmer
2050467040	map	2050460040	1	1	2020003	3	2	Whiteflesh Mushroom
2050467500	map	2050460500	1	1	2020035	1	2	Furnace Visage
2050467510	map	2050460510	1	1	2020035	1	2	Furnace Visage
2050467700	map	2050460700	1	1	2010100	1	14	Revered Spirit Ash
2050467710	map	2050460710	1	1	2020035	1	2	Furnace Visage
2050467720	map	2050460720	1	1	2020035	1	2	Furnace Visage
2050467730	map	2050460730	1	1	2020035	1	2	Furnace Visage
2050467800	map	2050460800	1	1	2008033	1	1	
2050467900	map	2050460900	1	2	2540000	1		Stone-Sheathed Sword
2050467910	map	2050460910	1	1	2007710	1	16	Giant Golden Arc
2050477010	map	2050470010	1	1	10905	1	14	Grave Glovewort [6]
2050477020	map	2050470020	1	1	2020031	1	2	Blessed Bone Shard
2051417000	map	2051410000	1	1	10916	1	14	Ghost Glovewort [7]
2051417700	map	2051410700	1	4	8060	1		
2051417710	map	2051410710	1	1	2020017	1	2	Swollen Grape
2051427000	map	2051420000	1	1	2002958	1	0	Shadow Realm Rune [7]
2051447000	map	2051440000	1	2	20500000	1		Tooth Whip
2051447010	map	2051440010	1	1	20800	2	2	Nascent Butterfly
2051447020	map	2051440020	1	1	10100	6	14	Smithing Stone [1]
2051447030	map	2051440030	1	1	2015040	3	2	Fly Mold
2051447040	map	2051440040	1	1	2015030	4	2	Scorpion Liver
2051447500	map	2051440500	1	1	2010000	1	14	Scadutree Fragment
2051447510	map	2051440510	1	1	2010000	1	14	Scadutree Fragment
2051457000	map	2051450000	1	1	2003200	2	0	Glinting Nail
2051457530	map	2051450530	1	1	1290	1	0	Starlight Shards
2051457700	map	2051450700	1	1	2020035	1	2	Furnace Visage
2051467020	map	2051460020	1	1	2008908	1	1	
2051467500	map	2051460500	1	1	2008905	1	1	
2051467900	map	2051460900	1	2	44500000	1		
2051477010	map	2051470010	1	1	2020009	3	2	Shadow Sunflower
2051477020	map	2051470020	1	1	2015020	1	2	Pearlescent Scale
2051477030	map	2051470030	1	1	2001110	2	0	Fingerprint Nostrum
2051477500	map	2051470500	1	1	2006670	1	18	Minor Erdtree
2051477510	map	2051470510	1	4	7120	1		
2052407010	map	2052400010	1	1	10165	1	14	Somber Smithing Stone [6]
2052417000	map	2052410000	1	1	2002958	1	0	Shadow Realm Rune [7]
2052417010	map	2052410010	1	1	960	1	0	Clarifying Boluses
2052427500	map	2052420500	1	2	21530000	1		Madding Hand
2053397000	map	2054390000	1	1	10140	1	14	Ancient Dragon Smithing Stone
2053397010	map	2053390010	1	1	10168	1	14	Somber Ancient Dragon Smithing Stone
2053397020	map	2053390020	1	1	2010000	1	14	Scadutree Fragment
2053407000	map	2053400000	1	1	2020032	8	2	Red Fulgurbloom
2053417000	map	2053410000	1	2	61520000	1		Frenzyflame Perfume Bottle
2053417020	map	2053410020	1	1	960	2	0	Clarifying Boluses
2053417500	map	2053410500	1	1	2010000	2	14	Scadutree Fragment
2053467600	map	2053460600	1	4	7150	1		
2053487000	map	2053480000	1	1	2217000	1	7	Fingercreeper Ashes
2053487010	map	2053480010	1	1	2002957	1	0	Shadow Realm Rune [6]
