# maps=all sources=enemy,event,treasure
flag	map_id	item_lot_id	treasure_name	source
114	m14_00	14000960	宝箱006	treasure
171	m10_00	10010	trigflag9101	event
191	m34_10	34100500	common90005110	event
192	m34_13	34130050	common90005110	event
193	m34_14	34140700	common90005110	event
194	m34_12	34120500	common90005110	event
195	m34_14	34140710	common90005110	event
196	m34_15	34150000	common90005110	event
197	m14_00	10180	trigflag9118	event
9500	m11_05	4900	common90005750	event
9502	m12_03	103350	common90005750	event
9502	m12_03	4910	宝死体080 エルデンリングのパーツ（死）	treasure
9504	m35_00	4920	アイテム光000 エルデンリングのかけら	treasure
60000	m18_00	2000	award	event
60020	m60_46_38	1046380300	エリクサー水盆：000	treasure
60110	m60_42_36	103900	common90005750	event
60130	m60_42_37	1042371010	宝箱001 遺跡1-4	treasure
60210	m10_01	10010000	宝死体000	treasure
60220	m18_00	18000080	宝死体008：エレベータ前	treasure
60240	m60_42_40	1042400000	宝死体000：闘技場前	treasure
60260	m16_00	16000720	アイテム光00	treasure
60300	m11_10	11100800	common90005792	event
60400	m60_45_33	1045330100	宝箱000：魔術師の塔_下	treasure
60410	m60_34_43	1034430100	宝箱000：魔術師の塔	treasure
60420	m60_35_47	1035470100	宝箱000：魔術師の塔2-2	treasure
60430	m60_34_50	1034500100	宝箱000：魔術師の塔2-3	treasure
60440	m14_00	10170	trigflag9117	event
60450	m60_37_53	30395	common90005860	event
60460	m60_52_41	1052410900	宝箱000	treasure
60510	m10_00	10000	trigflag9100	event
60510	m11_00	10000	trigflag9100	event
60520	m11_00	10050	trigflag9105	event
62010	m60_42_37	1042370200	objAct 地図票アイテム	treasure
62011	m60_44_32	1044320000	OBJ用宝箱情報 地図取得	treasure
62012	m60_45_37	1045370020	OBJ用宝箱情報 地図取得	treasure
62020	m60_38_41	1038410200	OBJ用宝箱情報 地図石碑	treasure
62021	m60_37_44	1037440210	OBJ用宝箱情報 地図石碑	treasure
62022	m60_34_48	1034480200	OBJ用宝箱情報 地図石碑	treasure
62030	m60_40_52	1040520500	OBJ用宝箱情報 地図取得	treasure
62031	m60_42_51	1042510500	OBJ用宝箱情報 地図取得	treasure
62032	m60_36_54	1036540500	OBJ用宝箱情報 地図取得	treasure
62040	m60_49_37	1049370500	宝OBJ用情報005 地図取得	treasure
62041	m60_49_40	1049400500	OBJ用宝箱情報 地図取得	treasure
62050	m60_49_53	1049530700	地図石碑000：地図断片1_遺跡5-1手前	treasure
62051	m60_52_54	1052540700	その他000：地図断片2_巨人墓場入り口	treasure
62052	m60_48_56	1048560700	地図石碑000：地図断片3_下層中央地帯	treasure
62060	m12_01	12010000	宝死体000 地図	treasure
62061	m12_01	12010010	宝死体001 地図	treasure
62062	m12_05	12050000	宝死体000 地図	treasure
62063	m12_02	12020060	宝死体006 地図	treasure
62064	m12_03	12030000	宝死体000 地図 マリカ遺跡 東屋	treasure
62080	m61_47_41	2047410900	ObjAct 地図 遺跡南道路	treasure
62081	m61_48_45	2048450500	地図石碑	treasure
62082	m61_48_37	2048370040	地図断片	treasure
62083	m61_46_45	2046450710	アイテム光001	treasure
62084	m61_52_41	2052410600	地図ポイント	treasure
65030	m60_44_53	1044530200	エリクサー 大樹3-2	treasure
65040	m60_33_43	30205	common90005860	event
65050	m60_52_56	30525	common90005860	event
65060	m60_41_53	30320	common90005860	event
65090	m60_43_33	30185	common90005860	event
65100	m60_47_40	30410	common90005860	event
65110	m60_51_40	30415	common90005860	event
65120	m60_44_53	1044530210	エリクサー 大墓地最奥	treasure
65130	m60_50_57	30555	common90005860	event
65140	m60_45_37	1045370300	エリクサー水盆：000 小世界樹の麓	treasure
65150	m60_49_37	1049370000	OBJ用宝箱情報　エリクサー水盆	treasure
65180	m60_37_54	30380	common90005860	event
65200	m60_52_54	1052540790	その他009：エリクサー水盆	treasure
65210	m60_42_39	1042390000	OBJ用宝箱情報 エリクサー水盆	treasure
65220	m60_36_42	1036420000	OBJ用宝箱情報 エリクサー水盆	treasure
65220	m60_36_42	1036420000	宝死体000：大結晶前	treasure
65230	m60_35_49	1035490000	エリクサー水盆：000 湖砦下	treasure
65240	m60_43_34	1043340020	OBJ用宝箱情報 エリクサー水盆	treasure
65270	m60_39_52	101620	common90005792	event
65290	m60_38_48	30200	common90005860	event
65410	m61_48_46	2048460700	common90005301	event
65610	m10_00	10000420	【宝死体】 42	treasure
65640	m60_51_36	1051360070	宝死体007	treasure
65660	m11_00	11001010	award	event
65660	m11_00	11001010	宝死体 城館2階 鍛冶屋 種火 ※アイテム光に変更	treasure
65680	m14_00	14000500	宝死体050	treasure
65720	m12_02	12020010	宝死体001 儀式場祭壇	treasure
66000	m31_03	31030020	宝死体002	treasure
66010	m10_00	10000770	【宝死体】 77 →壷系 アイテム光に修正【day1変更】	treasure
66020	m10_00	10000775	【宝死体】 壷系 アイテム光追加【day1追加】	treasure
66080	m60_39_44	1039440100	アイテム光000	treasure
66090	m60_39_44	1039440110	アイテム光001	treasure
66100	m60_39_44	1039440120	アイテム光002	treasure
66110	m60_35_50	1035500400	アイテム光001	treasure
66120	m14_00	14000780	宝 アイテム光  庭園 講堂側 壷系【day1追加】	treasure
66120	m14_00	14000780	宝死体078	treasure
66130	m11_00	11000560	宝死体056	treasure
66140	m30_13	30130100	アイテム光　空壺1	treasure
66150	m30_13	30130110	アイテム光　空壺2	treasure
66160	m30_13	30130120	アイテム光　空壺3	treasure
66170	m30_13	30130130	アイテム光　空壺4	treasure
66190	m60_47_40	1047400010	宝光001	treasure
66400	m30_18	30180040	アイテム光　壺	treasure
66410	m14_00	14000900	宝箱000	treasure
66420	m60_37_42	1037420100	宝死体004	treasure
66430	m60_39_44	1039440130	アイテム光003	treasure
66440	m60_39_44	1039440140	アイテム光004	treasure
66470	m30_13	30130140	アイテム光　上位空壺2	treasure
66480	m30_13	30130150	アイテム光　上位空壺1	treasure
66490	m35_00	35000610	宝死体061	treasure
66700	m16_00	16000110	宝死体011	treasure
66710	m11_00	11000130	宝死体013　→調香詰所の宝箱004に変更	treasure
66720	m11_00	11000470	宝死体047	treasure
66730	m60_36_51	1036510020	宝死体002 調香瓶アイテム光	treasure
66740	m60_36_52	1036520070	宝死体007 調香瓶アイテム光	treasure
66760	m60_39_51	1039510000	宝死体000 忌み子野営地	treasure
66770	m60_39_54	1039540040	宝死体04	treasure
66780	m31_18	31180000	宝箱000	treasure
66790	m60_48_38	1048380010	宝死体001	treasure
66900	m41_00	41000140	宝箱000（宝死体014枠）	treasure
66910	m41_00	41000220	宝死体022	treasure
66920	m41_00	41000230	宝死体023	treasure
66930	m41_01	41010000	宝死体000	treasure
66940	m41_02	41020310	宝死体031	treasure
66950	m61_47_41	2047410030	宝死体003 ※000と入れ替え	treasure
66960	m61_50_44	2050440130	宝死体013	treasure
66970	m61_50_44	2050440110	宝死体011	treasure
66980	m21_02	21020060	宝死体006	treasure
66990	m61_47_37	2047370010	common90005301	event
67020	m60_46_36	1046360020	宝死体002：海辺の塔1-1	treasure
67030	m10_00	10000480	【宝死体】 48	treasure
67050	m60_40_39	1040390000	宝死体000	treasure
67060	m60_35_44	1035440200	宝死体001：教会2-3	treasure
67070	m60_41_53	1041530050	宝死体005 遺跡①レシピ	treasure
67090	m60_49_54	1049540800	アイテム光000：ブリザードエリア	treasure
67120	m16_00	16000090	宝死体009	treasure
67130	m16_00	16000450	宝死体045	treasure
67200	m60_43_38	1043380000	宝死体000:北の傭兵の野営地	treasure
67250	m60_35_54	1035540030	宝死体　鍵部屋	treasure
67260	m60_51_36	1051360010	宝死体001：広場横倉庫	treasure
67300	m12_02	12020130	宝死体013	treasure
67310	m60_51_36	1051360120	宝死体012	treasure
67400	m60_36_44	1036440100	宝箱000：水没都市中央	treasure
67410	m60_38_40	1038400010	宝死体001 野営地	treasure
67420	m14_00	14000950	宝箱005	treasure
67430	m30_00	30000030	宝死体 スケルトン部屋	treasure
67440	m60_49_56	1049560360	貴人_宝死体006：魔術師の塔5-2付近	treasure
67450	m60_38_41	1038410000	宝死体000： 遺跡2-3	treasure
67460	m60_35_50	1035500040	宝死体004	treasure
67480	m60_38_42	1038420100	宝箱000：塔2-1	treasure
67630	m12_02	12020020	宝死体002 ガーゴイルボス部屋前	treasure
67640	m60_43_50	1043500030	宝死体003 教会3-3入り口	treasure
67650	m60_46_40	1046400030	宝死体003	treasure
67800	m60_45_37	1045370030	宝死体002	treasure
67840	m60_36_51	1036510010	宝死体001 調香遺跡宝箱	treasure
67850	m60_39_54	1039540190	宝死体19	treasure
67860	m30_13	30130010	宝死体 B層トラップハウス内	treasure
67870	m60_46_40	1046400050	宝死体005	treasure
67880	m31_02	31020040	宝死体004	treasure
67890	m12_01	12010020	宝死体002 大毒沼小部屋	treasure
67890	m12_01	12010020	宝箱002 大毒沼小部屋	treasure
67910	m12_05	12050050	宝死体005	treasure
68000	m30_07	30070000	宝死体 鉄格子奥A	treasure
68020	m13_00	13000650	宝死体065	treasure
68030	m60_48_36	1048360000	宝死体000	treasure
68200	m60_45_38	1045380010	宝死体001	treasure
68400	m60_38_48	1038480000	宝死体000：混沌の村家	treasure
68410	m35_00	35000800	宝死体 レシピ	treasure
68570	m61_54_40	2054400000	宝死体000　ユニーク	treasure
68580	m61_51_46	2051460010	宝死体001	treasure
68590	m61_47_41	2047410050	宝死体005	treasure
68600	m61_51_45	2051450010	宝死体001	treasure
68610	m61_46_40	2046400010	宝死体001	treasure
68620	m61_47_42	2047420020	宝死体002	treasure
68630	m61_49_43	2049430400	宝死体040　平原前半毒沼	treasure
68640	m61_44_46	2044460100	宝死体010	treasure
68650	m61_46_44	2046440040	宝死体004	treasure
68660	m41_00	41000240	宝死体024	treasure
68670	m61_50_41	2050410000	宝死体000 終端	treasure
68680	m61_44_47	2045480700	アイテム光000	treasure
68680	m61_45_48	2045480700	アイテム光000	treasure
68690	m61_47_45	2047450030	宝死体003	treasure
68700	m42_00	42000120	宝死体002	treasure
68710	m61_47_39	2047390030	宝死体003	treasure
68720	m61_51_41	2051410010	宝死体001　ドラゴン山　ユニーク	treasure
68730	m61_46_43	2046430030	宝死体003	treasure
68740	m40_00	40000010	宝死体001	treasure
68750	m61_48_42	2048420010	宝死体001	treasure
68760	m61_48_37	2048370060	宝死体006	treasure
68770	m61_49_44	2049440000	宝死体000	treasure
68780	m40_01	40010900	宝箱000	treasure
68790	m61_47_44	2047440810	宝箱001　街道砦　城門前部屋	treasure
68800	m21_00	21000660	宝死体066	treasure
68810	m61_49_39	2049390010	宝死体001	treasure
68820	m61_49_43	2049430510	宝箱001	treasure
68840	m22_00	22000010	アイテム光001	treasure
68850	m61_49_38	2049380040	宝死体004	treasure
68870	m61_48_38	2048380020	common90005301	event
68880	m28_00	28000060	宝死体006	treasure
68890	m61_48_46	2048460020	宝死体002	treasure
68900	m61_47_44	2047440000	宝死体000	treasure
68900	m61_47_44	2047440000	宝死体000 野営地 左側テント	treasure
68920	m61_49_38	2049380050	宝死体005	treasure
68930	m21_02	21020030	宝死体003	treasure
68940	m61_46_38	2046380060	宝死体006　ユニーク	treasure
68950	m61_47_35	2047350010	宝死体001	treasure
69740	m35_00	35000070	宝死体テント下②	treasure
69760	m60_38_48	1038480040	アイテム光004	treasure
400033	m10_01	100330	award	event
400033	m60_37_49	100330	award	event
400036	m60_35_44	110301	c0000_9001	enemy
400036	m60_42_36	110301	c0000_9000	enemy
400037	m12_05	100360	common90005750	event
400037	m12_05	110300	c0000_9009	enemy
400049	m60_42_36	110410	c3200_9000	enemy
400051	m10_00	110500	c3665_9001	enemy
400051	m10_00	110500	c3665_9002	enemy
400051	m10_00	110500	c3665_9003	enemy
400051	m10_00	110500	c3665_9004	enemy
400051	m10_00	110500	c3665_9005	enemy
400051	m10_00	110500	c3665_9006	enemy
400051	m10_00	110500	c3665_9007	enemy
400061	m60_33_44	100610	common90005792	event
400061	m60_43_31	110620	common90005750	event
400061	m60_45_34	110620	common90005750	event
400069	m60_43_31	110600	c0000_9010	enemy
400069	m60_45_34	110610	c0000_9002	enemy
400071	m16_00	100710	common90005750	event
400072	m16_00	100725	common90005750	event
400073	m16_00	100730	common90005750	event
400074	m16_00	100740	common90005750	event
400075	m16_00	100750	common90005750	event
400076	m16_00	100760	common90005750	event
400077	m16_00	100770	common90005750	event
400078	m16_00	100780	common90005750	event
400080	m60_45_34	110800	c0000_9000	enemy
400089	m35_00	100890	common90005750	event
400089	m35_00	110810	c0000_9000	enemy
400089	m60_36_49	110810	c0000_9010	enemy
400089	m60_38_41	110810	c0000_9010	enemy
400089	m60_38_43	110810	c0000_9001	enemy
400089	m60_39_40	110810	c0000_9001	enemy
400089	m60_45_34	110810	c0000_9001	enemy
400091	m16_00	100910	common90005750	event
400091	m16_00	100911	common90005750	event
400091	m16_00	110910	c0000_9026	enemy
400106	m14_00	101060	award	event
400106	m60_34_50	111000	c0000_9005	enemy
400107	m14_00	101070	common90005750	event
400130	m60_35_42	111300	c3670_9000	enemy
400148	m60_34_50	101480	common90005750	event
400149	m60_35_50	101490	common90005750	event
400149	m60_35_50	101495	common90005750	event
400158	m60_34_50	111500	c2010_9001	enemy
400163	m60_35_46	111600	c0000_9010	enemy
400163	m60_39_52	101630	common90005750	event
400163	m60_39_52	111600	c0000_9000	enemy
400163	m60_43_35	111600	c0000_9002	enemy
400163	m60_44_38	111600	c0000_9000	enemy
400164	m60_49_53	111610	c0000_9002	enemy
400174	m13_00	101740	award	event
400175	m13_00	111700	c4490_9000	enemy
400175	m32_07	111700	c4490_9000	enemy
400175	m60_35_53	111700	c4490_9000	enemy
400175	m60_39_44	111700	c4490_9000	enemy
400175	m60_43_39	111700	c4490_9000	enemy
400175	m60_51_36	111700	c4490_9000	enemy
400175	m60_52_38	111700	c4490_9002	enemy
400183	m31_00	101830	award	event
400189	m16_00	111800	c0000_9020	enemy
400189	m31_00	111800	c0000_9000	enemy
400189	m31_00	111800	c0000_9001	enemy
400189	m31_00	111800	c0000_9002	enemy
400189	m31_00	111800	c0000_9003	enemy
400189	m60_37_42	111800	c0000_9002	enemy
400189	m60_37_54	111800	c0000_9000	enemy
400189	m60_37_54	111800	c0000_9002	enemy
400189	m60_39_54	111810	c0000_9003	enemy
400191	m60_41_38	101910	common90005750	event
400209	m60_37_46	112000	c6091_9000	enemy
400220	m10_00	112200	c0000_9030	enemy
400220	m60_45_38	112200	c0000_9000	enemy
400220	m60_46_36	112200	c0000_9000	enemy
400239	m60_51_43	112300	c2110_9000	enemy
400240	m60_34_49	102400	common90005750	event
400291	m16_00	102910	common90005750	event
400292	m13_00	102920	common90005792	event
400299	m60_42_38	112900	c0000_9000	enemy
400300	m60_36_43	113000	c0000_9000	enemy
400300	m60_44_52	113000	c0000_9000	enemy
400308	m60_44_52	113010	common90005750	event
400312	m60_50_38	103120	common90005750	event
400321	m15_00	103210	common90005750	event
400321	m15_00	113210	c0000_9018	enemy
400323	m15_00	103220	award	event
400323	m15_00	113200	c0000_9015	enemy
400323	m60_42_55	113200	c0000_9001	enemy
400323	m60_51_56	113200	c0000_9001	enemy
400324	m15_00	103240	award	event
400339	m12_03	113300	common90005750	event
400348	m12_02	113410	c0000_9027	enemy
400348	m12_03	103410	common90005750	event
400348	m12_03	113420	c0000_9016	enemy
400349	m11_10	103400	common90005750	event
400349	m11_10	113400	c0000_9016	enemy
400349	m60_44_39	113400	c0000_9000	enemy
400349	m60_45_39	113400	c0000_9000	enemy
400358	m11_10	103580	common90005750	event
400359	m11_10	103590	common90005750	event
400360	m14_00	103600	common90005750	event
400360	m60_39_39	113600	c0000_9000	enemy
400370	m11_00	113700	c0000_9025	enemy
400370	m11_05	113700	c0000_9030	enemy
400370	m11_10	113700	c0000_9023	enemy
400370	m60_40_52	113700	c0000_9001	enemy
400370	m60_40_54	113700	c0000_9001	enemy
400370	m60_51_56	113700	c0000_9002	enemy
400381	m11_10	113820	c0000_9019	enemy
400381	m11_10	113820	c0000_9027	enemy
400381	m35_00	113820	c0000_9002	enemy
400381	m35_00	113820	c0000_9003	enemy
400381	m35_00	113820	common90005750	event
400381	m60_34_50	113820	c0000_9014	enemy
400381	m60_45_52	113800	common90005792	event
400382	m35_00	103820	common90005750	event
400393	m60_35_42	103930	common90005750	event
400394	m12_01	103940	common90005750	event
400401	m14_00	104010	award	event
400401	m14_00	114000	c0000_9032	enemy
400401	m60_41_33	114000	c0000_9002	enemy
400401	m60_51_36	114000	c0000_9005	enemy
400401	m60_51_36	114000	c0000_9006	enemy
400410	m60_36_41	104100	common90005750	event
400411	m60_47_58	104110	common90005750	event
400412	m60_36_41	114100	c3170_9000	enemy
400421	m10_00	114210	c0000_9035	enemy
400421	m10_00	114210	c0000_9036	enemy
400421	m11_10	114210	c0000_9028	enemy
400421	m11_10	114210	c0000_9029	enemy
400421	m60_34_42	114210	c0000_9010	enemy
400431	m31_11	114310	c3720_9000	enemy
400441	m60_37_53	114410	c3710_9000	enemy
400451	m11_10	114500	c0000_9013	enemy
400451	m11_10	114500	c0000_9014	enemy
400451	m16_00	114500	c0000_9022	enemy
400451	m60_37_44	114500	c0000_9000	enemy
400451	m60_39_44	104510	c0000_9001	enemy
400451	m60_39_44	114500	c0000_9000	enemy
400460	m60_39_44	104600	common90005750	event
400480	m15_00	104800	common90005774	event
400490	m11_10	104900	common90005750	event
400500	m11_05	105000	common90005750	event
400510	m60_40_53	105100	common90005774	event
400590	m61_48_45	105900	award	event
400592	m61_48_45	105910	award	event
400594	m21_00	105920	common90005776	event
400595	m21_01	105930	common90005776	event
400598	m20_01	105940	common90005750	event
400602	m20_01	106010	common90005750	event
400602	m20_01	116000	c0000_9019	enemy
400602	m21_01	116000	c0000_9023	enemy
400602	m61_46_42	106010	common90005750	event
400602	m61_46_42	116000	c0000_9002	enemy
400614	m20_01	116100	common90005750	event
400614	m21_00	116100	common90005776	event
400614	m61_44_46	116100	common90005774	event
400620	m21_01	106200	common90005750	event
400622	m21_01	106210	common90005750	event
400624	m20_01	106220	common90005750	event
400625	m21_01	106230	common90005750	event
400632	m22_00	106310	common90005774	event
400634	m20_01	106320	common90005750	event
400644	m20_01	116400	c0000_9017	enemy
400644	m20_01	116400	common90005750	event
400644	m61_45_42	106420	common90005750	event
400644	m61_45_42	116400	c0000_9002	enemy
400644	m61_47_46	106420	common90005750	event
400645	m61_45_41	116401	common90005774	event
400645	m61_47_46	116401	common90005774	event
400645	m61_48_40	116401	common90005774	event
400645	m61_48_44	116401	common90005774	event
400645	m61_49_46	116401	common90005774	event
400645	m61_50_47	116401	common90005774	event
400664	m61_51_45	106640	trigflag2051450800	event
400666	m61_50_45	106650	common90005750	event
400671	m61_51_45	106710	common90005750	event
400672	m61_51_45	106720	common90005774	event
400692	m21_00	106910	common90005750	event
400694	m20_00	106920	common90005768	event
400694	m61_47_46	106920	common90005768	event
400696	m20_00	106930	common90005768	event
400696	m61_47_46	106930	common90005768	event
400704	m61_49_39	107030	common90005750	event
400710	m61_52_40	117100	c0000_9000	enemy
400710	m61_52_40	117100	c0000_9001	enemy
400711	m61_48_42	117101	c0000_9000	enemy
400712	m61_52_40	107110	common90005750	event
400714	m61_52_40	107120	common90005750	event
400723	m20_00	107230	common90005750	event
400730	m61_49_44	107300	common90005750	event
400732	m20_01	107310	common90005750	event
400740	m22_00	107400	common90005750	event
400901	m60_44_39	119000	c3200_9000	enemy
400902	m60_45_36	119005	c3200_9000	enemy
400902	m60_45_36	119005	c3200_9001	enemy
400903	m60_41_36	119010	c3200_9000	enemy
400904	m60_44_33	119015	c3200_9000	enemy
400905	m60_38_41	119020	c3200_9000	enemy
400906	m60_41_32	119025	c3200_9000	enemy
400907	m60_35_45	119030	c3200_9000	enemy
400908	m60_36_49	119035	c3200_9002	enemy
400909	m60_43_53	119040	c3200_9000	enemy
400910	m60_40_52	119045	c3200_9000	enemy
400911	m60_37_54	119050	c3200_9000	enemy
400912	m60_48_38	119055	c3200_9000	enemy
400913	m60_49_37	119060	c3200_9001	enemy
400915	m60_48_41	119070	c3200_9000	enemy
400916	m60_51_56	119075	c3200_9000	enemy
400917	m12_02	119080	c3200_9000	enemy
400918	m12_01	119085	c3200_9000	enemy
400919	m12_05	119090	c3200_9000	enemy
510030	m10_01	10030	trigflag9103	event
510040	m11_00	10040	trigflag9104	event
510060	m11_05	10060	trigflag9106	event
510070	m11_05	10070	trigflag9107	event
510080	m12_04	10080	trigflag9108	event
510090	m12_01	10090	trigflag9109	event
510100	m12_02	10100	trigflag9110	event
510110	m12_03	10110	trigflag9111	event
510120	m12_05	10120	trigflag9112	event
510140	m13_00	10140	trigflag9114	event
510150	m13_00	10150	trigflag9115	event
510160	m13_00	10160	trigflag9116	event
510190	m15_00	10190	trigflag9119	event
510200	m15_00	10200	trigflag9120	event
510210	m16_00	10210	trigflag9121	event
510220	m16_00	10220	trigflag9122	event
510230	m19_00	10230	trigflag9123	event
510250	m35_00	10250	trigflag9125	event
510260	m39_20	10260	trigflag9126	event
510280	m18_00	10280	trigflag9128	event
510290	m16_00	10290	trigflag9129	event
510300	m60_52_38	10300	trigflag9130	event
510310	m60_52_52	10310	trigflag9131	event
510320	m12_08	10320	trigflag9132	event
510330	m12_09	10330	trigflag9133	event
510340	m12_02	10340	trigflag9134	event
510350	m12_03	10350	trigflag9135	event
510400	m20_00	10400	trigflag9140	event
510420	m20_01	10420	award	event
510430	m20_01	10430	trigflag9143	event
510440	m21_00	10440	trigflag9144	event
510460	m21_01	10460	trigflag9146	event
510480	m22_00	10480	trigflag9148	event
510550	m25_00	10550	trigflag9155	event
510560	m28_00	10560	trigflag9156	event
510600	m61_44_45	10600	trigflag9160	event
510610	m40_02	10610	trigflag9161	event
510610	m61_52_43	10610	trigflag9161	event
510620	m61_50_48	10620	trigflag9162	event
510630	m61_54_39	10630	trigflag9163	event
510640	m61_49_48	10640	trigflag9164	event
510730	m34_13	10730	trigflag9173	event
510740	m34_14	10740	trigflag9174	event
510800	m60_43_30	10800	trigflag9180	event
510810	m60_35_50	10810	trigflag9181	event
510820	m60_39_54	10820	trigflag9182	event
510830	m60_51_36	10830	trigflag9183	event
510840	m60_51_57	10840	trigflag9184	event
510900	m61_48_44	10900	trigflag9190	event
520000	m30_00	20000	trigflag9200	event
520010	m30_01	20010	trigflag9201	event
520020	m30_02	20020	trigflag9202	event
520030	m30_11	20030	trigflag9203	event
520040	m30_04	20040	trigflag9204	event
520050	m30_05	20050	trigflag9205	event
520060	m30_03	20060	trigflag9206	event
520070	m30_06	20070	trigflag9207	event
520080	m30_08	20080	trigflag9208	event
520090	m30_09	20090	trigflag9209	event
520100	m30_10	20100	trigflag9210	event
520110	m30_12	20110	trigflag9211	event
520120	m30_07	20120	trigflag9212	event
520130	m30_13	20130	trigflag9213	event
520140	m30_14	20140	trigflag9214	event
520150	m30_15	20150	trigflag9215	event
520160	m30_16	20160	trigflag9216	event
520170	m30_17	20170	trigflag9217	event
520180	m30_18	20180	trigflag9218	event
520190	m30_19	20190	trigflag9219	event
520200	m30_20	20200	trigflag9220	event
520210	m30_05	20210	trigflag9221	event
520220	m35_00	20220	trigflag9222	event
520300	m31_02	20300	trigflag9230	event
520310	m31_01	20310	trigflag9231	event
520320	m31_00	20320	trigflag9232	event
520330	m31_03	20330	award	event
520340	m31_15	20340	award	event
520350	m31_17	20350	trigflag9235	event
520360	m31_04	20360	trigflag9236	event
520370	m31_05	20370	trigflag9237	event
520380	m31_06	20380	trigflag9238	event
520390	m31_07	20390	trigflag9239	event
520400	m31_09	20400	trigflag9240	event
520410	m31_18	20410	trigflag9241	event
520420	m31_19	20420	trigflag9242	event
520430	m31_21	20430	trigflag9243	event
520440	m31_10	20440	trigflag9244	event
520450	m31_20	20450	trigflag9245	event
520460	m31_11	20460	trigflag9246	event
520470	m31_12	20470	trigflag9247	event
520480	m31_22	20480	trigflag9248	event
520490	m31_19	20490	trigflag9249	event
520600	m32_00	20600	trigflag9260	event
520610	m32_01	20610	trigflag9261	event
520620	m32_02	20620	trigflag9262	event
520630	m32_04	20630	trigflag9263	event
520640	m34_12	20640	trigflag9264	event
520650	m32_05	20650	trigflag9265	event
520660	m32_07	20660	trigflag9266	event
520670	m32_08	20670	trigflag9267	event
520680	m32_11	20680	trigflag9268	event
520700	m40_00	20700	trigflag9270	event
520710	m40_01	20710	trigflag9271	event
520750	m41_00	20750	trigflag9275	event
520760	m41_01	20760	trigflag9276	event
520770	m41_02	20770	trigflag9277	event
520800	m34_10	20800	trigflag9280	event
520800	m43_00	20800	trigflag9280	event
520810	m43_01	20810	trigflag9281	event
530100	m60_42_36	30100	common90005860	event
530110	m60_43_36	30110	common90005861	event
530120	m60_42_37	30120	common90005880	event
530130	m60_44_35	30130	common90005880	event
530170	m60_45_39	30170	common90005860	event
530210	m60_34_45	30210	common90005861	event
530225	m60_35_42	30225	common90005860	event
530240	m60_39_44	30240	common90005860	event
530245	m60_38_41	30245	common90005880	event
530250	m60_33_45	30250	common90005880	event
530255	m60_36_50	30255	common90005880	event
530260	m60_34_42	30260	common90005860	event
530265	m60_33_42	30265	common90005880	event
530300	m60_37_51	30300	common90005860	event
530300	m60_41_52	30300	common90005860	event
530310	m60_41_50	30310	common90005860	event
530315	m60_45_52	30315	common90005860	event
530325	m60_42_55	30325	common90005860	event
530350	m60_40_52	30350	common90005860	event
530375	m60_36_54	30375	common90005860	event
530385	m60_38_52	30385	common90005860	event
530390	m60_35_53	30390	common90005861	event
530400	m60_48_37	30400	common90005861	event
530405	m60_49_38	30405	common90005860	event
530420	m60_52_41	30420	common90005860	event
530425	m60_51_43	30425	common90005860	event
530505	m60_49_52	30505	common90005860	event
530510	m60_54_56	30510	common90005861	event
530515	m60_53_56	30515	common90005880	event
530530	m60_50_57	30530	common90005860	event
530550	m60_50_56	30550	common90005861	event
530600	m12_01	30600	common90005860	event
530620	m12_02	30620	common90005860	event
530800	m61_52_40	30800	common90005860	event
530805	m61_54_39	30805	common90005860	event
530810	m61_46_38	30810	award	event
530820	m61_46_41	30820	award	event
530830	m61_51_44	30830	award	event
530840	m61_48_38	30840	common90005860	event
530845	m61_46_40	30845	common90005860	event
530850	m61_49_41	30850	common90005860	event
530855	m61_47_39	30855	common90005860	event
530860	m61_45_44	30860	common90005860	event
530865	m61_47_44	30865	award	event
530900	m61_46_45	30900	award	event
530905	m61_44_47	30910	common90005860	event
530930	m61_49_45	30930	common90005860	event
530940	m61_46_46	30940	common90005860	event
530945	m61_49_43	30945	common90005860	event
530955	m61_47_45	30955	common90005860	event
530960	m61_52_48	30960	common90005860	event
530965	m61_49_43	30965	common90005860	event
540100	m60_40_39	40100	common90005300	event
540104	m60_41_38	40104	common90005300	event
540108	m60_43_37	40108	common90005300	event
540112	m60_44_36	40112	common90005300	event
540116	m60_45_37	40116	common90005300	event
540118	m60_46_39	40118	common90005300	event
540120	m60_41_37	40120	common90005300	event
540132	m60_42_33	40132	common90005300	event
540136	m60_43_33	40136	common90005300	event
540138	m60_44_32	40138	common90005300	event
540140	m60_44_33	40140	common90005300	event
540142	m60_44_38	40142	common90005300	event
540144	m60_41_35	40144	common90005300	event
540146	m60_42_39	40146	common90005300	event
540170	m10_00	40170	common90005300	event
540172	m10_00	40172	common90005300	event
540174	m10_00	40174	common90005300	event
540200	m60_34_50	40200	common90005300	event
540202	m60_36_44	40202	common90005300	event
540204	m60_36_49	40204	common90005300	event
540206	m60_39_39	40206	common90005300	event
540208	m60_35_42	40208	common90005300	event
540210	m60_35_47	40210	common90005300	event
540218	m60_34_44	40218	common90005300	event
540220	m60_35_50	40220	common90005300	event
540224	m60_37_51	40224	common90005300	event
540236	m60_37_48	40236	common90005300	event
540238	m60_33_43	40238	common90005300	event
540250	m60_35_50	40250	common90005300	event
540252	m60_39_43	40252	common90005300	event
540254	m60_37_48	40254	common90005300	event
540256	m60_38_50	40256	common90005300	event
540258	m60_39_45	40258	common90005300	event
540260	m60_34_43	40260	common90005300	event
540262	m60_37_44	40262	common90005300	event
540264	m60_33_45	40264	common90005300	event
540272	m14_00	40272	common90005300	event
540290	m39_20	40290	common90005300	event
540300	m60_37_51	40300	common90005300	event
540302	m60_38_51	40302	common90005300	event
540304	m60_39_51	40304	common90005300	event
540306	m60_39_52	40306	common90005300	event
540308	m60_41_53	40308	common90005300	event
540310	m60_40_51	40310	common90005300	event
540312	m60_40_54	40312	common90005300	event
540314	m60_43_51	40314	common90005300	event
540316	m60_43_52	40316	common90005300	event
540318	m60_43_53	40318	common90005300	event
540320	m60_40_53	40320	common90005300	event
540332	m60_37_53	40332	common90005300	event
540334	m60_36_54	40334	common90005300	event
540370	m11_00	40370	common90005300	event
540372	m11_00	40372	common90005300	event
540400	m60_47_40	40400	common90005300	event
540402	m60_48_38	40402	common90005300	event
540404	m60_49_38	40404	common90005300	event
540406	m60_48_37	40406	common90005300	event
540408	m60_51_35	40408	common90005300	event
540410	m60_47_39	40410	common90005300	event
540412	m60_48_41	40412	common90005300	event
540414	m60_49_36	40414	common90005300	event
540416	m60_49_39	40416	common90005300	event
540418	m60_49_39	40418	common90005300	event
540420	m60_51_41	40420	common90005300	event
540422	m60_47_39	40422	common90005300	event
540424	m60_49_36	40424	common90005300	event
540426	m60_49_41	40426	common90005300	event
540428	m60_51_42	40428	common90005300	event
540508	m60_51_57	40508	common90005300	event
540510	m60_53_57	40510	common90005300	event
540512	m60_51_54	40512	common90005300	event
540516	m60_52_55	40516	common90005300	event
540522	m60_48_55	40522	common90005300	event
540524	m60_48_56	40524	common90005300	event
540526	m60_48_57	40526	common90005300	event
540590	m16_00	40590	common90005300	event
540592	m16_00	40592	common90005300	event
540600	m12_01	40600	common90005300	event
540602	m12_01	40602	common90005300	event
540610	m12_02	40610	common90005300	event
540630	m12_02	40630	common90005300	event
540642	m12_02	40642	common90005300	event
540646	m12_02	40646	common90005300	event
540648	m12_02	40648	common90005300	event
540652	m12_07	40652	common90005300	event
540660	m12_03	40660	common90005300	event
540668	m12_03	40668	common90005300	event
540670	m12_03	40670	common90005300	event
540680	m12_05	40680	common90005300	event
540682	m12_05	40682	common90005300	event
540684	m12_05	40684	common90005300	event
540686	m12_05	40686	common90005300	event
540772	m13_00	40772	common90005300	event
540900	m61_50_45	40900	common90005300	event
540902	m61_48_44	40902	common90005300	event
540904	m61_48_46	40904	common90005301	event
540906	m61_51_45	40906	common90005300	event
540910	m61_48_47	40910	common90005301	event
540912	m61_48_47	40912	common90005301	event
540914	m61_48_47	40914	common90005301	event
540916	m61_45_47	40916	common90005301	event
540920	m61_48_44	40920	common90005300	event
540922	m61_48_44	40922	common90005300	event
580000	m60_44_38	80000	common90005632	event
580010	m60_38_45	80010	common90005632	event
580020	m60_39_54	80020	common90005632	event
580030	m60_51_57	80030	common90005632	event
580040	m10_00	80040	common90005632	event
580050	m11_00	80050	common90005632	event
580060	m60_50_39	80060	common90005632	event
580300	m60_43_36	80300	アイテム光006：絵描き死体	treasure
580310	m60_36_50	80310	アイテム光000：絵画イベント 砦裏墓地	treasure
580320	m60_41_52	80320	絵画宝探し用報酬	treasure
580330	m60_50_56	80330	アイテム光001：上層 飛び地 絵画イベントの報酬	treasure
580340	m60_42_35	80340	アイテム光000：絵画イベント 教会1-2	treasure
580350	m60_42_54	80350	絵画宝探し報酬 風車村頂上	treasure
580360	m60_51_40	80360	宝光　絵画イベント	treasure
580400	m61_45_43	80400	アイテム光 絵画報酬用	treasure
580410	m61_46_45	80410	アイテム光002 {2}	treasure
580420	m61_53_39	80420	絵画報酬　ドラゴン山中腹	treasure
580600	m20_00	80600	宝死体072	treasure
580600	m21_01	80600	宝死体019	treasure
580600	m22_00	80600	アイテム光009	treasure
580600	m61_45_42	80600	アイテム光 ヒント文章 ミケラ十字	treasure
580600	m61_46_42	80600	アイテム光  ヒント文章 ミケラ十字	treasure
580600	m61_46_47	80600	アイテム光004	treasure
580600	m61_47_44	80600	アイテム光008　街道砦　アイテム光　ミケラ十字傍２	treasure
580600	m61_48_37	80600	アイテム光007　ミケラ十字　文書アイテム	treasure
580600	m61_48_43	80600	アイテム光 ヒント文章 ミケラ十字	treasure
580600	m61_48_45	80600	アイテム光003　「同士の置き手紙」	treasure
580600	m61_49_44	80600	アイテム光001　「同士の置き手紙」	treasure
580600	m61_50_43	80600	アイテム光001　「同士の置き手紙」	treasure
590200	m60_43_37	90200	宝 ルーン破片	treasure
590210	m60_46_36	90210	アイテム光 ルーン断片	treasure
10007005	m10_00	10000005	【宝死体】0005 広場の櫓【day1追加】	treasure
10007015	m10_00	10000015	【宝死体】0015 ガーゴイル部屋①【day1追加】	treasure
10007025	m10_00	10000025	【宝死体】0025 ガーゴイル部屋②【day1追加】	treasure
10007030	m10_00	10000030	【宝死体】 03	treasure
10007035	m10_00	10000035	【宝死体】0035 城壁内部サブルート終端【day1追加】	treasure
10007040	m10_00	10000040	【宝死体】 04	treasure
10007050	m10_00	10000050	【宝死体】 05	treasure
10007060	m10_00	10000060	【宝死体】 06	treasure
10007080	m10_00	10000080	【宝死体】 08	treasure
10007085	m10_00	10001085	common90005300	event
10007090	m10_00	10000090	【宝死体】 09 下層ルート 倉庫【day1追加】	treasure
10007100	m10_00	10000100	【宝死体】 10 崖道 城壁に入る階段上【day1追加】	treasure
10007110	m10_00	10000110	【宝死体】 11	treasure
10007120	m10_00	10000120	【宝死体】 12	treasure
10007130	m10_00	10000130	【宝死体】 13	treasure
10007140	m10_00	10000140	【宝死体】 14	treasure
10007150	m10_00	10000150	【宝死体】 15	treasure
10007160	m10_00	10000160	【宝死体】 16	treasure
10007170	m10_00	10000170	【宝死体】 17	treasure
10007180	m10_00	10000180	【宝死体】 18	treasure
10007190	m10_00	10000190	【宝死体】 19	treasure
10007195	m10_00	10001095	common90005300	event
10007200	m10_00	10000200	【宝死体】 20	treasure
10007210	m10_00	10000210	【宝死体】 21	treasure
10007220	m10_00	10000220	【宝死体】 22	treasure
10007230	m10_00	10000230	【宝死体】 23　→9049が使用【day1調整】	treasure
10007240	m10_00	10000240	【宝死体】 24	treasure
10007250	m10_00	10000250	【宝死体】 25	treasure
10007260	m10_00	10000260	【宝死体】 26	treasure
10007270	m10_00	10000270	【宝死体】 27	treasure
10007280	m10_00	10000280	【宝死体】 28	treasure
10007290	m10_00	10000290	【宝死体】 29	treasure
10007295	m10_00	10001295	common90005300	event
10007300	m10_00	10000300	【宝死体】 30	treasure
10007310	m10_00	10000310	【宝死体】 31	treasure
10007320	m10_00	10000320	【宝死体】 32  城壁根元に向かう途中【day1追加】 ⇒98が使用	treasure
10007330	m10_00	10000330	【宝死体】 33	treasure
10007340	m10_00	10000340	【宝死体】 34 食堂 絵画前【day1追加】	treasure
10007350	m10_00	10000350	【宝死体】 35	treasure
10007360	m10_00	10000360	【宝死体】 36	treasure
10007370	m10_00	10000370	【宝死体】 37	treasure
10007380	m10_00	10000380	【宝死体】 38	treasure
10007390	m10_00	10000390	【宝死体】 39	treasure
10007400	m10_00	10000400	【宝死体】 40	treasure
10007410	m10_00	10000410	【宝死体】 41　→宝死体96	treasure
10007430	m10_00	10000430	【宝死体】 43	treasure
10007440	m10_00	10000440	【宝死体】 44	treasure
10007450	m10_00	10000450	【アイテム光】 イベントアイテム 兵舎中庭	treasure
10007450	m10_00	10000450	【宝死体】 45	treasure
10007460	m10_00	10000460	【宝死体】 46	treasure
10007470	m10_00	10000470	【宝死体】 47	treasure
10007500	m10_00	10000500	【宝死体】 50	treasure
10007510	m10_00	10000510	【宝死体】 51 ⇒99が使用中	treasure
10007520	m10_00	10000520	【宝死体】 52	treasure
10007530	m10_00	10000530	【宝死体】 53	treasure
10007540	m10_00	10000540	【宝死体】 54	treasure
10007550	m10_00	10000550	【宝死体】 55 大階段 城壁上【day1追加】	treasure
10007560	m10_00	10000560	【宝死体】 56 正門上 ベランダ【day1追加】	treasure
10007570	m10_00	10000570	【宝死体】 57	treasure
10007580	m10_00	10000580	【宝死体】 58	treasure
10007590	m10_00	10000590	【宝死体】 59	treasure
10007600	m10_00	10000600	【宝死体】 60	treasure
10007610	m10_00	10000610	【宝死体】 61	treasure
10007620	m10_00	10000620	【宝死体】 62	treasure
10007630	m10_00	10000630	【宝死体】 63	treasure
10007640	m10_00	10000640	【宝死体】 64	treasure
10007650	m10_00	10000650	【宝死体】 65	treasure
10007660	m10_00	10000660	【宝死体】 66	treasure
10007670	m10_00	10000670	【宝死体】 67	treasure
10007680	m10_00	10000680	【宝死体】 68	treasure
10007690	m10_00	10000690	【宝死体】 69	treasure
10007700	m10_00	10000700	【宝死体】 70	treasure
10007710	m10_00	10000710	【宝死体】 71	treasure
10007720	m10_00	10000720	【宝死体】 72	treasure
10007730	m10_00	10000730	【アイテム光】 世界樹の実 並木道脇	treasure
10007730	m10_00	10000730	【宝死体】 73	treasure
10007740	m10_00	10000740	【宝死体】 74	treasure
10007750	m10_00	10000750	【宝死体】 75	treasure
10007760	m10_00	10000760	【宝死体】 76	treasure
10007780	m10_00	10000780	【宝死体】 78 巨大敵破壊アセット宝	treasure
10007790	m10_00	10000790	【宝死体】 79	treasure
10007800	m10_00	10000800	【宝死体】 80	treasure
10007810	m10_00	10000810	【宝死体】 81	treasure
10007820	m10_00	10000820	【宝死体】 82	treasure
10007830	m10_00	10000830	【宝死体】 83	treasure
10007840	m10_00	10000840	【宝死体】 84	treasure
10007850	m10_00	10000850	【アイテム光】 イベントアイテム 出口側	treasure
10007850	m10_00	10000850	【宝死体】 85	treasure
10007860	m10_00	10000860	【宝死体】 86	treasure
10007870	m10_00	10000870	【宝死体】 87	treasure
10007880	m10_00	10000880	【宝死体】 88	treasure
10007890	m10_00	10000890	【宝死体】 89	treasure
10007900	m10_00	10000900	【宝死体】 90	treasure
10007910	m10_00	10000910	【宝死体】 91	treasure
10007920	m10_00	10000920	【宝死体】 92	treasure
10007930	m10_00	10000930	【宝死体】 93	treasure
10007940	m10_00	10000940	【宝死体】 94	treasure
10007950	m10_00	10000950	【宝死体】 95	treasure
10007960	m10_00	10000960	【宝箱】 00	treasure
10007965	m10_00	10000965	【宝箱】 兵舎地下ガーゴイル部屋【day1追加】	treasure
10007970	m10_00	10000970	【宝箱】 01	treasure
10007975	m10_00	10000975	【宝箱】 城壁内部 罠部屋【daｙ1追加】	treasure
10007980	m10_00	10000980	【宝箱】 02　→宝死体41	treasure
10007990	m10_00	10000990	【宝箱】 03	treasure
10017010	m10_01	10010010	宝死体001	treasure
10017900	m10_01	10010900	宝箱 000	treasure
11007000	m11_00	11000000	宝死体000	treasure
11007000	m11_05	11000000	宝死体100	treasure
11007005	m11_00	11000005	【day1追加】宝0005 城館 1階広間	treasure
11007010	m11_00	11000010	宝死体001	treasure
11007010	m11_05	11000010	宝死体101	treasure
11007015	m11_00	11000015	【day1追加】宝0015 大樹聖堂 2階 宝箱	treasure
11007015	m11_05	11000015	宝死体205	treasure
11007020	m11_00	11000020	宝死体002 ※下水追加分	treasure
11007025	m11_00	11000025	【day1追加】宝0025 大樹聖堂 蹴り下ろし梯子	treasure
11007025	m11_05	11000025	宝死体196	treasure
11007030	m11_00	11000030	宝死体003	treasure
11007030	m11_05	11000030	宝死体103	treasure
11007035	m11_00	11000035	【day1追加】宝0035 市街第二区画 教会 アイテム光	treasure
11007040	m11_00	11000040	宝死体004	treasure
11007040	m11_05	11000040	宝死体104	treasure
11007045	m11_00	11000045	【day1追加】宝0045 市街第二区画 教会	treasure
11007050	m11_00	11000050	宝死体005	treasure
11007055	m11_00	11000055	【day1追加】宝0055 城館 鍛冶屋 アイテム光	treasure
11007060	m11_00	11000060	宝死体006	treasure
11007065	m11_00	11000065	【day1追加】宝0065 城館 円卓上 アイテム光	treasure
11007070	m11_00	11000070	宝死体007 ※下水追加分	treasure
11007075	m11_00	11000075	【day1追加】宝0075 城館 フィアの部屋 アイテム光	treasure
11007080	m11_00	11000080	宝死体008	treasure
11007085	m11_00	11000085	【day1追加】宝0085 第二区画 屋根の終端	treasure
11007090	m11_00	11000090	宝死体009	treasure
11007095	m11_00	11000095	【day1追加】宝0095 第二区画 室外水路終端	treasure
11007100	m11_00	11000100	宝死体010	treasure
11007105	m11_00	11000105	【day1追加】宝0105 城館中庭	treasure
11007110	m11_00	11000110	宝死体011	treasure
11007115	m11_00	11000115	【day1追加】宝0115 街中城壁 室内	treasure
11007115	m11_05	11000115	宝死体201	treasure
11007120	m11_00	11000120	宝死体012	treasure
11007125	m11_00	11000125	【day1追加】宝0125 城館 1階 アイテム光	treasure
11007135	m11_00	11000135	【day1追加】宝0135 市街第一区画 上方通路	treasure
11007140	m11_00	11000140	宝死体014	treasure
11007145	m11_00	11000145	宝死体080	treasure
11007150	m11_00	11000150	宝死体015	treasure
11007155	m11_00	11000155	【day1追加】宝0155 市街第一区画 ショトカEV前	treasure
11007160	m11_00	11000160	宝死体016	treasure
11007165	m11_00	11000165	【day1追加】宝0165 市街第一区画 上方通路 廃墟	treasure
11007170	m11_00	11000170	宝死体017	treasure
11007175	m11_00	11000175	【day1追加】宝0175 市街第一区画 上方通路 噴水広場	treasure
11007180	m11_00	11000180	宝死体018	treasure
11007185	m11_00	11000185	common90005300	event
11007190	m11_00	11000190	宝死体019	treasure
11007195	m11_00	11000195	common90005300	event
11007200	m11_00	11000200	宝死体020	treasure
11007205	m11_00	11000205	【day1追加】宝0205 市街第一区画 上方通路 難所追加分	treasure
11007210	m11_00	11000210	宝死体021	treasure
11007215	m11_00	11000215	【day1追加】宝0215 城壁上 広場	treasure
11007215	m11_05	11000215	宝死体208	treasure
11007220	m11_00	11000220	宝死体022	treasure
11007225	m11_00	11000225	【day1追加】宝0225 市街第一区画 門前	treasure
11007230	m11_00	11000230	宝死体023	treasure
11007235	m11_00	11000235	【day1追加】宝0235 市街第一区画 門前	treasure
11007240	m11_00	11000240	宝死体024	treasure
11007245	m11_00	11000245	【day1追加】宝0245 内城壁 篝火手前	treasure
11007245	m11_05	11000245	宝死体211	treasure
11007250	m11_00	11000250	宝死体025	treasure
11007260	m11_00	11000260	宝死体026	treasure
11007270	m11_00	11000270	宝死体027	treasure
11007280	m11_00	11000280	宝死体028	treasure
11007290	m11_00	11000290	宝死体029	treasure
11007300	m11_00	11000300	宝死体030 ※アクションボタンパラID4201	treasure
11007310	m11_00	11000310	宝死体031	treasure
11007320	m11_00	11000320	宝死体032	treasure
11007330	m11_00	11000330	宝死体033	treasure
11007340	m11_00	11000340	宝死体034 ※アイテム光 イベントアイテム 糞喰らいの呪いアイテム	treasure
11007350	m11_00	11000350	宝死体035	treasure
11007360	m11_00	11000360	宝死体036	treasure
11007370	m11_00	11000370	宝死体037	treasure
11007380	m11_00	11000380	宝死体038	treasure
11007390	m11_00	11000390	宝死体039	treasure
11007400	m11_00	11000400	宝死体040	treasure
11007410	m11_00	11000410	宝死体041	treasure
11007410	m11_05	11000410	宝死体141	treasure
11007420	m11_00	11000420	宝死体042	treasure
11007420	m11_05	11000420	宝死体142	treasure
11007430	m11_00	11000430	宝死体043	treasure
11007430	m11_05	11000430	宝死体143	treasure
11007440	m11_00	11000440	宝死体044	treasure
11007440	m11_05	11000440	宝死体144	treasure
11007450	m11_00	11000450	宝死体045	treasure
11007460	m11_00	11000460	宝死体046	treasure
11007480	m11_00	11000480	宝死体048	treasure
11007490	m11_00	11000490	宝死体049	treasure
11007500	m11_00	11000500	宝死体050	treasure
11007510	m11_00	11000510	宝死体051	treasure
11007520	m11_00	11000520	宝死体052	treasure
11007530	m11_00	11000530	宝死体053	treasure
11007540	m11_00	11000540	宝死体054	treasure
11007550	m11_00	11000550	宝死体055	treasure
11007570	m11_00	11000570	宝死体057	treasure
11007580	m11_00	11000580	宝死体058	treasure
11007590	m11_00	11000590	宝死体059	treasure
11007600	m11_00	11000600	宝死体060	treasure
11007610	m11_00	11000610	宝死体061	treasure
11007620	m11_00	11000620	宝死体062	treasure
11007630	m11_00	11000630	宝死体063	treasure
11007640	m11_00	11000640	宝死体064	treasure
11007650	m11_00	11000650	宝死体065	treasure
11007660	m11_00	11000660	宝死体066 ※アクションボタンパラID4201	treasure
11007670	m11_00	11000670	宝死体067	treasure
11007680	m11_00	11000680	宝死体068	treasure
11007690	m11_00	11000690	宝死体069	treasure
11007700	m11_00	11000700	宝死体070	treasure
11007710	m11_00	11000710	宝死体071	treasure
11007720	m11_00	11000720	宝死体072	treasure
11007730	m11_00	11000730	宝死体073 ※下水追加分	treasure
11007740	m11_00	11000740	宝死体074	treasure
11007750	m11_00	11000750	宝死体075	treasure
11007760	m11_00	11000760	宝死体076 ※アクションボタンパラID4201	treasure
11007770	m11_00	11000770	宝死体077	treasure
11007780	m11_00	11000780	宝死体078	treasure
11007790	m11_00	11000790	宝死体079	treasure
11007800	m11_00	11000800	【day1追加】宝0145 城館 櫓2階	treasure
11007810	m11_00	11000810	宝死体081 ※下水追加分	treasure
11007820	m11_00	11000820	宝死体082	treasure
11007820	m11_05	11000820	宝死体182	treasure
11007830	m11_00	11000830	宝死体083	treasure
11007830	m11_05	11000830	宝死体183	treasure
11007840	m11_00	11000840	宝死体084	treasure
11007840	m11_05	11000840	宝死体184	treasure
11007850	m11_00	11000850	宝死体085  ※アイテム光 イベントアイテム 糞喰らいの呪いアイテム	treasure
11007850	m11_05	11050850	宝死体085  ※ザクフラは王都と共有	treasure
11007860	m11_00	11000860	宝死体086	treasure
11007860	m11_05	11000860	宝死体186	treasure
11007870	m11_00	11000870	宝死体087	treasure
11007870	m11_05	11000870	宝死体187	treasure
11007880	m11_00	11000880	宝死体088	treasure
11007880	m11_05	11000880	宝死体188	treasure
11007890	m11_00	11000890	宝死体089	treasure
11007890	m11_05	11000890	宝死体189	treasure
11007900	m11_00	11000900	宝死体090	treasure
11007900	m11_05	11000900	宝死体190	treasure
11007910	m11_00	11000910	宝死体091 ※アイテム光	treasure
11007910	m11_05	11000910	宝死体191	treasure
11007920	m11_00	11000920	宝死体092	treasure
11007920	m11_05	11000920	宝死体192	treasure
11007930	m11_00	11000930	宝死体093	treasure
11007930	m11_05	11000930	宝死体193	treasure
11007940	m11_00	11000940	宝死体094	treasure
11007950	m11_00	11000950	宝死体095 ※イベントアイテム レシピ	treasure
11007950	m11_05	11000950	宝死体195	treasure
11007960	m11_00	11000960	宝箱000 ※宝死体に変更	treasure
11007970	m11_00	11000970	宝箱001 ※アイテム光	treasure
11007980	m11_00	11000980	宝箱002	treasure
11007983	m11_00	424034000	c4240_9000	enemy
11007985	m11_00	11001985	common90005774	event
11007987	m11_00	11001187	common90005300	event
11007990	m11_00	11000990	宝 アイテム光 世界樹の実	treasure
11007990	m11_05	11000990	宝死体199	treasure
11007991	m11_00	11001000	common90005300	event
11007991	m11_00	11001000	宝 アイテム光 マリカ寝室	treasure
11007992	m11_00	482000400	c4820_9000	enemy
11007993	m11_00	11001193	common90005300	event
11007994	m11_00	11001020	宝箱003	treasure
11007994	m11_05	11001020	宝死体202	treasure
11007996	m11_00	11001030	宝死体 闘技場入口	treasure
11007996	m11_05	11001030	宝死体203	treasure
11007997	m11_00	11001040	宝死体 巨大槍	treasure
11007998	m11_00	11001198	common90005300	event
11057000	m11_05	11050000	宝死体000	treasure
11057010	m11_05	11050010	宝死体001	treasure
11057020	m11_05	11050020	宝死体002	treasure
11057030	m11_05	11050030	宝死体003	treasure
11057040	m11_05	11050040	宝死体004	treasure
11057050	m11_05	11050050	宝死体005	treasure
11057100	m11_05	11050100	宝死体010	treasure
11107000	m11_10	11100000	宝死体000	treasure
11107700	m11_10	11100700	宝死体070	treasure
11107710	m11_10	11100710	宝死体071	treasure
11107900	m11_10	11100900	common90005774	event
12017030	m12_01	12010030	宝死体003	treasure
12017040	m12_01	12010040	宝死体004	treasure
12017050	m12_01	12010050	宝死体005	treasure
12017060	m12_01	12010060	宝死体006	treasure
12017070	m12_01	12010070	宝死体007	treasure
12017080	m12_01	12010080	宝死体008	treasure
12017090	m12_01	12010090	宝死体009 大毒沼 レアA	treasure
12017100	m12_01	12010100	宝死体010 聖杯のかけら 世界樹の実	treasure
12017105	m12_01	12010105	common90005300	event
12017110	m12_01	12010110	宝死体011 大毒沼	treasure
12017120	m12_01	12010120	宝死体012 大毒沼	treasure
12017130	m12_01	12010130	宝死体013 大毒沼	treasure
12017140	m12_01	12010140	宝死体014 大毒沼	treasure
12017150	m12_01	12010150	宝死体015	treasure
12017160	m12_01	12010160	宝死体016	treasure
12017170	m12_01	12010170	宝死体017	treasure
12017180	m12_01	12010180	宝死体018	treasure
12017190	m12_01	12010190	宝死体019	treasure
12017200	m12_01	12010200	宝死体020	treasure
12017210	m12_01	12010210	宝死体021	treasure
12017220	m12_01	12010220	宝死体022	treasure
12017230	m12_01	12010230	宝死体023	treasure
12017240	m12_01	12010240	宝死体024	treasure
12017250	m12_01	12010250	宝死体025	treasure
12017260	m12_01	12010260	宝死体026	treasure
12017270	m12_01	12010270	宝死体027	treasure
12017280	m12_01	12010280	宝死体028	treasure
12017290	m12_01	12010290	宝死体029	treasure
12017300	m12_01	12010300	宝死体030	treasure
12017310	m12_01	12010310	宝死体031	treasure
12017320	m12_01	12010320	宝死体032	treasure
12017330	m12_01	12010330	宝死体033	treasure
12017340	m12_01	12010340	宝死体034	treasure
12017350	m12_01	12010350	宝死体035	treasure
12017360	m12_01	12010360	宝死体036	treasure
12017370	m12_01	12010370	宝死体037 大毒沼湖	treasure
12017380	m12_01	12010380	宝死体038 大毒沼湖	treasure
12017390	m12_01	12010390	宝死体039	treasure
12017400	m12_01	12010400	宝死体040	treasure
12017410	m12_01	12010410	宝死体041	treasure
12017420	m12_01	12010420	宝死体042	treasure
12017430	m12_01	12010430	宝死体043	treasure
12017440	m12_01	12010440	宝死体044	treasure
12017450	m12_01	12010450	宝死体045 大毒沼湖	treasure
12017460	m12_01	12010460	宝死体046 大毒沼湖	treasure
12017470	m12_01	12010470	宝死体047 大毒沼湖	treasure
12017480	m12_01	12010480	宝死体048 大毒沼	treasure
12017490	m12_01	12010490	宝死体049 大毒沼	treasure
12017500	m12_01	12010500	宝死体050	treasure
12017510	m12_01	12010510	宝死体051	treasure
12017520	m12_01	12010520	宝死体052	treasure
12017530	m12_01	12010530	宝死体053	treasure
12017540	m12_01	12010540	宝死体054	treasure
12017550	m12_01	12010550	宝死体055	treasure
12017560	m12_01	12010560	宝死体056	treasure
12017570	m12_01	12010570	宝死体057	treasure
12017580	m12_01	12010580	宝死体058 宝死体 三角湖 ルーンを食う花	treasure
12017590	m12_01	12010590	宝死体059 三角湖	treasure
12017600	m12_01	12010600	宝死体060 マリカ遺跡 橋の下	treasure
12017610	m12_01	12010610	宝死体061	treasure
12017620	m12_01	12010620	宝死体062 マリカ遺跡 地上 男がいるとこ	treasure
12017630	m12_01	12010630	宝死体063	treasure
12017640	m12_01	12010640	宝死体064	treasure
12017650	m12_01	12010650	宝死体065	treasure
12017660	m12_01	12010660	宝死体066	treasure
12017670	m12_01	12010670	宝死体067 マリカ遺跡 マザースライム出発地点	treasure
12017680	m12_01	12010680	宝死体068	treasure
12017690	m12_01	12010690	宝箱069 マリカ遺跡４番目の部屋	treasure
12017700	m12_01	12010700	宝箱070 マリカ遺跡５番目の部屋	treasure
12017710	m12_01	12010710	宝死体071	treasure
12017720	m12_01	12010720	宝死体072	treasure
12017730	m12_01	12010730	宝死体073	treasure
12017740	m12_01	12010740	宝死体074	treasure
12017750	m12_01	12010750	宝死体075	treasure
12017760	m12_01	12010760	宝死体076	treasure
12017770	m12_01	12010770	宝死体077	treasure
12017780	m12_01	12010780	宝死体078	treasure
12017790	m12_01	12010790	宝死体079	treasure
12017800	m12_01	12010800	宝死体080	treasure
12017810	m12_01	12010810	宝死体081	treasure
12017820	m12_01	12010820	宝死体082	treasure
12017830	m12_01	12010830	宝死体083	treasure
12017840	m12_01	12010840	宝死体084	treasure
12017850	m12_01	12010850	宝死体085	treasure
12017860	m12_01	12010860	宝死体086	treasure
12017870	m12_01	12010870	宝死体087	treasure
12017880	m12_01	12010880	宝死体088	treasure
12017890	m12_01	12010890	宝死体089 大毒沼	treasure
12017900	m12_01	12010900	宝箱090 遺跡島	treasure
12017910	m12_01	12010910	宝箱091 ボス部屋	treasure
12017920	m12_01	12010920	宝箱092 大回廊	treasure
12017930	m12_01	12010930	宝箱093 三角湖最後	treasure
12017940	m12_01	12010940	宝箱094 マリカ遺跡小部屋	treasure
12017950	m12_01	12010950	宝箱095 水門横の部屋	treasure
12017960	m12_01	12010960	宝箱096 マリカ遺跡てっぺん	treasure
12017970	m12_01	12010970	宝箱097 マリカ遺跡最初の部屋	treasure
12017980	m12_01	12010980	宝箱098 マリカ遺跡２番目の部屋	treasure
12017990	m12_01	12010990	宝箱099 マリカ遺跡３番目の部屋	treasure
12017995	m12_01	12015995	common90005300	event
12017997	m12_01	12015997	common90005300	event
12017999	m12_01	360062000	c3600_9000	enemy
12027000	m12_02	12020000	宝死体000	treasure
12027030	m12_02	12020030	宝死体003	treasure
12027040	m12_02	12020040	宝死体004 聖杯の欠片 世界樹の実	treasure
12027050	m12_02	12020050	宝死体005	treasure
12027070	m12_02	12020070	宝箱 水道橋内部	treasure
12027080	m12_02	12020080	宝箱 マリカ遺跡２	treasure
12027090	m12_02	12020090	宝箱 地底森外れの遺跡	treasure
12027100	m12_02	12020100	宝死体010	treasure
12027110	m12_02	12020110	宝死体011	treasure
12027120	m12_02	12020120	宝死体012	treasure
12027140	m12_02	12020140	宝死体014	treasure
12027140	m12_02	12020140	宝死体014 水没林崖上キャンプ跡	treasure
12027150	m12_02	12020150	宝死体015	treasure
12027160	m12_02	12020160	宝死体016	treasure
12027170	m12_02	12020170	宝死体017	treasure
12027180	m12_02	12020180	宝死体018	treasure
12027190	m12_02	12020190	宝死体019	treasure
12027200	m12_02	12020200	宝死体020	treasure
12027210	m12_02	12020210	宝死体021	treasure
12027220	m12_02	12020220	宝死体022	treasure
12027230	m12_02	12020230	宝死体023	treasure
12027240	m12_02	12020240	宝死体024	treasure
12027250	m12_02	12020250	宝死体025	treasure
12027260	m12_02	12020260	宝死体026	treasure
12027270	m12_02	12020270	宝死体027	treasure
12027280	m12_02	12020280	宝死体028	treasure
12027290	m12_02	12020290	宝死体029	treasure
12027300	m12_02	12020300	宝死体030	treasure
12027310	m12_02	12020310	宝死体031	treasure
12027320	m12_02	12020320	宝死体032	treasure
12027320	m12_02	12020320	宝死体032 祖霊死体遺跡下	treasure
12027330	m12_02	12020330	宝死体033	treasure
12027340	m12_02	12020340	宝死体034	treasure
12027350	m12_02	12020350	宝死体035	treasure
12027360	m12_02	12020360	宝死体036	treasure
12027370	m12_02	12020370	宝死体037	treasure
12027380	m12_02	12020380	宝死体038	treasure
12027390	m12_02	12020390	宝死体039	treasure
12027400	m12_02	12020400	宝死体040	treasure
12027410	m12_02	12020410	宝死体041	treasure
12027420	m12_02	12020420	宝死体042	treasure
12027430	m12_02	12020430	宝死体043	treasure
12027435	m12_02	12020435	common90005300	event
12027440	m12_02	12020440	宝死体044	treasure
12027445	m12_02	12020445	common90005300	event
12027450	m12_02	12020450	宝死体045	treasure
12027450	m12_02	12020450	宝死体045 マリカ遺跡３下の宝	treasure
12027460	m12_02	12020460	宝死体046	treasure
12027470	m12_02	12020470	宝死体047	treasure
12027480	m12_02	12020480	宝死体048	treasure
12027490	m12_02	12020490	宝死体048 {2}	treasure
12027500	m12_02	12020500	宝死体050	treasure
12027510	m12_02	12020510	宝死体051	treasure
12027520	m12_02	12020520	宝死体052	treasure
12027530	m12_02	12020530	宝死体053	treasure
12027540	m12_02	12020540	宝死体054	treasure
12027550	m12_02	12020550	宝死体055	treasure
12027560	m12_02	12020560	宝死体056	treasure
12027570	m12_02	12020570	宝死体057	treasure
12027580	m12_02	12020580	宝死体058	treasure
12027590	m12_02	12020590	宝死体059	treasure
12027600	m12_02	12020600	宝死体060	treasure
12027610	m12_02	12020610	宝死体061	treasure
12027620	m12_02	12020620	宝死体062	treasure
12027630	m12_02	12020630	宝死体063	treasure
12027640	m12_02	12020640	宝死体064	treasure
12027650	m12_02	12020650	宝死体065	treasure
12027660	m12_02	12020660	宝死体066	treasure
12027670	m12_02	12020670	宝死体067	treasure
12027680	m12_02	12020680	宝死体068	treasure
12027690	m12_02	12020690	宝死体069	treasure
12027710	m12_02	12020710	宝死体071	treasure
12027720	m12_02	12020720	宝死体072	treasure
12027730	m12_02	12020730	宝死体073	treasure
12027740	m12_02	12020740	宝死体074	treasure
12027750	m12_02	12020750	宝死体075	treasure
12027760	m12_02	12020760	宝死体076	treasure
12027770	m12_02	12020770	宝死体077	treasure
12027780	m12_02	12020780	宝死体078	treasure
12027790	m12_02	12020790	宝死体079	treasure
12027800	m12_02	12020800	宝死体080	treasure
12027810	m12_02	12020810	宝死体081	treasure
12027820	m12_02	12020820	宝死体082	treasure
12027830	m12_02	12020830	宝死体083	treasure
12027850	m12_02	12020850	宝死体085	treasure
12027860	m12_02	12020860	宝死体086	treasure
12027870	m12_02	12020870	宝死体087	treasure
12027880	m12_02	12020880	宝死体088	treasure
12027880	m12_02	12020880	宝箱 ガーゴイル封鎖地域	treasure
12027890	m12_02	12020890	宝死体089	treasure
12027900	m12_02	12020900	宝死体090	treasure
12027910	m12_02	12020910	宝死体091	treasure
12027920	m12_02	12020920	宝死体092	treasure
12027930	m12_02	12020930	宝死体093	treasure
12027940	m12_02	12020940	宝死体094	treasure
12027950	m12_02	12020950	宝死体095	treasure
12027950	m12_02	12020950	宝死体095 {2}	treasure
12027960	m12_02	12020960	宝死体096	treasure
12027960	m12_02	12020960	宝死体096 {2}	treasure
12027970	m12_02	12020970	宝死体097	treasure
12027970	m12_02	12020970	宝死体097 {2}	treasure
12027980	m12_02	12020980	宝死体098	treasure
12027980	m12_02	12020980	宝死体098 {2}	treasure
12027990	m12_02	12020990	宝死体099	treasure
12027990	m12_02	12020990	宝死体099 {2}	treasure
12037010	m12_03	12030010	宝死体001	treasure
12037020	m12_03	12030020	宝死体002	treasure
12037030	m12_03	12030030	宝死体003	treasure
12037040	m12_03	12030040	宝死体004	treasure
12037050	m12_03	12030050	宝死体005	treasure
12037060	m12_03	12030060	宝死体006	treasure
12037070	m12_03	12030070	宝死体007	treasure
12037080	m12_03	12030080	宝死体008	treasure
12037090	m12_03	12030090	宝死体009	treasure
12037100	m12_03	12030100	宝死体010	treasure
12037110	m12_03	12030110	宝死体011	treasure
12037120	m12_03	12030120	宝死体012	treasure
12037130	m12_03	12030130	宝死体013	treasure
12037140	m12_03	12030140	宝死体014	treasure
12037150	m12_03	12030150	宝死体015	treasure
12037160	m12_03	12030160	宝死体016	treasure
12037170	m12_03	12030170	宝死体017	treasure
12037180	m12_03	12030180	宝死体018	treasure
12037190	m12_03	12030190	宝死体019	treasure
12037200	m12_03	12030200	宝死体020	treasure
12037210	m12_03	12030210	宝死体021	treasure
12037220	m12_03	12030220	宝死体022	treasure
12037230	m12_03	12030230	宝死体023	treasure
12037240	m12_03	12030240	宝死体024	treasure
12037250	m12_03	12030250	宝死体025	treasure
12037260	m12_03	12030260	宝死体026	treasure
12037270	m12_03	12030270	宝死体027	treasure
12037280	m12_03	12030280	宝死体028	treasure
12037290	m12_03	12030290	宝死体029	treasure
12037300	m12_03	12030300	宝死体030	treasure
12037310	m12_03	12030310	宝死体031	treasure
12037320	m12_03	12030320	宝死体032	treasure
12037330	m12_03	12030330	宝死体033	treasure
12037340	m12_03	12030340	宝死体034	treasure
12037350	m12_03	12030350	宝死体035	treasure
12037360	m12_03	12030360	宝死体036	treasure
12037370	m12_03	12030370	宝死体037	treasure
12037380	m12_03	12030380	宝死体038	treasure
12037390	m12_03	12030390	宝死体039	treasure
12037400	m12_03	12030400	宝死体040 棺桶エリア	treasure
12037410	m12_03	12030410	宝死体041 棺桶エリア	treasure
12037420	m12_03	12030420	宝死体042 棺桶エリア	treasure
12037430	m12_03	12030430	宝死体043 棺桶エリア	treasure
12037440	m12_03	12030440	宝死体044 棺桶エリア	treasure
12037450	m12_03	12030450	宝死体045 棺桶エリア	treasure
12037460	m12_03	12030460	宝死体046 棺桶エリア	treasure
12037470	m12_03	12030470	宝死体047 棺桶エリア	treasure
12037480	m12_03	12030480	宝死体048	treasure
12037490	m12_03	12030490	宝死体049 篝火横の東屋	treasure
12037500	m12_03	12030500	宝死体050	treasure
12037510	m12_03	12030510	宝死体051	treasure
12037520	m12_03	12030520	宝死体052	treasure
12037530	m12_03	12030530	宝死体053	treasure
12037540	m12_03	12030540	宝死体054	treasure
12037550	m12_03	12030550	宝死体055 壷蟻洞窟	treasure
12037800	m12_03	12030800	common90005300	event
12037810	m12_03	12030810	common90005300	event
12037820	m12_03	12030820	common90005300	event
12037830	m12_03	12030830	common90005300	event
12037840	m12_03	12030840	common90005300	event
12037850	m12_03	12030850	common90005300	event
12037950	m12_03	12030950	common90005860	event
12037960	m12_03	12030960	common90005300	event
12057010	m12_05	12050010	宝死体001 宝死体 祭壇下崖	treasure
12057010	m12_05	12050010	聖杯の欠片	treasure
12057020	m12_05	12050020	宝死体002	treasure
12057030	m12_05	12050030	宝死体003	treasure
12057040	m12_05	12050040	宝死体004	treasure
12057060	m12_05	12050060	宝死体006	treasure
12057070	m12_05	12050070	宝死体007	treasure
12057080	m12_05	12050080	宝死体008	treasure
12057090	m12_05	12050090	宝死体009	treasure
12057100	m12_05	12050100	宝死体010	treasure
12057110	m12_05	12050110	宝死体011	treasure
12057120	m12_05	12050120	宝死体012	treasure
12057130	m12_05	12050130	宝死体013	treasure
12057140	m12_05	12050140	宝死体014	treasure
12057150	m12_05	12050150	宝死体015	treasure
12057160	m12_05	12050160	宝死体016	treasure
12057170	m12_05	12050170	宝死体017	treasure
12057180	m12_05	12050180	宝死体018	treasure
12057190	m12_05	12050190	宝死体019	treasure
12057210	m12_05	12050210	宝死体021	treasure
12057290	m12_05	12050290	宝死体029	treasure
12057300	m12_05	12050300	宝死体030	treasure
12057310	m12_05	12050310	宝死体031	treasure
12057320	m12_05	12050320	宝死体032	treasure
12057330	m12_05	12050330	宝死体033	treasure
12057340	m12_05	12050340	宝死体034	treasure
12057350	m12_05	12050350	宝死体035	treasure
12057360	m12_05	12050360	宝死体036	treasure
12057370	m12_05	12050370	宝死体037	treasure
12057590	m12_05	12050590	宝死体059	treasure
12057600	m12_05	12050600	宝死体060	treasure
12057610	m12_05	12050610	宝死体061	treasure
12057620	m12_05	12050620	宝死体062	treasure
12057630	m12_05	12050630	宝死体063	treasure
12057640	m12_05	12050640	宝死体064	treasure
12057650	m12_05	12050650	宝死体065	treasure
12057670	m12_05	12050670	宝死体067	treasure
12057680	m12_05	12050680	宝死体068	treasure
12057690	m12_05	12050690	宝死体069	treasure
12057700	m12_05	12050700	宝死体070	treasure
12057900	m12_05	12050900	宝箱000	treasure
12057950	m12_05	12050950	common90005792	event
12077000	m12_07	12070000	宝死体000	treasure
12077010	m12_07	12070010	宝死体001	treasure
12077020	m12_07	12070020	宝死体002	treasure
12077030	m12_07	12070030	宝死体003	treasure
12077040	m12_07	12070040	宝死体004	treasure
12077050	m12_07	12070050	宝死体005	treasure
12077060	m12_07	12070060	宝死体006	treasure
12077070	m12_07	12070070	宝死体007	treasure
12077080	m12_07	12070080	宝死体008	treasure
12077090	m12_07	12070090	宝死体009	treasure
12077100	m12_07	12070100	宝死体010	treasure
12077110	m12_07	12070110	宝死体011	treasure
12077120	m12_07	12070120	宝死体012	treasure
12077130	m12_07	12070130	宝死体013	treasure
12077140	m12_07	12070140	宝死体014	treasure
12077150	m12_07	12070150	宝死体015	treasure
12077160	m12_07	12070160	宝死体016	treasure
12077170	m12_07	12070170	宝死体017	treasure
12077180	m12_07	12070180	宝死体018	treasure
12077300	m12_07	12070300	宝死体030	treasure
12077310	m12_07	12070310	宝死体031	treasure
12077320	m12_07	12070320	宝死体032	treasure
12077330	m12_07	12070330	宝死体033	treasure
12077340	m12_07	12070340	宝死体034	treasure
12077350	m12_07	12070350	宝死体035	treasure
12077360	m12_07	12070360	宝死体036	treasure
12077370	m12_07	12070370	宝死体037	treasure
12077380	m12_07	12070380	宝死体038	treasure
12077390	m12_07	12070390	宝死体039	treasure
12077400	m12_07	12070400	宝死体040	treasure
12077410	m12_07	12070410	宝死体041	treasure
12077420	m12_07	12070420	宝死体042	treasure
12077430	m12_07	12070430	宝死体043	treasure
12077440	m12_07	12070440	宝死体044	treasure
12077450	m12_07	12070450	宝死体045	treasure
12077460	m12_07	12070460	宝死体046	treasure
12077470	m12_07	12070470	宝死体047	treasure
12077480	m12_07	12070480	宝死体048	treasure
12077490	m12_07	12070490	宝死体049	treasure
12077500	m12_07	12070500	宝死体050	treasure
13007000	m13_00	13000000	宝死体000	treasure
13007005	m13_00	13000005	【day1追加】 宝0005 下層庭園 祠 アイテム光	treasure
13007010	m13_00	13000010	宝死体001	treasure
13007015	m13_00	13000015	【day1追加】 宝0015 断面遺跡前半 上層 左回廊終端	treasure
13007020	m13_00	13000020	宝死体002	treasure
13007025	m13_00	13000025	【day1追加】 宝0025 崩落城壁下層 隠しルート終端	treasure
13007030	m13_00	13000030	宝死体003	treasure
13007035	m13_00	13000035	【day1追加】 宝0035 神殿 上層奥	treasure
13007040	m13_00	13000040	宝死体004	treasure
13007050	m13_00	13000050	宝死体005	treasure
13007060	m13_00	13000060	宝死体006	treasure
13007070	m13_00	13000070	宝死体007	treasure
13007080	m13_00	13000080	宝死体008	treasure
13007090	m13_00	13000090	宝死体009	treasure
13007100	m13_00	13000100	宝死体010	treasure
13007110	m13_00	13000110	宝死体011	treasure
13007120	m13_00	13000120	宝死体012	treasure
13007130	m13_00	13000130	宝死体013	treasure
13007140	m13_00	13000140	宝死体014	treasure
13007150	m13_00	13000150	宝死体015	treasure
13007160	m13_00	13000160	宝死体016	treasure
13007170	m13_00	13000170	宝死体017	treasure
13007180	m13_00	13000180	宝死体018	treasure
13007190	m13_00	13000190	宝死体019	treasure
13007200	m13_00	13000200	宝死体020	treasure
13007210	m13_00	13000210	宝死体021	treasure
13007220	m13_00	13000220	宝死体022	treasure
13007230	m13_00	13000230	宝死体023	treasure
13007240	m13_00	13000240	宝死体024	treasure
13007250	m13_00	13000250	宝死体025	treasure
13007260	m13_00	13000260	宝死体026	treasure
13007270	m13_00	13000270	宝死体027	treasure
13007280	m13_00	13000280	宝死体028	treasure
13007290	m13_00	13000290	宝死体029	treasure
13007300	m13_00	13000300	宝死体030	treasure
13007310	m13_00	13000310	宝死体031	treasure
13007320	m13_00	13000320	宝死体032	treasure
13007330	m13_00	13000330	宝死体033	treasure
13007340	m13_00	13000340	宝死体034	treasure
13007350	m13_00	13000350	宝死体035	treasure
13007360	m13_00	13000360	宝死体036	treasure
13007370	m13_00	13000370	宝死体037	treasure
13007380	m13_00	13000380	宝死体038	treasure
13007390	m13_00	13000390	宝死体039	treasure
13007400	m13_00	13000400	宝死体040	treasure
13007410	m13_00	13000410	宝死体041	treasure
13007420	m13_00	13000420	宝死体042	treasure
13007430	m13_00	13000430	宝死体043	treasure
13007440	m13_00	13000440	宝死体044	treasure
13007450	m13_00	13000450	宝死体045	treasure
13007460	m13_00	13000460	宝死体046	treasure
13007470	m13_00	13000470	宝死体047	treasure
13007480	m13_00	13000480	宝死体048	treasure
13007490	m13_00	13000490	宝死体049	treasure
13007500	m13_00	13000500	宝死体050	treasure
13007510	m13_00	13000510	宝死体051	treasure
13007520	m13_00	13000520	宝死体052	treasure
13007530	m13_00	13000530	宝死体053	treasure
13007540	m13_00	13000540	宝死体054	treasure
13007550	m13_00	13000550	宝死体055	treasure
13007560	m13_00	13000560	宝死体056	treasure
13007570	m13_00	13000570	宝死体057	treasure
13007580	m13_00	13000580	宝死体058	treasure
13007590	m13_00	13000590	宝死体059	treasure
13007600	m13_00	13000600	宝死体060	treasure
13007610	m13_00	13000610	宝死体061	treasure
13007620	m13_00	13000620	宝死体062	treasure
13007630	m13_00	13000630	宝死体063	treasure
13007640	m13_00	13000640	宝死体064	treasure
13007660	m13_00	13000660	宝死体066	treasure
13007670	m13_00	13000670	宝死体067	treasure
13007680	m13_00	13000680	宝死体068	treasure
13007690	m13_00	13000690	宝死体069	treasure
13007700	m13_00	13000700	宝死体070	treasure
13007710	m13_00	13000710	宝死体071	treasure
13007720	m13_00	13000720	宝死体072	treasure
13007730	m13_00	13000730	宝死体073	treasure
13007740	m13_00	13000740	宝死体074	treasure
13007750	m13_00	13000750	宝死体075	treasure
13007760	m13_00	13000760	宝死体076	treasure
13007770	m13_00	13000770	宝死体077	treasure
13007780	m13_00	13000780	宝死体078	treasure
13007790	m13_00	13000790	宝死体079	treasure
13007800	m13_00	13000800	宝死体080	treasure
13007810	m13_00	13000810	宝死体081	treasure
13007820	m13_00	13000820	宝死体082	treasure
13007830	m13_00	13000830	宝死体083	treasure
13007850	m13_00	13000850	宝 アイテム光000	treasure
13007860	m13_00	13000860	宝 アイテム光001	treasure
13007870	m13_00	13000870	宝 アイテム光002	treasure
13007880	m13_00	13000880	宝 アイテム光003	treasure
13007890	m13_00	13000890	宝 アイテム光004	treasure
13007900	m13_00	13000900	宝 アイテム光005	treasure
13007900	m13_00	13000900	宝箱000	treasure
13007910	m13_00	13000910	宝 アイテム光006	treasure
13007910	m13_00	13000910	宝箱001	treasure
13007920	m13_00	13000920	宝箱002	treasure
13007930	m13_00	13000930	宝箱003	treasure
13007940	m13_00	13000940	宝箱004	treasure
13007950	m13_00	13000950	宝箱005	treasure
13007980	m13_00	13000980	宝 アイテム光007	treasure
13007990	m13_00	13000990	宝 アイテム光008	treasure
13007991	m13_00	13002091	common90005300	event
13007993	m13_00	13002093	common90005300	event
13007995	m13_00	13002095	common90005300	event
14007000	m14_00	14000000	宝死体000	treasure
14007005	m14_00	14000005	common90005300	event
14007015	m14_00	14000015	common90005300	event
14007015	m14_00	14000015	宝死体 隠しルート室外追加 輝石蟹から移設	treasure
14007020	m14_00	14000020	宝死体002	treasure
14007025	m14_00	14000025	common90005300	event
14007030	m14_00	14000030	宝死体003	treasure
14007035	m14_00	14000035	common90005300	event
14007040	m14_00	14000040	宝死体004	treasure
14007070	m14_00	14000070	宝死体007	treasure
14007090	m14_00	14000090	宝死体009	treasure
14007120	m14_00	14000120	宝死体012	treasure
14007150	m14_00	14000150	宝死体015	treasure
14007160	m14_00	14000160	宝死体016	treasure
14007190	m14_00	14000190	宝死体019	treasure
14007200	m14_00	14000200	宝死体020	treasure
14007220	m14_00	14000220	宝死体022	treasure
14007250	m14_00	14000250	宝死体025	treasure
14007280	m14_00	14000280	宝死体028	treasure
14007290	m14_00	14000290	宝死体029	treasure
14007300	m14_00	14000300	宝死体030	treasure
14007320	m14_00	14000320	宝死体032	treasure
14007330	m14_00	14000330	宝死体033	treasure
14007350	m14_00	14000350	宝死体035	treasure
14007360	m14_00	14000360	宝死体036	treasure
14007370	m14_00	14000370	宝死体037	treasure
14007380	m14_00	14000380	宝死体038	treasure
14007390	m14_00	14000390	宝死体039	treasure
14007410	m14_00	14000410	宝死体041	treasure
14007420	m14_00	14000420	宝死体042	treasure
14007430	m14_00	14000430	宝死体043	treasure
14007440	m14_00	14000440	宝死体044	treasure
14007450	m14_00	14000450	宝死体045	treasure
14007460	m14_00	14000460	宝死体046	treasure
14007470	m14_00	14000470	宝死体047	treasure
14007480	m14_00	14000480	宝死体048	treasure
14007490	m14_00	14000490	宝死体049	treasure
14007510	m14_00	14000510	宝死体051	treasure
14007520	m14_00	14000520	宝死体052	treasure
14007530	m14_00	14000530	宝死体053	treasure
14007540	m14_00	14000540	宝死体054	treasure
14007560	m14_00	14000560	宝死体056	treasure
14007600	m14_00	14000600	宝死体060	treasure
14007620	m14_00	14000620	宝死体062	treasure
14007630	m14_00	14000630	宝死体063	treasure
14007660	m14_00	14000660	宝死体066	treasure
14007670	m14_00	14000670	宝死体067	treasure
14007710	m14_00	14000710	宝死体071	treasure
14007720	m14_00	14000720	宝死体072	treasure
14007740	m14_00	14000740	宝死体074	treasure
14007750	m14_00	14000750	宝死体075	treasure
14007760	m14_00	14000760	宝死体076	treasure
14007770	m14_00	14000770	宝死体077	treasure
14007840	m14_00	14000840	宝 アイテム光 魔術師玉	treasure
14007850	m14_00	14000850	宝 アイテム光001	treasure
14007860	m14_00	14000860	宝 アイテム光002	treasure
14007870	m14_00	14000870	宝 アイテム光003	treasure
14007880	m14_00	14000880	宝 アイテム光 隠し部屋上層 →宝箱に変更中	treasure
14007890	m14_00	14000890	宝 アイテム光 隠し部屋終端	treasure
14007910	m14_00	14000910	宝箱001	treasure
14007920	m14_00	14000920	宝箱002	treasure
14007930	m14_00	14000930	宝箱003 →宝死体の変更中	treasure
14007940	m14_00	14000940	宝箱004	treasure
14007970	m14_00	14000970	宝箱007 望楼頂上追加	treasure
14007980	m14_00	14000980	common90005300	event
14007990	m14_00	14000990	宝 アイテム光000 世界樹の実	treasure
14007995	m14_00	360000010	c3600_9000	enemy
15001200	m15_00	15001200	common90005300	event
15001250	m15_00	15001250	common90005300	event
15001260	m15_00	15001260	common90005300	event
15001270	m15_00	15001270	common90005300	event
15001280	m15_00	15001280	common90005300	event
15001290	m15_00	15001290	common90005300	event
15007000	m15_00	15000000	宝死体000	treasure
15007010	m15_00	15000010	宝死体001	treasure
15007020	m15_00	15000020	宝死体002	treasure
15007030	m15_00	15000030	宝死体003	treasure
15007040	m15_00	15000040	宝死体004	treasure
15007050	m15_00	15000050	宝死体005	treasure
15007060	m15_00	15000060	宝死体006	treasure
15007070	m15_00	15000070	宝死体007	treasure
15007080	m15_00	15000080	宝死体008	treasure
15007090	m15_00	15000090	宝死体009	treasure
15007100	m15_00	15000100	宝死体010	treasure
15007110	m15_00	15000110	宝死体011	treasure
15007120	m15_00	15000120	宝死体012	treasure
15007130	m15_00	15000130	宝死体013	treasure
15007140	m15_00	15000140	宝死体014	treasure
15007150	m15_00	15000150	宝死体015	treasure
15007160	m15_00	15000160	宝死体016	treasure
15007170	m15_00	15000170	宝死体017 / アイテム光005	treasure
15007180	m15_00	15000180	宝死体018	treasure
15007190	m15_00	15000190	宝死体019	treasure
15007200	m15_00	15000200	宝死体020	treasure
15007210	m15_00	15000210	宝死体021	treasure
15007220	m15_00	15000220	宝死体022	treasure
15007230	m15_00	15000230	宝死体023	treasure
15007240	m15_00	15000240	宝死体024	treasure
15007250	m15_00	15000250	宝死体025	treasure
15007260	m15_00	15000260	宝死体026	treasure
15007270	m15_00	15000270	宝死体027	treasure
15007280	m15_00	15000280	宝死体028	treasure
15007290	m15_00	15000290	宝死体029	treasure
15007300	m15_00	15000300	宝死体030	treasure
15007310	m15_00	15000310	宝死体031	treasure
15007320	m15_00	15000320	宝死体032	treasure
15007330	m15_00	15000330	宝死体033	treasure
15007340	m15_00	15000340	宝死体034	treasure
15007350	m15_00	15000350	宝死体035 / 宝箱000	treasure
15007360	m15_00	15000360	宝死体036	treasure
15007370	m15_00	15000370	宝死体037	treasure
15007380	m15_00	15000380	宝死体038	treasure
15007390	m15_00	15000390	宝死体039	treasure
15007400	m15_00	15000400	宝死体040	treasure
15007410	m15_00	15000410	宝死体041	treasure
15007420	m15_00	15000420	宝死体042	treasure
15007430	m15_00	15000430	宝死体043	treasure
15007440	m15_00	15000440	宝死体044	treasure
15007450	m15_00	15000450	宝死体045	treasure
15007460	m15_00	15000460	宝死体046 / 宝箱001	treasure
15007470	m15_00	15000470	宝死体047	treasure
15007480	m15_00	15000480	宝死体048	treasure
15007490	m15_00	15000490	宝死体049	treasure
15007500	m15_00	15000500	宝死体050	treasure
15007510	m15_00	15000510	宝死体051	treasure
15007520	m15_00	15000520	宝死体052	treasure
15007530	m15_00	15000530	宝死体053 / アイテム光004	treasure
15007540	m15_00	15000540	宝死体054	treasure
15007550	m15_00	15000550	宝死体055	treasure
15007560	m15_00	15000560	宝死体056 / 宝箱005	treasure
15007570	m15_00	15000570	宝死体057	treasure
15007580	m15_00	15000580	宝死体058 / 宝箱002	treasure
15007590	m15_00	15000590	宝死体059 / 宝箱006	treasure
15007600	m15_00	15000600	宝死体060	treasure
15007610	m15_00	15000610	宝死体061	treasure
15007620	m15_00	15000620	宝死体062	treasure
15007630	m15_00	15000630	宝死体063	treasure
15007640	m15_00	15000640	宝死体064	treasure
15007650	m15_00	15000650	宝死体065	treasure
15007660	m15_00	15000660	宝死体066	treasure
15007670	m15_00	15000670	宝死体067	treasure
15007680	m15_00	15000680	宝死体068	treasure
15007690	m15_00	15000690	宝死体069	treasure
15007700	m15_00	15000700	宝死体070	treasure
15007710	m15_00	15000710	宝死体071	treasure
15007720	m15_00	15000720	宝死体072	treasure
15007730	m15_00	15000730	宝死体073	treasure
15007740	m15_00	15000740	宝死体074	treasure
15007750	m15_00	15000750	宝死体075	treasure
15007760	m15_00	15000760	宝死体076	treasure
15007770	m15_00	15000770	宝死体077	treasure
15007780	m15_00	15000780	宝死体078	treasure
15007790	m15_00	15000790	宝死体079	treasure
15007800	m15_00	15000800	宝死体080 / アイテム光003	treasure
15007810	m15_00	15000810	宝死体081	treasure
15007820	m15_00	15000820	宝死体082	treasure
15007830	m15_00	15000830	宝死体083	treasure
15007840	m15_00	15000840	宝死体084	treasure
15007850	m15_00	15000850	宝死体085	treasure
15007860	m15_00	15000860	宝死体086 / 宝箱007	treasure
15007870	m15_00	15000870	宝死体087	treasure
15007880	m15_00	15000880	宝死体088	treasure
15007890	m15_00	15000890	宝死体089	treasure
15007900	m15_00	15000900	宝死体090	treasure
15007910	m15_00	15000910	宝死体091	treasure
15007920	m15_00	15000920	宝死体092	treasure
15007930	m15_00	15000930	宝死体093 / 宝箱004	treasure
15007940	m15_00	15000940	宝死体094	treasure
15007950	m15_00	15000950	宝死体095	treasure
15007960	m15_00	15000960	宝死体096	treasure
15007970	m15_00	15000970	宝死体097	treasure
15007980	m15_00	15000980	宝死体098 / アイテム光008	treasure
15007990	m15_00	15000990	宝死体099	treasure
16007000	m16_00	16000000	宝死体000	treasure
16007010	m16_00	16000010	宝死体001	treasure
16007020	m16_00	16000020	宝死体002	treasure
16007020	m16_00	16000020	宝死体002 {2}	treasure
16007030	m16_00	16000030	宝死体003	treasure
16007040	m16_00	16000040	宝死体004	treasure
16007050	m16_00	16000050	宝死体005	treasure
16007060	m16_00	16000060	宝死体006	treasure
16007070	m16_00	16000070	宝死体007	treasure
16007080	m16_00	16000080	宝死体008	treasure
16007100	m16_00	16000100	宝死体010	treasure
16007120	m16_00	16000120	宝死体012	treasure
16007130	m16_00	16000130	宝死体013	treasure
16007140	m16_00	16000140	宝死体014	treasure
16007150	m16_00	16000150	宝死体015	treasure
16007160	m16_00	16000160	宝死体016	treasure
16007170	m16_00	16000170	宝死体017	treasure
16007190	m16_00	16000190	宝死体019	treasure
16007200	m16_00	16000200	宝死体020	treasure
16007210	m16_00	16000210	宝死体021	treasure
16007220	m16_00	16000220	宝死体022	treasure
16007230	m16_00	16000230	宝死体023	treasure
16007240	m16_00	16000240	宝死体024	treasure
16007250	m16_00	16000250	宝死体025	treasure
16007270	m16_00	16000270	宝死体027	treasure
16007280	m16_00	16000280	宝死体028	treasure
16007290	m16_00	16000290	宝死体029	treasure
16007310	m16_00	16000310	宝死体031	treasure
16007320	m16_00	16000320	宝死体032	treasure
16007330	m16_00	16000330	宝死体033	treasure
16007350	m16_00	16000350	宝死体035	treasure
16007360	m16_00	16000360	宝死体036	treasure
16007380	m16_00	16000380	宝死体038	treasure
16007390	m16_00	16000390	宝死体039	treasure
16007400	m16_00	16000400	宝死体040	treasure
16007410	m16_00	16000410	宝死体041	treasure
16007420	m16_00	16000420	宝死体042	treasure
16007430	m16_00	16000430	宝死体043	treasure
16007440	m16_00	16000440	宝死体044	treasure
16007480	m16_00	16000480	宝死体048	treasure
16007490	m16_00	16000490	宝死体049	treasure
16007500	m16_00	16000500	宝死体050	treasure
16007510	m16_00	16000510	宝死体051	treasure
16007520	m16_00	16000520	宝死体052	treasure
16007530	m16_00	16000530	宝死体053	treasure
16007540	m16_00	16000540	宝死体054	treasure
16007550	m16_00	16000550	宝死体055	treasure
16007560	m16_00	16000560	宝死体056	treasure
16007610	m16_00	16000610	宝死体061 【day1追加】	treasure
16007620	m16_00	16000620	宝死体062 【day1追加】	treasure
16007690	m16_00	16000690	award	event
16007700	m16_00	16000700	椅子宝死体00	treasure
16007710	m16_00	16000710	アイテム光01	treasure
16007730	m16_00	16000730	アイテム光02	treasure
16007940	m16_00	16000940	common90005792	event
16007950	m16_00	16000950	award	event
16007960	m16_00	482000600	c4820_9001	enemy
16007970	m16_00	482000700	c4820_9000	enemy
16007980	m16_00	429000700	c4290_9001	enemy
16007999	m16_00	16002000	common90005300	event
18007000	m18_00	18000000	宝死体000 チュートリアルEX	treasure
18007010	m18_00	18000010	宝死体001 チュートリアルEX	treasure
18007020	m18_00	18000020	宝死体002 チュートリアルEX	treasure
18007030	m18_00	18000030	宝死体003 チュートリアルEX	treasure
18007040	m18_00	18000040	宝死体004 チュートリアルEX	treasure
18007050	m18_00	18000050	宝死体005 チュートリアルEX	treasure
18007060	m18_00	18000060	宝死体006 チュートリアルEX	treasure
18007070	m18_00	18000070	宝死体007 チュートリアル入り口	treasure
18007700	m18_00	301000010	c3010_9000	enemy
18007900	m18_00	18000900	award	event
20007000	m20_00	20000000	宝死体000	treasure
20007010	m20_00	20000010	宝死体001	treasure
20007020	m20_00	20000020	宝死体002	treasure
20007030	m20_00	20000030	宝死体003	treasure
20007040	m20_00	20000040	宝死体004	treasure
20007050	m20_00	20000050	宝死体005	treasure
20007060	m20_00	20000060	宝死体006	treasure
20007070	m20_00	20000070	宝死体007	treasure
20007080	m20_00	20000080	宝死体008	treasure
20007090	m20_00	20000090	宝死体009	treasure
20007100	m20_00	20000100	宝死体010	treasure
20007110	m20_00	20000110	宝死体011	treasure
20007120	m20_00	20000120	宝死体012	treasure
20007130	m20_00	20000130	宝死体013	treasure
20007140	m20_00	20000140	宝死体014	treasure
20007150	m20_00	20000150	宝死体015	treasure
20007160	m20_00	20000160	宝死体016	treasure
20007170	m20_00	20000170	宝死体017	treasure
20007180	m20_00	20000180	宝死体018	treasure
20007190	m20_00	20000190	宝死体019	treasure
20007200	m20_00	20000200	宝死体020	treasure
20007210	m20_00	20000210	宝死体021	treasure
20007220	m20_00	20000220	宝死体022	treasure
20007230	m20_00	20000230	宝死体023	treasure
20007240	m20_00	20000240	宝死体024	treasure
20007250	m20_00	20000250	宝死体025	treasure
20007260	m20_00	20000260	宝死体026	treasure
20007270	m20_00	20000270	宝死体027	treasure
20007280	m20_00	20000280	宝死体028	treasure
20007290	m20_00	20000290	宝死体029	treasure
20007300	m20_00	20000300	宝死体030	treasure
20007310	m20_00	20000310	宝死体031	treasure
20007320	m20_00	20000320	宝死体032	treasure
20007330	m20_00	20000330	宝死体033	treasure
20007340	m20_00	20000340	宝死体034	treasure
20007350	m20_00	20000350	宝死体035	treasure
20007360	m20_00	20000360	宝死体036	treasure
20007370	m20_00	20000370	宝死体037	treasure
20007380	m20_00	20000380	宝死体038	treasure
20007390	m20_00	20000390	宝死体039	treasure
20007400	m20_00	20000400	宝死体040	treasure
20007410	m20_00	20000410	宝死体041	treasure
20007420	m20_00	20000420	宝死体042	treasure
20007430	m20_00	20000430	宝死体043	treasure
20007440	m20_00	20000440	宝死体044	treasure
20007450	m20_00	20000450	宝死体045	treasure
20007460	m20_00	20000460	宝死体046	treasure
20007470	m20_00	20000470	宝死体047	treasure
20007480	m20_00	20000480	宝死体048	treasure
20007490	m20_00	20000490	宝死体049	treasure
20007500	m20_00	20000500	宝死体050	treasure
20007510	m20_00	20000510	宝死体051	treasure
20007520	m20_00	20000520	宝死体052	treasure
20007530	m20_00	20000530	宝死体053	treasure
20007540	m20_00	20000540	宝死体054	treasure
20007550	m20_00	20000550	宝死体055	treasure
20007560	m20_00	20000560	宝死体056	treasure
20007570	m20_00	20000570	宝死体057	treasure
20007580	m20_00	20000580	宝死体058	treasure
20007590	m20_00	20000590	宝死体059	treasure
20007600	m20_00	20000600	宝死体060	treasure
20007610	m20_00	20000610	宝死体061	treasure
20007620	m20_00	20000620	宝死体062	treasure
20007630	m20_00	20000630	宝死体063	treasure
20007640	m20_00	20000640	宝死体064	treasure
20007650	m20_00	20000650	宝死体065	treasure
20007660	m20_00	20000660	宝死体066	treasure
20007670	m20_00	20000670	宝死体067	treasure
20007680	m20_00	20000680	宝死体068	treasure
20007690	m20_00	20000690	宝死体069	treasure
20007700	m20_00	20000700	宝死体070	treasure
20007710	m20_00	20000710	宝死体071	treasure
20007730	m20_00	20000730	宝死体073	treasure
20007740	m20_00	20000740	宝死体074	treasure
20007750	m20_00	20000750	宝死体075	treasure
20007760	m20_00	20000760	宝死体076	treasure
20007770	m20_00	20000770	宝死体077	treasure
20007780	m20_00	20000780	宝死体078	treasure
20007790	m20_00	20000790	宝死体079	treasure
20007800	m20_00	20000800	宝死体080	treasure
20007810	m20_00	20000810	宝死体081	treasure
20007820	m20_00	20000820	宝死体082	treasure
20007830	m20_00	20000830	宝死体083	treasure
20007991	m20_00	20001991	common90005301	event
20007993	m20_00	20001993	common90005301	event
20017000	m20_01	20010000	宝死体000	treasure
20017010	m20_01	20010010	宝死体001	treasure
20017020	m20_01	20010020	宝死体002	treasure
20017030	m20_01	20010030	宝死体003	treasure
20017040	m20_01	20010040	宝死体004	treasure
20017050	m20_01	20010050	宝死体005	treasure
20017060	m20_01	20010060	宝死体006	treasure
20017070	m20_01	20010070	宝死体007	treasure
20017080	m20_01	20010080	宝死体008	treasure
20017090	m20_01	20010090	宝死体009	treasure
20017100	m20_01	20010100	宝死体010	treasure
20017110	m20_01	20010110	宝死体011	treasure
20017120	m20_01	20010120	宝死体012	treasure
20017130	m20_01	20010130	宝死体013	treasure
20017140	m20_01	20010140	宝死体014	treasure
20017150	m20_01	20010150	宝死体015	treasure
20017160	m20_01	20010160	宝死体016	treasure
20017170	m20_01	20010170	宝死体017	treasure
20017180	m20_01	20010180	宝死体018	treasure
20017190	m20_01	20010190	宝死体019	treasure
20017200	m20_01	20010200	宝死体020	treasure
20017210	m20_01	20010210	宝死体021	treasure
20017220	m20_01	20010220	宝死体022	treasure
20017230	m20_01	20010230	宝死体023	treasure
20017240	m20_01	20010240	宝死体024	treasure
20017250	m20_01	20010250	宝死体025	treasure
20017260	m20_01	20010260	宝死体026	treasure
20017270	m20_01	20010270	宝死体027	treasure
20017280	m20_01	20010280	宝死体028	treasure
20017290	m20_01	20010290	宝死体029	treasure
20017300	m20_01	20010300	宝死体030	treasure
20017310	m20_01	20010310	宝死体031	treasure
20017320	m20_01	20010320	宝死体032	treasure
20017330	m20_01	20010330	宝死体033	treasure
20017340	m20_01	20010340	宝死体034	treasure
20017350	m20_01	20010350	宝死体035	treasure
20017360	m20_01	20010360	宝死体036	treasure
20017370	m20_01	20010370	宝死体037	treasure
20017380	m20_01	20010380	宝死体038	treasure
20017390	m20_01	20010390	宝死体039	treasure
20017400	m20_01	20010400	宝死体040	treasure
20017410	m20_01	20010410	宝死体041	treasure
20017420	m20_01	20010420	宝死体042	treasure
20017430	m20_01	20010430	宝死体043	treasure
20017440	m20_01	20010440	宝死体044	treasure
20017450	m20_01	20010450	宝死体045	treasure
20017460	m20_01	20010460	宝死体046	treasure
20017470	m20_01	20010470	宝死体047	treasure
20017480	m20_01	20010480	宝死体048	treasure
20017490	m20_01	20010490	宝死体049	treasure
20017500	m20_01	20010500	宝死体050	treasure
20017510	m20_01	20010510	宝死体051	treasure
20017520	m20_01	20010520	宝死体052	treasure
20017530	m20_01	20010530	宝死体053	treasure
20017540	m20_01	20010540	宝死体054	treasure
20017550	m20_01	20010550	宝死体055	treasure
20017560	m20_01	20010560	宝死体056	treasure
20017570	m20_01	20010570	宝死体057	treasure
20017580	m20_01	20010580	宝死体058	treasure
20017590	m20_01	20010590	宝死体059	treasure
20017600	m20_01	20010600	宝死体060	treasure
20017610	m20_01	20010610	宝死体061	treasure
20017620	m20_01	20010620	宝死体062	treasure
20017630	m20_01	20010630	宝死体063	treasure
20017640	m20_01	20010640	宝死体064	treasure
20017650	m20_01	20010650	宝死体065	treasure
20017660	m20_01	20010660	宝死体066	treasure
20017981	m20_01	20011981	award	event
20017991	m20_01	20011991	common90005301	event
21007000	m21_00	21000000	宝死体000	treasure
21007010	m21_00	21000010	宝死体001	treasure
21007020	m21_00	21000020	宝死体002	treasure
21007030	m21_00	21000030	宝死体003	treasure
21007040	m21_00	21000040	宝死体004	treasure
21007050	m21_00	21000050	宝死体005	treasure
21007060	m21_00	21000060	宝死体006	treasure
21007070	m21_00	21000070	宝死体007	treasure
21007080	m21_00	21000080	宝死体008	treasure
21007090	m21_00	21000090	宝死体009	treasure
21007100	m21_00	21000100	宝死体010	treasure
21007110	m21_00	21000110	宝死体011	treasure
21007120	m21_00	21000120	宝死体012	treasure
21007130	m21_00	21000130	宝死体013	treasure
21007140	m21_00	21000140	宝死体014	treasure
21007160	m21_00	21000160	宝死体016	treasure
21007170	m21_00	21000170	宝死体017	treasure
21007180	m21_00	21000180	宝死体018	treasure
21007190	m21_00	21000190	宝死体019	treasure
21007200	m21_00	21000200	宝死体020	treasure
21007210	m21_00	21000210	宝死体021	treasure
21007220	m21_00	21000220	宝死体022	treasure
21007230	m21_00	21000230	宝死体023	treasure
21007240	m21_00	21000240	宝死体024	treasure
21007250	m21_00	21000250	宝死体025	treasure
21007260	m21_00	21000260	宝死体026	treasure
21007270	m21_00	21000270	宝死体027	treasure
21007280	m21_00	21000280	宝死体028	treasure
21007290	m21_00	21000290	宝死体029	treasure
21007300	m21_00	21000300	宝死体030	treasure
21007310	m21_00	21000310	宝死体031	treasure
21007320	m21_00	21000320	宝死体032	treasure
21007330	m21_00	21000330	宝死体033	treasure
21007340	m21_00	21000340	宝死体034	treasure
21007350	m21_00	21000350	宝死体035	treasure
21007360	m21_00	21000360	宝死体036	treasure
21007370	m21_00	21000370	宝死体037	treasure
21007380	m21_00	21000380	宝死体038	treasure
21007390	m21_00	21000390	宝死体039	treasure
21007400	m21_00	21000400	宝死体040	treasure
21007410	m21_00	21000410	宝死体041	treasure
21007420	m21_00	21000420	宝死体042	treasure
21007430	m21_00	21000430	宝死体043	treasure
21007440	m21_00	21000440	宝死体044	treasure
21007450	m21_00	21000450	宝死体045	treasure
21007460	m21_00	21000460	宝死体046	treasure
21007470	m21_00	21000470	宝死体047	treasure
21007480	m21_00	21000480	宝死体048	treasure
21007490	m21_00	21000490	宝死体049	treasure
21007500	m21_00	21000500	宝死体050	treasure
21007510	m21_00	21000510	宝死体051	treasure
21007520	m21_00	21000520	宝死体052	treasure
21007530	m21_00	21000530	宝死体053	treasure
21007540	m21_00	21000540	宝死体054	treasure
21007550	m21_00	21000550	宝死体055	treasure
21007560	m21_00	21000560	宝死体056	treasure
21007570	m21_00	21000570	宝死体057	treasure
21007580	m21_00	21000580	宝死体058	treasure
21007590	m21_00	21000590	宝死体059	treasure
21007600	m21_00	21000600	宝死体060	treasure
21007610	m21_00	21000610	宝死体061	treasure
21007620	m21_00	21000620	宝死体062	treasure
21007630	m21_00	21000630	宝死体063	treasure
21007640	m21_00	21000640	宝死体064	treasure
21007650	m21_00	21000650	宝死体065	treasure
21007670	m21_00	21000670	宝死体067	treasure
21007680	m21_00	21000680	宝死体068	treasure
21007690	m21_00	21000690	宝死体069	treasure
21007700	m21_00	21000700	宝死体070	treasure
21007710	m21_00	21000710	宝死体071	treasure
21007720	m21_00	21000720	宝死体072	treasure
21007730	m21_00	21000730	宝死体073	treasure
21007740	m21_00	21000740	宝死体074	treasure
21007750	m21_00	21000750	宝死体075	treasure
21007760	m21_00	21000760	宝死体076	treasure
21007770	m21_00	21000770	宝死体077	treasure
21007780	m21_00	21000780	宝死体078	treasure
21007790	m21_00	21000790	宝死体079	treasure
21007800	m21_00	21000800	宝死体080	treasure
21007810	m21_00	21000810	宝死体081	treasure
21007820	m21_00	21000820	宝死体082	treasure
21007830	m21_00	21000830	宝死体083	treasure
21007840	m21_00	21000840	宝死体084	treasure
21007850	m21_00	21000850	宝死体085	treasure
21007860	m21_00	21000860	宝死体086	treasure
21007870	m21_00	21000870	宝死体087	treasure
21007880	m21_00	21000880	宝死体088	treasure
21007890	m21_00	21000890	宝死体089	treasure
21007991	m21_00	21001991	common90005301	event
21007993	m21_00	21001993	common90005301	event
21007995	m21_00	21001995	common90005301	event
21017000	m21_01	21010000	宝死体000	treasure
21017010	m21_01	21010010	宝死体001	treasure
21017020	m21_01	21010020	宝死体002	treasure
21017030	m21_01	21010030	宝死体003	treasure
21017040	m21_01	21010040	宝死体004	treasure
21017050	m21_01	21010050	宝死体005	treasure
21017060	m21_01	21010060	宝死体006	treasure
21017070	m21_01	21010070	宝死体007	treasure
21017080	m21_01	21010080	宝死体008	treasure
21017090	m21_01	21010090	宝死体009	treasure
21017100	m21_01	21010100	宝死体010	treasure
21017110	m21_01	21010110	宝死体011	treasure
21017120	m21_01	21010120	宝死体012	treasure
21017130	m21_01	21010130	宝死体013	treasure
21017140	m21_01	21010140	宝死体014	treasure
21017150	m21_01	21010150	宝死体015	treasure
21017160	m21_01	21010160	宝死体016	treasure
21017170	m21_01	21010170	宝死体017	treasure
21017180	m21_01	21010180	宝死体018	treasure
21017200	m21_01	21010200	宝死体020	treasure
21017210	m21_01	21010210	宝死体021	treasure
21017220	m21_01	21010220	宝死体022	treasure
21017230	m21_01	21010230	宝死体023	treasure
21017240	m21_01	21010240	宝死体024	treasure
21017250	m21_01	21010250	宝死体025	treasure
21017260	m21_01	21010260	宝死体026	treasure
21017270	m21_01	21010270	宝死体027	treasure
21017280	m21_01	21010280	宝死体028	treasure
21017290	m21_01	21010290	宝死体029	treasure
21017300	m21_01	21010300	宝死体030	treasure
21017310	m21_01	21010310	宝死体031	treasure
21017320	m21_01	21010320	宝死体032	treasure
21017330	m21_01	21010330	宝死体033	treasure
21017340	m21_01	21010340	宝死体034	treasure
21017350	m21_01	21010350	宝死体035	treasure
21017360	m21_01	21010360	宝死体036	treasure
21017370	m21_01	21010370	宝死体037	treasure
21017380	m21_01	21010380	宝死体038	treasure
21017390	m21_01	21010390	宝死体039	treasure
21017400	m21_01	21010400	宝死体040	treasure
21017410	m21_01	21010410	宝死体041	treasure
21017420	m21_01	21010420	宝死体042	treasure
21017430	m21_01	21010430	宝死体043	treasure
21017440	m21_01	21010440	宝死体044	treasure
21017450	m21_01	21010450	宝死体045	treasure
21017460	m21_01	21010460	宝死体046	treasure
21017470	m21_01	21010470	宝死体047	treasure
21017480	m21_01	21010480	宝死体048	treasure
21017490	m21_01	21010490	宝死体049	treasure
21017500	m21_01	21010500	宝死体050	treasure
21017510	m21_01	21010510	宝死体051	treasure
21017520	m21_01	21010520	宝死体052	treasure
21017530	m21_01	21010530	宝死体053	treasure
21017540	m21_01	21010540	宝死体054	treasure
21017550	m21_01	21010550	宝死体055	treasure
21017560	m21_01	21010560	宝死体056	treasure
21017570	m21_01	21010570	宝死体057	treasure
21017580	m21_01	21010580	宝死体058	treasure
21017590	m21_01	21010590	宝死体059	treasure
21017600	m21_01	21010600	宝死体060	treasure
21017610	m21_01	21010610	宝死体061	treasure
21017620	m21_01	21010620	宝死体062	treasure
21017630	m21_01	21010630	宝死体063	treasure
21017640	m21_01	21010640	宝死体064	treasure
21017650	m21_01	21010650	宝死体065	treasure
21017660	m21_01	21010660	宝死体066	treasure
21017670	m21_01	21010670	宝死体067	treasure
21017680	m21_01	21010680	宝死体068	treasure
21017690	m21_01	21010690	宝死体069	treasure
21017700	m21_01	21010700	宝死体070	treasure
21017710	m21_01	21010710	宝死体071	treasure
21017720	m21_01	21010720	宝死体072	treasure
21017730	m21_01	21010730	宝死体073	treasure
21017740	m21_01	21010740	宝死体074	treasure
21017750	m21_01	21010750	宝死体075	treasure
21017760	m21_01	21010760	宝死体076	treasure
21017770	m21_01	21010770	宝死体077	treasure
21017780	m21_01	21010780	宝死体078	treasure
21017790	m21_01	21010790	宝死体079	treasure
21017800	m21_01	21010800	宝死体080	treasure
21017991	m21_01	21011991	common90005301	event
21027000	m21_02	21020000	宝死体000	treasure
21027010	m21_02	21020010	宝死体001	treasure
21027020	m21_02	21020020	宝死体002	treasure
21027040	m21_02	21020040	宝死体004	treasure
21027050	m21_02	21020050	宝死体005	treasure
21027070	m21_02	21020070	宝死体007	treasure
21027080	m21_02	21020080	宝死体008	treasure
21027090	m21_02	21020090	宝死体009	treasure
21027100	m21_02	21020100	宝死体010	treasure
21027110	m21_02	21020110	宝死体011	treasure
21027120	m21_02	21020120	宝死体012	treasure
21027130	m21_02	21020130	宝死体013	treasure
21027140	m21_02	21020140	宝死体014	treasure
21027150	m21_02	21020150	宝死体015	treasure
21027160	m21_02	21020160	宝死体016	treasure
21027170	m21_02	21020170	宝死体017	treasure
21027180	m21_02	21020180	宝死体018	treasure
21027190	m21_02	21020190	宝死体019	treasure
21027200	m21_02	21020200	宝死体020	treasure
21027210	m21_02	21020210	宝死体021	treasure
21027220	m21_02	21020220	宝死体022	treasure
21027230	m21_02	21020230	宝死体023	treasure
21027240	m21_02	21020240	宝死体024	treasure
21027250	m21_02	21020250	宝死体025	treasure
21027260	m21_02	21020260	宝死体026	treasure
21027270	m21_02	21020270	宝死体027	treasure
21027991	m21_02	21021991	common90005301	event
22007000	m22_00	22000000	アイテム光000	treasure
22007100	m22_00	22000100	アイテム光002	treasure
22007110	m22_00	22000110	宝死体001	treasure
22007120	m22_00	22000120	宝死体002	treasure
22007130	m22_00	22000130	宝死体003	treasure
22007140	m22_00	22000140	アイテム光005	treasure
22007150	m22_00	22000150	アイテム光003	treasure
22007160	m22_00	22000160	アイテム光004	treasure
22007170	m22_00	22000170	宝死体007	treasure
22007180	m22_00	22000180	宝死体008	treasure
22007190	m22_00	22000190	アイテム光006	treasure
22007200	m22_00	22000200	宝死体010	treasure
22007210	m22_00	22000210	アイテム光007	treasure
22007220	m22_00	22000220	宝死体012	treasure
22007230	m22_00	22000230	アイテム光008	treasure
22007240	m22_00	22000240	宝死体014	treasure
22007900	m22_00	22000900	common90005301	event
28007000	m28_00	28000000	宝死体000	treasure
28007010	m28_00	28000010	宝死体001	treasure
28007020	m28_00	28000020	宝死体002	treasure
28007030	m28_00	28000030	宝死体003	treasure
28007040	m28_00	28000040	宝死体004	treasure
28007050	m28_00	28000050	宝死体005	treasure
28007070	m28_00	28000070	宝死体007	treasure
28007080	m28_00	28000080	宝死体008	treasure
28007090	m28_00	28000090	宝死体009	treasure
28007100	m28_00	28000100	宝死体010	treasure
28007110	m28_00	28000110	宝死体011	treasure
30007010	m30_00	30000010	宝死体 火炎通路上	treasure
30007020	m30_00	30000020	宝死体 火吹き像↑	treasure
30007040	m30_00	30000040	宝死体 火吹き像突き当り部屋	treasure
30017010	m30_01	30010010	宝死体　下層水場	treasure
30017020	m30_01	30010020	宝死体　下層水場B	treasure
30027000	m30_02	30020000	宝死体000	treasure
30027010	m30_02	30020010	宝死体001	treasure
30027020	m30_02	30020020	宝死体002	treasure
30027030	m30_02	30020030	宝死体003	treasure
30037000	m30_03	30030000	宝死体001	treasure
30037010	m30_03	30030010	宝箱000	treasure
30037020	m30_03	30030020	宝死体002	treasure
30037030	m30_03	30030030	宝死体003	treasure
30037040	m30_03	30030040	宝死体003 {2}	treasure
30047000	m30_04	30040000	宝死体 レバー部屋	treasure
30057000	m30_05	30050000	宝死体000 宝物庫	treasure
30057010	m30_05	30050010	宝死体001 下層	treasure
30057030	m30_05	30050030	宝箱001	treasure
30057040	m30_05	30050040	宝死体002 ギロチン	treasure
30067000	m30_06	30060000	宝死体000	treasure
30067010	m30_06	30060010	宝死体001	treasure
30067020	m30_06	30060020	宝死体002	treasure
30067030	m30_06	30060030	アイテム光003	treasure
30067040	m30_06	30060040	宝死体004	treasure
30067050	m30_06	30060050	宝死体005	treasure
30067060	m30_06	30060060	宝死体006	treasure
30067070	m30_06	30060070	宝死体007	treasure
30067080	m30_06	30060080	宝死体008	treasure
30077010	m30_07	30070010	宝死体 鉄格子奥B	treasure
30077020	m30_07	30070020	宝死体 鉄格子奥C	treasure
30077600	m30_07	30070600	宝死体 棺部屋	treasure
30077900	m30_07	30070900	宝箱 ボス部屋	treasure
30087010	m30_08	30080010	宝死体　篝火横小部屋	treasure
30087020	m30_08	30080020	宝死体 崩落部屋	treasure
30087030	m30_08	30080030	宝死体 ギロチン上部屋	treasure
30087040	m30_08	30080040	宝死体 宝死体 下水上通路	treasure
30087050	m30_08	30080050	宝死体 剣闘士部屋	treasure
30087060	m30_08	30080060	宝死体 ナズグル部屋	treasure
30097000	m30_09	30090000	宝箱 ボス部屋	treasure
30097010	m30_09	30090010	宝箱　マグマロード最奥	treasure
30097020	m30_09	30090020	宝死体　宝部屋	treasure
30097030	m30_09	30090030	宝死体　隠し通路ひっかかり	treasure
30097040	m30_09	30090040	宝死体　B通路上	treasure
30097050	m30_09	30090050	宝死体 隠し部屋	treasure
30097060	m30_09	30090060	宝死体 梁窓前	treasure
30097070	m30_09	30090070	宝死体 ボス扉手前	treasure
30097700	m30_09	366400700	c3664_9000	enemy
30097800	m30_09	429000800	c4290_9000	enemy
30107010	m30_10	30100010	宝死体　大穴中腹	treasure
30107020	m30_10	30100020	宝死体　初期通路穴引っ掛かり	treasure
30107030	m30_10	30100030	宝死体　ボス前大穴	treasure
30107040	m30_10	30100040	宝死体　忌み子周辺	treasure
30107050	m30_10	30100050	宝死体　篝火横部屋	treasure
30107060	m30_10	30100060	宝死体 サブルート最終端	treasure
30107070	m30_10	30100070	宝死体 B通路横穴	treasure
30107080	m30_10	30100080	宝死体 飛び降りサブ奥	treasure
30107100	m30_10	30100100	award	event
30117000	m30_11	30110000	宝箱 ボス部屋	treasure
30117010	m30_11	30110010	宝死体 レバー部屋	treasure
30117020	m30_11	30110020	宝死体 バルコニー	treasure
30127010	m30_12	30120010	宝死体 ラダゴンの死体ゾーン	treasure
30127020	m30_12	30120020	宝死体000	treasure
30127030	m30_12	30120030	宝死体002	treasure
30137020	m30_13	30130020	宝死体 C層大部屋上	treasure
30137030	m30_13	30130030	宝死体 D層行き止まり	treasure
30137040	m30_13	30130040	宝死体 C層偽帰り道	treasure
30147000	m30_14	30140000	宝死体000	treasure
30147010	m30_14	30140010	宝死体001	treasure
30147020	m30_14	30140020	宝死体002	treasure
30147030	m30_14	30140030	宝死体003	treasure
30147040	m30_14	30140040	宝死体004	treasure
30147900	m30_14	30140900	宝箱 ボス部屋	treasure
30157000	m30_15	30150000	AEG099_610 宝死体 魔法壁裏	treasure
30157000	m30_15	30150000	宝箱 ボス部屋	treasure
30167000	m30_16	30160000	宝死体000	treasure
30167010	m30_16	30160010	宝死体001	treasure
30167020	m30_16	30160020	宝死体002	treasure
30167030	m30_16	30160030	宝死体003	treasure
30167040	m30_16	30160040	宝箱004	treasure
30177000	m30_17	30170000	貴人宝死体 火吹き像上部屋	treasure
30177010	m30_17	30170010	貴人宝死体 本部屋	treasure
30177020	m30_17	30170020	宝箱 ボス部屋	treasure
30177030	m30_17	30170030	アイテム光 地下儀式場	treasure
30177040	m30_17	30170040	アイテム光 階段上	treasure
30177050	m30_17	30170050	アイテム光 魔法壁裏	treasure
30187000	m30_18	30180000	宝死体 A層吹き抜け上	treasure
30187010	m30_18	30180010	宝死体 B層偽帰り道	treasure
30187020	m30_18	30180020	宝死体 B層吹き抜け上	treasure
30187030	m30_18	30180030	宝死体 偽帰り道	treasure
30187070	m30_18	30180070	宝箱 最下層最奥	treasure
30187900	m30_18	30180900	宝箱 ボス部屋	treasure
30197000	m30_19	30190000	宝死体 ボスレバー横	treasure
30197010	m30_19	30190010	宝死体 氷吹き像上	treasure
30197020	m30_19	30190020	宝死体 二段火吹き像広場	treasure
30197030	m30_19	30190030	宝死体 番犬ゴーレム前	treasure
30197040	m30_19	30190040	宝死体001	treasure
30197900	m30_19	30190900	宝箱 ボス部屋	treasure
30207000	m30_20	30200000	宝死体000	treasure
30207010	m30_20	30200010	宝死体001	treasure
30207020	m30_20	30200020	宝死体002	treasure
30207030	m30_20	30200030	宝死体003	treasure
30207040	m30_20	30200040	宝死体004	treasure
30207050	m30_20	30200050	宝死体005	treasure
30207060	m30_20	30200060	宝死体006	treasure
30207900	m30_20	30200900	宝箱000	treasure
30207910	m30_20	30200910	宝箱001	treasure
31007000	m31_00	31000000	宝箱000	treasure
31007010	m31_00	31000010	宝箱001	treasure
31007030	m31_00	31000030	宝箱003	treasure
31017000	m31_01	31010000	宝死体000	treasure
31017010	m31_01	31010010	宝死体001	treasure
31017020	m31_01	31010020	宝死体002	treasure
31017030	m31_01	31010030	宝死体003	treasure
31017040	m31_01	31010040	宝死体004	treasure
31017060	m31_01	31010100	宝箱010	treasure
31027000	m31_02	31020000	宝死体000	treasure
31027010	m31_02	31020010	宝死体001	treasure
31027020	m31_02	31020020	宝死体002	treasure
31027030	m31_02	31020030	宝死体003	treasure
31027050	m31_02	31020050	宝死体005	treasure
31037000	m31_03	31030000	宝死体000	treasure
31037010	m31_03	31030010	宝死体001	treasure
31047000	m31_04	31040000	宝死体000	treasure
31047010	m31_04	31040010	宝死体001	treasure
31047020	m31_04	31040020	宝死体002	treasure
31047030	m31_04	31040030	宝死体003	treasure
31047040	m31_04	31040040	宝死体004	treasure
31047050	m31_04	31040050	宝死体005	treasure
31047060	m31_04	31040060	宝死体006	treasure
31047990	m31_04	420120010	c4201_9000	enemy
31057000	m31_05	31050000	宝死体000	treasure
31057010	m31_05	31050010	宝死体001	treasure
31057020	m31_05	31050020	宝死体002	treasure
31057030	m31_05	31050030	宝死体003	treasure
31057040	m31_05	31050040	宝死体004	treasure
31057050	m31_05	31050050	宝死体005	treasure
31057060	m31_05	31050060	宝死体006	treasure
31057070	m31_05	31050070	宝箱002	treasure
31057100	m31_05	31050100	宝箱000	treasure
31067000	m31_06	31060000	宝死体000	treasure
31067010	m31_06	31060010	宝死体001	treasure
31067030	m31_06	31060110	宝箱001	treasure
31067100	m31_06	31060100	宝箱000	treasure
31077000	m31_07	31070000	宝死体000	treasure
31077010	m31_07	31070010	宝死体001	treasure
31077020	m31_07	31070020	宝死体002	treasure
31077030	m31_07	31070030	宝死体003	treasure
31077040	m31_07	31070040	宝死体004	treasure
31077050	m31_07	31070050	宝死体005	treasure
31077060	m31_07	31070060	宝死体006	treasure
31077070	m31_07	31070070	宝死体007	treasure
31097000	m31_09	31090000	宝死体000	treasure
31097010	m31_09	31090010	宝死体001	treasure
31097020	m31_09	31090020	宝死体002	treasure
31097030	m31_09	31090030	宝死体003	treasure
31097040	m31_09	31090040	宝死体004	treasure
31107000	m31_10	31100000	宝死体000	treasure
31107010	m31_10	31100010	宝死体001	treasure
31107050	m31_10	31100050	宝死体005	treasure
31107110	m31_10	31100110	宝死体011	treasure
31107120	m31_10	31100120	宝死体012	treasure
31117000	m31_11	31110000	宝死体000	treasure
31117010	m31_11	31110010	宝死体001	treasure
31117020	m31_11	31110020	宝死体002	treasure
31117030	m31_11	31110030	宝死体003	treasure
31117040	m31_11	31110040	宝死体004	treasure
31117080	m31_11	31110080	宝死体008	treasure
31117090	m31_11	31110090	宝死体009	treasure
31117100	m31_11	31110100	宝死体005	treasure
31117110	m31_11	31110110	宝死体006	treasure
31117200	m31_11	31110200	宝箱020	treasure
31117220	m31_11	31110220	宝箱022	treasure
31127000	m31_12	31120000	宝死体000	treasure
31127010	m31_12	31120010	宝死体001	treasure
31127020	m31_12	31120020	宝死体002	treasure
31127030	m31_12	31120030	宝死体003	treasure
31127040	m31_12	31120040	宝死体004	treasure
31127050	m31_12	31120050	宝死体005	treasure
31127060	m31_12	31120060	宝死体006	treasure
31127070	m31_12	31120070	宝死体007	treasure
31127080	m31_12	31120080	宝死体008	treasure
31127090	m31_12	31120090	宝死体009	treasure
31127100	m31_12	31120100	宝死体010	treasure
31127110	m31_12	31120110	宝死体011	treasure
31127120	m31_12	31120120	宝死体012	treasure
31157010	m31_15	31150010	宝死体000 洞窟１－５	treasure
31157020	m31_15	31150020	宝死体001 洞窟１－５	treasure
31177010	m31_17	31170010	宝死体001	treasure
31177020	m31_17	31170020	宝死体002	treasure
31177030	m31_17	31170030	宝死体004	treasure
31177040	m31_17	31170040	宝死体003	treasure
31177050	m31_17	31170050	宝死体005	treasure
31177060	m31_17	31170060	宝死体006	treasure
31177070	m31_17	31170070	宝死体007	treasure
31177080	m31_17	31170080	宝死体008	treasure
31187020	m31_18	31180020	宝箱002	treasure
31187030	m31_18	31180030	宝死体003	treasure
31187040	m31_18	31180040	宝死体004	treasure
31187050	m31_18	31180050	宝死体005	treasure
31187060	m31_18	31180060	宝死体006	treasure
31187070	m31_18	31180070	宝死体007	treasure
31187080	m31_18	31180080	宝死体008	treasure
31197000	m31_19	31190000	宝箱000	treasure
31197010	m31_19	31190010	宝箱001	treasure
31197030	m31_19	31190030	宝箱003	treasure
31197040	m31_19	31190040	宝箱004	treasure
31197050	m31_19	31190050	宝箱005	treasure
31197060	m31_19	31190060	宝箱006	treasure
31197080	m31_19	31190080	宝箱008	treasure
31197090	m31_19	31190090	宝箱009	treasure
31197100	m31_19	31190100	宝箱010	treasure
31197110	m31_19	31190110	宝箱011	treasure
31197120	m31_19	31190120	宝箱012	treasure
31197130	m31_19	31190130	宝箱013	treasure
31197200	m31_19	31190200	宝死体020	treasure
31197210	m31_19	31190210	宝死体021	treasure
31207000	m31_20	31200000	宝死体000	treasure
31207010	m31_20	31200010	宝死体001	treasure
31207020	m31_20	31200020	宝死体002	treasure
31207030	m31_20	31200030	宝死体003	treasure
31217000	m31_21	31210000	宝死体000	treasure
31217030	m31_21	31210030	宝死体003	treasure
31217040	m31_21	31210040	宝死体004	treasure
31217070	m31_21	31210070	宝死体007	treasure
31217080	m31_21	31210080	宝死体008	treasure
31217090	m31_21	31210090	宝死体009	treasure
31217100	m31_21	31210100	宝死体010	treasure
31217110	m31_21	31210110	宝死体011	treasure
31217120	m31_21	31210120	宝死体012	treasure
31217140	m31_21	31210140	宝死体014	treasure
31217150	m31_21	31210150	宝死体015	treasure
31217160	m31_21	31210160	宝死体016	treasure
31217190	m31_21	31210190	宝死体019	treasure
31217200	m31_21	31210200	宝箱020	treasure
31217210	m31_21	31210210	宝死体021	treasure
31217350	m31_21	31210350	OBJ用宝箱情報 アイテム光035：オープン接続部	treasure
31217400	m31_21	31210400	貴人宝箱040	treasure
31227000	m31_22	31220000	宝死体000	treasure
31227010	m31_22	31220010	宝死体001	treasure
31227020	m31_22	31220020	宝死体002	treasure
31227030	m31_22	31220030	宝死体003	treasure
31227040	m31_22	31220040	宝死体004	treasure
31227050	m31_22	31220050	宝死体005	treasure
31227060	m31_22	31220060	宝死体006	treasure
31227070	m31_22	31220070	宝死体007	treasure
31227080	m31_22	31220080	宝死体008	treasure
32007000	m32_00	32000000	宝死体000	treasure
32007010	m32_00	32000010	宝死体001	treasure
32007020	m32_00	32000020	宝死体002	treasure
32007030	m32_00	32000030	宝死体003	treasure
32007060	m32_00	32000060	宝死体006	treasure
32007070	m32_00	32000070	宝死体007	treasure
32007900	m32_00	32000900	宝箱000 イベントアイテム	treasure
32017000	m32_01	32010000	宝死体000	treasure
32017010	m32_01	32010010	宝死体001	treasure
32017020	m32_01	32010020	宝死体002	treasure
32017030	m32_01	32010030	宝死体003	treasure
32017040	m32_01	32010040	宝死体004	treasure
32027000	m32_02	32020000	宝死体000 ※貴人宝箱に変更	treasure
32027010	m32_02	32020010	宝死体001	treasure
32027020	m32_02	32020020	宝死体002	treasure
32027030	m32_02	32020030	宝死体003	treasure
32027040	m32_02	32020040	宝死体004	treasure
32027060	m32_02	32020060	宝死体006	treasure
32027070	m32_02	32020070	宝死体007	treasure
32027900	m32_02	32020900	宝箱000	treasure
32047000	m32_04	32040000	宝死体000	treasure
32047010	m32_04	32040010	宝死体001	treasure
32047020	m32_04	32040020	宝死体002	treasure
32047030	m32_04	32040030	宝死体003	treasure
32047040	m32_04	32040040	宝死体004 サブ小屋 【day1追加】	treasure
32047050	m32_04	32040050	宝死体005 下層屋内【day1追加】	treasure
32057000	m32_05	32050000	宝死体000	treasure
32057010	m32_05	32050010	宝死体001	treasure
32057020	m32_05	32050020	宝死体002	treasure
32057030	m32_05	32050030	宝死体003	treasure
32057040	m32_05	32050040	宝死体004	treasure
32057900	m32_05	32050900	【ダミー化中】宝箱000	treasure
32057910	m32_05	32050910	宝箱001 ※貴人宝箱	treasure
32077000	m32_07	32070000	宝死体000	treasure
32077000	m32_07	32070000	宝死体000 {2}	treasure
32077010	m32_07	32070010	宝死体001	treasure
32077010	m32_07	32070010	宝死体001 {2}	treasure
32077020	m32_07	32070020	宝死体002	treasure
32077030	m32_07	32070030	宝死体003	treasure
32077060	m32_07	32070060	宝死体006	treasure
32077070	m32_07	32070070	宝死体007	treasure
32087000	m32_08	32080000	宝死体000	treasure
32087020	m32_08	32080020	宝死体002	treasure
32087030	m32_08	32080030	宝死体003	treasure
32087050	m32_08	32080050	宝死体005	treasure
32087060	m32_08	32080060	宝死体006	treasure
32087070	m32_08	32080070	宝死体007	treasure
32087100	m32_08	32080100	宝死体010	treasure
32087110	m32_08	32080110	宝死体011	treasure
32087120	m32_08	32080120	宝死体012	treasure
32087900	m32_08	32080900	宝箱000	treasure
32087910	m32_08	32080910	宝箱001	treasure
32117000	m32_11	32110000	宝死体000	treasure
32117020	m32_11	32110020	宝死体002	treasure
32117030	m32_11	32110030	宝死体003	treasure
32117040	m32_11	32110040	宝死体004	treasure
32117060	m32_11	32110060	宝死体006	treasure
32117080	m32_11	32110080	宝死体008	treasure
32117700	m32_11	360000020	c3600_9000	enemy
34107000	m34_10	34100000	宝死体000	treasure
34107010	m34_10	34100010	宝死体001	treasure
34107070	m34_10	34100070	宝死体007	treasure
34107080	m34_10	34100080	宝死体008	treasure
34107090	m34_10	34100090	宝死体009	treasure
34107100	m34_10	34100100	宝死体010 入口の門脇【day1追加】	treasure
34107110	m34_10	34100110	宝死体011 断面【day1追加】	treasure
34117010	m34_11	34110010	宝死体001	treasure
34117060	m34_11	34110060	宝死体006	treasure
34117080	m34_11	34110080	宝死体008	treasure
34117100	m34_11	34110100	宝死体010	treasure
34117110	m34_11	34110110	宝死体011	treasure
34117120	m34_11	34110120	宝死体012	treasure
34117200	m34_11	34110200	宝 アイテム光000	treasure
34117400	m34_11	34110400	common90005300	event
34117500	m34_11	34110500	宝 アイテム光001 イベントアイテム ラニの聖痕	treasure
34117700	m34_11	34110700	common90005300	event
34117710	m34_11	34110710	common90005300	event
34127010	m34_12	34120010	宝死体001	treasure
34127020	m34_12	34120020	宝死体002	treasure
34127030	m34_12	34120030	宝死体003	treasure
34127040	m34_12	34120040	宝死体004	treasure
34127050	m34_12	34120050	宝死体005	treasure
34127060	m34_12	34120060	宝死体006	treasure
34127070	m34_12	34120070	宝死体007	treasure
34127080	m34_12	34120080	宝死体008	treasure
34127090	m34_12	34120090	宝死体009	treasure
34127100	m34_12	34120100	宝死体010	treasure
34127110	m34_12	34120110	宝死体011	treasure
34127120	m34_12	34120120	宝死体012	treasure
34127130	m34_12	34120130	宝死体013 巨大敵破壊アセット宝	treasure
34127140	m34_12	34120140	宝死体014	treasure
34127150	m34_12	34120150	宝死体015	treasure
34127160	m34_12	34120160	宝死体016	treasure
34127900	m34_12	34120900	宝箱000	treasure
34137000	m34_13	34130000	宝死体000	treasure
34137010	m34_13	34130010	宝死体001	treasure
34137020	m34_13	34130020	宝死体002	treasure
34137900	m34_13	34130900	宝箱000	treasure
34147000	m34_14	34140000	宝死体000	treasure
34147010	m34_14	34140010	宝死体001神の塔 書室の前	treasure
34147020	m34_14	34140020	宝死体002	treasure
34147800	m34_14	34140800	アイテム光000	treasure
34147810	m34_14	34140810	アイテム光001	treasure
35007000	m35_00	35000000	宝死体000	treasure
35007000	m35_00	35000000	宝死体002	treasure
35007030	m35_00	35000030	宝死体003	treasure
35007040	m35_00	35000040	OBJ用宝箱情報 アイテム光04：忌み子積み荷① メイン通り	treasure
35007040	m35_00	35000040	宝死体004	treasure
35007050	m35_00	35000050	OBJ用宝箱情報 アイテム光05：忌み子積み荷② メイン通り	treasure
35007060	m35_00	35000060	宝死体テント下①	treasure
35007080	m35_00	35000080	宝死体008	treasure
35007090	m35_00	35000090	宝死体009	treasure
35007110	m35_00	35000110	宝死体 偽ボス部屋	treasure
35007120	m35_00	35000120	宝死体012	treasure
35007130	m35_00	35000130	宝死体013	treasure
35007150	m35_00	35000150	宝死体015	treasure
35007160	m35_00	35000160	宝死体016	treasure
35007170	m35_00	35000170	宝死体017	treasure
35007180	m35_00	35000180	宝死体018	treasure
35007190	m35_00	35000190	宝死体019	treasure
35007200	m35_00	35000200	宝死体020	treasure
35007210	m35_00	35000210	宝死体021	treasure
35007220	m35_00	35000220	OBJ用宝箱情報 アイテム光22：ショートカット部屋	treasure
35007240	m35_00	35000240	宝死体024	treasure
35007250	m35_00	35000250	宝死体025	treasure
35007260	m35_00	35000260	宝死体026	treasure
35007270	m35_00	35000270	宝死体027	treasure
35007280	m35_00	35000280	宝死体028	treasure
35007300	m35_00	35000300	宝死体030	treasure
35007310	m35_00	35000310	アイテム光イベント	treasure
35007310	m35_00	35000310	宝死体031	treasure
35007320	m35_00	35000320	宝死体032	treasure
35007330	m35_00	35000330	宝死体033	treasure
35007340	m35_00	35000340	OBJ用宝箱情報 アイテム光34：死体だまり	treasure
35007350	m35_00	35000350	宝死体035	treasure
35007370	m35_00	35000370	宝死体037	treasure
35007380	m35_00	35000380	宝死体038	treasure
35007390	m35_00	35000390	宝死体039	treasure
35007400	m35_00	35000400	宝死体040	treasure
35007410	m35_00	35000410	宝死体041	treasure
35007420	m35_00	35000420	宝死体042	treasure
35007430	m35_00	35000430	宝死体043	treasure
35007450	m35_00	35000450	宝死体045	treasure
35007460	m35_00	35000460	宝死体046	treasure
35007470	m35_00	35000470	宝死体047	treasure
35007480	m35_00	35000480	宝死体048	treasure
35007500	m35_00	35000500	宝死体050	treasure
35007510	m35_00	35000510	宝死体051	treasure
35007530	m35_00	35000530	宝死体053	treasure
35007540	m35_00	35000540	宝死体054	treasure
35007550	m35_00	35000550	宝死体055	treasure
35007560	m35_00	35000560	宝死体056	treasure
35007570	m35_00	35000570	宝死体057	treasure
35007590	m35_00	35000590	宝死体059	treasure
35007600	m35_00	35000600	宝死体060	treasure
35007630	m35_00	35000630	宝死体063	treasure
35007650	m35_00	35000650	宝死体065	treasure
35007660	m35_00	35000660	宝死体066	treasure
35007670	m35_00	35000670	宝死体067	treasure
35007680	m35_00	35000680	宝死体068	treasure
35007700	m35_00	35000700	宝箱　グレーターデーモン幻影終端報酬	treasure
35007710	m35_00	35000710	宝死体096	treasure
35007720	m35_00	35000720	アイテム光 狂いの火の受領ゾーン	treasure
35007730	m35_00	35000730	宝死体097	treasure
35007740	m35_00	35000740	宝死体099	treasure
35007770	m35_00	35000770	宝箱077	treasure
35007780	m35_00	35000780	宝箱078	treasure
35007900	m35_00	35000900	宝死体 三周目祭壇	treasure
35007910	m35_00	35000910	宝死体 地下墓地レアC	treasure
35007930	m35_00	35000930	宝死体 宝死体 レバー横	treasure
35007940	m35_00	35000940	アイテム光 祭壇部屋	treasure
35007950	m35_00	35000950	宝死体 地下墓地壁裏	treasure
35007970	m35_00	35000970	common90005300	event
35007980	m35_00	35000980	common90005300	event
35007993	m35_00	424035000	c4240_9000	enemy
39207000	m39_20	39200000	宝死体000	treasure
39207000	m39_20	39200000	宝死体000 {2}	treasure
39207010	m39_20	39200010	宝死体001	treasure
39207020	m39_20	39200020	宝死体002	treasure
39207030	m39_20	39200030	宝死体003	treasure
39207040	m39_20	39200040	宝死体004	treasure
39207050	m39_20	39200050	宝死体005	treasure
39207060	m39_20	39200060	宝死体006	treasure
39207070	m39_20	39200070	宝死体007	treasure
39207080	m39_20	39200080	宝死体008	treasure
39207090	m39_20	39200090	宝死体009	treasure
39207100	m39_20	39200100	宝死体010	treasure
39207110	m39_20	39200110	宝死体011	treasure
39207120	m39_20	39200120	宝死体012	treasure
39207130	m39_20	39200130	宝死体013	treasure
39207140	m39_20	39200140	宝死体014	treasure
39207150	m39_20	39200150	宝死体015	treasure
39207160	m39_20	39200160	宝死体016	treasure
39207500	m39_20	39200500	common90005774	event
39207970	m39_20	420126020	c4201_9003	enemy
39207980	m39_20	420126010	c4201_9002	enemy
39207990	m39_20	420126000	c4201_9000	enemy
40007000	m40_00	40000000	宝死体000	treasure
40007020	m40_00	40000020	宝死体002	treasure
40007040	m40_00	40000040	宝死体004	treasure
40007050	m40_00	40000050	宝死体005	treasure
40007060	m40_00	40000060	宝死体006	treasure
40007070	m40_00	40000070	宝死体007	treasure
40007080	m40_00	40000080	宝死体008	treasure
40007090	m40_00	40000090	宝死体009	treasure
40007100	m40_00	40000100	宝死体010	treasure
40007110	m40_00	40000110	宝死体011	treasure
40007120	m40_00	40000120	宝死体012	treasure
40007800	m40_00	40000800	アイテム光000	treasure
40007810	m40_00	40000810	アイテム光001	treasure
40007820	m40_00	40000820	アイテム光002	treasure
40007900	m40_00	40000900	宝箱000	treasure
40017000	m40_01	40010000	宝死体000	treasure
40017010	m40_01	40010010	宝死体001	treasure
40017020	m40_01	40010020	宝死体002	treasure
40017030	m40_01	40010030	宝死体003	treasure
40017040	m40_01	40010040	宝死体004	treasure
40017050	m40_01	40010050	アイテム光000	treasure
40017060	m40_01	40010060	宝死体006	treasure
40017070	m40_01	40010070	宝死体007	treasure
40017080	m40_01	40010080	宝死体008	treasure
40017090	m40_01	40010090	宝死体009	treasure
40017100	m40_01	40010100	宝死体010	treasure
40017110	m40_01	40010110	宝死体011	treasure
40017120	m40_01	40010120	宝死体012	treasure
40017130	m40_01	40010130	宝死体013	treasure
40017140	m40_01	40010140	宝死体014	treasure
40017150	m40_01	40010150	宝死体015	treasure
40027000	m40_02	40020000	宝死体000	treasure
40027010	m40_02	40020010	宝死体001	treasure
40027020	m40_02	40020020	宝死体002 ダミー	treasure
40027020	m40_02	40020020	宝箱000	treasure
40027030	m40_02	40020030	宝死体003 ダミー	treasure
40027040	m40_02	40020040	宝死体004 ダミー	treasure
40027100	m40_02	40020100	宝死体005	treasure
40027110	m40_02	40020110	宝死体006	treasure
40027120	m40_02	40020120	宝死体007	treasure
40027130	m40_02	40020130	アイテム光000	treasure
40027130	m40_02	40020130	宝死体008 ダミー	treasure
40027140	m40_02	40020140	宝死体009	treasure
40027140	m40_02	40020140	宝箱001 ダミー	treasure
40027200	m40_02	40020200	宝死体010	treasure
40027210	m40_02	40020210	宝死体011	treasure
40027220	m40_02	40020220	宝箱002	treasure
40027900	m40_02	587200700	c5872_9000	enemy
41007000	m41_00	41000000	宝死体000	treasure
41007010	m41_00	41000010	宝死体001	treasure
41007020	m41_00	41000020	宝死体002	treasure
41007100	m41_00	41000100	宝死体010	treasure
41007110	m41_00	41000110	宝死体011	treasure
41007120	m41_00	41000120	宝死体012	treasure
41007130	m41_00	41000130	宝死体013	treasure
41007200	m41_00	41000200	宝死体020	treasure
41007210	m41_00	41000210	宝死体021	treasure
41007250	m41_00	41000250	アイテム光000（宝死体025枠）	treasure
41007260	m41_00	41000260	宝死体026	treasure
41007270	m41_00	41000270	宝死体027	treasure
41017010	m41_01	41010010	宝死体001	treasure
41017020	m41_01	41010020	宝死体002	treasure
41017030	m41_01	41010030	宝死体002 {2}	treasure
41017030	m41_01	41010030	（旧）宝死体000	treasure
41017040	m41_01	41010040	（旧）宝死体005	treasure
41017100	m41_01	41010100	宝死体010	treasure
41017110	m41_01	41010110	宝死体011	treasure
41017120	m41_01	41010120	宝死体012	treasure
41017130	m41_01	41010130	宝死体013	treasure
41017130	m41_01	41010130	（旧）宝死体013	treasure
41017200	m41_01	41010200	宝死体020	treasure
41017210	m41_01	41010210	宝死体021	treasure
41017220	m41_01	41010220	宝死体022	treasure
41017230	m41_01	41010230	宝死体023	treasure
41017240	m41_01	41010240	宝死体024	treasure
41017250	m41_01	41010250	（旧）宝死体021	treasure
41017260	m41_01	41010260	（旧）宝死体025	treasure
41017300	m41_01	41010300	宝死体030	treasure
41017310	m41_01	41010310	宝死体031	treasure
41027000	m41_02	41020000	宝箱000	treasure
41027010	m41_02	41020010	宝死体001	treasure
41027050	m41_02	41020050	（旧）宝死体000	treasure
41027060	m41_02	41020060	（旧）宝死体005	treasure
41027070	m41_02	41020070	（旧）宝死体007	treasure
41027100	m41_02	41020100	宝死体010	treasure
41027110	m41_02	41020110	宝死体011	treasure
41027120	m41_02	41020120	宝死体012	treasure
41027130	m41_02	41020130	宝死体013	treasure
41027150	m41_02	41020150	（旧）宝死体012	treasure
41027160	m41_02	41020160	（旧）宝死体013	treasure
41027200	m41_02	41020200	宝死体020	treasure
41027210	m41_02	41020210	宝死体021	treasure
41027300	m41_02	41020300	宝死体030	treasure
41027320	m41_02	41020320	宝箱001	treasure
42007000	m42_00	42000000	award	event
42007100	m42_00	42000100	宝死体000	treasure
42007110	m42_00	42000110	宝死体001	treasure
42007130	m42_00	42000130	宝死体003	treasure
42007140	m42_00	42000140	宝死体004	treasure
42007150	m42_00	42000150	宝死体005	treasure
42007160	m42_00	42000160	宝死体006	treasure
42007170	m42_00	42000170	宝死体007	treasure
42007180	m42_00	42000180	宝死体008	treasure
42027000	m42_02	42020000	award	event
42027010	m42_02	42020010	宝死体000	treasure
42027020	m42_02	42020020	宝死体001	treasure
42027030	m42_02	42020030	宝死体002	treasure
42027040	m42_02	42020040	宝死体003	treasure
42027050	m42_02	42020050	宝死体004	treasure
42027060	m42_02	42020060	宝死体005	treasure
42027070	m42_02	42020070	宝死体006	treasure
42027080	m42_02	42020080	宝死体007	treasure
42037000	m42_03	42030000	award	event
42037100	m42_03	42030100	宝死体000	treasure
42037110	m42_03	42030110	宝死体001	treasure
42037120	m42_03	42030120	宝死体002	treasure
42037130	m42_03	42030130	宝死体003	treasure
42037140	m42_03	42030140	宝死体004	treasure
42037150	m42_03	42030150	宝死体005	treasure
42037160	m42_03	42030160	宝死体006	treasure
42037170	m42_03	42030170	宝死体007	treasure
42037180	m42_03	42030180	宝死体008	treasure
43007000	m43_00	43000000	宝死体000_前半_分岐奥	treasure
43007010	m43_00	43000010	宝死体001_前半_大部屋奥	treasure
43007020	m43_00	43000020	宝死体002_前半_ギミック用落下床上	treasure
43007020	m43_00	43000020	宝死体002_前半_ギミック用落下床上 {2}	treasure
43007030	m43_00	43000030	宝死体003_後半_窪み奥	treasure
43007040	m43_00	43000040	アイテム光000_後半_儀式奥祭壇上	treasure
43007050	m43_00	43000050	宝死体005_後半_戻り通路	treasure
43017000	m43_01	43010000	宝死体000 入口	treasure
43017010	m43_01	43010010	宝死体001 祭壇上	treasure
43017020	m43_01	43010020	宝死体002 王の土竜	treasure
43017030	m43_01	43010030	宝死体003 祭壇右	treasure
43017040	m43_01	43010040	宝死体004 落ちた所	treasure
43017900	m43_01	43010900	common90005301	event
1033407100	m60_33_40	1033400100	宝箱000：魔術師の塔	treasure
1033417000	m60_33_41	1033410000	宝箱000 祠	treasure
1033417010	m60_33_41	1033410010	宝箱001 祠	treasure
1033417020	m60_33_41	1033410020	宝箱002 祠	treasure
1033417400	m60_33_41	1033410400	common90005300	event
1033417410	m60_33_41	1033410410	common90005300	event
1033447000	m60_33_44	1033440000	宝死体000：家内	treasure
1033447010	m60_33_44	1033440010	宝死体001：家内	treasure
1033447020	m60_33_44	1033440020	宝死体002：家内	treasure
1033447030	m60_33_44	1033440030	宝死体003：家内	treasure
1033447040	m60_33_44	1033440040	宝死体004：家内	treasure
1033457990	m60_33_45	420120000	c4201_9000	enemy
1033467000	m60_33_46	1033460000	宝死体000：ザリガニ産卵場所	treasure
1033467030	m60_33_46	1033460030	宝死体003：鐘楼群下_野営地前	treasure
1033467040	m60_33_46	1033460040	宝死体004	treasure
1033477000	m60_33_47	1033470000	宝死体000：鐘楼群下	treasure
1033477010	m60_33_47	1033470010	宝箱000：野営地	treasure
1033477020	m60_33_47	1033470020	宝箱001：鐘楼群頂上	treasure
1033477030	m60_33_47	1033470030	宝死体003：野営地テント前	treasure
1033477200	m60_08_11	1033470200	m60_33_47_00-馬車宝箱000：キャラバン	treasure
1033477900	m60_33_47	1033470900	宝箱002	treasure
1033477910	m60_33_47	1033470910	宝箱003	treasure
1034417000	m60_34_41	1034410000	宝死体000 水晶竜の巣	treasure
1034427000	m60_34_42	1034420000	宝死体000 遺跡2-4	treasure
1034427010	m60_34_42	1034420010	宝死体001 遺跡2-4	treasure
1034427020	m60_34_42	1034420020	宝死体002	treasure
1034427030	m60_34_42	1034420030	宝死体003	treasure
1034427040	m60_34_42	1034420040	宝死体004 遺跡2-4	treasure
1034427050	m60_34_42	1034420050	宝死体005	treasure
1034427060	m60_34_42	1034420060	宝死体006	treasure
1034427100	m60_34_42	1034420100	宝箱000 遺跡2-4	treasure
1034427400	m60_34_42	1034420400	common90005300	event
1034437000	m60_34_43	1034430000	宝死体000：魔術師の塔	treasure
1034437300	m60_34_43	1034430300	アイテム光000：魔術師の塔	treasure
1034447000	m60_34_44	1034440000	アイテム光000：水没遺跡 ウルフライダーの死体	treasure
1034447010	m60_34_44	1034440010	アイテム光001：湖の像	treasure
1034447900	m60_34_44	1034440900	宝死体000	treasure
1034457010	m60_34_45	1034450010	宝死体001：ワイバーンの巣	treasure
1034457020	m60_34_45	1034450020	宝死体002：ワイバーンの巣	treasure
1034457100	m60_34_45	1034450100	アイテム光000：ワイバーンの巣	treasure
1034467100	m60_34_46	1034460100	アイテム光000：湖の像 蛇後ろ	treasure
1034477000	m60_34_47	1034470000	宝死体000：鐘楼群下	treasure
1034477110	m60_34_47	1034471010	棺_宝死体001：鐘楼群下	treasure
1034477120	m60_34_47	1034471020	棺_宝死体002：鐘楼群下	treasure
1034477130	m60_34_47	1034471030	棺_宝死体003：鐘楼群下	treasure
1034477140	m60_34_47	1034471040	棺_宝死体004：鐘楼群下	treasure
1034477150	m60_34_47	1034471050	棺_宝死体005：鐘楼群下	treasure
1034477160	m60_34_47	1034471060	棺_宝死体006：鐘楼群下	treasure
1034477170	m60_34_47	1034471070	棺_宝死体007：鐘楼群下	treasure
1034477180	m60_34_47	1034471080	棺_宝死体008：鐘楼群下	treasure
1034477190	m60_34_47	1034471090	棺_宝死体009：鐘楼群下	treasure
1034477200	m60_34_47	1034471100	棺_宝死体010：鐘楼群下	treasure
1034477210	m60_34_47	1034471110	棺_宝死体011：鐘楼群下	treasure
1034477220	m60_34_47	1034471120	棺_宝死体012：鐘楼群下	treasure
1034477500	m60_34_47	1034471500	棺_宝死体000：鐘楼群下	treasure
1034487000	m60_34_48	1034480000	宝死体000：遺跡2-2	treasure
1034487010	m60_34_48	1034480010	宝死体001：遺跡2-2	treasure
1034487100	m60_34_48	1034480100	宝箱000：遺跡地下室	treasure
1034497010	m60_34_49	934490010	(敵レビュー用)宝死体	treasure
1034507010	m60_34_50	1034500010	棺_宝死体001：砦分かれ道	treasure
1034507020	m60_34_50	1034500020	棺_宝死体002：砦分かれ道	treasure
1034507030	m60_34_50	1034500030	棺_宝死体003：砦分かれ道	treasure
1034507040	m60_34_50	1034500040	棺_宝死体004：砦分かれ道	treasure
1034507050	m60_34_50	1034500050	棺_宝死体005：砦分かれ道	treasure
1034507060	m60_34_50	1034500060	棺_宝死体006：砦分かれ道	treasure
1034507070	m60_34_50	1034500070	棺_宝死体007：砦分かれ道	treasure
1034507080	m60_34_50	1034500080	棺_宝死体008：砦分かれ道	treasure
1034507090	m60_34_50	1034500090	宝死体009	treasure
1034517900	m60_34_51	1034510900	宝箱000	treasure
1035417000	m60_35_41	1035410000	宝死体000 遺跡2-5	treasure
1035417010	m60_35_41	1035410010	宝死体001 遺跡2-5	treasure
1035417100	m60_35_41	1035410100	宝箱000 遺跡2-5	treasure
1035417110	m60_35_41	1035410110	宝箱001  遺跡2-6	treasure
1035427010	m60_35_42	1035420010	宝死体001：毒沼枯れ木	treasure
1035427030	m60_35_42	1035420030	宝死体003：足萎え村_終端	treasure
1035427040	m60_35_42	1035420040	宝死体004	treasure
1035427100	m60_35_42	1035420100	アイテム光000：大教会	treasure
1035427110	m60_35_42	1035420110	アイテム光001：大教会	treasure
1035427120	m60_35_42	1035420120	アイテム光002：大教会	treasure
1035427130	m60_35_42	1035420130	アイテム光003：大教会	treasure
1035427140	m60_35_42	1035420140	アイテム光004：大教会	treasure
1035427150	m60_35_42	1035420150	アイテム光005：大教会	treasure
1035427160	m60_35_42	1035420160	アイテム光006：大教会	treasure
1035427170	m60_35_42	1035420170	アイテム光007：大教会	treasure
1035427180	m60_35_42	1035420180	アイテム光008：大教会	treasure
1035427190	m60_35_42	1035420190	アイテム光009：大教会	treasure
1035427200	m60_35_42	1035420200	アイテム光010：星見台	treasure
1035437010	m60_35_43	1035430010	宝死体001：岩陰 椅子死体	treasure
1035437100	m60_35_43	1035430100	common90005390	event
1035447000	m60_35_44	1035440000	宝死体000：水没遺跡ガンメン前	treasure
1035447010	m60_35_44	1035440010	棺_宝死体001：水没都市付近	treasure
1035447020	m60_35_44	1035440020	棺_宝死体002：水没都市付近	treasure
1035447030	m60_35_44	1035440030	棺_宝死体003：水没都市付近	treasure
1035447040	m60_35_44	1035440040	棺_宝死体004：水没都市付近	treasure
1035447050	m60_35_44	1035440050	棺_宝死体005：水没都市付近	treasure
1035447060	m60_35_44	1035440060	棺_宝死体006：水没都市付近	treasure
1035447070	m60_35_44	1035440070	棺_宝死体007：水没都市付近	treasure
1035447080	m60_35_44	1035440080	棺_宝死体008：水没都市付近	treasure
1035447090	m60_35_44	1035440090	棺_宝死体009：水没都市付近	treasure
1035447100	m60_35_44	1035440100	棺_宝死体010：水没都市付近	treasure
1035447110	m60_35_44	1035440110	アイテム光001：ルーン花地帯祠	treasure
1035447120	m60_35_44	1035440120	宝死体012	treasure
1035457000	m60_35_45	1035450000	宝死体000：モンサン格子前	treasure
1035457030	m60_35_45	1035450030	宝死体003：モンサン格子前	treasure
1035457100	m60_35_45	1035450100	宝死体010：モンサン格子前	treasure
1035467020	m60_35_46	1035460020	椅子_宝死体002：モンサン下	treasure
1035467100	m60_35_46	1035460100	アイテム光000：世界樹の実 橋上	treasure
1035467700	m60_35_46	1035460700	common90005774	event
1035477010	m60_35_47	1035470010	アイテム光000：フォーリ建物	treasure
1035487010	m60_35_48	1035480010	宝死体001：下り遺跡_1	treasure
1035487020	m60_35_48	1035480020	宝死体002：下り遺跡_2	treasure
1035487030	m60_35_48	1035480030	宝死体003：遺跡横浜辺	treasure
1035497020	m60_35_49	1035490020	宝死体002：渓谷前の林	treasure
1035497990	m60_35_49	424020000	c4240_9000	enemy
1035507000	m60_35_50	1035500000	宝死体000	treasure
1035507010	m60_35_50	1035500010	宝死体001	treasure
1035507020	m60_35_50	1035500020	宝死体002	treasure
1035507030	m60_35_50	1035500030	宝死体003	treasure
1035507050	m60_35_50	1035500050	宝死体005	treasure
1035507060	m60_35_50	1035500060	宝死体006	treasure
1035507070	m60_35_50	1035500070	宝死体007	treasure
1035507080	m60_35_50	1035500080	宝死体008	treasure
1035507090	m60_35_50	1035500090	宝死体009	treasure
1035507100	m60_35_50	1035500100	宝死体010	treasure
1035507110	m60_35_50	1035500110	宝死体011	treasure
1035507120	m60_35_50	1035500120	宝死体012	treasure
1035507130	m60_35_50	1035500130	宝死体013	treasure
1035507140	m60_35_50	1035500140	宝死体014	treasure
1035507150	m60_35_50	1035500150	宝死体015	treasure
1035507150	m60_35_50	1035500150	宝死体015 {2}	treasure
1035507160	m60_35_50	1035500160	宝死体016	treasure
1035507170	m60_35_50	1035500170	宝死体017	treasure
1035507180	m60_35_50	1035500180	宝死体018	treasure
1035507190	m60_35_50	1035500190	宝死体019	treasure
1035507200	m60_35_50	1035500200	宝死体020	treasure
1035507220	m60_35_50	1035500220	宝死体022	treasure
1035507230	m60_35_50	1035500230	宝死体023	treasure
1035507240	m60_35_50	1035500240	宝死体024	treasure
1035507250	m60_35_50	1035500250	宝死体025	treasure
1035507260	m60_35_50	1035500260	宝死体026	treasure
1035507270	m60_35_50	1035500270	宝死体027	treasure
1035507280	m60_35_50	1035500280	宝死体028	treasure
1035507300	m60_35_50	1035500300	アイテム光000：世界樹の実 砦	treasure
1035507650	m60_35_50	424021160	c4240_9000	enemy
1035507660	m60_35_50	424021150	c4240_9007	enemy
1035507670	m60_35_50	424021140	c4240_9017	enemy
1035507680	m60_35_50	424021130	c4240_9015	enemy
1035507690	m60_35_50	424021120	c4240_9018	enemy
1035507700	m60_35_50	424021110	c4240_9010	enemy
1035507710	m60_35_50	424021100	c4240_9005	enemy
1035507720	m60_35_50	424021090	c4240_9001	enemy
1035507730	m60_35_50	424021080	c4240_9006	enemy
1035507740	m60_35_50	424021070	c4240_9011	enemy
1035507750	m60_35_50	424021060	c4240_9009	enemy
1035507760	m60_35_50	424021050	c4240_9002	enemy
1035507770	m60_35_50	424021040	c4240_9014	enemy
1035507780	m60_35_50	424021030	c4240_9013	enemy
1035507790	m60_35_50	424021020	c4240_9004	enemy
1035507800	m60_35_50	424021010	c4240_9003	enemy
1035507900	m60_35_50	1035500900	宝箱000	treasure
1035507990	m60_35_50	460021400	c4601_9000	enemy
1035527010	m60_35_52	1035520010	アイテム光 棺地帯	treasure
1035527020	m60_35_52	1035520020	アイテム光 棺地帯 {2}	treasure
1035527030	m60_35_52	1035520030	アイテム光 棺地帯 {3}	treasure
1035527040	m60_35_52	1035520040	アイテム光 棺地帯 {4}	treasure
1035537000	m60_35_53	1035530000	宝死体 信徒の集まる焚火	treasure
1035537010	m60_35_53	1035530010	宝死体　マグマ地帯１	treasure
1035537020	m60_08_13	1035530020	m60_35_53_00-宝死体 海辺塔周囲	treasure
1035537030	m60_35_53	1035530030	宝死体　マグマ地帯２	treasure
1035537040	m60_35_53	1035530040	宝死体　マグマ地帯３	treasure
1035537050	m60_35_53	1035530050	宝死体　マグマ地帯４	treasure
1035547000	m60_35_54	1035540000	宝死体 罠崖	treasure
1035547010	m60_35_54	1035540010	宝死体 ユビムシの森海側	treasure
1035547020	m60_35_54	1035540020	宝死体　墓地木下	treasure
1035547050	m60_35_54	1035540050	アイテム光 海辺塔隠し足場	treasure
1035547060	m60_35_54	1035540060	アイテム光 海辺塔頂上兵士死体1	treasure
1035547070	m60_35_54	1035540070	アイテム光 海辺塔頂上兵士死体2	treasure
1035547980	m60_35_54	424032000	c4240_9000	enemy
1036417000	m60_36_41	1036410000	宝死体000：火の僧兵野営地	treasure
1036417010	m60_36_41	1036410010	宝死体001：火の僧兵野営地_テント内	treasure
1036417020	m60_36_41	1036410020	宝死体002：洞窟後	treasure
1036437000	m60_36_43	1036430000	アイテム光000：湖の像	treasure
1036437020	m60_36_43	1036430020	宝死体002：下り遺跡OBJ上	treasure
1036437030	m60_36_43	1036430030	宝死体003：ザリガニ地帯下り遺跡上	treasure
1036447000	m60_36_44	1036440000	宝死体000：水没遺跡 中央部	treasure
1036447010	m60_36_44	1036440010	宝死体001：水没遺跡 中央部屋根	treasure
1036447040	m60_36_44	1036440040	宝死体004：階段外れ	treasure
1036447050	m60_36_44	1036440050	宝死体005：遺跡手すり	treasure
1036447060	m60_36_44	1036440060	宝死体006：屋敷裏	treasure
1036447300	m60_36_44	1036440300	アイテム光000：世界樹の実	treasure
1036457020	m60_36_45	1036450020	宝死体002：水没都市_墓地	treasure
1036457110	m60_36_45	1036450110	宝箱001：水没遺跡_隠し	treasure
1036457400	m60_36_45	1036450400	common90005860	event
1036477000	m60_36_47	1036470000	宝死体000：歩く霊廟_岸側	treasure
1036487000	m60_36_48	1036480000	宝死体000：街道	treasure
1036487400	m60_36_48	1036480400	common90005860	event
1036497000	m60_36_49	1036490000	アイテム光000：教会2-4	treasure
1036507010	m60_36_50	1036500010	宝死体001：大墓地	treasure
1036507020	m60_36_50	1036500020	宝死体002	treasure
1036507030	m60_36_50	1036500030	宝死体003	treasure
1036517000	m60_36_51	1036510000	宝死体000 調香遺跡吊り下げ	treasure
1036517700	m60_36_51	482000500	c4820_9000	enemy
1036527000	m60_36_52	1036520000	宝 彫像型宝箱	treasure
1036527010	m60_36_52	1036520010	宝死体001 調香遺跡宝箱	treasure
1036527020	m60_36_52	1036520020	宝死体002 調香遺跡 右入り口	treasure
1036527030	m60_36_52	1036520030	宝死体003 調香遺跡 ルーンを喰う花奥	treasure
1036527040	m60_36_52	1036520040	宝死体 三つ家地帯一番上	treasure
1036527050	m60_36_52	1036520050	宝死体 隠者のボロ家	treasure
1036527060	m60_36_52	1036520060	AEG099_620 宝死体 職人のボロ家	treasure
1036537000	m60_36_53	1036530000	宝死体 間欠泉川おわり	treasure
1036547000	m60_36_54	1036540000	宝死体 火山牢前崖上	treasure
1036547010	m60_36_54	1036540010	宝死体 森側崖下	treasure
1036547020	m60_36_54	1036540020	宝死体　人形兵の潜む崖下	treasure
1036547030	m60_36_54	1036540030	宝死体 磔地帯１	treasure
1036547040	m60_36_54	1036540040	アイテム光 頂上広場星見台	treasure
1036547050	m60_36_54	1036540050	宝死体 間欠泉ゾーン	treasure
1036547400	m60_36_54	1036540400	アイテム光 エストのかけら	treasure
1036547990	m60_35_54	424032010	c4240_9002	enemy
1037417010	m60_37_41	1037410010	宝死体001：崩れた馬車前	treasure
1037427000	m60_37_42	1037420000	宝死体000：遺跡2-3	treasure
1037427010	m60_37_42	1037420010	宝死体001：遺跡2-3	treasure
1037427030	m60_37_42	1037420030	宝死体003：浮き島	treasure
1037427400	m60_37_42	1037420400	common90005860	event
1037427900	m60_37_42	1037420900	宝箱000：遺跡2-3地下室	treasure
1037437000	m60_37_43	1037430000	宝死体000：崩壊橋	treasure
1037437010	m60_37_43	1037430010	宝死体001：湖の像	treasure
1037447000	m60_37_44	1037440000	宝死体000	treasure
1037447010	m60_37_44	1037440010	宝死体001	treasure
1037457100	m60_37_45	1037450100	アイテム光000：湖の像	treasure
1037467000	m60_37_46	1037460000	宝箱000：教会	treasure
1037467010	m60_37_46	1037460010	宝死体001	treasure
1037467400	m60_37_46	1037460400	common90005860	event
1037477000	m60_37_47	1037470000	宝死体000：終端墓地	treasure
1037477010	m60_37_47	1037470010	宝死体_椅子002：迷路地帯森	treasure
1037477020	m60_37_47	1037470020	宝死体002	treasure
1037477030	m60_37_47	1037470030	宝死体003	treasure
1037487000	m60_37_48	1037480000	宝死体000：崖上	treasure
1037487010	m60_37_48	1037480010	棺_宝死体001：混沌村奥	treasure
1037487020	m60_37_48	1037480020	棺_宝死体002：混沌村奥	treasure
1037487030	m60_37_48	1037480030	棺_宝死体003：混沌村奥	treasure
1037487040	m60_37_48	1037480040	棺_宝死体004：混沌村奥	treasure
1037487050	m60_37_48	1037480050	棺_宝死体005：混沌村奥	treasure
1037487060	m60_37_48	1037480060	棺_宝死体006：混沌村奥	treasure
1037487070	m60_37_48	1037480070	棺_宝死体007：混沌村奥	treasure
1037487080	m60_37_48	1037480080	棺_宝死体008：混沌村奥	treasure
1037497000	m60_37_49	1037490000	宝死体000：野営地	treasure
1037497010	m60_37_49	1037490010	宝死体001	treasure
1037497020	m60_37_49	1037490020	宝死体002：街道脇 椅子死体	treasure
1037497030	m60_37_49	1037490030	アイテム光002	treasure
1037497100	m60_37_49	1037490100	アイテム光000：教会2-6	treasure
1037497200	m60_37_49	1037490200	宝箱000：王軍野営地	treasure
1037497300	m60_37_49	1037490300	common90005792	event
1037507000	m60_37_50	1037500000	宝死体000	treasure
1037507100	m60_37_50	1037500100	アイテム光000：世界樹の実 断崖坑道前	treasure
1037517000	m60_37_51	1037510000	宝死体000 馬車の隙間	treasure
1037517010	m60_37_51	1037510010	宝死体001 右手の馬車上	treasure
1037517020	m60_37_51	1037510020	宝死体002 リトライポイント付近	treasure
1037527020	m60_37_52	1037520020	宝死体002　岩上	treasure
1037527030	m60_37_52	1037520030	宝死体003　木の陰	treasure
1037527040	m60_37_52	1037520040	宝死体004　屋根上	treasure
1037527050	m60_37_52	1037520050	宝死体005　村中	treasure
1037527060	m60_37_52	1037520060	宝死体006 大湖の奥	treasure
1037527070	m60_37_52	1037520070	宝死体 村中の家　副葬の声_母の声アイテム	treasure
1037527080	m60_37_52	1037520080	アイテム光 亜人村裏の星見台	treasure
1037527090	m60_37_52	1037520090	宝死体007 亜人村家裏	treasure
1037527100	m60_37_52	1037520100	宝死体 亜人村家内部	treasure
1037537000	m60_37_53	1037530000	宝死体　ルーンウルフ前	treasure
1037537010	m60_37_53	1037530010	宝死体 岩橋	treasure
1037537020	m60_37_53	1037530020	宝死体 第一間欠泉ゾーン終わり	treasure
1037537400	m60_37_53	1037530400	アイテム光 エストのかけら	treasure
1037547000	m60_37_54	1037540000	宝死体 壊れた橋のうえ	treasure
1037547010	m60_37_54	1037540010	宝死体 壊れた橋のした	treasure
1037547020	m60_37_54	1037540020	宝死体 接ぎ木野営地	treasure
1037547030	m60_37_54	1037540030	宝死体 川亡者地帯	treasure
1037547040	m60_37_54	1037540040	宝死体 罹患野営地	treasure
1037547050	m60_37_54	1037540050	アイテム光 世界樹裏	treasure
1037547060	m60_37_54	1037540060	宝死体 バジリスクの巣手前①	treasure
1037547070	m60_37_54	1037540070	宝死体 バジリスクの巣	treasure
1037547080	m60_37_54	1037540080	宝死体 バジリスクの巣手前②	treasure
1037547090	m60_37_54	1037540090	宝死体 バジリスクの巣手前③	treasure
1037547100	m60_37_54	1037540100	宝死体 共食い野営地最奥	treasure
1037547110	m60_37_54	1037540110	宝死体 段々崖2段め	treasure
1037547120	m60_37_54	1037540120	アイテム光 大樹3-3周辺死体その１	treasure
1037547130	m60_37_54	1037540130	アイテム光 大樹3-3周辺死体その２	treasure
1037547140	m60_37_54	1037540140	アイテム光 大樹3-3周辺死体その３	treasure
1037547150	m60_37_54	1037540150	宝死体 接ぎ木野営地その2	treasure
1037557000	m60_37_55	1037550000	宝死体 亜人洞窟前	treasure
1038397000	m60_38_39	1038390000	宝死体000 墓場外れ	treasure
1038407000	m60_38_40	1038400000	宝死体000 野営地	treasure
1038417010	m60_38_41	1038410010	宝死体001	treasure
1038417020	m60_38_41	1038410020	宝死体002	treasure
1038427000	m60_38_42	1038420000	アイテム光000：湖の像 陸ほや発生	treasure
1038427010	m60_38_42	1038420010	宝死体001：塔前野営地	treasure
1038427020	m60_38_42	1038420020	宝死体002	treasure
1038437000	m60_38_43	1038430000	宝死体000：崩壊橋下	treasure
1038437010	m60_38_43	1038430010	宝死体001：キャンプ地跡	treasure
1038437020	m60_38_43	1038430020	宝死体002：水没都市前	treasure
1038447030	m60_38_44	1038440030	椅子_宝死体003：ルーンの花水没林	treasure
1038447040	m60_38_44	1038440040	宝死体004	treasure
1038457000	m60_38_45	1038450000	宝死体000：野営地3	treasure
1038457010	m60_38_45	1038450010	宝死体001：野営地3	treasure
1038457020	m60_38_45	1038450020	宝死体_椅子002：家2-3外	treasure
1038467000	m60_38_46	1038460000	宝死体000：迷路地帯前	treasure
1038477010	m60_38_47	1038470010	宝死体001：最初の分岐	treasure
1038477030	m60_38_47	1038470030	宝死体003：地下迷宮後ろ終端	treasure
1038487020	m60_38_48	1038480020	宝死体002：混沌村の裏 隠しスポット	treasure
1038487030	m60_38_48	1038480030	宝死体003：混沌村壁上	treasure
1038487100	m60_38_48	1038480100	宝死体010：混沌村の終端	treasure
1038487120	m60_38_48	1038480120	宝死体_椅子002 混沌村前	treasure
1038487130	m60_38_48	1038480130	宝死体_椅子003 混沌村前	treasure
1038497000	m60_38_49	1038490000	宝死体000	treasure
1038497010	m60_38_49	1038490010	宝死体001	treasure
1038497030	m60_38_49	1038490030	宝死体003	treasure
1038497040	m60_38_49	1038490040	宝死体004	treasure
1038497900	m60_38_49	1038490900	宝箱000	treasure
1038507000	m60_38_50	1038500000	宝死体000：家内	treasure
1038507010	m60_38_50	1038500010	宝死体001	treasure
1038517000	m60_38_51	1038510000	宝死体000 馬車の上	treasure
1038517010	m60_38_51	1038510010	宝死体001 大EV篝火付近の岩場下	treasure
1038517020	m60_38_51	1038510020	宝死体002 壊れた荷馬車	treasure
1038517030	m60_09_12	1038510030	m60_38_51_00-宝死体003 大野営地群 馬車宝箱	treasure
1038517040	m60_38_51	1038510040	宝死体004 遺跡3-3 下側遺跡奥の林	treasure
1038517050	m60_38_51	1038510050	宝死体005 遺跡3-3 地下室宝箱	treasure
1038517060	m60_38_51	1038510060	宝死体006 大野営地群 崖下野営地	treasure
1038517070	m60_38_51	1038510070	宝死体007 遺跡3-3 上側遺跡内	treasure
1038517080	m60_38_51	1038510080	宝死体008 遺跡3-3 上側遺跡内②	treasure
1038517090	m60_09_12	1038510090	m60_39_51_00-馬車宝箱	treasure
1038517400	m60_38_51	1038510400	世界樹の実(エストのかけら) 高山入り口	treasure
1038527000	m60_38_52	1038520000	宝箱　遺跡地下	treasure
1038527010	m60_38_52	1038520010	宝死体　遺跡	treasure
1038527020	m60_38_52	1038520020	宝死体　遺跡その２	treasure
1038527030	m60_38_52	1038520030	宝死体　遺跡その３	treasure
1038527040	m60_38_52	1038520040	宝死体　遺跡その４	treasure
1038527050	m60_38_52	1038520050	宝死体　遺跡その５	treasure
1038527060	m60_38_52	1038520060	宝死体　遺跡その６	treasure
1038527070	m60_38_52	1038520070	宝死体　遺跡その７	treasure
1038537000	m60_38_53	1038530000	アイテム光_棺地帯	treasure
1038537010	m60_38_53	1038530010	アイテム光_棺地帯 {2}	treasure
1038537020	m60_38_53	1038530020	アイテム光_棺地帯 {3}	treasure
1038537030	m60_38_53	1038530030	アイテム光_棺地帯 {4}	treasure
1038537040	m60_38_53	1038530040	アイテム光_棺地帯 {5}	treasure
1038537050	m60_38_53	1038530050	椅子死体 黄金樹を臨む丘	treasure
1038547000	m60_38_54	1038540000	宝死体 人攫い野営地そと	treasure
1038547010	m60_38_54	1038540010	宝死体 人攫い野営地なか１	treasure
1038547020	m60_38_54	1038540020	宝死体 人攫い野営地なか２	treasure
1038547030	m60_38_54	1038540030	宝死体 攻城塔最上	treasure
1038547050	m60_38_54	1038540050	宝死体 家3-3 9323武器職人のレシピ	treasure
1038547060	m60_38_54	1038540060	宝死体 人攫い兵器交戦地帯	treasure
1038547070	m60_38_54	1038540070	宝死体 人攫い兵器野営地 草むら	treasure
1038547080	m60_38_54	1038540080	アイテム光 人攫い野営地真中	treasure
1038547090	m60_38_54	1038540090	宝死体 彫像捨て場	treasure
1038547100	m60_38_54	1038540100	common90005300	event
1038547110	m60_38_54	1038540110	宝死体 攻城塔上_室内	treasure
1038547700	m60_38_54	1038540700	common90005792	event
1039397000	m60_39_39	1039390000	アイテム光000：教会2-1	treasure
1039407000	m60_39_40	1039400000	宝死体000：墓場	treasure
1039417000	m60_39_41	1039410000	宝死体000：遺跡2-1	treasure
1039417010	m60_39_41	1039410010	宝死体001：遺跡2-1	treasure
1039417020	m60_39_41	1039410020	宝死体002：地下墓地先	treasure
1039417030	m60_39_41	1039410030	宝死体003：下り遺跡下	treasure
1039417100	m60_39_41	1039410100	宝箱000：遺跡2-1	treasure
1039417200	m60_39_41	1039410200	アイテム光000：遺跡2-1地下	treasure
1039427000	m60_39_42	1039420000	宝死体000：遺跡2-1	treasure
1039427010	m60_39_42	1039420010	宝死体001：戦場跡街道	treasure
1039427020	m60_39_42	1039420020	宝死体002：戦場跡街道	treasure
1039427030	m60_39_42	1039420030	宝死体003：戦場跡街道	treasure
1039427040	m60_39_42	1039420040	宝死体004：下り遺跡OBＪ上	treasure
1039427050	m60_39_42	1039420050	宝死体005	treasure
1039437010	m60_39_43	1039430010	棺_宝死体001：壺村奥	treasure
1039437020	m60_39_43	1039430020	棺_宝死体002：壺村奥	treasure
1039437030	m60_39_43	1039430030	棺_宝死体003：壺村奥	treasure
1039437040	m60_39_43	1039430040	棺_宝死体004：壺村奥	treasure
1039437050	m60_39_43	1039430050	棺_宝死体005：壺村奥	treasure
1039437060	m60_39_43	1039430060	棺_宝死体006：壺村奥	treasure
1039437100	m60_39_43	1039430100	アイテム光000：星見台	treasure
1039437400	m60_39_43	1039430400	common90005860	event
1039447000	m60_39_44	1039440000	宝死体000：ルーンウルフの森	treasure
1039447010	m60_39_44	1039440010	宝死体001：墓地地帯	treasure
1039447020	m60_39_44	1039440020	宝死体002：眷属付近	treasure
1039447030	m60_39_44	1039440030	宝死体003：壺村家上	treasure
1039447040	m60_39_44	1039440040	宝死体004：壺村家屋	treasure
1039487000	m60_39_48	1039480000	宝死体000：魔術師の塔 裏	treasure
1039487100	m60_39_48	1039480100	宝箱000：魔術師の塔	treasure
1039507000	m60_39_50	1039500000	宝死体000 円形サークル方面の洞窟	treasure
1039507010	m60_39_50	1039500010	宝死体001 ラダゴン野営地内	treasure
1039507020	m60_39_50	1039500020	宝死体002 ラダゴン野営地横の岩場	treasure
1039517010	m60_39_51	1039510010	宝死体001 大野営地 右奥野営地	treasure
1039517020	m60_39_51	1039510020	宝死体002 宝箱 大野営地 左奥野営地	treasure
1039517030	m60_39_51	1039510030	宝死体003 大野営地 中央野営地	treasure
1039517040	m60_39_51	1039510040	宝死体004 大野営地付近の王軍小キャンプ	treasure
1039517200	m60_39_51	1039510200	common90005860	event
1039517400	m60_39_51	1039510400	世界樹の実(エストのかけら) 街道脇	treasure
1039527000	m60_39_52	1039520000	宝死体000 教会3-2裏の墓	treasure
1039527020	m60_39_52	1039520020	宝死体002 教会3-2横の墓地	treasure
1039527400	m60_39_52	1039520400	世界樹の実(不死の遺骨) 教会3-2	treasure
1039537000	m60_39_53	1039530000	宝死体000 集会丘上	treasure
1039537010	m60_39_53	1039530010	宝死体001 アイテム光 捨てられた馬車裏	treasure
1039537020	m60_39_53	1039530020	宝死体002 砦方面への道 岩の先端	treasure
1039537030	m60_39_53	1039530030	宝死体003 デラシネの森 墓石前	treasure
1039537040	m60_39_53	1039530040	宝死体004 吊り橋下	treasure
1039537050	m60_39_53	1039530050	宝死体005 魔術師の塔	treasure
1039537060	m60_39_53	1039530060	宝死体006 椅子宝死体 魔術師の塔内	treasure
1039537070	m60_39_53	1039530070	宝死体007 魔術師の塔横道	treasure
1039537080	m60_39_53	1039530080	award	event
1039537700	m60_39_53	1039530700	common90005774	event
1039547010	m60_39_54	1039540010	宝死体01	treasure
1039547020	m60_39_54	1039540020	宝死体02	treasure
1039547030	m60_39_54	1039540030	宝死体03	treasure
1039547050	m60_39_54	1039540050	宝死体05	treasure
1039547060	m60_39_54	1039540060	宝死体06	treasure
1039547070	m60_39_54	1039540070	宝死体07	treasure
1039547080	m60_39_54	1039540080	宝死体08	treasure
1039547090	m60_39_54	1039540090	宝死体09	treasure
1039547100	m60_39_54	1039540100	宝死体10	treasure
1039547110	m60_39_54	1039540110	宝死体11	treasure
1039547120	m60_39_54	1039540120	宝死体12	treasure
1039547130	m60_39_54	1039540130	宝死体13	treasure
1039547140	m60_39_54	1039540140	宝死体14	treasure
1039547150	m60_39_54	1039540150	宝死体15	treasure
1039547160	m60_39_54	1039540160	宝死体16	treasure
1039547170	m60_39_54	1039540170	宝死体17	treasure
1039547180	m60_39_54	1039540180	宝死体18	treasure
1039547200	m60_39_54	1039540200	宝死体20	treasure
1039547210	m60_39_54	1039540210	宝死体21	treasure
1039547220	m60_39_54	1039540220	宝死体22	treasure
1039547230	m60_39_54	1039540230	宝死体23	treasure
1039547240	m60_39_54	1039540240	宝死体24	treasure
1039547250	m60_39_54	1039540250	宝死体25	treasure
1039547260	m60_39_54	1039540260	宝死体26	treasure
1039547300	m60_39_54	1039540300	宝箱00	treasure
1039547350	m60_39_54	1039540350	アイテム光 砦裏星見台	treasure
1039570000	m60_39_54	1039540000	宝死体00	treasure
1040387000	m60_40_38	1040380000	宝死体000：霊クラゲ森の墓	treasure
1040407000	m60_10_10	1040400000	m60_40_40_00-馬車宝箱：000	treasure
1040507000	m60_40_50	1040500000	宝死体000 隕石跡地①	treasure
1040517000	m60_40_51	1040510000	宝死体000 大剣地帯	treasure
1040517010	m60_40_51	1040510010	宝死体001 街道沿いの祭壇	treasure
1040517020	m60_40_51	1040510020	宝死体002 教箱隅 3-1宝箱	treasure
1040517030	m60_40_51	1040510030	宝死体003 街道沿いの王軍小キャンプ	treasure
1040517040	m60_40_51	1040510040	宝死体004 教会3-1	treasure
1040517400	m60_40_51	1040510400	世界樹の実(不死の遺骨) 教会3-1	treasure
1040527000	m60_40_52	1040520000	宝死体000 イベントアイテム 8142_逸品の酒 墓石前	treasure
1040527010	m60_40_52	1040520010	宝死体001 棺地帯 祭壇前	treasure
1040527020	m60_40_52	1040520020	宝死体002 棺地帯 祭壇前	treasure
1040527030	m60_40_52	1040520030	宝死体003 棺地帯 祭壇前	treasure
1040527040	m60_40_52	1040520040	宝死体004 棺地帯 祭壇前	treasure
1040527050	m60_40_52	1040520050	宝死体005 棺地帯 祭壇前	treasure
1040537000	m60_40_53	1040530000	宝死体000 遺跡 仮置き	treasure
1040537010	m60_40_53	1040530010	宝死体001 遺跡地下ボス部屋 宝箱	treasure
1040537020	m60_40_53	1040530020	宝死体002 集会するデラシネ	treasure
1040537030	m60_40_53	1040530030	宝死体003 橋下王軍の側	treasure
1040537040	m60_40_53	1040530040	宝死体004 デラシネの森_最初の橋上	treasure
1040537050	m60_40_53	1040530050	宝死体005 デラシネの森_瓦礫上	treasure
1040537060	m60_40_53	1040530060	宝死体006 橋下ナメクジ	treasure
1040547000	m60_10_13	1040540000	m60_40_54_00-宝死体000 馬車宝箱	treasure
1040547010	m60_40_54	1040540010	宝死体001 キャラバン街道横_墓石前	treasure
1040547030	m60_40_54	1040540030	宝死体003 崩れた橋	treasure
1040547050	m60_10_13	1040540050	m60_40_54_00-宝死体005 崩落した橋の先	treasure
1040547090	m60_40_54	1040540090	宝死体009 デラシネの森 崩落した橋終端	treasure
1040557000	m60_40_55	1040550000	宝死体000 風車小屋3-1_小屋内	treasure
1041327000	m60_41_32	1041320000	宝000 棺地帯 緑南 終端	treasure
1041327010	m60_41_32	1041320010	宝001 棺地帯 緑南 終端	treasure
1041327020	m60_41_32	1041320020	宝002 棺地帯 緑南 終端	treasure
1041327030	m60_41_32	1041320030	宝003 棺地帯 緑南 終端	treasure
1041327040	m60_41_32	1041320040	宝004 棺地帯 緑南 終端	treasure
1041327050	m60_41_32	1041320050	宝005 棺地帯 緑南 終端	treasure
1041337000	m60_41_33	1041330000	宝死体000 浜辺	treasure
1041337010	m60_41_33	1041330010	宝死体001 浜辺_最奥	treasure
1041337030	m60_41_33	1041330030	宝死体003 遺跡1-1	treasure
1041337100	m60_41_33	1041330100	宝死体000 遺跡1-1 地下室	treasure
1041337200	m60_41_33	1041330200	アイテム光000 教会1-1	treasure
1041357000	m60_41_35	1041350000	宝死体000：教会1-4	treasure
1041357010	m60_41_35	1041350010	宝死体001：崖側	treasure
1041357020	m60_41_35	1041350020	宝死体002：教会1-4内	treasure
1041367000	m60_41_36	1041360000	宝死体000：海岸 陸ダコシチュエーション	treasure
1041377000	m60_41_37	1041370000	宝死体000：砂浜の北の傭兵	treasure
1041377020	m60_41_37	1041370020	OBJ用宝箱情報 アイテム光 星見台	treasure
1041387010	m60_41_38	1041380010	宝死体001：霊クラゲの森	treasure
1041387030	m60_41_38	1041380030	宝死体003：嵐の丘	treasure
1041387040	m60_41_38	1041380040	宝死体004：家1-3	treasure
1041387050	m60_41_38	1041380050	宝死体005	treasure
1041387100	m60_41_38	1041380100	世界樹の実_アイテム光000：街道脇	treasure
1041387200	m60_41_38	1041382000	異邦人死体 霊クラゲの森	treasure
1041397000	m60_41_39	1041390000	宝死体000：神の橋下	treasure
1041517000	m60_41_51	1041510000	宝死体000 地上の墓地帯奥	treasure
1041517010	m60_41_51	1041510010	宝死体001 地上の墓地帯手前	treasure
1041517020	m60_41_51	1041510020	宝死体002 地上の墓地帯 奥の墓石前	treasure
1041517030	m60_41_51	1041510030	宝死体003 隕石跡地②	treasure
1041527000	m60_41_52	1041520000	宝死体000 棺地帯 英雄墓への道脇	treasure
1041527010	m60_41_52	1041520010	宝死体001 棺地帯 英雄墓への道脇	treasure
1041527020	m60_41_52	1041520020	宝死体002 棺地帯 英雄墓への道脇	treasure
1041527030	m60_41_52	1041520030	宝死体003 棺地帯 英雄墓への道脇	treasure
1041527040	m60_41_52	1041520040	宝死体004 棺地帯 英雄墓への道脇	treasure
1041527070	m60_41_52	1041520070	宝死体007 橋前の王軍小キャンプ	treasure
1041527080	m60_41_52	1041520080	宝死体008 崖裏の王軍小キャンプ	treasure
1041527090	m60_41_52	1041520090	宝死体009 崖上祭壇	treasure
1041537010	m60_41_53	1041530010	宝死体001 遺跡端	treasure
1041537020	m60_41_53	1041530020	宝死体002 遺跡3-1地下室 宝箱	treasure
1041537030	m60_41_53	1041530030	宝死体003 近付くと怒るデラシネ付近	treasure
1041537040	m60_41_53	1041530040	宝死体004 遺跡①	treasure
1041537060	m60_41_53	1041530060	宝死体006 遺跡②	treasure
1041537070	m60_41_53	1041530070	宝死体007 遺跡3-1 遺跡④	treasure
1041537080	m60_41_53	1041530080	宝死体008 遺跡3-1 遺跡②	treasure
1041547000	m60_41_54	1041540000	宝死体000 小規模風車村	treasure
1041547400	m60_41_54	1041540400	世界樹の実(エストのかけら) デラシネの森出口	treasure
1041557000	m60_41_55	1041550000	宝死体000 腐った亡者炎	treasure
1041557010	m60_41_55	1041550010	宝死体001 風車小屋3-3 小屋内	treasure
1041557020	m60_41_55	1041550020	宝死体002 腐った亡者炎②	treasure
1042327000	m60_42_32	1042320000	磔死体000	treasure
1042327020	m60_42_32	1042320020	宝死体002	treasure
1042327100	m60_42_32	1042320100	宝箱000 ※無効中	treasure
1042337000	m60_42_33	1042330000	宝死体000	treasure
1042337100	m60_42_33	1042330100	common90005880	event
1042347000	m60_42_34	1042340000	宝死体000 教会磔死体	treasure
1042347010	m60_42_34	1042340010	宝死体001：遺跡1	treasure
1042347020	m60_42_34	1042340020	宝死体002：海岸	treasure
1042347030	m60_42_34	1042340030	宝死体003	treasure
1042347100	m60_42_34	1042340100	宝箱000：遺跡1-2地下室	treasure
1042357000	m60_42_35	1042350000	宝死体000：蟹砂浜	treasure
1042357010	m60_42_35	1042350010	宝死体001：滝上の遺跡裏の崖下	treasure
1042357020	m60_42_35	1042350020	宝死体002：教会裏	treasure
1042357030	m60_42_35	1042350030	宝死体003	treasure
1042367010	m60_42_36	1042360010	宝死体001：大滝そば 隠し宝	treasure
1042367030	m60_42_36	1042360030	OBJ用宝箱情報 磔死体 最初の教会	treasure
1042367040	m60_42_36	1042360040	OBJ用宝箱情報 磔死体 最初の森	treasure
1042367050	m60_42_36	1042360050	宝死体003：チュートリアル穴	treasure
1042367060	m60_42_36	1042360060	OBJ用宝箱情報 アイテム光 教会内鍛冶場台上	treasure
1042377000	m60_42_37	1042370000	宝死体000：遺跡6	treasure
1042377010	m60_42_37	1042370010	宝死体001：林	treasure
1042377060	m60_10_09	942370060	m60_42_37_00-馬車宝002	treasure
1042377070	m60_10_09	942370070	m60_42_37_00-馬車宝001	treasure
1042377300	m60_42_37	1042371300	宝箱000 関所上	treasure
1042377700	m60_43_37	1042370700	common90005774	event
1042387000	m60_42_38	1042380000	宝死体000：トロルに襲われたキャンプ	treasure
1042387010	m60_42_38	1042380010	宝死体001：関所前	treasure
1042387020	m60_42_38	1042380020	宝死体002：崩れた荷馬車	treasure
1042387030	m60_42_38	1042380030	宝死体003：棺地帯00	treasure
1042387040	m60_42_38	1042380040	宝死体004：棺地帯01	treasure
1042387050	m60_42_38	1042380050	宝死体005：棺地帯02	treasure
1042387070	m60_42_38	1042380070	宝死体007：棺地帯03	treasure
1042387080	m60_42_38	1042380080	宝死体008：棺地帯04	treasure
1042387090	m60_42_38	1042380090	宝死体009：棺地帯05	treasure
1042387100	m60_42_38	1042380100	宝死体010：棺地帯06	treasure
1042387110	m60_42_38	1042380110	宝死体011：棺地帯07	treasure
1042387120	m60_42_38	1042380120	宝死体012：関所上の下り遺跡OBJ	treasure
1042387140	m60_42_38	1042380140	宝死体014：関所先	treasure
1042387200	m60_42_38	1042382000	異邦人死体	treasure
1042387400	m60_42_38	1042380400	common90005860	event
1042387410	m60_42_38	1042380410	common90005860	event
1042387600	m60_42_38	1042380600	アイテム光014：巨大敵オブジェ	treasure
1042397010	m60_10_09	1042390010	m60_42_39_00-世界樹の実　平原へ行く街道脇	treasure
1042397010	m60_42_39	1042390010	宝死体000	treasure
1042397500	m60_42_39	1042390500	common90005774	event
1042397700	m60_42_39	1042390700	common90005792	event
1042397900	m60_42_39	1042390900	宝箱000	treasure
1042507000	m60_10_12	1042500000	m60_42_50_00-宝死体000 馬車宝箱	treasure
1042507020	m60_42_50	1042500020	common90005300	event
1042517000	m60_42_51	1042510000	宝死体000 城壁内祭壇	treasure
1042517400	m60_42_51	1042510400	世界樹の実 城壁内広場	treasure
1042517410	m60_42_51	1042510410	世界樹の実 城壁内広場 {2}	treasure
1042517900	m60_42_51	1042510900	common90005300	event
1042527000	m60_42_52	1042520000	宝死体000 地上の墓地帯墓上	treasure
1042527010	m60_42_52	1042520010	宝死体001 地上の墓地帯奥	treasure
1042527020	m60_42_52	1042520020	宝死体002 地上の墓地帯真ん中	treasure
1042527030	m60_42_52	1042520030	宝死体003 コウモリ野営地	treasure
1042527040	m60_42_52	1042520040	宝死体004 カタパルトの上	treasure
1042527990	m60_42_52	420133000	c4201_9000	enemy
1042537000	m60_42_53	1042530000	宝死体000 カタパルト廃棄地帯	treasure
1042537010	m60_42_53	1042530010	宝死体001 椅子宝死体 遺跡3-1崖上	treasure
1042547000	m60_42_54	1042540000	宝死体000 裏城壁横サブルート	treasure
1042547010	m60_42_54	1042540010	宝死体001 風車村_小屋の奥	treasure
1042547020	m60_42_54	1042540020	宝死体002 風車村_裏道奥	treasure
1042547030	m60_42_54	1042540030	宝死体003 風車村_家の足場の上	treasure
1042547040	m60_42_54	1042540040	宝死体004 塔前野営地	treasure
1042547050	m60_42_54	1042540050	宝死体005 塔の下	treasure
1042547060	m60_42_54	1042540060	宝死体006 塔3-1頂上 宝箱	treasure
1042547070	m60_42_54	1042540070	宝死体007 風車村頂上奥	treasure
1042547080	m60_42_54	1042540080	宝死体008 風車村 家の裏手	treasure
1042547090	m60_42_54	1042540090	宝死体009 風車村 屋根上	treasure
1042547100	m60_42_54	1042540100	宝死体010 風車村 家の中	treasure
1042547400	m60_42_54	1042540400	世界樹の実(エストのかけら) 裏城壁前	treasure
1042557000	m60_42_55	1042550000	宝死体000 崖下	treasure
1043307000	m60_43_30	1043300000	宝死体000 ※異邦人	treasure
1043307010	m60_43_30	1043300010	宝死体001 ※異邦人	treasure
1043317000	m60_43_31	1043310000	宝死体000	treasure
1043317010	m60_43_31	1043310010	宝死体001	treasure
1043317020	m60_43_31	1043310020	宝死体002	treasure
1043317030	m60_43_31	1043310030	宝死体003	treasure
1043317040	m60_43_31	1043310040	宝死体004	treasure
1043317050	m60_43_31	1043310050	宝死体005	treasure
1043317060	m60_43_31	1043310060	宝死体006	treasure
1043317070	m60_43_31	1043310070	宝死体007	treasure
1043317080	m60_43_31	1043310080	宝死体008	treasure
1043317090	m60_43_31	1043310090	宝死体009	treasure
1043317100	m60_43_31	1043310100	宝死体010	treasure
1043317110	m60_43_31	1043310110	宝死体011	treasure
1043317120	m60_43_31	1043310120	宝死体012	treasure
1043317130	m60_43_31	1043310130	宝死体013	treasure
1043317140	m60_43_31	1043310140	宝死体014	treasure
1043317150	m60_43_31	1043310150	宝死体015	treasure
1043317160	m60_43_31	1043310160	宝死体016	treasure
1043317170	m60_43_31	1043310170	宝死体017	treasure
1043317180	m60_43_31	1043310180	宝死体018	treasure
1043317190	m60_43_31	1043310190	宝死体019	treasure
1043317200	m60_43_31	1043310200	宝死体020	treasure
1043317210	m60_43_31	1043310210	宝死体021	treasure
1043317220	m60_43_31	1043310220	宝死体022	treasure
1043317230	m60_43_31	1043310230	宝死体023	treasure
1043317240	m60_43_31	1043310240	宝死体024	treasure
1043317250	m60_43_31	1043310250	宝死体025	treasure
1043317260	m60_43_31	1043310260	宝死体026	treasure
1043317270	m60_43_31	1043310270	宝死体027	treasure
1043317280	m60_43_31	1043310280	宝死体028	treasure
1043317290	m60_43_31	1043310290	宝死体029	treasure
1043317300	m60_43_31	1043310300	宝死体030	treasure
1043317310	m60_43_31	1043310310	宝死体031	treasure
1043317320	m60_43_31	1043310320	宝死体032	treasure
1043317330	m60_43_31	1043310330	宝死体033	treasure
1043317340	m60_43_31	1043310340	宝死体034	treasure
1043317350	m60_43_31	1043310350	宝死体035 ※異邦人	treasure
1043317360	m60_43_31	1043310360	宝死体036 ※異邦人	treasure
1043317370	m60_43_31	1043310370	宝死体037	treasure
1043317400	m60_43_31	1043310400	磔死体000	treasure
1043317900	m60_43_31	1043310900	宝箱000	treasure
1043317910	m60_43_31	1043310910	宝箱001	treasure
1043327000	m60_43_32	1043320000	宝死体000 民家前	treasure
1043327010	m60_43_32	1043320010	宝死体001 崖	treasure
1043327990	m60_43_32	420112000	c4201_9000	enemy
1043337000	m60_43_33	1043330000	宝死体000 混沌村外れ焚火	treasure
1043337010	m60_43_33	1043330010	宝死体001	treasure
1043347000	m60_43_34	1043340000	宝死体000：遺跡1-3	treasure
1043347040	m60_43_34	1043340040	宝死体004：亜人擬態箇所1	treasure
1043347050	m60_43_34	1043340050	宝死体005：亜人擬態箇所1	treasure
1043347100	m60_43_34	1043340100	宝箱000：遺跡1-3地下	treasure
1043347400	m60_43_34	1043340400	common90005300	event
1043357000	m60_43_35	1043350000	宝死体000：柱遺跡小キャンプ	treasure
1043357010	m60_43_35	1043350010	宝死体001：岩場上	treasure
1043357030	m60_43_35	1043350030	宝死体003：下り遺跡OBJ上	treasure
1043357100	m60_43_35	1043350100	アイテム光000：教会1-2	treasure
1043357500	m60_43_35	360010000	c3600_9000	enemy
1043367010	m60_43_36	1043360010	宝死体001：遺跡5	treasure
1043367020	m60_43_36	1043360020	宝死体002：遺跡5	treasure
1043367040	m60_43_36	1043360040	宝死体004：遺跡5	treasure
1043367070	m60_43_36	1043360070	宝死体007：大棺上	treasure
1043367110	m60_43_36	1043361010	宝箱000：遺跡1-5地下室(隠し：ワイバーン破壊)	treasure
1043377000	m60_43_37	1043370000	宝死体000：橋ぶら下がり	treasure
1043377010	m60_43_37	1043370010	宝死体001：橋下	treasure
1043377020	m60_43_37	1043370020	宝死体002：亜人針子誘導	treasure
1043377400	m60_43_37	1043370400	common90005860	event
1043387010	m60_43_38	1043380010	宝死体001：トロル下	treasure
1043387020	m60_43_38	1043380020	宝死体002：オオカミ大群	treasure
1043397010	m60_43_39	1043390010	宝死体001：森の野営地	treasure
1043397020	m60_43_39	1043390020	宝死体002：橋上のかぼちゃ頭	treasure
1043397030	m60_43_39	1043390030	宝死体003：崖下の死体	treasure
1043397200	m60_43_39	1043392000	異邦人死体	treasure
1043407000	m60_43_40	1043400000	宝死体000：朽ちた巨人たちのそば	treasure
1043407010	m60_43_40	1043400010	宝死体001	treasure
1043507000	m60_43_50	1043500000	宝死体000 教会3-3 大樹前	treasure
1043507010	m60_43_50	1043500010	宝死体001 教会3-3横 墓石前	treasure
1043527000	m60_43_52	1043520000	宝死体000 城壁内の街道 大扉前	treasure
1043527030	m60_43_52	1043520030	宝死体003 大戦場跡 コウモリの近く	treasure
1043527400	m60_43_52	1043520400	世界樹の実(エストのかけら) 城壁内広場上側①	treasure
1043527410	m60_43_52	1043520410	世界樹の実(エストのかけら) 城壁内広場上側②	treasure
1043527500	m60_43_52	1043520500	common90005300	event
1043537000	m60_43_53	1043530000	宝死体000 裏城壁前キャンプ	treasure
1043537010	m60_43_53	1043530010	宝死体001 大墓地 中央の崖端	treasure
1043537020	m60_43_53	1043530020	宝死体002 大墓地入り口	treasure
1043537030	m60_43_53	1043530030	宝死体003 大墓地 入り口付近墓裏	treasure
1043537040	m60_43_53	1043530040	宝死体004 大墓地 篝火までの道中	treasure
1043537050	m60_43_53	1043530050	宝死体005 大墓地 崖上の墓裏	treasure
1043537060	m60_43_53	1043530060	宝死体006 大戦場跡 篝火付近	treasure
1043537070	m60_43_53	1043530070	宝死体007 大戦場跡 キャンプの中	treasure
1043537100	m60_42_53	1043530100	common90005390	event
1043537400	m60_43_53	1043530400	common90005860	event
1044317010	m60_44_31	1044310010	磔死体000 毒沼	treasure
1044317020	m60_44_31	1044310020	宝死体002 椅子死体	treasure
1044317030	m60_44_31	1044310030	宝死体003 椅子死体	treasure
1044327010	m60_44_32	1044320010	宝死体001：城壁裏	treasure
1044327020	m60_44_32	1044320020	世界樹の実_アイテム光002：砦道中	treasure
1044327030	m60_44_32	1044320030	宝死体003	treasure
1044327040	m60_44_32	1044320040	宝死体002：櫓上	treasure
1044327400	m60_44_32	1044320400	common90005860	event
1044327410	m60_44_32	1044320410	common90005860	event
1044337000	m60_44_33	1044330000	宝死体000：村1	treasure
1044337020	m60_44_33	1044330020	磔死体000：小湖	treasure
1044337030	m60_44_33	1044330030	宝死体003 停泊地 1-1	treasure
1044337040	m60_44_33	1044330040	宝死体004 停泊地 1-2	treasure
1044337050	m60_44_33	1044330050	宝死体005 停泊地 1-3	treasure
1044337060	m60_44_33	1044330060	宝死体006 停泊地 1-4	treasure
1044337070	m60_44_33	1044330070	宝死体007 壁前1-1	treasure
1044337080	m60_44_33	1044330080	宝死体008	treasure
1044337100	m60_44_33	1044330100	アイテム光000 教会1-3	treasure
1044337200	m60_44_33	1044330200	宝死体010	treasure
1044337210	m60_11_08	1044330210	m60_44_33_00-馬車宝000 停泊地	treasure
1044347000	m60_44_34	1044340000	宝死体000：大橋	treasure
1044347010	m60_44_34	1044340010	宝死体001：大橋中腹	treasure
1044347040	m60_44_34	1044340040	宝死体004：塔下たき火	treasure
1044347050	m60_44_34	1044340050	宝死体005：仮配置 亜人の巣	treasure
1044347060	m60_44_34	1044340060	宝死体006：見張り塔下1	treasure
1044347070	m60_44_34	1044340070	宝死体007：見張り塔下1	treasure
1044347080	m60_44_34	1044340080	宝死体008	treasure
1044347100	m60_44_34	1044340100	宝箱000：塔	treasure
1044357000	m60_44_35	1044350000	異邦人死体 大橋手前	treasure
1044357010	m60_44_35	1044350010	宝死体000：巨大遺跡と貴人小隊	treasure
1044357020	m60_44_35	1044350020	異邦人死体 遺跡野営地奥	treasure
1044357030	m60_44_35	1044350030	宝死体003：キャンプ地点	treasure
1044357040	m60_44_35	1044350040	宝死体001：湖 蟹シチュエーション	treasure
1044357060	m60_44_35	1044350060	宝死体002：巨大遺跡と貴人小隊	treasure
1044357070	m60_44_35	1044350070	OBJ用宝箱情報 アイテム光 星見台	treasure
1044357100	m60_44_35	1044350100	common90005390	event
1044357900	m60_44_35	1044350900	宝箱000 野営地	treasure
1044367000	m60_44_36	1044360000	宝死体000：遺跡１－４	treasure
1044367010	m60_44_36	1044360010	宝死体001:遺跡：１－４	treasure
1044367020	m60_44_36	1044360020	宝死体002：遺跡１－４	treasure
1044367030	m60_44_36	1044360030	宝死体003：街道脇	treasure
1044367040	m60_44_36	1044360040	宝死体004：小橋後 椅子死体	treasure
1044367100	m60_44_36	1044360100	宝死体005：遺跡壁上	treasure
1044367200	m60_11_09	944360200	m60_44_36_00-馬車宝箱000：キャラバン	treasure
1044367200	m60_11_09	944360200	m60_44_36_10-馬車宝箱000：キャラバン	treasure
1044367300	m60_44_36	1044360300	棺死体000：関所上平原	treasure
1044367310	m60_44_36	1044360310	棺死体001：関所上平原	treasure
1044367320	m60_44_36	1044360320	棺死体002：関所上平原	treasure
1044367330	m60_44_36	1044360330	棺死体003：関所上平原	treasure
1044367340	m60_44_36	1044360340	棺死体004：関所上平原	treasure
1044377010	m60_44_37	1044370010	宝死体001：亜人シチュエーション	treasure
1044377020	m60_44_37	1044370020	宝死体002：墓地	treasure
1044377200	m60_44_37	1044372000	異邦人死体	treasure
1044387010	m60_44_38	1044380010	宝死体001：家1-2	treasure
1044387040	m60_44_38	1044380040	宝死体004：川道	treasure
1044387100	m60_44_38	1044380100	磔死体000：上流崖上	treasure
1044397010	m60_44_39	944390010	レビュー用宝死体	treasure
1044527000	m60_44_52	1044520000	宝死体000 王都街道 ガーディアン地帯	treasure
1044527010	m60_44_52	1044520010	宝死体001 城壁内の池(街道横)奥	treasure
1044527020	m60_44_52	1044520020	宝死体002 大墓地前_林の奥	treasure
1044537010	m60_44_53	1044530010	宝死体001 崖下 アーチ状の墓前	treasure
1044537300	m60_44_53	1044530300	common90005860	event
1045337000	m60_45_33	1045330000	OBJ用宝箱情報 アイテム光 星見台	treasure
1045337400	m60_45_33	1045330400	common90005300	event
1045347000	m60_45_34	1045340000	宝死体000 椅子死体 世界樹の見える場所	treasure
1045357000	m60_45_35	1045350000	宝死体000：海辺の塔近く砂浜	treasure
1045357020	m60_45_35	1045350020	宝死体002： 棺地帯 霧の森 終端	treasure
1045357030	m60_45_35	1045350030	宝死体003： 棺地帯 霧の森 終端	treasure
1045357040	m60_45_35	1045350040	宝死体004： 棺地帯 霧の森 終端	treasure
1045357050	m60_45_35	1045350050	宝死体005： 棺地帯 霧の森 終端	treasure
1045357060	m60_45_35	1045350060	宝死体006： 棺地帯 霧の森 終端	treasure
1045357070	m60_45_35	1045350070	宝死体007： 棺地帯 霧の森 終端	treasure
1045357080	m60_45_35	1045350080	宝死体008： 棺地帯 霧の森 終端	treasure
1045357090	m60_45_35	1045350090	宝死体009： 棺地帯 霧の森 終端	treasure
1045377000	m60_45_37	1045370000	宝死体000　遺跡１－７	treasure
1045377010	m60_45_37	1045370010	宝箱001：遺跡1-7 地上	treasure
1045377050	m60_45_37	1045370050	異邦人死体 霧の森	treasure
1045377060	m60_45_37	1045370060	宝死体005：亜人の馬車（霧の森不意打ち）	treasure
1045377070	m60_45_37	1045370070	宝死体003：ルーンベアの水場	treasure
1045377080	m60_45_37	1045370080	宝死体004:：ルーンベアの水場2	treasure
1045377090	m60_45_37	1045370090	宝死体005:：ルーンベアの水場3	treasure
1045377100	m60_45_37	1045371000	宝箱000：遺跡1-7 地下室	treasure
1045387000	m60_45_38	1045380000	宝死体000：亜人の馬車（アーチ下）	treasure
1045387020	m60_45_38	1045380020	宝死体002： 棺地帯 大墓石崖 終端	treasure
1045387030	m60_45_38	1045380030	宝死体003： 棺地帯 大墓石崖 終端	treasure
1045387040	m60_45_38	1045380040	宝死体004： 棺地帯 大墓石崖 終端	treasure
1045387050	m60_45_38	1045380050	宝死体005： 棺地帯 大墓石崖 終端	treasure
1045387060	m60_45_38	1045380060	宝死体006： 棺地帯 大墓石崖 終端	treasure
1045387070	m60_45_38	1045380070	宝死体007： 棺地帯 大墓石崖 終端	treasure
1045387080	m60_45_38	1045380080	宝死体008： 棺地帯 大墓石崖 終端	treasure
1045397000	m60_45_39	1045390000	宝死体000:遺跡1-8	treasure
1045397020	m60_45_39	1045390020	宝死体002:遺跡1-8	treasure
1045397040	m60_45_39	1045390040	宝死体004:滝のルーンベア	treasure
1045397050	m60_45_39	1045390050	宝死体005： 棺地帯 大墓石崖 始点	treasure
1045397060	m60_45_39	1045390060	宝死体006： 棺地帯 大墓石崖 始点	treasure
1045397070	m60_45_39	1045390070	宝死体007： 棺地帯 大墓石崖 始点	treasure
1045397080	m60_45_39	1045390080	宝死体008： 棺地帯 大墓石崖 始点	treasure
1045397090	m60_45_39	1045390090	宝死体009： 棺地帯 大墓石崖 始点	treasure
1045397100	m60_45_39	1045390100	宝死体010： 棺地帯 大墓石崖 始点	treasure
1045397110	m60_45_39	1045390110	宝死体011： 棺地帯 大墓石崖 始点	treasure
1045397120	m60_45_39	1045390120	宝箱000：遺跡1-8 地下室	treasure
1045397140	m60_45_39	1045390140	宝死体014：遺跡1-8	treasure
1045527000	m60_11_13	1045520000	m60_45_52_00-宝死体000 王都前橋下	treasure
1045527010	m60_45_52	1045520010	宝死体001 王都前 門の裏	treasure
1045527020	m60_45_52	1045520020	宝死体002 巨大敵で壊せる石像	treasure
1045527030	m60_45_52	1045520030	宝死体003 ガーディアン地帯	treasure
1046367000	m60_46_36	1046360000	宝死体000:海辺の塔1-1	treasure
1046367010	m60_46_36	1046360010	宝死体001:海辺の塔1-1	treasure
1046367030	m60_46_36	1046360030	宝死体003：海辺の塔1-1	treasure
1046367100	m60_46_36	1046360100	OBJ用宝箱情報 世界樹の実	treasure
1046367500	m60_46_36	1046360500	宝箱000:海辺の塔1-1	treasure
1046367700	m60_46_36	1046360700	award	event
1046377000	m60_46_37	1046370000	宝死体000：霧の森の教会そばの浜辺	treasure
1046387010	m60_46_38	1046380010	宝死体001：崩れた馬車	treasure
1046387100	m60_46_38	1046380100	アイテム光000 第三マリカ教会	treasure
1046397000	m60_46_39	1046390000	宝棺000	treasure
1046397010	m60_46_39	1046390010	宝棺001	treasure
1046397020	m60_46_39	1046390020	宝棺002	treasure
1046407000	m60_46_40	1046400000	宝死体000	treasure
1046407010	m60_46_40	1046400010	宝死体001	treasure
1046407020	m60_46_40	1046400020	宝死体002	treasure
1046407040	m60_46_40	1046400040	宝死体004	treasure
1046407060	m60_46_40	1046400060	宝死体006	treasure
1046407700	m60_46_40	1046400700	common90005792	event
1046577300	m60_46_57	1046570300	貴人宝死体000	treasure
1046577800	m60_46_57	1046570800	アイテム光000：枯れ古代樹の森_巨大敵が壊せる像	treasure
1047377000	m60_47_37	1047370000	宝棺000	treasure
1047377010	m60_47_37	1047370010	宝棺001	treasure
1047377020	m60_47_37	1047370020	宝棺002	treasure
1047377030	m60_47_37	1047370030	宝棺003	treasure
1047377040	m60_47_37	1047370040	宝死体004	treasure
1047377050	m60_47_37	1047370050	宝情報005 星光の欠片	treasure
1047387010	m60_47_38	1047380020	宝死体002	treasure
1047387030	m60_47_38	1047380030	宝死体003	treasure
1047387040	m60_47_38	1047380040	宝死体004	treasure
1047387070	m60_47_38	1047380070	宝死体007	treasure
1047387080	m60_47_38	1047380080	宝死体008	treasure
1047387100	m60_47_38	1047380100	宝死体010	treasure
1047387110	m60_47_38	1047380110	宝死体011	treasure
1047387120	m60_47_38	1047380120	宝死体012	treasure
1047387130	m60_47_38	1047380130	宝死体013	treasure
1047387700	m60_47_38	1047380700	common90005300	event
1047387900	m60_47_38	1047380900	宝箱000	treasure
1047387910	m60_47_38	1047380910	宝箱001	treasure
1047387920	m60_47_38	1047380920	宝箱002	treasure
1047397000	m60_47_39	1047390000	宝死体000	treasure
1047397040	m60_47_39	1047390040	宝死体004	treasure
1047397080	m60_47_39	1047390080	宝箱008	treasure
1047407000	m60_47_40	1047400000	宝死体000	treasure
1047407020	m60_47_40	1047400020	宝死体002	treasure
1047407030	m60_47_40	1047400030	宝死体003	treasure
1047407040	m60_47_40	1047400040	宝死体004	treasure
1047407070	m60_47_40	1047400070	宝死体007	treasure
1047407080	m60_47_40	1047400080	宝死体008	treasure
1047407900	m60_47_40	1047400900	宝箱000	treasure
1047407910	m60_47_40	1047400910	宝箱001	treasure
1047407920	m60_11_10	1047400920	m60_47_40_00-宝箱002（馬車）	treasure
1047427000	m60_47_42	1047420000	宝死体000	treasure
1047517000	m60_47_51	1047510000	市民_宝死体000	treasure
1047517010	m60_47_51	1047510010	市民_宝死体001	treasure
1047517300	m60_47_51	1047510300	貴人_宝死体000	treasure
1047557000	m60_47_55	1047550000	市民_宝死体000：仮_遺跡5-3	treasure
1047557010	m60_47_55	1047550010	市民_宝死体001：仮_遺跡5-3	treasure
1047557020	m60_47_55	1047550020	市民_宝死体002：仮_遺跡5-3	treasure
1047557030	m60_47_55	1047550030	市民_宝死体003：仮_遺跡5-3	treasure
1047557900	m60_47_55	1047550900	宝箱000：仮_遺跡5-3地下室	treasure
1047567300	m60_47_56	1047560300	貴人宝死体000：仮_古代樹の森	treasure
1047567310	m60_47_56	1047560310	貴人宝死体001：仮_古代樹の森	treasure
1047567320	m60_11_14	1047560320	m60_47_56_00-貴人宝死体002：仮_古代樹の森	treasure
1047567330	m60_47_56	1047560330	貴人宝死体003：仮_古代樹の森	treasure
1047567700	m60_47_56	1047560700	common90005792	event
1047577300	m60_47_57	1047570300	貴人_宝死体000：仮_魔法霊廟	treasure
1047577310	m60_47_57	1047570310	貴人_宝死体001：仮_魔法霊廟	treasure
1047587000	m60_47_58	1047580000	市民_宝死体000：仮_椅子死体	treasure
1047587800	m60_47_58	1047580800	アイテム光000：教会5-3	treasure
1048377000	m60_48_37	1048370000	宝死体000	treasure
1048377020	m60_48_37	1048370020	宝死体002	treasure
1048377030	m60_48_37	1048370030	宝死体003	treasure
1048387000	m60_48_38	1048380000	宝死体000	treasure
1048387010	m60_48_38	948380010	（レビュー用配置）宝死体	treasure
1048387020	m60_48_38	1048380020	宝死体002	treasure
1048387020	m60_48_38	948380020	（レビュー用配置）宝死体 {2}	treasure
1048387030	m60_48_38	948380030	（レビュー用配置）宝死体 {3}	treasure
1048387500	m60_48_38	1048380500	common90005792	event
1048397000	m60_48_39	1048390000	宝死体000	treasure
1048397010	m60_48_39	1048390010	宝死体001	treasure
1048397040	m60_48_39	1048390040	宝死体004	treasure
1048397050	m60_48_39	1048390050	宝死体005	treasure
1048397900	m60_48_39	1048390900	宝箱000	treasure
1048407010	m60_48_40	1048400010	宝棺001	treasure
1048407020	m60_48_40	1048400020	宝棺002	treasure
1048407030	m60_48_40	1048400030	宝棺003	treasure
1048407040	m60_48_40	1048400040	宝死体004	treasure
1048407050	m60_48_40	1048400050	宝死体005	treasure
1048407060	m60_48_40	1048400060	宝死体006	treasure
1048407900	m60_48_40	1048400900	宝箱000　遺跡4－4地下室	treasure
1048417800	m60_48_41	1048410800	common90005860	event
1048517000	m60_48_51	1048510000	宝死体000	treasure
1048547800	m60_48_54	1048540800	アイテム光000：吹雪地帯 石棺	treasure
1048547810	m60_48_54	1048540810	アイテム光001：吹雪地帯 石棺	treasure
1048547820	m60_48_54	1048540820	アイテム光002：吹雪地帯 石棺	treasure
1048547830	m60_48_54	1048540830	アイテム光003：吹雪地帯 石棺	treasure
1048547840	m60_48_54	1048540840	アイテム光004：吹雪地帯 石棺	treasure
1048547990	m60_48_54	340051300	c3400_9000	enemy
1048557300	m60_48_55	1048550300	貴人_宝死体000：仮_スカラベ古代樹エリア	treasure
1048557600	m60_48_55	1048550600	異邦人_宝死体000；スカラベ双古代樹エリア	treasure
1048557900	m60_12_13	1048550900	m60_48_55_00-宝箱000：キャラバン	treasure
1048567300	m60_48_56	1048560300	貴人_宝死体000：仮_椅子死体	treasure
1048567800	m60_48_56	1048560800	common90005792	event
1048577000	m60_48_57	1048570000	市民_宝死体000：仮_雪街	treasure
1048577010	m60_48_57	1048570010	市民_宝死体001：仮_雪街	treasure
1048577020	m60_48_57	1048570020	市民_宝死体002：仮_雪街	treasure
1048577030	m60_48_57	1048570030	市民_宝死体003：仮_雪街	treasure
1048577040	m60_48_57	1048570040	市民_宝死体004：仮_雪街	treasure
1048577050	m60_48_57	1048570050	市民_宝死体005：仮_雪街	treasure
1048577060	m60_48_57	1048570060	市民_宝死体006：仮_雪街	treasure
1048577070	m60_48_57	1048570070	市民_宝死体007：仮_雪街	treasure
1048577080	m60_48_57	1048570080	市民_宝死体008：仮_雪街	treasure
1048577090	m60_48_57	1048570090	市民_宝死体009：仮_雪街	treasure
1048577300	m60_48_57	1048570300	貴人_宝死体000：仮_雪街	treasure
1048577310	m60_48_57	1048570310	貴人_宝死体001：仮_雪街	treasure
1048577700	m60_48_57	1048570700	common90005860	event
1048577800	m60_48_57	1048570800	アイテム光000	treasure
1048577810	m60_48_57	1048570810	アイテム光001	treasure
1048577900	m60_48_57	1048570900	common90005300	event
1048577910	m60_48_57	1048570910	common90005300	event
1048577920	m60_48_57	1048570920	common90005300	event
1048577930	m60_48_57	1048570930	common90005300	event
1048577990	m60_48_57	340052100	c3400_9000	enemy
1048587300	m60_48_58	1048580300	貴人_宝死体000：仮_教会5-3	treasure
1049367000	m60_49_36	1049360000	宝死体000	treasure
1049367010	m60_49_36	1049360010	宝死体001	treasure
1049377010	m60_49_37	1049370010	宝死体001	treasure
1049377020	m60_49_37	1049370020	宝情報　002　黄金の種子	treasure
1049377050	m60_49_37	1049370050	宝死体005	treasure
1049377070	m60_49_37	1049370070	宝死体007	treasure
1049377100	m60_49_37	1049370100	common90005860	event
1049377110	m60_49_37	1049370110	common90005860	event
1049377700	m60_49_37	1049370700	common90005300	event
1049387010	m60_49_38	1049380010	宝死体001	treasure
1049387020	m60_49_38	1049380020	宝死体002	treasure
1049387030	m60_49_38	1049380030	宝死体003	treasure
1049387040	m60_49_38	1049380040	宝死体004	treasure
1049387060	m60_49_38	1049380060	宝死体006	treasure
1049387070	m60_49_38	1049380070	宝死体007	treasure
1049387080	m60_49_38	1049380080	宝死体008	treasure
1049387110	m60_49_38	1049380110	宝死体011	treasure
1049387120	m60_49_38	1049380120	宝死体012	treasure
1049387800	m60_49_38	1049380000	宝死体000	treasure
1049397000	m60_49_39	1049390000	宝死体000	treasure
1049397010	m60_49_39	1049390010	宝死体001	treasure
1049397020	m60_49_39	1049390020	宝死体002	treasure
1049397030	m60_49_39	1049390030	宝死体003	treasure
1049397040	m60_49_39	1049390040	宝死体004	treasure
1049397800	m60_49_39	1049390800	award	event
1049397850	m60_49_39	1049390850	common90005880	event
1049397900	m60_49_39	1049390900	宝箱000	treasure
1049397910	m60_49_39	1049390910	宝箱001	treasure
1049407000	m60_49_40	1049400000	宝死体000	treasure
1049407010	m60_49_40	1049400010	宝死体001	treasure
1049407020	m60_49_40	1049400020	宝死体002	treasure
1049407040	m60_49_40	1049400040	宝情報004　壊せる彫像の中	treasure
1049417040	m60_49_41	1049410040	宝死体004	treasure
1049417070	m60_49_41	1049410070	宝死体007	treasure
1049417080	m60_49_41	1049410080	宝死体008	treasure
1049417090	m60_49_41	1049410090	宝死体009	treasure
1049417100	m60_49_41	1049410100	宝死体010	treasure
1049527000	m60_49_52	1049520000	宝死体000	treasure
1049527800	m60_49_52	1049520800	アイテム光000	treasure
1049537000	m60_49_53	1049530000	市民_宝死体000	treasure
1049537010	m60_49_53	1049530010	市民_宝死体001	treasure
1049537020	m60_49_53	1049530020	市民_宝死体002	treasure
1049537030	m60_49_53	1049530030	市民_宝死体003	treasure
1049537300	m60_49_53	1049530300	貴人_宝死体000	treasure
1049537900	m60_49_53	1049530900	宝箱000：仮_遺跡5-1地下室	treasure
1049547300	m60_49_54	1049540300	貴人_宝死体000：仮_吹雪地帯入り口横	treasure
1049547310	m60_49_54	1049540310	貴人_宝死体001：仮_吹雪地帯	treasure
1049547700	m60_49_54	1049540700	common90005300	event
1049547900	m60_12_13	1049540900	m60_49_54_00-宝箱000：キャラバン	treasure
1049557300	m60_49_55	1049550300	貴人_宝死体000：吹雪地帯石の終端	treasure
1049557310	m60_49_55	1049550310	貴人_宝死体001：吹雪地帯オオカミ	treasure
1049557320	m60_49_55	1049550320	貴人_宝死体002：吹雪地帯	treasure
1049557330	m60_49_55	1049550330	貴人_宝死体003：吹雪地帯	treasure
1049557800	m60_49_55	1049550800	アイテム光000	treasure
1049557810	m60_49_55	1049550810	アイテム光001：石棺_石棺地帯	treasure
1049567300	m60_49_56	1049560300	貴人_宝死体000：仮_崖路	treasure
1049567310	m60_49_56	1049560310	貴人_宝死体001：仮_.凍った川の峡谷	treasure
1049567320	m60_49_56	1049560320	貴人_宝死体002：仮_.凍った川の峡谷	treasure
1049567330	m60_49_56	1049560330	貴人_宝死体003：仮_.小世界樹サブルート	treasure
1049567340	m60_49_56	1049560340	貴人_宝死体004：仮_.小世界樹サブルート	treasure
1049567350	m60_49_56	1049560350	貴人_宝死体005：仮_.小世界樹サブルート	treasure
1049577700	m60_49_57	1049570700	common90005300	event
1049577710	m60_49_57	1049570710	common90005300	event
1049577720	m60_49_57	1049570720	common90005300	event
1050367000	m60_50_36	1050360000	宝死体000	treasure
1050367900	m60_50_36	1050360900	宝箱000	treasure
1050387000	m60_50_38	1050380000	宝死体000	treasure
1050387010	m60_50_38	1050380010	宝死体001	treasure
1050387020	m60_50_38	1050380020	宝アイテム光　002　不死の遺骨	treasure
1050387950	m60_50_38	420140040	c4201_9004	enemy
1050387960	m60_50_38	420140030	c4201_9003	enemy
1050387970	m60_50_38	420140020	c4201_9001	enemy
1050387980	m60_50_38	420140010	c4201_9002	enemy
1050387990	m60_50_38	420140000	c4201_9000	enemy
1050397000	m60_50_39	1050390000	宝死体000	treasure
1050397010	m60_50_39	1050390010	宝死体001	treasure
1050397020	m60_50_39	1050390020	宝死体002	treasure
1050397030	m60_50_39	1050390030	宝死体003	treasure
1050397040	m60_50_39	1050390040	宝死体004	treasure
1050397050	m60_50_39	1050390050	宝死体005	treasure
1050397060	m60_50_39	1050390060	宝情報006　星光の欠片	treasure
1050397070	m60_50_39	1050390070	宝死体007	treasure
1050397090	m60_50_39	1050390090	宝死体009	treasure
1050397100	m60_50_39	1050390100	世界樹の実010	treasure
1050397900	m60_50_39	1050390900	宝箱000	treasure
1050397910	m60_50_39	1050390910	宝箱001	treasure
1050407000	m60_50_40	1050400000	宝死体000	treasure
1050407800	m60_50_40	1050400800	common90005300	event
1050537000	m60_50_53	1050530000	市民_宝死体000：英雄墓地手前	treasure
1050537300	m60_50_53	1050530300	貴人_宝死体000：仮_大尾根手前	treasure
1050537700	m60_50_53	1050530700	common90005300	event
1050537980	m60_50_53	424050010	c4240_9005	enemy
1050537990	m60_50_53	424050000	c4240_9004	enemy
1050547000	m60_50_54	1050540000	宝死体000：椅子死体	treasure
1050547800	m60_50_54	1050540800	アイテム光000：仮_大尾根手前	treasure
1050547810	m60_50_54	1050540810	アイテム光001：仮_大尾根手前	treasure
1050557300	m60_50_55	1050550300	貴人_宝死体000：_吹雪地帯	treasure
1050557310	m60_50_55	1050550310	貴人_宝死体001：_吹雪地帯	treasure
1050557320	m60_50_55	1050550320	貴人_宝死体002：_吹雪地帯	treasure
1050557800	m60_50_55	1050550800	アイテム光000：墓の頂上	treasure
1050557900	m60_50_55	1050550900	貴人宝箱000	treasure
1050567300	m60_50_56	1050560300	貴人_宝死体000：仮_大樹5-2	treasure
1050567500	m60_50_56	1050560500	亜人_宝死体000：峡谷サブルート終端	treasure
1050567510	m60_50_56	1050560510	亜人_宝死体001：峡谷サブルート終端	treasure
1050567520	m60_50_56	1050560520	亜人_宝死体002：峡谷サブルート終端	treasure
1050567600	m60_50_56	1050560600	異邦人_宝死体000：仮_凍った川の峡谷最奥	treasure
1050567620	m60_50_56	1050560620	異邦人_宝死体002：家5-1	treasure
1050567700	m60_50_56	1050560700	common90005774	event
1050567800	m60_50_56	1050560800	アイテム光000：下層峡谷_巨大敵が壊せるアセット	treasure
1050567820	m60_50_56	1050560820	アイテム光002：魔術師の塔5-2	treasure
1050577300	m60_50_57	1050570300	貴人_宝死体000：仮_大樹5-2	treasure
1050577800	m60_50_57	1050570800	アイテム光000：星見台	treasure
1051357000	m60_51_35	1051350000	宝死体000	treasure
1051357990	m60_51_35	420141000	c4201_9000	enemy
1051367000	m60_51_36	1051360000	宝死体000	treasure
1051367020	m60_51_36	1051360020	宝死体002：攻城塔	treasure
1051367030	m60_51_36	1051360030	宝死体003：攻城塔裏	treasure
1051367040	m60_51_36	1051360040	宝死体004	treasure
1051367050	m60_51_36	1051360050	宝死体005：サブ部屋	treasure
1051367060	m60_51_36	1051360060	宝死体006：サブ部屋二階塔	treasure
1051367080	m60_51_36	1051360080	宝死体008	treasure
1051367090	m60_51_36	1051360090	宝死体009	treasure
1051367100	m60_51_36	1051360100	宝死体010	treasure
1051367110	m60_51_36	1051360110	宝死体011	treasure
1051367130	m60_51_36	1051360130	宝死体013	treasure
1051367700	m60_51_36	1051360700	common90005300	event
1051367800	m60_51_36	1051360800	common90005300	event
1051367910	m60_51_36	1051360910	宝箱001	treasure
1051387000	m60_51_38	1051380000	宝死体000	treasure
1051387010	m60_51_38	1051380010	宝死体001	treasure
1051387020	m60_51_38	1051380020	宝死体002	treasure
1051397040	m60_51_39	1051390040	宝死体004	treasure
1051397050	m60_51_39	1051390050	宝死体005	treasure
1051397060	m60_51_39	1051390060	宝死体006	treasure
1051397900	m60_51_39	1051390900	宝箱000	treasure
1051397960	m60_51_39	420141040	c4201_9004	enemy
1051397970	m60_51_39	420141030	c4201_9001	enemy
1051397980	m60_51_39	420141020	c4201_9000	enemy
1051397990	m60_51_39	420141010	c4201_9002	enemy
1051407040	m60_51_40	1051400040	宝死体004	treasure
1051417000	m60_51_43	1051430000	宝死体000	treasure
1051417010	m60_51_43	1051430010	宝死体001	treasure
1051417030	m60_51_43	1051430030	宝死体003	treasure
1051437020	m60_51_43	1051430020	宝情報002 黄金の種子	treasure
1051537000	m60_51_53	1051530000	市民_宝死体000：巨人墓場	treasure
1051537010	m60_51_53	1051530010	市民_宝死体000：仮_巨人墓場 巨大ユビムシシチュ	treasure
1051537300	m60_51_53	1051530300	貴人_宝死体000：巨人墓場	treasure
1051537500	m60_51_53	1051530500	common90005792	event
1051537600	m60_51_53	1051530600	異邦人_宝死体000：巨人の頭	treasure
1051537700	m60_51_53	1051530700	common90005300	event
1051537800	m60_51_53	1051530800	アイテム光：000	treasure
1051537810	m60_51_53	1051530810	アイテム光：001	treasure
1051537950	m60_51_53	424050060	c4240_9004	enemy
1051537960	m60_51_53	424050050	c4240_9003	enemy
1051537970	m60_51_53	424050040	c4240_9002	enemy
1051537980	m60_51_53	424050030	c4240_9001	enemy
1051537990	m60_51_53	424050020	c4240_9000	enemy
1051547000	m60_51_54	1051540000	宝死体000	treasure
1051547800	m60_51_54	1051540800	アイテム光：000	treasure
1051547960	m60_51_54	424050100	c4240_9005	enemy
1051547970	m60_51_54	424050090	c4240_9004	enemy
1051547980	m60_51_54	424050080	c4240_9001	enemy
1051547990	m60_51_54	424050070	c4240_9000	enemy
1051557300	m60_51_55	1051550300	貴人_宝死体000	treasure
1051557310	m60_51_55	1051550310	貴人_宝死体001	treasure
1051557320	m60_51_55	1051550320	貴人_宝死体002	treasure
1051557330	m60_51_55	1051550330	貴人_宝死体003	treasure
1051567020	m60_51_56	1051560020	市民_宝死体002：飛び地アーチ	treasure
1051567030	m60_51_56	1051560030	市民_宝死体003：遺跡5-2	treasure
1051567300	m60_51_56	1051560300	貴人_宝死体000：大峡谷入口右手	treasure
1051567310	m60_51_56	1051560310	貴人_宝死体001：大尾根終わり	treasure
1051567320	m60_51_56	1051560320	貴人_宝死体002：飛び地小世界樹帯	treasure
1051567700	m60_51_56	1051560700	common90005300	event
1051567800	m60_51_56	1051560800	アイテム光000：遺跡5-2	treasure
1051567810	m60_51_56	1051560810	アイテム光001：遺跡5-2	treasure
1051567900	m60_51_56	1051560900	宝箱000：遺跡x_x地下室	treasure
1051577000	m60_51_57	1051570000	市民_宝死体000：砦	treasure
1051577010	m60_51_57	1051570010	市民_宝死体001：砦	treasure
1051577020	m60_51_57	1051570020	市民_宝死体002：砦	treasure
1051577030	m60_51_57	1051570030	市民_宝死体003：砦	treasure
1051577040	m60_51_57	1051570040	市民_宝死体004：砦	treasure
1051577050	m60_51_57	1051570050	市民_宝死体005：砦	treasure
1051577060	m60_51_57	1051570060	市民_宝死体006：砦	treasure
1051577070	m60_51_57	1051570070	市民_宝死体007：砦	treasure
1051577080	m60_51_57	1051570080	市民_宝死体008：砦	treasure
1051577090	m60_51_57	1051570090	市民_宝死体009：砦	treasure
1051577100	m60_51_57	1051570100	市民_宝死体010：砦	treasure
1051577110	m60_51_57	1051570110	市民_宝死体011：砦外	treasure
1051577120	m60_51_57	1051570120	市民_宝死体012：サブルート墓地帯	treasure
1051577130	m60_51_57	1051570130	市民_宝死体013：サブルート墓地帯	treasure
1051577140	m60_51_57	1051570140	市民_宝死体014：サブルート墓地帯	treasure
1051577150	m60_51_57	1051570150	市民_宝死体015：	treasure
1051577160	m60_51_57	1051570160	市民_宝死体016：	treasure
1051577170	m60_51_57	1051570170	市民_宝死体017：	treasure
1051577180	m60_51_57	1051570180	市民_宝死体018：	treasure
1051577190	m60_51_57	1051570190	市民_宝死体019：	treasure
1051577200	m60_51_57	1051570200	市民_宝死体020：	treasure
1051577210	m60_51_57	1051570210	市民_宝死体021：	treasure
1051577220	m60_51_57	1051570220	市民_宝死体021： {2}	treasure
1051577230	m60_51_57	1051570230	宝死体023	treasure
1051577300	m60_51_57	1051570300	貴人_宝死体000：砦	treasure
1051577600	m60_51_57	1051570600	異邦人_宝死体000：砦	treasure
1051577720	m60_51_57	1051570720	common90005300	event
1051577800	m60_51_57	1051570800	common90005300	event
1051577810	m60_51_57	1051570810	common90005300	event
1051587800	m60_51_58	1051580800	アイテム光000：砦	treasure
1052417000	m60_52_41	1052410000	宝棺000	treasure
1052417010	m60_52_41	1052410010	宝棺001	treasure
1052417020	m60_52_41	1052410020	宝棺002	treasure
1052417030	m60_52_41	1052410030	宝棺003	treasure
1052417100	m60_52_41	1052410100	common90005860	event
1052437000	m60_52_43	1052430000	宝情報000　星光の欠片	treasure
1052537000	m60_52_53	1052530000	宝死体000	treasure
1052537800	m60_52_53	1052530800	アイテム光000	treasure
1052547000	m60_52_54	1052540000	市民_宝死体000	treasure
1052547010	m60_52_54	1052540010	市民_宝死体001	treasure
1052547020	m60_52_54	1052540020	市民_宝死体002	treasure
1052547800	m60_52_54	1052540800	アイテム光000：星見台	treasure
1052547980	m60_52_54	424050120	c4240_9003	enemy
1052547990	m60_52_54	424050110	c4240_9001	enemy
1052557000	m60_52_55	1052550000	市民_宝死体000：海辺の塔5-1	treasure
1052557010	m60_52_55	1052550010	市民_宝死体001：海辺の塔5-1	treasure
1052557020	m60_52_55	1052550020	市民_宝死体002：海辺の塔5-1	treasure
1052557030	m60_52_55	1052550030	市民_宝死体003：海辺の塔5-1	treasure
1052557300	m60_52_55	1052550300	貴人_宝死体000：海辺の塔5-1	treasure
1052557310	m60_52_55	1052550310	貴人_宝死体001：海辺の塔5-1	treasure
1052557700	m60_52_55	1052550700	common90005300	event
1052557800	m60_52_55	1052550800	アイテム光000：仮_海辺の塔5-1	treasure
1052557900	m60_52_55	1052550900	宝箱000	treasure
1052567300	m60_52_56	1052560300	貴人_宝死体000：仮_教会5-1～魔術師の塔	treasure
1052567310	m60_52_56	1052560310	貴人_宝死体001：小世界樹5-1	treasure
1052577000	m60_52_57	1052570000	市民_宝死体000：サブルート墓地地帯	treasure
1052577300	m60_52_57	1052570300	貴人_宝死体000：魔術師の塔5-1	treasure
1052577310	m60_52_57	1052570310	貴人_宝死体001：魔術師の塔5-1	treasure
1052577800	m60_52_57	1052570800	アイテム光000：峡谷終端_黄金の種子(世界樹の実)	treasure
1052577810	m60_52_57	1052570810	アイテム光001：峡谷終端_巨大敵が壊せる像	treasure
1052577900	m60_52_57	1052570900	宝箱000 魔術師の塔5-1	treasure
1052587800	m60_52_58	1052580800	アイテム光000：石棺 雪山砦裏	treasure
1052587810	m60_52_58	1052580810	アイテム光001：石棺 雪山砦裏	treasure
1052587820	m60_52_58	1052580820	アイテム光002：石棺 雪山砦裏	treasure
1053567300	m60_53_56	1053560300	貴人_宝死体000	treasure
1053567310	m60_53_56	1053560310	貴人_宝死体001	treasure
1053567800	m60_53_56	1053560800	アイテム光000： 棺地帯 教会5-1付近	treasure
1053567810	m60_53_56	1053560810	アイテム光001： 棺地帯 教会5-1付近	treasure
1053577300	m60_53_57	1053570300	貴人_宝死体000	treasure
1054557000	m60_54_55	1054550000	市民_宝死体000：椅子死体	treasure
1054557310	m60_54_55	1054550310	貴人_宝死体001：教会5-1	treasure
1054557800	m60_54_55	1054550800	アイテム光：000	treasure
2044417000	m61_44_41	2044410000	宝死体000	treasure
2044457000	m61_44_45	2044450000	アイテム光000	treasure
2044457000	m61_44_45	2044450000	宝死体000	treasure
2044457010	m61_44_45	2044450010	宝死体001	treasure
2044457020	m61_44_45	2044450020	宝死体002	treasure
2044457900	m61_44_45	2044450900	宝箱000	treasure
2044467000	m61_44_46	2044460000	アイテム光000	treasure
2044467000	m61_44_46	2044460000	宝死体000	treasure
2044467010	m61_44_46	2044460010	宝死体001	treasure
2044467020	m61_44_46	2044460020	宝死体002	treasure
2044467030	m61_44_46	2044460030	宝死体003	treasure
2044467040	m61_44_46	2044460040	宝死体004	treasure
2044467050	m61_44_46	2044460050	宝死体005	treasure
2044467060	m61_44_46	2044460060	宝死体006	treasure
2044467070	m61_44_46	2044460070	宝死体007	treasure
2044467080	m61_44_46	2044460080	宝死体008	treasure
2044467110	m61_44_46	2044460110	宝死体011	treasure
2044477000	m61_44_47	2044470000	宝死体000	treasure
2044477010	m61_44_47	2044470010	【不使用】宝死体001	treasure
2044477010	m61_44_48	2044470010	宝死体001	treasure
2044477020	m61_44_47	2044470020	【不使用】宝死体002	treasure
2044477020	m61_44_48	2044470020	宝死体002	treasure
2044477030	m61_44_47	2044470030	【不使用】宝死体003	treasure
2044477030	m61_44_48	2044470030	宝死体003	treasure
2044477040	m61_44_47	2044470040	【不使用】宝死体004	treasure
2044477040	m61_44_48	2044470040	宝死体004	treasure
2044477050	m61_44_47	2044470050	宝死体005	treasure
2044477900	m61_44_47	2044470900	アイテム光 光る墓	treasure
2045417000	m61_45_41	2045410000	宝死体000	treasure
2045417010	m61_45_41	2045410010	宝死体001	treasure
2045417020	m61_45_41	2045410020	宝死体002	treasure
2045417030	m61_45_41	2045410030	宝死体003	treasure
2045417040	m61_45_41	2045410040	宝死体004	treasure
2045417050	m61_45_41	2045410050	宝死体005	treasure
2045417700	m61_45_41	2045410700	アイテム光000 DLCレベルアップアイテム_バディ強化 即身仏	treasure
2045417710	m61_45_41	2045410710	アイテム光001	treasure
2045417800	m61_45_41	2045410800	宝箱000	treasure
2045417900	m61_45_41	2045410900	宝死体 光る墓	treasure
2045427000	m61_45_42	2045420000	宝死体000	treasure
2045427700	m61_45_42	2045420700	アイテム光000 DLCレベルアップアイテム_PC強化 ミケラ十字	treasure
2045437000	m61_45_43	2045430000	宝死体000	treasure
2045437700	m61_45_43	2045430700	アイテム光000	treasure
2045447000	m61_45_44	2045440000	宝死体000	treasure
2045447010	m61_45_44	2045440010	宝死体001	treasure
2045447020	m61_45_44	2045440020	宝死体002	treasure
2045457000	m61_45_45	2045450000	宝死体000	treasure
2045457010	m61_45_45	2045450010	宝死体001	treasure
2045457020	m61_45_45	2045450020	宝死体002	treasure
2045467000	m61_45_46	2045460000	宝死体000	treasure
2045467020	m61_45_46	2045460020	宝死体002	treasure
2045467040	m61_45_46	2045460040	宝死体004	treasure
2045467050	m61_45_46	2045460050	宝死体005	treasure
2045467060	m61_45_46	2045460060	宝死体006	treasure
2045467070	m61_45_46	2045460070	宝死体007	treasure
2045467080	m61_45_46	2045460080	宝死体008 モヘンジョダロ直下　中身は仮	treasure
2045467090	m61_45_46	2045460090	宝死体009 モヘンジョダロ直下　中身は仮	treasure
2045467500	m61_45_46	2045460500	common90005301	event
2045467900	m61_45_46	2045460900	宝箱000	treasure
2045467910	m61_45_46	2045460910	宝箱001	treasure
2045467995	m61_45_46	508100700	c5081_9001	enemy
2045477010	m61_45_47	2045470010	宝死体001	treasure
2045477020	m61_45_47	2045470020	宝死体002	treasure
2045477040	m61_45_47	2045470040	宝死体004	treasure
2045477050	m61_45_47	2045470050	宝死体005	treasure
2045477060	m61_45_47	2045470060	宝死体006	treasure
2045477070	m61_45_47	2045470070	宝死体007	treasure
2045477400	m61_45_47	2045470400	common90005301	event
2045477500	m61_45_47	2045470500	award	event
2045477500	m61_50_46	2045470500	award	event
2045477510	m61_45_47	2045470510	award	event
2045477510	m61_50_46	2045470510	award	event
2045477520	m61_45_47	2045470520	award	event
2045477520	m61_50_46	2045470520	award	event
2045477530	m61_45_47	2045470530	award	event
2045477530	m61_50_46	2045470530	award	event
2045477540	m61_45_47	2045470540	award	event
2045477540	m61_50_46	2045470540	award	event
2045477550	m61_45_47	2045470550	award	event
2045477550	m61_50_46	2045470550	award	event
2045477560	m61_45_47	2045470560	award	event
2045477560	m61_50_46	2045470560	award	event
2045477570	m61_45_47	2045470570	award	event
2045477570	m61_50_46	2045470570	award	event
2045477580	m61_45_47	2045470580	award	event
2045477580	m61_50_46	2045470580	award	event
2045477590	m61_45_47	2045470590	award	event
2045477590	m61_50_46	2045470590	award	event
2045477600	m61_45_47	2045470600	award	event
2045477600	m61_50_46	2045470600	award	event
2045477700	m40_00	2045470700	award	event
2045477700	m61_50_46	2045470700	award	event
2045477710	m40_00	2045470710	award	event
2045477710	m61_50_46	2045470710	award	event
2045477720	m40_00	2045470720	award	event
2045477720	m61_50_46	2045470720	award	event
2045477730	m40_00	2045470730	award	event
2045477730	m61_50_46	2045470730	award	event
2045477740	m40_00	2045470740	award	event
2045477740	m61_50_46	2045470740	award	event
2045477750	m40_00	2045470750	award	event
2045477750	m61_50_46	2045470750	award	event
2045477760	m40_00	2045470760	award	event
2045477760	m61_50_46	2045470760	award	event
2045477770	m40_00	2045470770	award	event
2045477770	m61_50_46	2045470770	award	event
2045477780	m40_00	2045470780	award	event
2045477780	m61_50_46	2045470780	award	event
2045477790	m40_00	2045470790	award	event
2045477790	m61_50_46	2045470790	award	event
2045477800	m40_00	2045470800	award	event
2045477800	m61_50_46	2045470800	award	event
2045477900	m40_00	2045470900	award	event
2045477900	m61_45_47	2045470900	award	event
2045477900	m61_50_46	2045470900	award	event
2045487000	m61_45_48	2045480000	宝死体000	treasure
2046387000	m61_46_38	2046380000	宝死体000	treasure
2046387010	m61_46_38	2046380010	宝死体001	treasure
2046387020	m61_46_38	2046380020	宝死体002	treasure
2046387030	m61_46_38	2046380030	宝死体003	treasure
2046387040	m61_46_38	2046380040	宝死体004	treasure
2046387050	m61_46_38	2046380050	宝死体005	treasure
2046387070	m61_46_38	2046380070	宝死体007　ユニーク	treasure
2046397000	m61_46_39	2046390000	宝死体000	treasure
2046397020	m61_46_39	2046390020	アイテム光　002　箱舟　海底道経由	treasure
2046397030	m61_46_39	2046390030	宝死体003	treasure
2046397040	m61_46_39	2046390040	宝死体004	treasure
2046397050	m61_46_39	2046390050	アイテム光　005　箱舟　亜人渓谷手前	treasure
2046397060	m61_46_39	2046390060	common90005301	event
2046407000	m61_46_40	2046400000	宝死体000	treasure
2046407040	m61_46_40	2046400040	アイテム光004　箱舟　亜人渓谷最奥	treasure
2046407050	m61_46_40	2046400050	宝死体005	treasure
2046407060	m61_46_40	2046400060	宝死体006	treasure
2046407700	m61_46_40	2046400700	アイテム光000 スタート裏教会	treasure
2046427700	m61_46_42	2046420700	アイテム光000 DLCレベルアップアイテム_PC強化 三叉路	treasure
2046427980	m61_46_42	2046420980	common90005301	event
2046437000	m61_46_43	2046430000	宝死体000	treasure
2046437010	m61_46_43	2046430010	宝死体001	treasure
2046437020	m61_46_43	2046430020	宝死体002	treasure
2046437040	m61_46_43	2046430040	宝死体004	treasure
2046437700	m61_46_43	2046430700	アイテム光000	treasure
2046437710	m61_46_43	2046430710	アイテム光001	treasure
2046447000	m61_46_44	2046440000	宝死体000	treasure
2046447010	m61_46_44	2046440010	宝死体001	treasure
2046447020	m61_46_44	2046440020	宝死体002	treasure
2046447030	m61_46_44	2046440030	宝死体003	treasure
2046447050	m61_46_44	2046440050	宝死体005	treasure
2046447060	m61_46_44	2046440060	宝死体006	treasure
2046447070	m61_46_44	2046440070	宝死体007	treasure
2046447700	m61_46_44	2046440700	アイテム光000	treasure
2046447710	m61_46_44	2046440710	アイテム光001　ヤドリギ	treasure
2046447900	m61_46_44	2046440900	アイテム光090 光る墓	treasure
2046457000	m61_46_45	2046450000	宝死体000	treasure
2046457020	m61_46_45	2046450020	宝死体002	treasure
2046457030	m61_46_45	2046450030	宝死体003	treasure
2046457040	m61_46_45	2046450040	宝死体004	treasure
2046457050	m61_46_45	2046450050	宝死体005	treasure
2046457060	m61_46_45	2046450060	宝死体006	treasure
2046457070	m61_46_45	2046450070	宝死体007	treasure
2046457720	m61_46_45	2046450720	アイテム光002	treasure
2046457910	m61_46_45	2046450910	宝箱001	treasure
2046457920	m61_46_45	2046450920	宝箱002	treasure
2046467000	m61_46_46	2046460000	common90005301	event
2046467000	m61_46_46	2046460000	宝死体000	treasure
2046467010	m61_46_46	2046460010	宝死体001	treasure
2046467020	m61_46_46	2046460020	宝死体002	treasure
2046467800	m61_46_46	2046460800	宝死体090 光る墓	treasure
2046477000	m61_46_47	2046470000	宝死体000	treasure
2046477010	m61_46_47	2046470010	宝死体001	treasure
2046477020	m61_46_47	2046470020	宝死体002	treasure
2046477030	m61_46_47	2046470030	宝死体003	treasure
2046477060	m61_46_47	2046470060	宝死体006	treasure
2046477070	m61_46_47	2046470070	宝死体007	treasure
2046477090	m61_46_47	2046470090	宝死体009	treasure
2046477100	m61_46_47	2046470100	宝死体010	treasure
2046477120	m61_46_47	2046470120	宝死体012	treasure
2046477130	m61_46_47	2046470130	宝死体013	treasure
2046477140	m61_46_47	2046470140	宝死体014	treasure
2046477150	m61_46_47	2046470150	アイテム光003	treasure
2046477160	m61_46_47	2046470160	宝死体016	treasure
2046477700	m61_47_47	2047470000	宝死体000　サブ遺跡 オルク儀式	treasure
2046477720	m61_46_47	2046470720	アイテム光002	treasure
2046477750	m61_46_47	2046470750	アイテム光005	treasure
2046487000	m61_46_48	2046480000	宝死体000	treasure
2046487010	m61_46_48	2046480010	宝死体001	treasure
2047357000	m61_47_35	2047350000	宝死体000	treasure
2047367000	m61_47_36	2047360000	アイテム光000　箱舟　大穴への道途中	treasure
2047367010	m61_47_36	2047360010	宝死体001	treasure
2047377000	m61_47_37	2047370000	宝死体000	treasure
2047387000	m61_47_38	2047380000	宝死体 000	treasure
2047387010	m61_47_38	2047380010	アイテム光　001　箱舟　青平原入り口①	treasure
2047397000	m61_47_39	2047390000	宝死体000	treasure
2047397040	m61_47_39	2047390040	宝死体004	treasure
2047397050	m61_47_39	2047390050	宝死体005	treasure
2047397070	m61_47_39	2047390070	common90005301	event
2047397080	m61_47_39	2047390080	アイテム光008　箱舟　青平原入り口②	treasure
2047397090	m61_47_39	2047390090	宝死体006	treasure
2047407000	m61_47_40	2047400000	宝死体000	treasure
2047407010	m61_47_40	2047400010	宝死体001	treasure
2047407020	m61_47_40	2047400020	宝死体002	treasure
2047407030	m61_47_40	2047400030	宝死体003	treasure
2047407100	m61_47_40	2047400100	宝死体010	treasure
2047407710	m61_47_41	2047410710	アイテム光001　ヤドリギ用　洞窟付近	treasure
2047407900	m61_47_40	2047400900	アイテム光 光る墓	treasure
2047407980	m61_47_40	2047400980	common90005301	event
2047417000	m61_47_41	2047410000	宝死体000 ※000と入れ替え	treasure
2047417010	m61_47_41	2047410010	宝死体001	treasure
2047417020	m61_47_41	2047410020	宝死体002	treasure
2047417030	m61_47_41	2047410040	宝死体004	treasure
2047417060	m61_47_41	2047410060	宝死体006	treasure
2047417100	m61_47_41	2047410100	宝死体010	treasure
2047417110	m61_47_41	2047410110	アイテム光011　ヤドリギ用　川の終端岩場	treasure
2047417700	m61_47_41	2047410700	ObjAct アイテム光000 DLCレベルアップアイテム_バディ強化 即身仏	treasure
2047417800	m61_47_41	2047410800	宝箱000	treasure
2047427000	m61_47_42	2047420000	宝死体000	treasure
2047427030	m61_47_42	2047420030	宝死体003	treasure
2047427040	m61_47_42	2047420040	宝死体004	treasure
2047427700	m61_47_42	2047420700	アイテム光000	treasure
2047437000	m61_47_43	2047430000	宝死体000	treasure
2047437010	m61_47_43	2047430010	宝死体001	treasure
2047437020	m61_47_43	2047430020	宝死体002	treasure
2047437030	m61_47_43	2047430030	宝死体003	treasure
2047437040	m61_47_43	2047430040	宝死体004	treasure
2047437050	m61_47_43	2047430050	宝死体005	treasure
2047437700	m61_47_43	2047430700	アイテム光000	treasure
2047437980	m61_47_43	2047430980	common90005301	event
2047447010	m61_47_44	2047440010	宝死体001 街道砦　入口前大橋　左	treasure
2047447020	m61_47_44	2047440020	宝死体002　街道砦　入口広場崖	treasure
2047447030	m61_47_44	2047440030	宝死体003　街道砦　入口街道砦　入口上方岩	treasure
2047447040	m61_47_44	2047440040	宝死体004　街道砦　街道砦　前半洞窟岩の上	treasure
2047447050	m61_47_44	2047440050	宝死体005　街道砦　街道砦　前半洞窟後	treasure
2047447060	m61_47_44	2047440060	宝死体006　街道砦　城門前小路	treasure
2047447070	m61_47_44	2047440070	宝死体007　街道砦　広場EXエリア	treasure
2047447080	m61_47_44	2047440080	宝死体008　街道砦　教会前岩の上	treasure
2047447090	m61_47_44	2047440090	宝死体009　街道砦　教会飛び降りエリア	treasure
2047447100	m61_47_44	2047440100	宝死体010　街道砦　教会屋上	treasure
2047447110	m61_47_44	2047440110	宝死体011　街道砦　教会庭	treasure
2047447120	m61_47_44	2047440120	宝死体012　街道砦　教会後	treasure
2047447130	m61_47_44	2047440130	宝死体013　街道砦　途中篝火傍	treasure
2047447140	m61_47_44	2047440140	宝死体014　街道砦　落下穴内	treasure
2047447150	m61_47_44	2047440150	宝死体015　街道砦　洞窟追加	treasure
2047447160	m61_47_44	2047440160	宝死体016　街道砦　教会内部回廊	treasure
2047447170	m61_47_44	2047440170	宝死体017　街道砦　教会前崖	treasure
2047447190	m61_47_44	2047440190	宝死体019　街道砦　外部下の部屋	treasure
2047447200	m61_47_44	2047440200	宝死体020　街道砦　滝の下	treasure
2047447210	m61_47_44	2047440210	宝死体024　街道砦　落下穴誘導	treasure
2047447600	m61_47_44	2047440600	宝死体021　街道砦　入口広場部屋	treasure
2047447610	m61_47_44	2047440610	宝死体022　街道砦　滝傍屋上	treasure
2047447620	m61_47_44	2047440620	宝死体023　街道砦　外部見張り塔	treasure
2047447700	m61_47_44	2047440700	アイテム光000　街道砦　アイテム光　街道砦教会	treasure
2047447710	m61_47_44	2047440710	アイテム光001　街道砦　アイテム光　街道砦 ミケラ十字	treasure
2047447720	m61_47_44	2047440720	アイテム光002　街道砦　アイテム光　街道砦 ミケラ十字	treasure
2047447730	m61_47_44	2047440730	アイテム光003　街道砦　アイテム光　星見台	treasure
2047447750	m61_47_44	2047440750	アイテム光005　砦外野営地	treasure
2047447800	m61_47_44	2047440800	宝箱000　街道砦　前半見張り塔	treasure
2047447820	m61_47_44	2047440820	宝箱002　街道砦　城門の上	treasure
2047447830	m61_47_44	2047440830	宝箱003　街道砦　教会地下室	treasure
2047447840	m61_47_44	2047440840	宝箱004　砦外 野営地_調香師エリア	treasure
2047447900	m61_47_44	2047440900	common90005301	event
2047457000	m61_47_45	2047450000	宝死体000	treasure
2047457010	m61_47_45	2047450010	宝死体001	treasure
2047457020	m61_47_45	2047450020	宝死体002	treasure
2047457040	m61_47_45	2047450040	宝死体004	treasure
2047457070	m61_47_45	2047450070	宝死体007	treasure
2047457080	m61_47_45	2047450080	宝死体008	treasure
2047457180	m61_47_44	2047440180	宝死体018	treasure
2047457700	m61_47_45	2047450700	common90005301	event
2047457800	m61_47_45	2047450800	アイテム光 光る墓	treasure
2047457900	m61_47_45	2047450900	宝箱000	treasure
2047457910	m61_47_45	2047450910	宝箱001	treasure
2047457920	m61_47_45	2047450920	宝箱002	treasure
2047467000	m61_47_46	2047460000	宝死体000	treasure
2047467010	m61_47_46	2047460010	宝死体001	treasure
2047467030	m61_47_46	2047460030	宝死体003	treasure
2047467500	m61_47_46	2047460500	アイテム光000	treasure
2047477000	m61_46_47	2046470700	アイテム光000	treasure
2047477010	m61_47_47	2047470010	宝死体001	treasure
2047477020	m61_47_47	2047470020	宝死体002	treasure
2047477030	m61_47_47	2047470030	宝死体003	treasure
2047477040	m61_47_47	2047470040	宝死体004	treasure
2047477050	m61_47_47	2047470050	宝死体005	treasure
2047477070	m61_47_47	2047470070	宝死体007	treasure
2047477900	m61_47_47	2047470900	宝箱000	treasure
2047477995	m61_47_47	508100710	c5081_9002	enemy
2048377010	m61_48_37	2048370010	アイテム光001　箱舟　ミケラ十字付近①	treasure
2048377020	m61_48_37	2048370020	アイテム光002　箱舟　ミケラ十字付近②	treasure
2048377030	m61_48_37	2048370030	アイテム光003　箱舟　大穴への道手前	treasure
2048377050	m61_48_37	2048370050	アイテム光　DLC強化アイテム	treasure
2048387000	m61_48_38	2048380000	宝死体000	treasure
2048387010	m61_48_38	2048380010	アイテム光001　箱舟　海岸からの引き返し道	treasure
2048387030	m61_48_38	2048380030	アイテム光003　箱舟　隠し墓地からの飛び降り	treasure
2048397000	m61_48_39	2048390000	宝死体000	treasure
2048397010	m61_48_39	2048390010	宝死体001	treasure
2048397020	m61_48_39	2048390020	宝死体002	treasure
2048397030	m61_48_39	2048390030	宝死体003	treasure
2048397040	m61_48_39	2048390040	宝死体004	treasure
2048397050	m61_48_39	2048390050	宝死体005	treasure
2048407000	m61_48_40	2048400000	宝死体000　大羊の森	treasure
2048407010	m61_48_40	2048400010	宝死体001　死の鳥水場奥	treasure
2048407020	m61_48_40	2048400020	common90005301	event
2048407020	m61_48_40	2048400020	ヤドリギ用　アイテム光002　川の終端岩場 003	treasure
2048417000	m61_48_41	2048410000	宝死体000	treasure
2048417010	m61_48_41	2048410010	宝死体001	treasure
2048417030	m61_48_41	2048410030	宝死体003	treasure
2048417700	m61_48_41	2048410700	アイテム光000 DLCレベルアップアイテム_PC強化 滝教会	treasure
2048417800	m61_48_41	2048410800	宝箱000	treasure
2048417980	m61_48_41	2048410980	common90005301	event
2048427000	m61_48_42	2048420000	宝死体000	treasure
2048427020	m61_48_42	2048420020	宝死体002	treasure
2048427900	m61_48_42	2048420900	宝死体090 光る墓	treasure
2048437000	m61_48_43	2048430000	宝死体000	treasure
2048437010	m61_48_43	2048430010	宝死体001	treasure
2048437020	m61_48_43	2048430020	宝死体002	treasure
2048437030	m61_48_43	2048430030	宝死体003	treasure
2048437700	m61_48_43	2048430700	アイテム光000 DLCレベルアップアイテム_PC強化 ミケラ十字	treasure
2048447000	m61_48_44	2048440000	宝死体000　街道砦　隠し洞窟A	treasure
2048447010	m61_48_44	2048440010	宝死体001	treasure
2048447020	m61_48_44	2048440020	宝死体002	treasure
2048447030	m61_48_44	2048440030	宝死体003　街道砦　城内橋の傍	treasure
2048447040	m61_48_44	2048440040	宝死体004	treasure
2048447050	m61_48_44	2048440050	宝死体005　街道砦　城壁出っ張りB	treasure
2048447060	m61_48_44	2048440060	宝死体006　街道砦　城壁出っ張りA	treasure
2048447070	m61_48_44	2048440070	宝死体007　街道砦　城主の部屋	treasure
2048447080	m61_48_44	2048440080	宝死体008	treasure
2048447500	m61_48_44	2048440500	アイテム光000　ミケラ十字（街道砦後）	treasure
2048447800	m61_48_44	2048440800	宝箱000　街道砦　城壁部屋	treasure
2048447810	m61_48_44	2048440810	宝箱001　街道砦　離れの塔	treasure
2048457000	m61_48_45	2048450000	宝死体000　レシピ	treasure
2048457510	m61_48_45	2048450510	アイテム光001	treasure
2048457520	m61_48_45	2048450520	アイテム光002	treasure
2048467010	m61_48_46	2048460010	宝死体001	treasure
2048467030	m61_48_46	2048460030	宝死体003	treasure
2048467040	m61_48_46	2048460040	宝死体004	treasure
2048467050	m61_48_46	2048460050	宝死体005	treasure
2048467060	m61_48_46	2048460060	宝死体006	treasure
2048467090	m61_48_46	2048460090	宝死体009	treasure
2048467500	m61_48_46	2048460500	アイテム光000	treasure
2048467510	m61_48_46	2048460510	アイテム光001　PC強化	treasure
2048467710	m61_48_46	2048460710	common90005301	event
2049377000	m61_49_37	2049370000	宝死体 000	treasure
2049387000	m61_49_38	2049380000	宝死体000	treasure
2049387010	m61_49_38	2049380010	宝死体001	treasure
2049387020	m61_49_38	2049380020	宝死体002	treasure
2049387030	m61_49_38	2049380030	宝死体003	treasure
2049387060	m61_49_38	2049380060	宝死体006	treasure
2049397000	m61_49_39	2049390000	宝死体000	treasure
2049427000	m61_49_42	2049420000	宝死体000	treasure
2049427010	m61_49_42	2049420010	宝死体001	treasure
2049427700	m61_49_42	2049420700	common90005301	event
2049427720	m61_49_42	2049420720	common90005301	event
2049437000	m61_49_43	2049430000	宝死体000（墓地ドラゴン）	treasure
2049437200	m61_49_43	2049430200	宝死体000	treasure
2049437210	m61_49_43	2049430210	宝死体001	treasure
2049437220	m61_49_43	2049430220	宝死体002	treasure
2049437230	m61_49_43	2049430230	宝死体003	treasure
2049437240	m61_49_43	2049430240	宝死体004	treasure
2049437250	m61_49_43	2049430250	宝死体005	treasure
2049437260	m61_49_43	2049430260	宝死体006	treasure
2049437270	m61_49_43	2049430270	宝死体007 (宝箱)	treasure
2049437280	m61_49_43	2049430280	宝死体008	treasure
2049437290	m61_49_43	2049430290	宝死体009	treasure
2049437300	m61_49_43	2049430300	宝死体010	treasure
2049437310	m61_49_43	2049430310	宝死体011	treasure
2049437320	m61_49_43	2049430320	宝死体012	treasure
2049437330	m61_49_43	2049430330	宝死体013	treasure
2049437340	m61_49_43	2049430340	宝死体014	treasure
2049437350	m61_49_43	2049430350	宝死体015	treasure
2049437360	m61_49_43	2049430360	宝死体016	treasure
2049437370	m61_49_43	2049430370	宝死体017	treasure
2049437380	m61_49_43	2049430380	宝死体018	treasure
2049437500	m61_49_43	2049430500	宝箱000	treasure
2049437520	m61_49_43	2049430520	宝箱002	treasure
2049437600	m61_49_43	2049430600	宝死体020	treasure
2049437620	m61_49_43	2049430620	宝死体022	treasure
2049437900	m61_49_43	597000700	c5970_9001	enemy
2049437910	m61_49_43	597000710	c5970_9002	enemy
2049437920	m61_49_43	598000700	c5980_9000	enemy
2049437930	m61_49_43	598000710	c5980_9002	enemy
2049437940	m61_49_43	598000720	c5980_9001	enemy
2049447020	m61_49_44	2049440020	宝死体002	treasure
2049447030	m61_49_44	2049440030	宝死体003	treasure
2049447040	m61_49_44	2049440040	宝死体004	treasure
2049447050	m61_49_44	2049440050	宝死体005	treasure
2049447060	m61_49_44	2049440060	宝死体006	treasure
2049447070	m61_49_44	2049440070	宝死体007	treasure
2049447090	m61_49_44	2049440090	宝死体009	treasure
2049447500	m61_49_44	2049440500	アイテム光000	treasure
2049447530	m61_49_44	2049440530	アイテム光003 PC強化	treasure
2049447900	m61_49_44	2049440900	宝箱000	treasure
2049457000	m61_49_45	2049450000	宝死体000	treasure
2049457010	m61_49_45	2049450010	宝死体001	treasure
2049457050	m61_49_45	2049450050	宝死体005	treasure
2049457200	m61_49_45	2049450200	宝死体200　褪せ人	treasure
2049457500	m61_49_45	2049450500	アイテム光000	treasure
2049457510	m61_49_45	2049450510	アイテム光001	treasure
2049467010	m61_49_46	2049460010	宝死体001　毒沼	treasure
2049467510	m61_49_46	2049460510	アイテム光　001　レア素材	treasure
2049467520	m61_49_46	2049460520	アイテム光002 ウィッカーマン捨て場 レア素材	treasure
2049467530	m61_49_46	2049460530	アイテム光003 ウィッカーマン捨て場 レア素材	treasure
2049467540	m61_49_46	2049460540	アイテム光004 ウィッカーマン捨て場 レア素材	treasure
2049467550	m61_49_46	2049460550	アイテム光005 ウィッカーマン捨て場 レア素材	treasure
2049467560	m61_49_46	2049460560	アイテム光006 ウィッカーマン捨て場 レア素材	treasure
2049467570	m61_49_46	2049460570	アイテム光　007　レア素材	treasure
2049467580	m61_49_46	2049460580	アイテム光　008　レア素材	treasure
2049467590	m61_49_46	2049460590	アイテム光009 ウィッカーマン捨て場 レア素材	treasure
2049467600	m61_49_46	2049460600	アイテム光010 ウィッカーマン捨て場 レア素材	treasure
2049467900	m61_49_46	2049460900	アイテム光 光る墓	treasure
2049477000	m61_49_47	2049470000	宝死体000	treasure
2049477500	m61_49_47	2049470500	アイテム光000 ウィッカーマン捨て場 レア素材	treasure
2049477510	m61_49_47	2049470510	アイテム光001 ウィッカーマン捨て場 レア素材	treasure
2049487000	m61_49_48	2049480000	宝000	treasure
2049497500	m61_49_49	2049490500	アイテム光000　PC強化	treasure
2049497510	m61_49_49	2049490510	アイテム光001	treasure
2049497520	m61_49_49	2049490520	アイテム光002　PC強化	treasure
2049497530	m61_49_49	2049490530	アイテム光003　PC強化	treasure
2049497540	m61_49_49	2049490540	アイテム光004　PC強化	treasure
2049497550	m61_49_49	2049490550	アイテム光005　PC強化	treasure
2050387000	m61_50_38	2050380000	宝死体000	treasure
2050387010	m61_50_38	2050380010	アイテム光001　箱舟　指遺跡手前	treasure
2050407000	m61_50_40	2050400000	award	event
2050417010	m61_50_41	2050410010	宝死体001 フォグトンネル	treasure
2050417700	m61_50_41	2050410700	common90005301	event
2050427700	m61_50_42	2050420700	common90005301	event
2050437000	m61_50_43	2050430000	宝死体000	treasure
2050437010	m61_50_43	2050430010	宝死体001 サブルート終端	treasure
2050437040	m61_50_43	2050430040	宝死体004 サブルート終端	treasure
2050437220	m61_50_43	2050430220	宝死体002 崖の塔	treasure
2050437500	m61_50_43	2050430500	アイテム光000　ミケラ十字（崖の塔側）	treasure
2050437720	m61_50_43	2050430720	アイテム光002 隠れ集落	treasure
2050447000	m61_50_44	2050440000	宝死体000 堀	treasure
2050447010	m61_50_44	2050440010	宝死体001	treasure
2050447020	m61_50_44	2050440020	宝死体002	treasure
2050447030	m61_50_44	2050440030	宝死体003	treasure
2050447040	m61_50_44	2050440040	宝死体004	treasure
2050447050	m61_50_44	2050440050	宝死体005	treasure
2050447060	m61_50_44	2050440060	宝死体006	treasure
2050447070	m61_50_44	2050440070	宝死体007 腐肉の水路	treasure
2050447090	m61_50_44	2050440090	宝死体009	treasure
2050447100	m61_50_44	2050440100	宝死体010	treasure
2050447120	m61_50_44	2050440120	宝死体012 腐肉の水路	treasure
2050447140	m61_50_44	2050440140	宝死体014 隠れ集落	treasure
2050447500	m61_50_44	2050440500	アイテム光000	treasure
2050447710	m61_50_44	2050440710	アイテム光001	treasure
2050447720	m61_50_44	2050440720	宝死体000 滝行	treasure
2050447730	m61_50_44	2050440730	アイテム光003 壺用	treasure
2050447740	m61_50_44	2050440740	common90005301	event
2050457000	m61_50_45	2050450000	宝死体000	treasure
2050457020	m61_50_45	2050450720	アイテム光002	treasure
2050457060	m61_50_45	2050450060	宝死体006	treasure
2050457080	m61_50_45	2050450080	宝死体008	treasure
2050457730	m61_50_45	2050450730	アイテム光003	treasure
2050467000	m61_50_46	2050460000	宝死体000	treasure
2050467020	m61_50_46	2050460020	宝死体002	treasure
2050467030	m61_50_46	2050460030	宝死体003	treasure
2050467040	m61_50_46	2050460040	宝死体004	treasure
2050467500	m61_50_46	2050460500	common90005301	event
2050467510	m61_50_46	2050460510	common90005301	event
2050467700	m61_50_46	2050460700	アイテム光000	treasure
2050467710	m61_50_46	2050460710	アイテム光001 ウィッカーマン捨て場 レア素材	treasure
2050467720	m61_50_46	2050460720	アイテム光002 ウィッカーマン捨て場 レア素材	treasure
2050467730	m61_50_46	2050460730	アイテム光003 ウィッカーマン捨て場 レア素材	treasure
2050467800	m61_50_46	2050460800	アイテム光 光る墓	treasure
2050467900	m61_50_46	2050460900	宝箱000	treasure
2050467910	m61_50_46	2050460910	宝箱001	treasure
2050477010	m61_50_47	2050470010	宝死体001	treasure
2050477020	m61_50_47	2050470020	宝死体002	treasure
2051417000	m61_51_41	2051410000	宝死体000 ほおずきの森	treasure
2051417700	m61_51_41	2051410700	common90005301	event
2051417710	m61_51_41	2051410710	common90005301	event
2051427000	m61_51_42	2051420000	宝死体000 ほおずきの森	treasure
2051447000	m61_51_44	2051440000	宝死体000	treasure
2051447010	m61_51_44	2051440010	宝死体001	treasure
2051447020	m61_51_44	2051440020	宝死体002	treasure
2051447030	m61_51_44	2051440030	宝死体003	treasure
2051447040	m61_51_44	2051440040	宝死体004	treasure
2051447500	m61_51_44	2051440500	common90005301	event
2051447510	m61_51_44	2051440510	common90005301	event
2051457000	m61_51_45	2051450000	宝死体000	treasure
2051457530	m61_51_45	2051450530	宝アイテム光003	treasure
2051457700	m61_51_45	2051450700	common90005301	event
2051467020	m61_51_46	2051460020	宝死体002	treasure
2051467500	m61_51_46	2051460500	アイテム光000	treasure
2051467900	m61_51_46	2051460900	宝箱000	treasure
2051477010	m61_51_47	2051470010	宝死体001	treasure
2051477020	m61_51_47	2051470020	宝死体002	treasure
2051477030	m61_51_47	2051470030	宝死体003	treasure
2051477500	m61_51_47	2051470500	アイテム光000	treasure
2051477510	m61_51_47	2051470510	アイテム光001	treasure
2052407010	m61_52_40	2052400010	宝死体001 奈落の森	treasure
2052417000	m61_52_41	2052410000	宝死体000	treasure
2052417010	m61_52_41	2052410010	宝死体001	treasure
2052427500	m61_52_42	2052420500	common90005301	event
2053397000	m61_54_39	2054390000	宝死体000	treasure
2053397010	m61_53_39	2053390010	宝死体001	treasure
2053397020	m61_53_39	2053390020	宝死体002　DLC強化アイテム_PC	treasure
2053407000	m61_53_40	2053400000	宝死体000	treasure
2053417000	m61_53_41	2053410000	宝死体000	treasure
2053417020	m61_53_41	2053410020	宝死体002	treasure
2053417500	m61_53_41	2053410500	アイテム光000 廃教会	treasure
2053467600	m61_53_46	2053460600	award	event
2053487000	m61_53_48	2053480000	宝死体000	treasure
2053487010	m61_53_48	2053480010	宝死体001	treasure
