# AUTO-GENERATED by tools/build_questline_dag.py -- DO NOT EDIT, re-emit.
# TIER 1 of docs/specs/SPEC-questline-dag-20260728.md: EMIT THE GRAPH, ASSERT NOTHING.
# Directed edges over EVENT FLAGS. target_flag is always a live AP check.
#   sense=set     the source must be SET   -> a PREREQUISITE. A CANDIDATE access rule, not one yet.
#   sense=clear   the source must be CLEAR -> an EXCLUSION. Never an access rule; this is the
#                 argument FOR the missable tag.
#   sense=unknown the corpus does not encode the polarity. UNUSABLE. Tallied, never guessed.
# 🛑 NOTHING IN THE WORLD READS THIS FILE. Every check named here keeps its missable tag.
# 🛑 An edge is CO-OCCURRENCE + a polarity rule, not proof: datamine_lot_gates pairs every flag test
#   in an event with every award in it, so a test on a branch that never reaches the award is here.
# 🛑 ABSENCE IS NOT SAFETY. The three AWARD-SITE corpora (lot_gates, esd_gifts, treasure_enablers)
#   pair a flag test with an award in the same event, so a questline that gates whether a FIGHT
#   EXISTS leaves them no trace at all -- f510110 (Fortissax) was absent from them BY CONSTRUCTION
#   and still is, which the acceptance block below asserts.
# 🛑 THE FOURTH CORPUS, `questline_conditions` (#1085), IS NOT AN AWARD-SITE PAIRING: it resolves
#   the guard cone of the award itself, per branch, through the setters -- so f510110 IS in this
#   table now, with its ancestry, and its citation places the source. Those edges are DELIBERATELY
#   INERT: their group_semantics is always `unknown` (a cone unions the arms of a disjunction, so
#   its roots are neither proven alternatives nor a proven conjunction) and this file's own rule is
#   that a consumer may act on `any`/`all` only. Cones with an UNREADABLE guard are refused
#   wholesale and counted; the corpus emits no `clear` edge because it resolves no
#   IRREVERSIBLE-arm root to read an exclusion off.
# alt_group groups edges READ AT ONE SITE; `group_semantics` says what that grouping MEANS, and it
#   is `unknown` unless the data proves otherwise -- `any` only for separate call sites of one
#   common event (f400191's three triggers), `all` only for the `&&` conjuncts of one enabler
#   condition (f1039537050's three). 🛑 An earlier version called EVERY group "alternatives"; that
#   was OUR claim wearing the game's clothes, and an OR read of a conjunction is an
#   UNDER-constrained rule. A consumer may act on `any` / `all` only.
# source_locator: how the source's region was placed -- flag_decode > setter_map > common_map >
#   test_map (WEAKEST: where the flag MATTERS, not where it lives -- good enough for a missable tag,
#   never for an access rule). Empty = unplaced. `esd_talk_map` = the talk ESD that SETS it;
#   `map_id` = a MAP_ACCESS root, whose source names its map outright rather than decoding a flag.
# source_kind `item` / `map_access` and a NAMESPACED source (`goods:8191`, `map:m12_03`) come from
#   the extractor corpus: a possession or map-reach requirement is not an event flag, and goods ids
#   and event flags are different ID SPACES -- the prefix is there so nothing reads one as the other.
# MEASURED THIS RUN (recomputed on every emit; the tool hard-fails on a degenerate parse):
#   edges 2060 over 588 target check(s) | sense: set 1914, clear 22, unknown 124
#   by tool: esd_gifts 111, lot_gates 176, questline_conditions 1761, treasure_enablers 12
#   source kind: check 5, item 77, map_access 579, npc_state 555, world 844
#   targets: 555 with a PREREQUISITE (sense=set), 16 with an EXCLUSION (sense=clear)
#   CORROBORATION, ALL corpora BLENDED (the per-corpus figures below are the ones that mean anything -- see the split): 95 of 588 target check(s) are ALREADY missable-tagged (16%); the tag set holds 288 checks in total
#   CORROBORATION, award-site corpora (the ratchet's population): 87 of 163 target check(s) already missable-tagged (53%)
#   CORROBORATION, #1085 extractor corpus: 47 of 495 target check(s) already missable-tagged (9%)
#   cross-region edges: 375 (132 whose target is NOT missable-tagged)
#   alt_group semantics: all 2, any 11, single 447, unknown 315 (a group claims OR/AND only where the DATA proves it)
#   edges DEGRADED to unusable by a guard (each is a refusal, not a loss): context-branch-unresolved 7, enabler-not-an-eventflag-test-above-the-enable 2, esd-paths-disagree 3, esd-received-memo 82, lot_gates-senses-disagree 2, treasure-verb-crossproduct 28
#   source flags LABELLED from FromSoft's own event names: 1133 of 2060 edge(s) (55%); by emevd_batch 11, emevd_event 593, esd_talk 529
#   source region located by: none 1061, esd_talk_map 144, flag_decode 455, map_id 221, setter_map 164, test_map 15
#   dropped rows (a filter with no tally is a lie): esd_gifts:duplicate-row 3, esd_gifts:lot-has-no-flag 51, esd_gifts:self-loop 1, esd_gifts:sentinel-source 2, esd_gifts:target-not-a-live-check 130, lot_gates:duplicate-row 51, questline_conditions:cone-unreadable 4377, questline_conditions:duplicate-row 75, questline_conditions:target-not-a-live-check 2783, treasure_enablers:duplicate-row 3, treasure_enablers:no-entity-handle 66
#   contexts with NO polarity rule (-> unknown, never guessed): !EventFlag 1, ? 6, EventFlag 1, GotoIf 2, if 1
# ACCEPTANCE (SPEC §7, asserted on the finished pipeline by name):
#   [ok] f400191 Golden Seed / Stormhill Shack -- 3 triggers in ONE alt_group with semantics=any (separate call sites of one common event); found gates [3708, 3709, 1041389414] in 1 group(s), semantics ['any']
#   [ok] f400191 polarity -- every trigger is a POSITIVE prerequisite (commonarg/WaitFor); senses ['set']
#   [ok] f1039537050 Gelmir enabler -- a CONJUNCTION, not alternatives -- three `&&` conjuncts of one WaitFor must read semantics=all; got ['all']
#   [ok] f400001 Rold Medallion (Melina handover) -- the easy end of the graph: 1 ESD-gift edge(s)
#   [ok] f65660 <- 11007992 -- the EndIf INVERSION -- `EndIf(EventFlag(X))` ends the event when X is SET, so the award below needs X CLEAR; reading it the naive way mints a false prerequisite. senses ['clear']
#   [ok] f400470 <- 1047419201 -- the ESD gate_sense=1 mapping -- Great-Jar's Arsenal is handed over behind a SET flag; if the 1/0 mapping inverts, this is the fixture that says so. senses ['set']
#   [ok] f580600 <- 9146 (treasure enabler) -- the one known real cross-region prerequisite; senses ['set']
#   [ok] f510110 Fortissax -- STILL ABSENT from every AWARD-SITE corpus -- an award-site corpus cannot see an arena-existence gate and must not start claiming to; the blind spot of SPEC §5 is unchanged. award-site edges: 0
#   [ok] f510110 Fortissax -- PRESENT via the #1085 extractor corpus, with its ancestry -- Deeproot map access (map:m12_03), Champions defeat (f12030800) and the Cursemark of Death chain (goods:8191) must all be sources; missing nothing of 58 extractor edge(s)
#   [ok] the #1085 extractor corpus claims NO group semantics -- a cone is an over-approximation (OR arms unioned), so no group of its roots may read as `any` or `all`; semantics seen: ['single', 'unknown']
source_flag	target_flag	sense	evidence	tool	source_label	source_label_ja	label_source	label_setters	basis	alt_group	group_semantics	source_kind	source_region	source_locator	target_region	cross_region	target_ap_id	target_name
310	171	set	cone root BOSS_KILL(310) at talk/m00_00_00_00-only/t000001000.py:t000001000_x7 set by common.emevd.dcx.js:910	questline_conditions	Natural disaster_Giant star falls	天変地異_巨星墜つ	emevd_event	1	extractor-cone-root-budget-capped	questline_conditions:171:talk/m00_00_00_00-only/t000001000.py:t000001000_x7:	unknown	world			Stormveil	unknown	7770001	Stormveil :: Godrick's Great Rune - Godrick [f171]
3000	171	set	cone root DIALOGUE_STEP(3000) at talk/m00_00_00_00-only/t000001000.py:t000001000_x7 set by talk/m60_00_00_00-only/t900006000.py:t900006000_x3	questline_conditions	set by NPC talk 900006000 on m60_00_00_00		esd_talk	1	extractor-cone-root-budget-capped	questline_conditions:171:talk/m00_00_00_00-only/t000001000.py:t000001000_x7:	unknown	npc_state			Stormveil	unknown	7770001	Stormveil :: Godrick's Great Rune - Godrick [f171]
3360	171	set	cone root NPC_STATE(3360) at talk/m00_00_00_00-only/t000001000.py:t000001000_x7 set by common.emevd.dcx.js:3379	questline_conditions	NPC330_Atonement Priest_Performing absolution	NPC330_贖罪司祭_免罪実行	emevd_event	4	extractor-cone-root-budget-capped	questline_conditions:171:talk/m00_00_00_00-only/t000001000.py:t000001000_x7:	unknown	world			Stormveil	unknown	7770001	Stormveil :: Godrick's Great Rune - Godrick [f171]
3363	171	set	cone root BOSS_KILL(3363) at talk/m00_00_00_00-only/t000001000.py:t000001000_x7 set by common.emevd.dcx.js:3379	questline_conditions	NPC312 Lord of Plains Fort_Character state transition	NPC312平原砦の領主_キャラ状態遷移	emevd_event	3	extractor-cone-root-budget-capped	questline_conditions:171:talk/m00_00_00_00-only/t000001000.py:t000001000_x7:	unknown	world			Stormveil	unknown	7770001	Stormveil :: Godrick's Great Rune - Godrick [f171]
3365	171	set	cone root NPC_STATE(3365) at talk/m00_00_00_00-only/t000001000.py:t000001000_x7 set by common.emevd.dcx.js:3379	questline_conditions	NPC312 Lord of Plains Fort_Character state transition	NPC312平原砦の領主_キャラ状態遷移	emevd_event	2	extractor-cone-root-budget-capped	questline_conditions:171:talk/m00_00_00_00-only/t000001000.py:t000001000_x7:	unknown	world			Stormveil	unknown	7770001	Stormveil :: Godrick's Great Rune - Godrick [f171]
3366	171	set	cone root NPC_STATE(3366) at talk/m00_00_00_00-only/t000001000.py:t000001000_x7 set by common.emevd.dcx.js:3379	questline_conditions	NPC312 Lord of Plains Fort_Character state transition	NPC312平原砦の領主_キャラ状態遷移	emevd_event	2	extractor-cone-root-budget-capped	questline_conditions:171:talk/m00_00_00_00-only/t000001000.py:t000001000_x7:	unknown	world			Stormveil	unknown	7770001	Stormveil :: Godrick's Great Rune - Godrick [f171]
3460	171	set	cone root NPC_STATE(3460) at talk/m00_00_00_00-only/t000001000.py:t000001000_x7 set by common.emevd.dcx.js:3479	questline_conditions	NPC316 Female magician of the academy_NPC type switching	NPC316学院の女魔術師_NPCタイプ切替	emevd_event	6	extractor-cone-root-budget-capped	questline_conditions:171:talk/m00_00_00_00-only/t000001000.py:t000001000_x7:	unknown	world			Stormveil	unknown	7770001	Stormveil :: Godrick's Great Rune - Godrick [f171]
3465	171	set	cone root NPC_STATE(3465) at talk/m00_00_00_00-only/t000001000.py:t000001000_x7 set by common.emevd.dcx.js:3479	questline_conditions	NPC316 Academy Female Magician_Character state transition	NPC316学院の女魔術師_キャラ状態遷移	emevd_event	2	extractor-cone-root-budget-capped	questline_conditions:171:talk/m00_00_00_00-only/t000001000.py:t000001000_x7:	unknown	world			Stormveil	unknown	7770001	Stormveil :: Godrick's Great Rune - Godrick [f171]
3466	171	set	cone root NPC_STATE(3466) at talk/m00_00_00_00-only/t000001000.py:t000001000_x7 set by common.emevd.dcx.js:3479	questline_conditions	NPC316 Academy Female Magician_Character state transition	NPC316学院の女魔術師_キャラ状態遷移	emevd_event	2	extractor-cone-root-budget-capped	questline_conditions:171:talk/m00_00_00_00-only/t000001000.py:t000001000_x7:	unknown	world			Stormveil	unknown	7770001	Stormveil :: Godrick's Great Rune - Godrick [f171]
3468	171	set	cone root NPC_STATE(3468) at talk/m00_00_00_00-only/t000001000.py:t000001000_x7 set by common.emevd.dcx.js:3479	questline_conditions	NPC316 Academy Female Magician_Character state transition	NPC316学院の女魔術師_キャラ状態遷移	emevd_event	2	extractor-cone-root-budget-capped	questline_conditions:171:talk/m00_00_00_00-only/t000001000.py:t000001000_x7:	unknown	world			Stormveil	unknown	7770001	Stormveil :: Godrick's Great Rune - Godrick [f171]
3747	171	set	cone root NPC_STATE(3747) at talk/m00_00_00_00-only/t000001000.py:t000001000_x7 set by common.emevd.dcx.js:3759	questline_conditions	NPC106 Rani_Character state transition	NPC106ラニ_キャラ状態遷移	emevd_event	2	extractor-cone-root-budget-capped	questline_conditions:171:talk/m00_00_00_00-only/t000001000.py:t000001000_x7:	unknown	world			Stormveil	unknown	7770001	Stormveil :: Godrick's Great Rune - Godrick [f171]
3760	171	set	cone root NPC_STATE(3760) at talk/m00_00_00_00-only/t000001000.py:t000001000_x7 set by common.emevd.dcx.js:3779	questline_conditions	NPC330_Atonement Priest_Performing absolution	NPC330_贖罪司祭_免罪実行	emevd_event	5	extractor-cone-root-budget-capped	questline_conditions:171:talk/m00_00_00_00-only/t000001000.py:t000001000_x7:	unknown	world			Stormveil	unknown	7770001	Stormveil :: Godrick's Great Rune - Godrick [f171]
3761	171	set	cone root NPC_STATE(3761) at talk/m00_00_00_00-only/t000001000.py:t000001000_x7 set by common.emevd.dcx.js:3049	questline_conditions	Rani gang is hostile	ラニ一味敵対	emevd_event	4	extractor-cone-root-budget-capped	questline_conditions:171:talk/m00_00_00_00-only/t000001000.py:t000001000_x7:	unknown	world			Stormveil	unknown	7770001	Stormveil :: Godrick's Great Rune - Godrick [f171]
3765	171	set	cone root NPC_STATE(3765) at talk/m00_00_00_00-only/t000001000.py:t000001000_x7 set by common.emevd.dcx.js:3779	questline_conditions	NPC224 Grandpa_Character state transition	NPC224爺や_キャラ状態遷移	emevd_event	2	extractor-cone-root-budget-capped	questline_conditions:171:talk/m00_00_00_00-only/t000001000.py:t000001000_x7:	unknown	world			Stormveil	unknown	7770001	Stormveil :: Godrick's Great Rune - Godrick [f171]
3766	171	set	cone root NPC_STATE(3766) at talk/m00_00_00_00-only/t000001000.py:t000001000_x7 set by common.emevd.dcx.js:3779	questline_conditions	NPC224 Grandpa_Character state transition	NPC224爺や_キャラ状態遷移	emevd_event	2	extractor-cone-root-budget-capped	questline_conditions:171:talk/m00_00_00_00-only/t000001000.py:t000001000_x7:	unknown	world			Stormveil	unknown	7770001	Stormveil :: Godrick's Great Rune - Godrick [f171]
3767	171	set	cone root NPC_STATE(3767) at talk/m00_00_00_00-only/t000001000.py:t000001000_x7 set by common.emevd.dcx.js:3779	questline_conditions	NPC224 Grandpa_Character state transition	NPC224爺や_キャラ状態遷移	emevd_event	2	extractor-cone-root-budget-capped	questline_conditions:171:talk/m00_00_00_00-only/t000001000.py:t000001000_x7:	unknown	world			Stormveil	unknown	7770001	Stormveil :: Godrick's Great Rune - Godrick [f171]
4651	171	set	cone root DIALOGUE_STEP(4651) at talk/m00_00_00_00-only/t000001000.py:t000001000_x7 set by talk/m00_00_00_00-only/t000001000.py:t000001000_x35	questline_conditions	set by NPC talk 000001000 on m00_00_00_00		esd_talk	1	extractor-cone-root-budget-capped	questline_conditions:171:talk/m00_00_00_00-only/t000001000.py:t000001000_x7:	unknown	npc_state			Stormveil	unknown	7770001	Stormveil :: Godrick's Great Rune - Godrick [f171]
4652	171	set	cone root DIALOGUE_STEP(4652) at talk/m00_00_00_00-only/t000001000.py:t000001000_x7 set by talk/m00_00_00_00-only/t000001000.py:t000001000_x34	questline_conditions	set by NPC talk 000001000 on m00_00_00_00		esd_talk	2	extractor-cone-root-budget-capped	questline_conditions:171:talk/m00_00_00_00-only/t000001000.py:t000001000_x7:	unknown	npc_state			Stormveil	unknown	7770001	Stormveil :: Godrick's Great Rune - Godrick [f171]
4653	171	set	cone root DIALOGUE_STEP(4653) at talk/m00_00_00_00-only/t000001000.py:t000001000_x7 set by talk/m00_00_00_00-only/t000001000.py:t000001000_x59	questline_conditions	set by NPC talk 000001000 on m00_00_00_00		esd_talk	2	extractor-cone-root-budget-capped	questline_conditions:171:talk/m00_00_00_00-only/t000001000.py:t000001000_x7:	unknown	npc_state			Stormveil	unknown	7770001	Stormveil :: Godrick's Great Rune - Godrick [f171]
4655	171	set	cone root DIALOGUE_STEP(4655) at talk/m00_00_00_00-only/t000001000.py:t000001000_x7 set by talk/m00_00_00_00-only/t000001000.py:t000001000_x36	questline_conditions	set by NPC talk 000001000 on m00_00_00_00		esd_talk	2	extractor-cone-root-budget-capped	questline_conditions:171:talk/m00_00_00_00-only/t000001000.py:t000001000_x7:	unknown	npc_state			Stormveil	unknown	7770001	Stormveil :: Godrick's Great Rune - Godrick [f171]
4698	171	set	cone root DIALOGUE_STEP(4698) at talk/m00_00_00_00-only/t000001000.py:t000001000_x7 set by talk/m00_00_00_00-only/t000001000.py:t000001000_x23	questline_conditions	set by NPC talk 000001000 on m00_00_00_00		esd_talk	2	extractor-cone-root-budget-capped	questline_conditions:171:talk/m00_00_00_00-only/t000001000.py:t000001000_x7:	unknown	npc_state			Stormveil	unknown	7770001	Stormveil :: Godrick's Great Rune - Godrick [f171]
7609	171	set	cone root BOSS_KILL(7609) at talk/m00_00_00_00-only/t000001000.py:t000001000_x7 set by m14_00_00_00.emevd.dcx.js:14002165	questline_conditions					extractor-cone-root-budget-capped	questline_conditions:171:talk/m00_00_00_00-only/t000001000.py:t000001000_x7:	unknown	world	Raya Lucaria Academy	setter_map	Stormveil	yes	7770001	Stormveil :: Godrick's Great Rune - Godrick [f171]
9000	171	set	cone root DIALOGUE_STEP(9000) at talk/m00_00_00_00-only/t000001000.py:t000001000_x7 set by talk/m00_00_00_00-only/t000001000.py:t000001000_x23	questline_conditions	preconstructor	プリコンストラクタ	emevd_event	3	extractor-cone-root-budget-capped	questline_conditions:171:talk/m00_00_00_00-only/t000001000.py:t000001000_x7:	unknown	npc_state			Stormveil	unknown	7770001	Stormveil :: Godrick's Great Rune - Godrick [f171]
9001	171	set	cone root BOSS_KILL(9001) at talk/m00_00_00_00-only/t000001000.py:t000001000_x7 set by common.emevd.dcx.js:901	questline_conditions	Michaela cutscene playback	ミケラカットシーン再生	emevd_event	6	extractor-cone-root-budget-capped	questline_conditions:171:talk/m00_00_00_00-only/t000001000.py:t000001000_x7:	unknown	world			Stormveil	unknown	7770001	Stormveil :: Godrick's Great Rune - Godrick [f171]
9104	171	set	cone root BOSS_KILL(9104) at talk/m00_00_00_00-only/t000001000.py:t000001000_x7 set by m11_00_00_00.emevd.dcx.js:11002800	questline_conditions	Defeat Margit	マルギット撃破	emevd_event	1	extractor-cone-root-budget-capped	questline_conditions:171:talk/m00_00_00_00-only/t000001000.py:t000001000_x7:	unknown	world	Leyndell	setter_map	Stormveil	yes	7770001	Stormveil :: Godrick's Great Rune - Godrick [f171]
9118	171	set	cone root BOSS_KILL(9118) at talk/m00_00_00_00-only/t000001000.py:t000001000_x7 set by m14_00_00_00.emevd.dcx.js:14002800	questline_conditions	Defeat Renara	レナラ撃破	emevd_event	1	extractor-cone-root-budget-capped	questline_conditions:171:talk/m00_00_00_00-only/t000001000.py:t000001000_x7:	unknown	world	Raya Lucaria Academy	setter_map	Stormveil	yes	7770001	Stormveil :: Godrick's Great Rune - Godrick [f171]
9130	171	set	cone root BOSS_KILL(9130) at talk/m00_00_00_00-only/t000001000.py:t000001000_x7 set by m60_52_38_00.emevd.dcx.js:1252382800	questline_conditions	Defeat the boss	ボス撃破	emevd_event	1	extractor-cone-root-budget-capped	questline_conditions:171:talk/m00_00_00_00-only/t000001000.py:t000001000_x7:	unknown	world			Stormveil	unknown	7770001	Stormveil :: Godrick's Great Rune - Godrick [f171]
9412	171	set	cone root BOSS_KILL(9412) at talk/m00_00_00_00-only/t000001000.py:t000001000_x7 set by m60_52_38_00.emevd.dcx.js:1252382800	questline_conditions	Defeat the boss	ボス撃破	emevd_event	1	extractor-cone-root-budget-capped	questline_conditions:171:talk/m00_00_00_00-only/t000001000.py:t000001000_x7:	unknown	world			Stormveil	unknown	7770001	Stormveil :: Godrick's Great Rune - Godrick [f171]
11009260	171	set	cone root DIALOGUE_STEP(11009260) at talk/m00_00_00_00-only/t000001000.py:t000001000_x7 set by talk/m00_00_00_00-only/t000003000.py:t000003000_x31	questline_conditions	set by NPC talk 000003000 on m00_00_00_00		esd_talk	1	extractor-cone-root-budget-capped	questline_conditions:171:talk/m00_00_00_00-only/t000001000.py:t000001000_x7:	unknown	npc_state			Stormveil	unknown	7770001	Stormveil :: Godrick's Great Rune - Godrick [f171]
11109518	171	set	cone root DIALOGUE_STEP(11109518) at talk/m00_00_00_00-only/t000001000.py:t000001000_x7 set by talk/m11_10_00_00-only/t325001110.py:t325001110_x31	questline_conditions	set by NPC talk 325001000 on m10_00_00_00		esd_talk	2	extractor-cone-root-budget-capped	questline_conditions:171:talk/m00_00_00_00-only/t000001000.py:t000001000_x7:	unknown	npc_state	Roundtable Hold	esd_talk_map	Stormveil	yes	7770001	Stormveil :: Godrick's Great Rune - Godrick [f171]
14009262	171	set	cone root DIALOGUE_STEP(14009262) at talk/m00_00_00_00-only/t000001000.py:t000001000_x7 set by talk/m60_00_00_00-only/t316206000.py:t316206000_x51	questline_conditions	set by NPC talk 316206000 on m60_00_00_00		esd_talk	2	extractor-cone-root-budget-capped	questline_conditions:171:talk/m00_00_00_00-only/t000001000.py:t000001000_x7:	unknown	npc_state			Stormveil	unknown	7770001	Stormveil :: Godrick's Great Rune - Godrick [f171]
14009265	171	set	cone root DIALOGUE_STEP(14009265) at talk/m00_00_00_00-only/t000001000.py:t000001000_x7 set by talk/m60_00_00_00-only/t316206000.py:t316206000_x48	questline_conditions	set by NPC talk 316206000 on m60_00_00_00		esd_talk	2	extractor-cone-root-budget-capped	questline_conditions:171:talk/m00_00_00_00-only/t000001000.py:t000001000_x7:	unknown	npc_state			Stormveil	unknown	7770001	Stormveil :: Godrick's Great Rune - Godrick [f171]
35009360	171	set	cone root DIALOGUE_STEP(35009360) at talk/m00_00_00_00-only/t000001000.py:t000001000_x7 set by talk/m00_00_00_00-only/t000003000.py:t000003000_x71	questline_conditions	set by NPC talk 000003000 on m00_00_00_00		esd_talk	1	extractor-cone-root-budget-capped	questline_conditions:171:talk/m00_00_00_00-only/t000001000.py:t000001000_x7:	unknown	npc_state			Stormveil	unknown	7770001	Stormveil :: Godrick's Great Rune - Godrick [f171]
1034509256	171	set	cone root DIALOGUE_STEP(1034509256) at talk/m00_00_00_00-only/t000001000.py:t000001000_x7 set by talk/m60_00_00_00-only/t316206000.py:t316206000_x53	questline_conditions	set by NPC talk 316206000 on m60_00_00_00		esd_talk	1	extractor-cone-root-budget-capped	questline_conditions:171:talk/m00_00_00_00-only/t000001000.py:t000001000_x7:	unknown	npc_state	Liurnia	flag_decode	Stormveil	yes	7770001	Stormveil :: Godrick's Great Rune - Godrick [f171]
1034509405	171	set	cone root DIALOGUE_STEP(1034509405) at talk/m00_00_00_00-only/t000001000.py:t000001000_x7 set by talk/m60_00_00_00-only/t106016000.py:t106016000_x12	questline_conditions	set by NPC talk 106016000 on m60_00_00_00		esd_talk	1	extractor-cone-root-budget-capped	questline_conditions:171:talk/m00_00_00_00-only/t000001000.py:t000001000_x7:	unknown	npc_state	Liurnia	flag_decode	Stormveil	yes	7770001	Stormveil :: Godrick's Great Rune - Godrick [f171]
1034509410	171	set	cone root DIALOGUE_STEP(1034509410) at talk/m00_00_00_00-only/t000001000.py:t000001000_x7 set by talk/m60_00_00_00-only/t106016000.py:t106016000_x64	questline_conditions	set by NPC talk 106016000 on m60_00_00_00		esd_talk	1	extractor-cone-root-budget-capped	questline_conditions:171:talk/m00_00_00_00-only/t000001000.py:t000001000_x7:	unknown	npc_state	Liurnia	flag_decode	Stormveil	yes	7770001	Stormveil :: Godrick's Great Rune - Godrick [f171]
1034509411	171	set	cone root DIALOGUE_STEP(1034509411) at talk/m00_00_00_00-only/t000001000.py:t000001000_x7 set by talk/m60_00_00_00-only/t106016000.py:t106016000_x64	questline_conditions	set by NPC talk 106016000 on m60_00_00_00		esd_talk	1	extractor-cone-root-budget-capped	questline_conditions:171:talk/m00_00_00_00-only/t000001000.py:t000001000_x7:	unknown	npc_state	Liurnia	flag_decode	Stormveil	yes	7770001	Stormveil :: Godrick's Great Rune - Godrick [f171]
1034509432	171	set	cone root DIALOGUE_STEP(1034509432) at talk/m00_00_00_00-only/t000001000.py:t000001000_x7 set by talk/m60_00_00_00-only/t106016000.py:t106016000_x64	questline_conditions	set by NPC talk 106016000 on m60_00_00_00		esd_talk	1	extractor-cone-root-budget-capped	questline_conditions:171:talk/m00_00_00_00-only/t000001000.py:t000001000_x7:	unknown	npc_state	Liurnia	flag_decode	Stormveil	yes	7770001	Stormveil :: Godrick's Great Rune - Godrick [f171]
1037469289	171	set	cone root DIALOGUE_STEP(1037469289) at talk/m00_00_00_00-only/t000001000.py:t000001000_x7 set by talk/m60_00_00_00-only/t330016000.py:t330016000_x3	questline_conditions	set by NPC talk 330016000 on m60_00_00_00		esd_talk	1	extractor-cone-root-budget-capped	questline_conditions:171:talk/m00_00_00_00-only/t000001000.py:t000001000_x7:	unknown	npc_state	Liurnia	flag_decode	Stormveil	yes	7770001	Stormveil :: Godrick's Great Rune - Godrick [f171]
1044369209	171	set	cone root DIALOGUE_STEP(1044369209) at talk/m00_00_00_00-only/t000001000.py:t000001000_x7 set by talk/m60_00_00_00-only/t316006000.py:t316006000_x42	questline_conditions	set by NPC talk 316006000 on m60_00_00_00		esd_talk	1	extractor-cone-root-budget-capped	questline_conditions:171:talk/m00_00_00_00-only/t000001000.py:t000001000_x7:	unknown	npc_state	Limgrave	flag_decode	Stormveil	yes	7770001	Stormveil :: Godrick's Great Rune - Godrick [f171]
1044369221	171	set	cone root DIALOGUE_STEP(1044369221) at talk/m00_00_00_00-only/t000001000.py:t000001000_x7 set by talk/m60_00_00_00-only/t316006000.py:t316006000_x51	questline_conditions	set by NPC talk 316006000 on m60_00_00_00		esd_talk	1	extractor-cone-root-budget-capped	questline_conditions:171:talk/m00_00_00_00-only/t000001000.py:t000001000_x7:	unknown	npc_state	Limgrave	flag_decode	Stormveil	yes	7770001	Stormveil :: Godrick's Great Rune - Godrick [f171]
1044369224	171	set	cone root DIALOGUE_STEP(1044369224) at talk/m00_00_00_00-only/t000001000.py:t000001000_x7 set by talk/m60_00_00_00-only/t316006000.py:t316006000_x44	questline_conditions	set by NPC talk 316006000 on m60_00_00_00		esd_talk	1	extractor-cone-root-budget-capped	questline_conditions:171:talk/m00_00_00_00-only/t000001000.py:t000001000_x7:	unknown	npc_state	Limgrave	flag_decode	Stormveil	yes	7770001	Stormveil :: Godrick's Great Rune - Godrick [f171]
1044369225	171	set	cone root DIALOGUE_STEP(1044369225) at talk/m00_00_00_00-only/t000001000.py:t000001000_x7 set by talk/m60_00_00_00-only/t316006000.py:t316006000_x54	questline_conditions	set by NPC talk 316006000 on m60_00_00_00		esd_talk	1	extractor-cone-root-budget-capped	questline_conditions:171:talk/m00_00_00_00-only/t000001000.py:t000001000_x7:	unknown	npc_state	Limgrave	flag_decode	Stormveil	yes	7770001	Stormveil :: Godrick's Great Rune - Godrick [f171]
1044369226	171	set	cone root DIALOGUE_STEP(1044369226) at talk/m00_00_00_00-only/t000001000.py:t000001000_x7 set by talk/m60_00_00_00-only/t316006000.py:t316006000_x54	questline_conditions	set by NPC talk 316006000 on m60_00_00_00		esd_talk	1	extractor-cone-root-budget-capped	questline_conditions:171:talk/m00_00_00_00-only/t000001000.py:t000001000_x7:	unknown	npc_state	Limgrave	flag_decode	Stormveil	yes	7770001	Stormveil :: Godrick's Great Rune - Godrick [f171]
1044369227	171	set	cone root DIALOGUE_STEP(1044369227) at talk/m00_00_00_00-only/t000001000.py:t000001000_x7 set by talk/m60_00_00_00-only/t316006000.py:t316006000_x55	questline_conditions	set by NPC talk 316006000 on m60_00_00_00		esd_talk	1	extractor-cone-root-budget-capped	questline_conditions:171:talk/m00_00_00_00-only/t000001000.py:t000001000_x7:	unknown	npc_state	Limgrave	flag_decode	Stormveil	yes	7770001	Stormveil :: Godrick's Great Rune - Godrick [f171]
1044369228	171	set	cone root DIALOGUE_STEP(1044369228) at talk/m00_00_00_00-only/t000001000.py:t000001000_x7 set by talk/m60_00_00_00-only/t316006000.py:t316006000_x45	questline_conditions	set by NPC talk 316006000 on m60_00_00_00		esd_talk	1	extractor-cone-root-budget-capped	questline_conditions:171:talk/m00_00_00_00-only/t000001000.py:t000001000_x7:	unknown	npc_state	Limgrave	flag_decode	Stormveil	yes	7770001	Stormveil :: Godrick's Great Rune - Godrick [f171]
1044369229	171	set	cone root DIALOGUE_STEP(1044369229) at talk/m00_00_00_00-only/t000001000.py:t000001000_x7 set by talk/m60_00_00_00-only/t316006000.py:t316006000_x56	questline_conditions	set by NPC talk 316006000 on m60_00_00_00		esd_talk	1	extractor-cone-root-budget-capped	questline_conditions:171:talk/m00_00_00_00-only/t000001000.py:t000001000_x7:	unknown	npc_state	Limgrave	flag_decode	Stormveil	yes	7770001	Stormveil :: Godrick's Great Rune - Godrick [f171]
1044369230	171	set	cone root DIALOGUE_STEP(1044369230) at talk/m00_00_00_00-only/t000001000.py:t000001000_x7 set by talk/m60_00_00_00-only/t316006000.py:t316006000_x57	questline_conditions	set by NPC talk 316006000 on m60_00_00_00		esd_talk	1	extractor-cone-root-budget-capped	questline_conditions:171:talk/m00_00_00_00-only/t000001000.py:t000001000_x7:	unknown	npc_state	Limgrave	flag_decode	Stormveil	yes	7770001	Stormveil :: Godrick's Great Rune - Godrick [f171]
1044369236	171	set	cone root DIALOGUE_STEP(1044369236) at talk/m00_00_00_00-only/t000001000.py:t000001000_x7 set by talk/m60_00_00_00-only/t316006000.py:t316006000_x30	questline_conditions	set by NPC talk 316006000 on m60_00_00_00		esd_talk	1	extractor-cone-root-budget-capped	questline_conditions:171:talk/m00_00_00_00-only/t000001000.py:t000001000_x7:	unknown	npc_state	Limgrave	flag_decode	Stormveil	yes	7770001	Stormveil :: Godrick's Great Rune - Godrick [f171]
1051362702	171	set	cone root DIALOGUE_STEP(1051362702) at talk/m00_00_00_00-only/t000001000.py:t000001000_x7 set by talk/m60_00_00_00-only/t312006000.py:t312006000_x45	questline_conditions	Ladhan festival status management	ラダーン祭り状態管理	emevd_event	1	extractor-cone-root-budget-capped	questline_conditions:171:talk/m00_00_00_00-only/t000001000.py:t000001000_x7:	unknown	npc_state	Caelid	flag_decode	Stormveil	yes	7770001	Stormveil :: Godrick's Great Rune - Godrick [f171]
1051369210	171	set	cone root DIALOGUE_STEP(1051369210) at talk/m00_00_00_00-only/t000001000.py:t000001000_x7 set by talk/m60_00_00_00-only/t312006000.py:t312006000_x30	questline_conditions	set by NPC talk 312001400 on m14_00_00_00		esd_talk	3	extractor-cone-root-budget-capped	questline_conditions:171:talk/m00_00_00_00-only/t000001000.py:t000001000_x7:	unknown	npc_state	Caelid	flag_decode	Stormveil	yes	7770001	Stormveil :: Godrick's Great Rune - Godrick [f171]
1054539200	171	set	cone root DIALOGUE_STEP(1054539200) at talk/m00_00_00_00-only/t000001000.py:t000001000_x7 set by talk/m00_00_00_00-only/t000001000.py:t000001000_x37	questline_conditions	Daughter Marika_Cutscene explosion prevention	娘マリカ_カットシーン暴発防止	emevd_event	1	extractor-cone-root-budget-capped	questline_conditions:171:talk/m00_00_00_00-only/t000001000.py:t000001000_x7:	unknown	npc_state	Mountaintops of the Giants	flag_decode	Stormveil	yes	7770001	Stormveil :: Godrick's Great Rune - Godrick [f171]
1054539201	171	set	cone root DIALOGUE_STEP(1054539201) at talk/m00_00_00_00-only/t000001000.py:t000001000_x7 set by talk/m00_00_00_00-only/t000001000.py:t000001000_x38	questline_conditions	Daughter Marika_Cutscene explosion prevention	娘マリカ_カットシーン暴発防止	emevd_event	1	extractor-cone-root-budget-capped	questline_conditions:171:talk/m00_00_00_00-only/t000001000.py:t000001000_x7:	unknown	npc_state	Mountaintops of the Giants	flag_decode	Stormveil	yes	7770001	Stormveil :: Godrick's Great Rune - Godrick [f171]
1054539205	171	set	cone root DIALOGUE_STEP(1054539205) at talk/m00_00_00_00-only/t000001000.py:t000001000_x7 set by talk/m00_00_00_00-only/t000001000.py:t000001000_x38	questline_conditions	Daughter Marika_Cutscene explosion prevention	娘マリカ_カットシーン暴発防止	emevd_event	1	extractor-cone-root-budget-capped	questline_conditions:171:talk/m00_00_00_00-only/t000001000.py:t000001000_x7:	unknown	npc_state	Mountaintops of the Giants	flag_decode	Stormveil	yes	7770001	Stormveil :: Godrick's Great Rune - Godrick [f171]
1054539206	171	set	cone root DIALOGUE_STEP(1054539206) at talk/m00_00_00_00-only/t000001000.py:t000001000_x7 set by talk/m00_00_00_00-only/t000001000.py:t000001000_x68	questline_conditions	Natural disaster_Melina in flames_Relief	天変地異_メリナ炎上_救済	emevd_event	1	extractor-cone-root-budget-capped	questline_conditions:171:talk/m00_00_00_00-only/t000001000.py:t000001000_x7:	unknown	npc_state	Mountaintops of the Giants	flag_decode	Stormveil	yes	7770001	Stormveil :: Godrick's Great Rune - Godrick [f171]
1054539215	171	set	cone root DIALOGUE_STEP(1054539215) at talk/m00_00_00_00-only/t000001000.py:t000001000_x7 set by talk/m00_00_00_00-only/t000001000.py:t000001000_x57	questline_conditions	set by NPC talk 000001000 on m00_00_00_00		esd_talk	1	extractor-cone-root-budget-capped	questline_conditions:171:talk/m00_00_00_00-only/t000001000.py:t000001000_x7:	unknown	npc_state	Mountaintops of the Giants	flag_decode	Stormveil	yes	7770001	Stormveil :: Godrick's Great Rune - Godrick [f171]
goods:10010	171	set	cone root ITEM_POSSESSION(10010) at talk/m00_00_00_00-only/t000001000.py:t000001000_x7 set by talk/m00_00_00_00-only/t000001000.py	questline_conditions					extractor-cone-root-budget-capped	questline_conditions:171:talk/m00_00_00_00-only/t000001000.py:t000001000_x7:	unknown	item			Stormveil	unknown	7770001	Stormveil :: Godrick's Great Rune - Godrick [f171]
goods:2130	171	set	cone root ITEM_POSSESSION(2130) at talk/m00_00_00_00-only/t000001000.py:t000001000_x7 set by talk/m00_00_00_00-only/t000001000.py	questline_conditions					extractor-cone-root-budget-capped	questline_conditions:171:talk/m00_00_00_00-only/t000001000.py:t000001000_x7:	unknown	item			Stormveil	unknown	7770001	Stormveil :: Godrick's Great Rune - Godrick [f171]
goods:8143	171	set	cone root ITEM_POSSESSION(8143) at talk/m00_00_00_00-only/t000001000.py:t000001000_x7 set by talk/m00_00_00_00-only/t000001000.py	questline_conditions					extractor-cone-root-budget-capped	questline_conditions:171:talk/m00_00_00_00-only/t000001000.py:t000001000_x7:	unknown	item			Stormveil	unknown	7770001	Stormveil :: Godrick's Great Rune - Godrick [f171]
goods:8144	171	set	cone root ITEM_POSSESSION(8144) at talk/m00_00_00_00-only/t000001000.py:t000001000_x7 set by talk/m00_00_00_00-only/t000001000.py	questline_conditions					extractor-cone-root-budget-capped	questline_conditions:171:talk/m00_00_00_00-only/t000001000.py:t000001000_x7:	unknown	item			Stormveil	unknown	7770001	Stormveil :: Godrick's Great Rune - Godrick [f171]
map:m00_00	171	set	cone root MAP_ACCESS(m00_00) at talk/m00_00_00_00-only/t000001000.py:t000001000_x7 set by talk/m00_00_00_00-only/t000001000.py	questline_conditions					extractor-cone-root-budget-capped	questline_conditions:171:talk/m00_00_00_00-only/t000001000.py:t000001000_x7:	unknown	map_access			Stormveil	unknown	7770001	Stormveil :: Godrick's Great Rune - Godrick [f171]
map:m60_44	171	set	cone root MAP_ACCESS(m60_44) at talk/m00_00_00_00-only/t000001000.py:t000001000_x7 set by m60_44_36_00.emevd.dcx.js	questline_conditions					extractor-cone-root-budget-capped	questline_conditions:171:talk/m00_00_00_00-only/t000001000.py:t000001000_x7:	unknown	map_access			Stormveil	unknown	7770001	Stormveil :: Godrick's Great Rune - Godrick [f171]
map:m60_51	171	set	cone root MAP_ACCESS(m60_51) at talk/m00_00_00_00-only/t000001000.py:t000001000_x7 set by m60_51_36_00.emevd.dcx.js	questline_conditions					extractor-cone-root-budget-capped	questline_conditions:171:talk/m00_00_00_00-only/t000001000.py:t000001000_x7:	unknown	map_access			Stormveil	unknown	7770001	Stormveil :: Godrick's Great Rune - Godrick [f171]
map:m60_52	171	set	cone root MAP_ACCESS(m60_52) at talk/m00_00_00_00-only/t000001000.py:t000001000_x7 set by m60_52_38_00.emevd.dcx.js	questline_conditions					extractor-cone-root-budget-capped	questline_conditions:171:talk/m00_00_00_00-only/t000001000.py:t000001000_x7:	unknown	map_access			Stormveil	unknown	7770001	Stormveil :: Godrick's Great Rune - Godrick [f171]
9118	197	set	cone root BOSS_KILL(9118) at common.emevd.dcx.js:1100 set by m14_00_00_00.emevd.dcx.js:14002800	questline_conditions	Defeat Renara	レナラ撃破	emevd_event	1	extractor-cone-root	questline_conditions:197:common.emevd.dcx.js:1100:0	unknown	world	Raya Lucaria Academy	setter_map	Raya Lucaria Academy	no	7900004	Raya Lucaria Academy :: Great Rune of the Unborn - Rennala [f197]
14000800	197	set	cone root BOSS_KILL(14000800) at common.emevd.dcx.js:1100 set by m14_00_00_00.emevd.dcx.js:14002800	questline_conditions	Defeat Renara	レナラ撃破	emevd_event	1	extractor-cone-root	questline_conditions:197:common.emevd.dcx.js:1100:0	unknown	world	Raya Lucaria Academy	setter_map	Raya Lucaria Academy	no	7900004	Raya Lucaria Academy :: Great Rune of the Unborn - Rennala [f197]
map:m14_00	197	set	cone root MAP_ACCESS(m14_00) at common.emevd.dcx.js:1100 set by m14_00_00_00.emevd.dcx.js	questline_conditions					extractor-cone-root	questline_conditions:197:common.emevd.dcx.js:1100:0	unknown	map_access	Raya Lucaria Academy	map_id	Raya Lucaria Academy	no	7900004	Raya Lucaria Academy :: Great Rune of the Unborn - Rennala [f197]
11059206	9500	set	$InitializeCommonEvent(90005750) arg5	lot_gates	NPC112 Gold Masked Seeker_NPC initialization event	NPC112金仮面の探究者_NPC初期化イベント	emevd_event	1	commonarg-positive-by-construction	lot_gates:9500:90005750	single	world	Leyndell	setter_map	Ashen Capital	yes	7770008	Ashen Capital :: Mending Rune of Perfect Order - around Elden Throne, may be sweep-granted by Godfrey, First Elden Lord (m11_05) [f9500]
map:m11_05	9500	set	cone root MAP_ACCESS(m11_05) at m11_05_00_00.emevd.dcx.js:90005750 set by m11_05_00_00.emevd.dcx.js	questline_conditions					extractor-cone-root	questline_conditions:9500:m11_05_00_00.emevd.dcx.js:90005750:0	single	map_access	Leyndell	map_id	Ashen Capital	yes	7770008	Ashen Capital :: Mending Rune of Perfect Order - around Elden Throne, may be sweep-granted by Godfrey, First Elden Lord (m11_05) [f9500]
4131	9502	set	$InitializeCommonEvent(90005750) arg5	lot_gates	NPC322 Yuria_Character state transition	NPC322ユリア_キャラ状態遷移	emevd_event	4	commonarg-positive-by-construction	lot_gates:9502:90005750	single	world			Deeproot Depths	unknown	7770009	Deeproot Depths :: Mending Rune of the Death-Prince - near Prince of Death's Throne, may be sweep-granted by Crucible Knight Siluria (m12_03) [f9502]
3465	9502	set	cone root NPC_STATE(3465) at m12_03_00_00.emevd.dcx.js:90005750 set by common.emevd.dcx.js:3479	questline_conditions	NPC316 Academy Female Magician_Character state transition	NPC316学院の女魔術師_キャラ状態遷移	emevd_event	2	extractor-cone-root-budget-capped	questline_conditions:9502:m12_03_00_00.emevd.dcx.js:90005750:0	unknown	world			Deeproot Depths	unknown	7770009	Deeproot Depths :: Mending Rune of the Death-Prince - near Prince of Death's Throne, may be sweep-granted by Crucible Knight Siluria (m12_03) [f9502]
3468	9502	set	cone root NPC_STATE(3468) at m12_03_00_00.emevd.dcx.js:90005750 set by common.emevd.dcx.js:3479	questline_conditions	NPC316 Academy Female Magician_Character state transition	NPC316学院の女魔術師_キャラ状態遷移	emevd_event	2	extractor-cone-root-budget-capped	questline_conditions:9502:m12_03_00_00.emevd.dcx.js:90005750:0	unknown	world			Deeproot Depths	unknown	7770009	Deeproot Depths :: Mending Rune of the Death-Prince - near Prince of Death's Throne, may be sweep-granted by Crucible Knight Siluria (m12_03) [f9502]
3766	9502	set	cone root NPC_STATE(3766) at m12_03_00_00.emevd.dcx.js:90005750 set by common.emevd.dcx.js:3779	questline_conditions	NPC224 Grandpa_Character state transition	NPC224爺や_キャラ状態遷移	emevd_event	2	extractor-cone-root-budget-capped	questline_conditions:9502:m12_03_00_00.emevd.dcx.js:90005750:0	unknown	world			Deeproot Depths	unknown	7770009	Deeproot Depths :: Mending Rune of the Death-Prince - near Prince of Death's Throne, may be sweep-granted by Crucible Knight Siluria (m12_03) [f9502]
3767	9502	set	cone root NPC_STATE(3767) at m12_03_00_00.emevd.dcx.js:90005750 set by common.emevd.dcx.js:3779	questline_conditions	NPC224 Grandpa_Character state transition	NPC224爺や_キャラ状態遷移	emevd_event	2	extractor-cone-root-budget-capped	questline_conditions:9502:m12_03_00_00.emevd.dcx.js:90005750:0	unknown	world			Deeproot Depths	unknown	7770009	Deeproot Depths :: Mending Rune of the Death-Prince - near Prince of Death's Throne, may be sweep-granted by Crucible Knight Siluria (m12_03) [f9502]
4043	9502	set	cone root BOSS_KILL(4043) at m12_03_00_00.emevd.dcx.js:90005750 set by common.emevd.dcx.js:4139	questline_conditions	NPC322 Yuria_Character state transition	NPC322ユリア_キャラ状態遷移	emevd_event	4	extractor-cone-root-budget-capped	questline_conditions:9502:m12_03_00_00.emevd.dcx.js:90005750:0	unknown	world			Deeproot Depths	unknown	7770009	Deeproot Depths :: Mending Rune of the Death-Prince - near Prince of Death's Throne, may be sweep-granted by Crucible Knight Siluria (m12_03) [f9502]
4047	9502	set	cone root NPC_STATE(4047) at m12_03_00_00.emevd.dcx.js:90005750 set by common.emevd.dcx.js:4059	questline_conditions	NPC319 David_Character state transition	NPC319ダヴィド_キャラ状態遷移	emevd_event	3	extractor-cone-root-budget-capped	questline_conditions:9502:m12_03_00_00.emevd.dcx.js:90005750:0	unknown	world			Deeproot Depths	unknown	7770009	Deeproot Depths :: Mending Rune of the Death-Prince - near Prince of Death's Throne, may be sweep-granted by Crucible Knight Siluria (m12_03) [f9502]
4120	9502	set	cone root NPC_STATE(4120) at m12_03_00_00.emevd.dcx.js:90005750 set by common.emevd.dcx.js:4139	questline_conditions	NPC330_Atonement Priest_Performing absolution	NPC330_贖罪司祭_免罪実行	emevd_event	7	extractor-cone-root-budget-capped	questline_conditions:9502:m12_03_00_00.emevd.dcx.js:90005750:0	unknown	world			Deeproot Depths	unknown	7770009	Deeproot Depths :: Mending Rune of the Death-Prince - near Prince of Death's Throne, may be sweep-granted by Crucible Knight Siluria (m12_03) [f9502]
4125	9502	set	cone root NPC_STATE(4125) at m12_03_00_00.emevd.dcx.js:90005750 set by common.emevd.dcx.js:4139	questline_conditions	NPC322 Yuria_Character state transition	NPC322ユリア_キャラ状態遷移	emevd_event	4	extractor-cone-root-budget-capped	questline_conditions:9502:m12_03_00_00.emevd.dcx.js:90005750:0	unknown	world			Deeproot Depths	unknown	7770009	Deeproot Depths :: Mending Rune of the Death-Prince - near Prince of Death's Throne, may be sweep-granted by Crucible Knight Siluria (m12_03) [f9502]
4126	9502	set	cone root NPC_STATE(4126) at m12_03_00_00.emevd.dcx.js:90005750 set by common.emevd.dcx.js:4139	questline_conditions	NPC322 Yuria_Character state transition	NPC322ユリア_キャラ状態遷移	emevd_event	4	extractor-cone-root-budget-capped	questline_conditions:9502:m12_03_00_00.emevd.dcx.js:90005750:0	unknown	world			Deeproot Depths	unknown	7770009	Deeproot Depths :: Mending Rune of the Death-Prince - near Prince of Death's Throne, may be sweep-granted by Crucible Knight Siluria (m12_03) [f9502]
4127	9502	set	cone root NPC_STATE(4127) at m12_03_00_00.emevd.dcx.js:90005750 set by common.emevd.dcx.js:4139	questline_conditions	NPC322 Yuria_Character state transition	NPC322ユリア_キャラ状態遷移	emevd_event	4	extractor-cone-root-budget-capped	questline_conditions:9502:m12_03_00_00.emevd.dcx.js:90005750:0	unknown	world			Deeproot Depths	unknown	7770009	Deeproot Depths :: Mending Rune of the Death-Prince - near Prince of Death's Throne, may be sweep-granted by Crucible Knight Siluria (m12_03) [f9502]
4128	9502	set	cone root NPC_STATE(4128) at m12_03_00_00.emevd.dcx.js:90005750 set by common.emevd.dcx.js:4139	questline_conditions	NPC322 Yuria_Character state transition	NPC322ユリア_キャラ状態遷移	emevd_event	4	extractor-cone-root-budget-capped	questline_conditions:9502:m12_03_00_00.emevd.dcx.js:90005750:0	unknown	world			Deeproot Depths	unknown	7770009	Deeproot Depths :: Mending Rune of the Death-Prince - near Prince of Death's Throne, may be sweep-granted by Crucible Knight Siluria (m12_03) [f9502]
4129	9502	set	cone root NPC_STATE(4129) at m12_03_00_00.emevd.dcx.js:90005750 set by common.emevd.dcx.js:4139	questline_conditions	NPC322 Yuria_Character state transition	NPC322ユリア_キャラ状態遷移	emevd_event	4	extractor-cone-root-budget-capped	questline_conditions:9502:m12_03_00_00.emevd.dcx.js:90005750:0	unknown	world			Deeproot Depths	unknown	7770009	Deeproot Depths :: Mending Rune of the Death-Prince - near Prince of Death's Throne, may be sweep-granted by Crucible Knight Siluria (m12_03) [f9502]
4130	9502	set	cone root NPC_STATE(4130) at m12_03_00_00.emevd.dcx.js:90005750 set by common.emevd.dcx.js:4139	questline_conditions	NPC322 Yuria_Boss battle debugging flag setup	NPC322ユリア_ボス戦デバッグ用フラグセットアップ	emevd_event	5	extractor-cone-root-budget-capped	questline_conditions:9502:m12_03_00_00.emevd.dcx.js:90005750:0	unknown	world			Deeproot Depths	unknown	7770009	Deeproot Depths :: Mending Rune of the Death-Prince - near Prince of Death's Throne, may be sweep-granted by Crucible Knight Siluria (m12_03) [f9502]
4131	9502	set	cone root NPC_STATE(4131) at m12_03_00_00.emevd.dcx.js:90005750 set by common.emevd.dcx.js:4139	questline_conditions	NPC322 Yuria_Character state transition	NPC322ユリア_キャラ状態遷移	emevd_event	4	extractor-cone-root-budget-capped	questline_conditions:9502:m12_03_00_00.emevd.dcx.js:90005750:0	unknown	world			Deeproot Depths	unknown	7770009	Deeproot Depths :: Mending Rune of the Death-Prince - near Prince of Death's Throne, may be sweep-granted by Crucible Knight Siluria (m12_03) [f9502]
4137	9502	set	cone root NPC_STATE(4137) at m12_03_00_00.emevd.dcx.js:90005750 set by common.emevd.dcx.js:4139	questline_conditions	NPC322 Yuria_Character state transition	NPC322ユリア_キャラ状態遷移	emevd_event	4	extractor-cone-root-budget-capped	questline_conditions:9502:m12_03_00_00.emevd.dcx.js:90005750:0	unknown	world			Deeproot Depths	unknown	7770009	Deeproot Depths :: Mending Rune of the Death-Prince - near Prince of Death's Throne, may be sweep-granted by Crucible Knight Siluria (m12_03) [f9502]
4651	9502	set	cone root DIALOGUE_STEP(4651) at m12_03_00_00.emevd.dcx.js:90005750 set by talk/m00_00_00_00-only/t000001000.py:t000001000_x35	questline_conditions	set by NPC talk 000001000 on m00_00_00_00		esd_talk	1	extractor-cone-root-budget-capped	questline_conditions:9502:m12_03_00_00.emevd.dcx.js:90005750:0	unknown	npc_state			Deeproot Depths	unknown	7770009	Deeproot Depths :: Mending Rune of the Death-Prince - near Prince of Death's Throne, may be sweep-granted by Crucible Knight Siluria (m12_03) [f9502]
4652	9502	set	cone root DIALOGUE_STEP(4652) at m12_03_00_00.emevd.dcx.js:90005750 set by talk/m00_00_00_00-only/t000001000.py:t000001000_x34	questline_conditions	set by NPC talk 000001000 on m00_00_00_00		esd_talk	2	extractor-cone-root-budget-capped	questline_conditions:9502:m12_03_00_00.emevd.dcx.js:90005750:0	unknown	npc_state			Deeproot Depths	unknown	7770009	Deeproot Depths :: Mending Rune of the Death-Prince - near Prince of Death's Throne, may be sweep-granted by Crucible Knight Siluria (m12_03) [f9502]
4653	9502	set	cone root DIALOGUE_STEP(4653) at m12_03_00_00.emevd.dcx.js:90005750 set by talk/m00_00_00_00-only/t000001000.py:t000001000_x59	questline_conditions	set by NPC talk 000001000 on m00_00_00_00		esd_talk	2	extractor-cone-root-budget-capped	questline_conditions:9502:m12_03_00_00.emevd.dcx.js:90005750:0	unknown	npc_state			Deeproot Depths	unknown	7770009	Deeproot Depths :: Mending Rune of the Death-Prince - near Prince of Death's Throne, may be sweep-granted by Crucible Knight Siluria (m12_03) [f9502]
9001	9502	set	cone root BOSS_KILL(9001) at m12_03_00_00.emevd.dcx.js:90005750 set by common.emevd.dcx.js:901	questline_conditions	Michaela cutscene playback	ミケラカットシーン再生	emevd_event	6	extractor-cone-root-budget-capped	questline_conditions:9502:m12_03_00_00.emevd.dcx.js:90005750:0	unknown	world			Deeproot Depths	unknown	7770009	Deeproot Depths :: Mending Rune of the Death-Prince - near Prince of Death's Throne, may be sweep-granted by Crucible Knight Siluria (m12_03) [f9502]
11102845	9502	set	cone root DIALOGUE_STEP(11102845) at m12_03_00_00.emevd.dcx.js:90005750 set by talk/m11_10_00_00-only/t322001110.py:t322001110_x12	questline_conditions	set by NPC talk 322001110 on m11_10_00_00		esd_talk	3	extractor-cone-root-budget-capped	questline_conditions:9502:m12_03_00_00.emevd.dcx.js:90005750:0	unknown	npc_state	Roundtable Hold	esd_talk_map	Deeproot Depths	yes	7770009	Deeproot Depths :: Mending Rune of the Death-Prince - near Prince of Death's Throne, may be sweep-granted by Crucible Knight Siluria (m12_03) [f9502]
11102848	9502	set	cone root DIALOGUE_STEP(11102848) at m12_03_00_00.emevd.dcx.js:90005750 set by talk/m11_10_00_00-only/t322001110.py:t322001110_x12	questline_conditions	set by NPC talk 322001110 on m11_10_00_00		esd_talk	3	extractor-cone-root-budget-capped	questline_conditions:9502:m12_03_00_00.emevd.dcx.js:90005750:0	unknown	npc_state	Roundtable Hold	esd_talk_map	Deeproot Depths	yes	7770009	Deeproot Depths :: Mending Rune of the Death-Prince - near Prince of Death's Throne, may be sweep-granted by Crucible Knight Siluria (m12_03) [f9502]
11109006	9502	set	cone root DIALOGUE_STEP(11109006) at m12_03_00_00.emevd.dcx.js:90005750 set by talk/m11_10_00_00-only/t322001110.py:t322001110_x87	questline_conditions	set by NPC talk 322001110 on m11_10_00_00		esd_talk	3	extractor-cone-root-budget-capped	questline_conditions:9502:m12_03_00_00.emevd.dcx.js:90005750:0	unknown	npc_state	Roundtable Hold	esd_talk_map	Deeproot Depths	yes	7770009	Deeproot Depths :: Mending Rune of the Death-Prince - near Prince of Death's Throne, may be sweep-granted by Crucible Knight Siluria (m12_03) [f9502]
11109015	9502	set	cone root DIALOGUE_STEP(11109015) at m12_03_00_00.emevd.dcx.js:90005750 set by talk/m11_10_00_00-only/t322001110.py:t322001110_x87	questline_conditions	set by NPC talk 322001110 on m11_10_00_00		esd_talk	3	extractor-cone-root-budget-capped	questline_conditions:9502:m12_03_00_00.emevd.dcx.js:90005750:0	unknown	npc_state	Roundtable Hold	esd_talk_map	Deeproot Depths	yes	7770009	Deeproot Depths :: Mending Rune of the Death-Prince - near Prince of Death's Throne, may be sweep-granted by Crucible Knight Siluria (m12_03) [f9502]
11109625	9502	set	cone root DIALOGUE_STEP(11109625) at m12_03_00_00.emevd.dcx.js:90005750 set by talk/m11_10_00_00-only/t319001110.py:t319001110_x67	questline_conditions	set by NPC talk 319001110 on m11_10_00_00		esd_talk	2	extractor-cone-root-budget-capped	questline_conditions:9502:m12_03_00_00.emevd.dcx.js:90005750:0	unknown	npc_state	Roundtable Hold	esd_talk_map	Deeproot Depths	yes	7770009	Deeproot Depths :: Mending Rune of the Death-Prince - near Prince of Death's Throne, may be sweep-granted by Crucible Knight Siluria (m12_03) [f9502]
12030800	9502	set	cone root BOSS_KILL(12030800) at m12_03_00_00.emevd.dcx.js:90005750 set by m12_03_00_00.emevd.dcx.js:12032800	questline_conditions	Defeat the boss	ボス撃破	emevd_event	1	extractor-cone-root-budget-capped	questline_conditions:9502:m12_03_00_00.emevd.dcx.js:90005750:0	unknown	world	Deeproot Depths	setter_map	Deeproot Depths	no	7770009	Deeproot Depths :: Mending Rune of the Death-Prince - near Prince of Death's Throne, may be sweep-granted by Crucible Knight Siluria (m12_03) [f9502]
12030850	9502	set	cone root BOSS_KILL(12030850) at m12_03_00_00.emevd.dcx.js:90005750 set by m12_03_00_00.emevd.dcx.js:12032850	questline_conditions	Defeat the main boss	本ボス撃破	emevd_event	1	extractor-cone-root-budget-capped	questline_conditions:9502:m12_03_00_00.emevd.dcx.js:90005750:0	unknown	world	Deeproot Depths	setter_map	Deeproot Depths	no	7770009	Deeproot Depths :: Mending Rune of the Death-Prince - near Prince of Death's Throne, may be sweep-granted by Crucible Knight Siluria (m12_03) [f9502]
12032715	9502	set	cone root DIALOGUE_STEP(12032715) at m12_03_00_00.emevd.dcx.js:90005750 set by talk/m11_10_00_00-only/t322001110.py:t322001110_x12	questline_conditions	set by NPC talk 322001110 on m11_10_00_00		esd_talk	3	extractor-cone-root-budget-capped	questline_conditions:9502:m12_03_00_00.emevd.dcx.js:90005750:0	unknown	npc_state	Roundtable Hold	esd_talk_map	Deeproot Depths	yes	7770009	Deeproot Depths :: Mending Rune of the Death-Prince - near Prince of Death's Throne, may be sweep-granted by Crucible Knight Siluria (m12_03) [f9502]
12032718	9502	set	cone root DIALOGUE_STEP(12032718) at m12_03_00_00.emevd.dcx.js:90005750 set by talk/m11_10_00_00-only/t322001110.py:t322001110_x12	questline_conditions	set by NPC talk 322001110 on m11_10_00_00		esd_talk	3	extractor-cone-root-budget-capped	questline_conditions:9502:m12_03_00_00.emevd.dcx.js:90005750:0	unknown	npc_state	Roundtable Hold	esd_talk_map	Deeproot Depths	yes	7770009	Deeproot Depths :: Mending Rune of the Death-Prince - near Prince of Death's Throne, may be sweep-granted by Crucible Knight Siluria (m12_03) [f9502]
12032725	9502	set	cone root DIALOGUE_STEP(12032725) at m12_03_00_00.emevd.dcx.js:90005750 set by talk/m11_10_00_00-only/t322001110.py:t322001110_x51	questline_conditions	set by NPC talk 322001110 on m11_10_00_00		esd_talk	3	extractor-cone-root-budget-capped	questline_conditions:9502:m12_03_00_00.emevd.dcx.js:90005750:0	unknown	npc_state	Roundtable Hold	esd_talk_map	Deeproot Depths	yes	7770009	Deeproot Depths :: Mending Rune of the Death-Prince - near Prince of Death's Throne, may be sweep-granted by Crucible Knight Siluria (m12_03) [f9502]
12032859	9502	set	cone root DIALOGUE_STEP(12032859) at m12_03_00_00.emevd.dcx.js:90005750 set by talk/m11_10_00_00-only/t322001110.py:t322001110_x52	questline_conditions	set by NPC talk 322001110 on m11_10_00_00		esd_talk	3	extractor-cone-root-budget-capped	questline_conditions:9502:m12_03_00_00.emevd.dcx.js:90005750:0	unknown	npc_state	Roundtable Hold	esd_talk_map	Deeproot Depths	yes	7770009	Deeproot Depths :: Mending Rune of the Death-Prince - near Prince of Death's Throne, may be sweep-granted by Crucible Knight Siluria (m12_03) [f9502]
12039156	9502	set	cone root DIALOGUE_STEP(12039156) at m12_03_00_00.emevd.dcx.js:90005750 set by talk/m11_10_00_00-only/t322001110.py:t322001110_x87	questline_conditions	set by NPC talk 322001110 on m11_10_00_00		esd_talk	3	extractor-cone-root-budget-capped	questline_conditions:9502:m12_03_00_00.emevd.dcx.js:90005750:0	unknown	npc_state	Roundtable Hold	esd_talk_map	Deeproot Depths	yes	7770009	Deeproot Depths :: Mending Rune of the Death-Prince - near Prince of Death's Throne, may be sweep-granted by Crucible Knight Siluria (m12_03) [f9502]
12039157	9502	set	cone root DIALOGUE_STEP(12039157) at m12_03_00_00.emevd.dcx.js:90005750 set by talk/m11_10_00_00-only/t322001110.py:t322001110_x87	questline_conditions	set by NPC talk 322001110 on m11_10_00_00		esd_talk	3	extractor-cone-root-budget-capped	questline_conditions:9502:m12_03_00_00.emevd.dcx.js:90005750:0	unknown	npc_state	Roundtable Hold	esd_talk_map	Deeproot Depths	yes	7770009	Deeproot Depths :: Mending Rune of the Death-Prince - near Prince of Death's Throne, may be sweep-granted by Crucible Knight Siluria (m12_03) [f9502]
12039158	9502	set	cone root DIALOGUE_STEP(12039158) at m12_03_00_00.emevd.dcx.js:90005750 set by talk/m11_10_00_00-only/t322001110.py:t322001110_x87	questline_conditions	set by NPC talk 322001110 on m11_10_00_00		esd_talk	3	extractor-cone-root-budget-capped	questline_conditions:9502:m12_03_00_00.emevd.dcx.js:90005750:0	unknown	npc_state	Roundtable Hold	esd_talk_map	Deeproot Depths	yes	7770009	Deeproot Depths :: Mending Rune of the Death-Prince - near Prince of Death's Throne, may be sweep-granted by Crucible Knight Siluria (m12_03) [f9502]
12039159	9502	set	cone root DIALOGUE_STEP(12039159) at m12_03_00_00.emevd.dcx.js:90005750 set by talk/m11_10_00_00-only/t322001110.py:t322001110_x87	questline_conditions	set by NPC talk 322001110 on m11_10_00_00		esd_talk	3	extractor-cone-root-budget-capped	questline_conditions:9502:m12_03_00_00.emevd.dcx.js:90005750:0	unknown	npc_state	Roundtable Hold	esd_talk_map	Deeproot Depths	yes	7770009	Deeproot Depths :: Mending Rune of the Death-Prince - near Prince of Death's Throne, may be sweep-granted by Crucible Knight Siluria (m12_03) [f9502]
12039160	9502	set	cone root DIALOGUE_STEP(12039160) at m12_03_00_00.emevd.dcx.js:90005750 set by talk/m11_10_00_00-only/t322001110.py:t322001110_x87	questline_conditions	set by NPC talk 322001110 on m11_10_00_00		esd_talk	3	extractor-cone-root-budget-capped	questline_conditions:9502:m12_03_00_00.emevd.dcx.js:90005750:0	unknown	npc_state	Roundtable Hold	esd_talk_map	Deeproot Depths	yes	7770009	Deeproot Depths :: Mending Rune of the Death-Prince - near Prince of Death's Throne, may be sweep-granted by Crucible Knight Siluria (m12_03) [f9502]
12039161	9502	set	cone root DIALOGUE_STEP(12039161) at m12_03_00_00.emevd.dcx.js:90005750 set by talk/m11_10_00_00-only/t322001110.py:t322001110_x41	questline_conditions	set by NPC talk 322001110 on m11_10_00_00		esd_talk	3	extractor-cone-root-budget-capped	questline_conditions:9502:m12_03_00_00.emevd.dcx.js:90005750:0	unknown	npc_state	Roundtable Hold	esd_talk_map	Deeproot Depths	yes	7770009	Deeproot Depths :: Mending Rune of the Death-Prince - near Prince of Death's Throne, may be sweep-granted by Crucible Knight Siluria (m12_03) [f9502]
14009262	9502	set	cone root DIALOGUE_STEP(14009262) at m12_03_00_00.emevd.dcx.js:90005750 set by talk/m60_00_00_00-only/t316206000.py:t316206000_x51	questline_conditions	set by NPC talk 316206000 on m60_00_00_00		esd_talk	2	extractor-cone-root-budget-capped	questline_conditions:9502:m12_03_00_00.emevd.dcx.js:90005750:0	unknown	npc_state			Deeproot Depths	unknown	7770009	Deeproot Depths :: Mending Rune of the Death-Prince - near Prince of Death's Throne, may be sweep-granted by Crucible Knight Siluria (m12_03) [f9502]
14009265	9502	set	cone root DIALOGUE_STEP(14009265) at m12_03_00_00.emevd.dcx.js:90005750 set by talk/m60_00_00_00-only/t316206000.py:t316206000_x48	questline_conditions	set by NPC talk 316206000 on m60_00_00_00		esd_talk	2	extractor-cone-root-budget-capped	questline_conditions:9502:m12_03_00_00.emevd.dcx.js:90005750:0	unknown	npc_state			Deeproot Depths	unknown	7770009	Deeproot Depths :: Mending Rune of the Death-Prince - near Prince of Death's Throne, may be sweep-granted by Crucible Knight Siluria (m12_03) [f9502]
1037469289	9502	set	cone root DIALOGUE_STEP(1037469289) at m12_03_00_00.emevd.dcx.js:90005750 set by talk/m60_00_00_00-only/t330016000.py:t330016000_x3	questline_conditions	set by NPC talk 330016000 on m60_00_00_00		esd_talk	1	extractor-cone-root-budget-capped	questline_conditions:9502:m12_03_00_00.emevd.dcx.js:90005750:0	unknown	npc_state	Liurnia	flag_decode	Deeproot Depths	yes	7770009	Deeproot Depths :: Mending Rune of the Death-Prince - near Prince of Death's Throne, may be sweep-granted by Crucible Knight Siluria (m12_03) [f9502]
1044369209	9502	set	cone root DIALOGUE_STEP(1044369209) at m12_03_00_00.emevd.dcx.js:90005750 set by talk/m60_00_00_00-only/t316006000.py:t316006000_x42	questline_conditions	set by NPC talk 316006000 on m60_00_00_00		esd_talk	1	extractor-cone-root-budget-capped	questline_conditions:9502:m12_03_00_00.emevd.dcx.js:90005750:0	unknown	npc_state	Limgrave	flag_decode	Deeproot Depths	yes	7770009	Deeproot Depths :: Mending Rune of the Death-Prince - near Prince of Death's Throne, may be sweep-granted by Crucible Knight Siluria (m12_03) [f9502]
1044369221	9502	set	cone root DIALOGUE_STEP(1044369221) at m12_03_00_00.emevd.dcx.js:90005750 set by talk/m60_00_00_00-only/t316006000.py:t316006000_x51	questline_conditions	set by NPC talk 316006000 on m60_00_00_00		esd_talk	1	extractor-cone-root-budget-capped	questline_conditions:9502:m12_03_00_00.emevd.dcx.js:90005750:0	unknown	npc_state	Limgrave	flag_decode	Deeproot Depths	yes	7770009	Deeproot Depths :: Mending Rune of the Death-Prince - near Prince of Death's Throne, may be sweep-granted by Crucible Knight Siluria (m12_03) [f9502]
1044369224	9502	set	cone root DIALOGUE_STEP(1044369224) at m12_03_00_00.emevd.dcx.js:90005750 set by talk/m60_00_00_00-only/t316006000.py:t316006000_x44	questline_conditions	set by NPC talk 316006000 on m60_00_00_00		esd_talk	1	extractor-cone-root-budget-capped	questline_conditions:9502:m12_03_00_00.emevd.dcx.js:90005750:0	unknown	npc_state	Limgrave	flag_decode	Deeproot Depths	yes	7770009	Deeproot Depths :: Mending Rune of the Death-Prince - near Prince of Death's Throne, may be sweep-granted by Crucible Knight Siluria (m12_03) [f9502]
1044369225	9502	set	cone root DIALOGUE_STEP(1044369225) at m12_03_00_00.emevd.dcx.js:90005750 set by talk/m60_00_00_00-only/t316006000.py:t316006000_x54	questline_conditions	set by NPC talk 316006000 on m60_00_00_00		esd_talk	1	extractor-cone-root-budget-capped	questline_conditions:9502:m12_03_00_00.emevd.dcx.js:90005750:0	unknown	npc_state	Limgrave	flag_decode	Deeproot Depths	yes	7770009	Deeproot Depths :: Mending Rune of the Death-Prince - near Prince of Death's Throne, may be sweep-granted by Crucible Knight Siluria (m12_03) [f9502]
1044369226	9502	set	cone root DIALOGUE_STEP(1044369226) at m12_03_00_00.emevd.dcx.js:90005750 set by talk/m60_00_00_00-only/t316006000.py:t316006000_x54	questline_conditions	set by NPC talk 316006000 on m60_00_00_00		esd_talk	1	extractor-cone-root-budget-capped	questline_conditions:9502:m12_03_00_00.emevd.dcx.js:90005750:0	unknown	npc_state	Limgrave	flag_decode	Deeproot Depths	yes	7770009	Deeproot Depths :: Mending Rune of the Death-Prince - near Prince of Death's Throne, may be sweep-granted by Crucible Knight Siluria (m12_03) [f9502]
1044369227	9502	set	cone root DIALOGUE_STEP(1044369227) at m12_03_00_00.emevd.dcx.js:90005750 set by talk/m60_00_00_00-only/t316006000.py:t316006000_x55	questline_conditions	set by NPC talk 316006000 on m60_00_00_00		esd_talk	1	extractor-cone-root-budget-capped	questline_conditions:9502:m12_03_00_00.emevd.dcx.js:90005750:0	unknown	npc_state	Limgrave	flag_decode	Deeproot Depths	yes	7770009	Deeproot Depths :: Mending Rune of the Death-Prince - near Prince of Death's Throne, may be sweep-granted by Crucible Knight Siluria (m12_03) [f9502]
1044369228	9502	set	cone root DIALOGUE_STEP(1044369228) at m12_03_00_00.emevd.dcx.js:90005750 set by talk/m60_00_00_00-only/t316006000.py:t316006000_x45	questline_conditions	set by NPC talk 316006000 on m60_00_00_00		esd_talk	1	extractor-cone-root-budget-capped	questline_conditions:9502:m12_03_00_00.emevd.dcx.js:90005750:0	unknown	npc_state	Limgrave	flag_decode	Deeproot Depths	yes	7770009	Deeproot Depths :: Mending Rune of the Death-Prince - near Prince of Death's Throne, may be sweep-granted by Crucible Knight Siluria (m12_03) [f9502]
1044369229	9502	set	cone root DIALOGUE_STEP(1044369229) at m12_03_00_00.emevd.dcx.js:90005750 set by talk/m60_00_00_00-only/t316006000.py:t316006000_x56	questline_conditions	set by NPC talk 316006000 on m60_00_00_00		esd_talk	1	extractor-cone-root-budget-capped	questline_conditions:9502:m12_03_00_00.emevd.dcx.js:90005750:0	unknown	npc_state	Limgrave	flag_decode	Deeproot Depths	yes	7770009	Deeproot Depths :: Mending Rune of the Death-Prince - near Prince of Death's Throne, may be sweep-granted by Crucible Knight Siluria (m12_03) [f9502]
1044369230	9502	set	cone root DIALOGUE_STEP(1044369230) at m12_03_00_00.emevd.dcx.js:90005750 set by talk/m60_00_00_00-only/t316006000.py:t316006000_x57	questline_conditions	set by NPC talk 316006000 on m60_00_00_00		esd_talk	1	extractor-cone-root-budget-capped	questline_conditions:9502:m12_03_00_00.emevd.dcx.js:90005750:0	unknown	npc_state	Limgrave	flag_decode	Deeproot Depths	yes	7770009	Deeproot Depths :: Mending Rune of the Death-Prince - near Prince of Death's Throne, may be sweep-granted by Crucible Knight Siluria (m12_03) [f9502]
1044399206	9502	set	cone root DIALOGUE_STEP(1044399206) at m12_03_00_00.emevd.dcx.js:90005750 set by talk/m11_10_00_00-only/t319001110.py:t319001110_x6	questline_conditions	set by NPC talk 319001110 on m11_10_00_00		esd_talk	2	extractor-cone-root-budget-capped	questline_conditions:9502:m12_03_00_00.emevd.dcx.js:90005750:0	unknown	npc_state	Limgrave	flag_decode	Deeproot Depths	yes	7770009	Deeproot Depths :: Mending Rune of the Death-Prince - near Prince of Death's Throne, may be sweep-granted by Crucible Knight Siluria (m12_03) [f9502]
1051369210	9502	set	cone root DIALOGUE_STEP(1051369210) at m12_03_00_00.emevd.dcx.js:90005750 set by talk/m60_00_00_00-only/t312006000.py:t312006000_x30	questline_conditions	set by NPC talk 312001400 on m14_00_00_00		esd_talk	3	extractor-cone-root-budget-capped	questline_conditions:9502:m12_03_00_00.emevd.dcx.js:90005750:0	unknown	npc_state	Caelid	flag_decode	Deeproot Depths	yes	7770009	Deeproot Depths :: Mending Rune of the Death-Prince - near Prince of Death's Throne, may be sweep-granted by Crucible Knight Siluria (m12_03) [f9502]
1054539200	9502	set	cone root DIALOGUE_STEP(1054539200) at m12_03_00_00.emevd.dcx.js:90005750 set by talk/m00_00_00_00-only/t000001000.py:t000001000_x37	questline_conditions	Daughter Marika_Cutscene explosion prevention	娘マリカ_カットシーン暴発防止	emevd_event	1	extractor-cone-root-budget-capped	questline_conditions:9502:m12_03_00_00.emevd.dcx.js:90005750:0	unknown	npc_state	Mountaintops of the Giants	flag_decode	Deeproot Depths	yes	7770009	Deeproot Depths :: Mending Rune of the Death-Prince - near Prince of Death's Throne, may be sweep-granted by Crucible Knight Siluria (m12_03) [f9502]
1054539201	9502	set	cone root DIALOGUE_STEP(1054539201) at m12_03_00_00.emevd.dcx.js:90005750 set by talk/m00_00_00_00-only/t000001000.py:t000001000_x38	questline_conditions	Daughter Marika_Cutscene explosion prevention	娘マリカ_カットシーン暴発防止	emevd_event	1	extractor-cone-root-budget-capped	questline_conditions:9502:m12_03_00_00.emevd.dcx.js:90005750:0	unknown	npc_state	Mountaintops of the Giants	flag_decode	Deeproot Depths	yes	7770009	Deeproot Depths :: Mending Rune of the Death-Prince - near Prince of Death's Throne, may be sweep-granted by Crucible Knight Siluria (m12_03) [f9502]
1054539205	9502	set	cone root DIALOGUE_STEP(1054539205) at m12_03_00_00.emevd.dcx.js:90005750 set by talk/m00_00_00_00-only/t000001000.py:t000001000_x38	questline_conditions	Daughter Marika_Cutscene explosion prevention	娘マリカ_カットシーン暴発防止	emevd_event	1	extractor-cone-root-budget-capped	questline_conditions:9502:m12_03_00_00.emevd.dcx.js:90005750:0	unknown	npc_state	Mountaintops of the Giants	flag_decode	Deeproot Depths	yes	7770009	Deeproot Depths :: Mending Rune of the Death-Prince - near Prince of Death's Throne, may be sweep-granted by Crucible Knight Siluria (m12_03) [f9502]
goods:2130	9502	set	cone root ITEM_POSSESSION(2130) at m12_03_00_00.emevd.dcx.js:90005750 set by m12_03_00_00.emevd.dcx.js	questline_conditions					extractor-cone-root-budget-capped	questline_conditions:9502:m12_03_00_00.emevd.dcx.js:90005750:0	unknown	item			Deeproot Depths	unknown	7770009	Deeproot Depths :: Mending Rune of the Death-Prince - near Prince of Death's Throne, may be sweep-granted by Crucible Knight Siluria (m12_03) [f9502]
goods:8143	9502	set	cone root ITEM_POSSESSION(8143) at m12_03_00_00.emevd.dcx.js:90005750 set by m12_03_00_00.emevd.dcx.js	questline_conditions					extractor-cone-root-budget-capped	questline_conditions:9502:m12_03_00_00.emevd.dcx.js:90005750:0	unknown	item			Deeproot Depths	unknown	7770009	Deeproot Depths :: Mending Rune of the Death-Prince - near Prince of Death's Throne, may be sweep-granted by Crucible Knight Siluria (m12_03) [f9502]
goods:8191	9502	set	cone root ITEM_POSSESSION(8191) at m12_03_00_00.emevd.dcx.js:90005750 set by m12_03_00_00.emevd.dcx.js	questline_conditions					extractor-cone-root-budget-capped	questline_conditions:9502:m12_03_00_00.emevd.dcx.js:90005750:0	unknown	item			Deeproot Depths	unknown	7770009	Deeproot Depths :: Mending Rune of the Death-Prince - near Prince of Death's Throne, may be sweep-granted by Crucible Knight Siluria (m12_03) [f9502]
goods:8980	9502	set	cone root ITEM_POSSESSION(8980) at m12_03_00_00.emevd.dcx.js:90005750 set by m12_03_00_00.emevd.dcx.js	questline_conditions					extractor-cone-root-budget-capped	questline_conditions:9502:m12_03_00_00.emevd.dcx.js:90005750:0	unknown	item			Deeproot Depths	unknown	7770009	Deeproot Depths :: Mending Rune of the Death-Prince - near Prince of Death's Throne, may be sweep-granted by Crucible Knight Siluria (m12_03) [f9502]
map:m12_03	9502	set	cone root MAP_ACCESS(m12_03) at m12_03_00_00.emevd.dcx.js:90005750 set by m12_03_00_00.emevd.dcx.js	questline_conditions					extractor-cone-root-budget-capped	questline_conditions:9502:m12_03_00_00.emevd.dcx.js:90005750:0	unknown	map_access	Deeproot Depths	map_id	Deeproot Depths	no	7770009	Deeproot Depths :: Mending Rune of the Death-Prince - near Prince of Death's Throne, may be sweep-granted by Crucible Knight Siluria (m12_03) [f9502]
map:m60_37	9502	set	cone root MAP_ACCESS(m60_37) at m12_03_00_00.emevd.dcx.js:90005750 set by m60_37_46_00.emevd.dcx.js	questline_conditions					extractor-cone-root-budget-capped	questline_conditions:9502:m12_03_00_00.emevd.dcx.js:90005750:0	unknown	map_access			Deeproot Depths	unknown	7770009	Deeproot Depths :: Mending Rune of the Death-Prince - near Prince of Death's Throne, may be sweep-granted by Crucible Knight Siluria (m12_03) [f9502]
1042369408	60110	unknown	talk 106006000 gate_sense=0 lot 103900	esd_gifts	set by NPC talk 106006000 on m60_00_00_00		esd_talk	1	esd-paths-disagree	esd_gifts:60110:106006000	unknown	npc_state	Limgrave	flag_decode	Limgrave	no	7770012	Limgrave :: Spirit Calling Bell - from Twin Maiden Husks [f60110]
1042369413	60110	set	$InitializeCommonEvent(90005750) arg5	lot_gates	NPC106_Rani_Disappears from the church	NPC106_ラニ_教会から消える	emevd_event	2	commonarg-positive-by-construction	lot_gates:60110:90005750	single	world	Limgrave	flag_decode	Limgrave	no	7770012	Limgrave :: Spirit Calling Bell - from Twin Maiden Husks [f60110]
3745	60110	set	cone root NPC_STATE(3745) at talk/m60_00_00_00-only/t106006000.py:t106006000_x3 set by common.emevd.dcx.js:3759	questline_conditions	NPC106 Rani_Character state transition	NPC106ラニ_キャラ状態遷移	emevd_event	2	extractor-cone-root	questline_conditions:60110:talk/m60_00_00_00-only/t106006000.py:t106006000_x3:	unknown	world			Limgrave	unknown	7770012	Limgrave :: Spirit Calling Bell - from Twin Maiden Husks [f60110]
3745	60110	set	cone root NPC_STATE(3745) at talk/m60_00_00_00-only/t106006000.py:t106006000_x43 set by common.emevd.dcx.js:3759	questline_conditions	NPC106 Rani_Character state transition	NPC106ラニ_キャラ状態遷移	emevd_event	2	extractor-cone-root	questline_conditions:60110:talk/m60_00_00_00-only/t106006000.py:t106006000_x43:	unknown	world			Limgrave	unknown	7770012	Limgrave :: Spirit Calling Bell - from Twin Maiden Husks [f60110]
3745	60110	set	cone root NPC_STATE(3745) at talk/m60_00_00_00-only/t106006000.py:t106006000_x45 set by common.emevd.dcx.js:3759	questline_conditions	NPC106 Rani_Character state transition	NPC106ラニ_キャラ状態遷移	emevd_event	2	extractor-cone-root	questline_conditions:60110:talk/m60_00_00_00-only/t106006000.py:t106006000_x45:	unknown	world			Limgrave	unknown	7770012	Limgrave :: Spirit Calling Bell - from Twin Maiden Husks [f60110]
3746	60110	set	cone root NPC_STATE(3746) at talk/m60_00_00_00-only/t106006000.py:t106006000_x3 set by common.emevd.dcx.js:3759	questline_conditions	NPC106 Rani_Character state transition	NPC106ラニ_キャラ状態遷移	emevd_event	2	extractor-cone-root	questline_conditions:60110:talk/m60_00_00_00-only/t106006000.py:t106006000_x3:	unknown	world			Limgrave	unknown	7770012	Limgrave :: Spirit Calling Bell - from Twin Maiden Husks [f60110]
3746	60110	set	cone root NPC_STATE(3746) at talk/m60_00_00_00-only/t106006000.py:t106006000_x43 set by common.emevd.dcx.js:3759	questline_conditions	NPC106 Rani_Character state transition	NPC106ラニ_キャラ状態遷移	emevd_event	2	extractor-cone-root	questline_conditions:60110:talk/m60_00_00_00-only/t106006000.py:t106006000_x43:	unknown	world			Limgrave	unknown	7770012	Limgrave :: Spirit Calling Bell - from Twin Maiden Husks [f60110]
3746	60110	set	cone root NPC_STATE(3746) at talk/m60_00_00_00-only/t106006000.py:t106006000_x45 set by common.emevd.dcx.js:3759	questline_conditions	NPC106 Rani_Character state transition	NPC106ラニ_キャラ状態遷移	emevd_event	2	extractor-cone-root	questline_conditions:60110:talk/m60_00_00_00-only/t106006000.py:t106006000_x45:	unknown	world			Limgrave	unknown	7770012	Limgrave :: Spirit Calling Bell - from Twin Maiden Husks [f60110]
1042369408	60110	set	cone root DIALOGUE_STEP(1042369408) at talk/m60_00_00_00-only/t106006000.py:t106006000_x45 set by talk/m60_00_00_00-only/t106006000.py:t106006000_x30	questline_conditions	set by NPC talk 106006000 on m60_00_00_00		esd_talk	1	extractor-cone-root	questline_conditions:60110:talk/m60_00_00_00-only/t106006000.py:t106006000_x45:	unknown	npc_state	Limgrave	flag_decode	Limgrave	no	7770012	Limgrave :: Spirit Calling Bell - from Twin Maiden Husks [f60110]
1042369411	60110	set	cone root BOSS_KILL(1042369411) at talk/m60_00_00_00-only/t106006000.py:t106006000_x3 set by m60_42_36_00.emevd.dcx.js:1042360711	questline_conditions	NPC106_Rani_Church appearance monitoring event	NPC106_ラニ_教会出現監視イベント	emevd_event	2	extractor-cone-root	questline_conditions:60110:talk/m60_00_00_00-only/t106006000.py:t106006000_x3:	unknown	world	Limgrave	flag_decode	Limgrave	no	7770012	Limgrave :: Spirit Calling Bell - from Twin Maiden Husks [f60110]
1042369411	60110	set	cone root BOSS_KILL(1042369411) at talk/m60_00_00_00-only/t106006000.py:t106006000_x43 set by m60_42_36_00.emevd.dcx.js:1042360711	questline_conditions	NPC106_Rani_Church appearance monitoring event	NPC106_ラニ_教会出現監視イベント	emevd_event	2	extractor-cone-root	questline_conditions:60110:talk/m60_00_00_00-only/t106006000.py:t106006000_x43:	unknown	world	Limgrave	flag_decode	Limgrave	no	7770012	Limgrave :: Spirit Calling Bell - from Twin Maiden Husks [f60110]
1042369411	60110	set	cone root BOSS_KILL(1042369411) at talk/m60_00_00_00-only/t106006000.py:t106006000_x45 set by m60_42_36_00.emevd.dcx.js:1042360711	questline_conditions	NPC106_Rani_Church appearance monitoring event	NPC106_ラニ_教会出現監視イベント	emevd_event	2	extractor-cone-root	questline_conditions:60110:talk/m60_00_00_00-only/t106006000.py:t106006000_x45:	unknown	world	Limgrave	flag_decode	Limgrave	no	7770012	Limgrave :: Spirit Calling Bell - from Twin Maiden Husks [f60110]
map:m60_00	60110	set	cone root MAP_ACCESS(m60_00) at talk/m60_00_00_00-only/t106006000.py:t106006000_x3 set by talk/m60_00_00_00-only/t106006000.py	questline_conditions					extractor-cone-root	questline_conditions:60110:talk/m60_00_00_00-only/t106006000.py:t106006000_x3:	unknown	map_access			Limgrave	unknown	7770012	Limgrave :: Spirit Calling Bell - from Twin Maiden Husks [f60110]
map:m60_00	60110	set	cone root MAP_ACCESS(m60_00) at talk/m60_00_00_00-only/t106006000.py:t106006000_x43 set by talk/m60_00_00_00-only/t106006000.py	questline_conditions					extractor-cone-root	questline_conditions:60110:talk/m60_00_00_00-only/t106006000.py:t106006000_x43:	unknown	map_access			Limgrave	unknown	7770012	Limgrave :: Spirit Calling Bell - from Twin Maiden Husks [f60110]
map:m60_00	60110	set	cone root MAP_ACCESS(m60_00) at talk/m60_00_00_00-only/t106006000.py:t106006000_x45 set by talk/m60_00_00_00-only/t106006000.py	questline_conditions					extractor-cone-root	questline_conditions:60110:talk/m60_00_00_00-only/t106006000.py:t106006000_x45:	unknown	map_access			Limgrave	unknown	7770012	Limgrave :: Spirit Calling Bell - from Twin Maiden Husks [f60110]
11102180	60300	set	$InitializeCommonEvent(90005792) arg1	lot_gates					commonarg-positive-by-construction	lot_gates:60300:90005792	single	world			Roundtable Hold	unknown	7770017	Roundtable Hold :: Taunter's Tongue - around Table of Lost Grace [f60300]
1037530800	60450	set	cone root BOSS_KILL(1037530800) at m60_37_53_00.emevd.dcx.js:90005860 set by common_func.emevd.dcx.js:90005860	questline_conditions					extractor-cone-root	questline_conditions:60450:m60_37_53_00.emevd.dcx.js:90005860:0	unknown	world	Mt. Gelmir	flag_decode	Mt. Gelmir	no	7770022	Mt. Gelmir :: Memory Stone - Demi-Human Queen Maggie, may be sweep-granted by Demi-Human Queen Maggie (m60_37_53) [f60450]
map:m60_37	60450	set	cone root MAP_ACCESS(m60_37) at m60_37_53_00.emevd.dcx.js:90005860 set by m60_37_53_00.emevd.dcx.js	questline_conditions					extractor-cone-root	questline_conditions:60450:m60_37_53_00.emevd.dcx.js:90005860:0	unknown	map_access			Mt. Gelmir	unknown	7770022	Mt. Gelmir :: Memory Stone - Demi-Human Queen Maggie, may be sweep-granted by Demi-Human Queen Maggie (m60_37_53) [f60450]
11109370	60500	unknown	talk 102001110 gate_sense=0 lot 101100	esd_gifts	set by NPC talk 102001110 on m11_10_00_00		esd_talk	1	esd-received-memo	esd_gifts:60500:102001110	single	npc_state	Roundtable Hold	esd_talk_map	Roundtable Hold	no	7770025	Roundtable Hold :: Talisman Pouch - from Twin Maiden Husks [f60500]
3486	60500	set	cone root NPC_STATE(3486) at talk/m11_10_00_00-only/t102001110.py:t102001110_x3 set by common.emevd.dcx.js:3499	questline_conditions	NPC102 finger reading_Character state transition	NPC102指読み_キャラ状態遷移	emevd_event	2	extractor-cone-root	questline_conditions:60500:talk/m11_10_00_00-only/t102001110.py:t102001110_x3:	unknown	world			Roundtable Hold	unknown	7770025	Roundtable Hold :: Talisman Pouch - from Twin Maiden Husks [f60500]
3486	60500	set	cone root NPC_STATE(3486) at talk/m11_10_00_00-only/t102001110.py:t102001110_x40 set by common.emevd.dcx.js:3499	questline_conditions	NPC102 finger reading_Character state transition	NPC102指読み_キャラ状態遷移	emevd_event	2	extractor-cone-root	questline_conditions:60500:talk/m11_10_00_00-only/t102001110.py:t102001110_x40:	unknown	world			Roundtable Hold	unknown	7770025	Roundtable Hold :: Talisman Pouch - from Twin Maiden Husks [f60500]
11109370	60500	set	cone root DIALOGUE_STEP(11109370) at talk/m11_10_00_00-only/t102001110.py:t102001110_x3 set by talk/m11_10_00_00-only/t102001110.py:t102001110_x40	questline_conditions	set by NPC talk 102001110 on m11_10_00_00		esd_talk	1	extractor-cone-root	questline_conditions:60500:talk/m11_10_00_00-only/t102001110.py:t102001110_x3:	unknown	npc_state	Roundtable Hold	esd_talk_map	Roundtable Hold	no	7770025	Roundtable Hold :: Talisman Pouch - from Twin Maiden Husks [f60500]
11109370	60500	set	cone root DIALOGUE_STEP(11109370) at talk/m11_10_00_00-only/t102001110.py:t102001110_x40 set by talk/m11_10_00_00-only/t102001110.py:t102001110_x40	questline_conditions	set by NPC talk 102001110 on m11_10_00_00		esd_talk	1	extractor-cone-root	questline_conditions:60500:talk/m11_10_00_00-only/t102001110.py:t102001110_x40:	unknown	npc_state	Roundtable Hold	esd_talk_map	Roundtable Hold	no	7770025	Roundtable Hold :: Talisman Pouch - from Twin Maiden Husks [f60500]
map:m11_10	60500	set	cone root MAP_ACCESS(m11_10) at talk/m11_10_00_00-only/t102001110.py:t102001110_x3 set by talk/m11_10_00_00-only/t102001110.py	questline_conditions					extractor-cone-root	questline_conditions:60500:talk/m11_10_00_00-only/t102001110.py:t102001110_x3:	unknown	map_access	Roundtable Hold	map_id	Roundtable Hold	no	7770025	Roundtable Hold :: Talisman Pouch - from Twin Maiden Husks [f60500]
map:m11_10	60500	set	cone root MAP_ACCESS(m11_10) at talk/m11_10_00_00-only/t102001110.py:t102001110_x40 set by talk/m11_10_00_00-only/t102001110.py	questline_conditions					extractor-cone-root	questline_conditions:60500:talk/m11_10_00_00-only/t102001110.py:t102001110_x40:	unknown	map_access	Roundtable Hold	map_id	Roundtable Hold	no	7770025	Roundtable Hold :: Talisman Pouch - from Twin Maiden Husks [f60500]
9100	60510	set	cone root BOSS_KILL(9100) at common.emevd.dcx.js:1100 set by m10_00_00_00.emevd.dcx.js:10002850	questline_conditions	Defeat Margit	マルギット撃破	emevd_event	2	extractor-cone-root	questline_conditions:60510:common.emevd.dcx.js:1100:0	unknown	world			Limgrave	unknown	7770026	Limgrave :: Talisman Pouch - around Castleward Tunnel [f60510]
map:m10_00	60510	set	cone root MAP_ACCESS(m10_00) at common.emevd.dcx.js:1100 set by m10_00_00_00.emevd.dcx.js	questline_conditions					extractor-cone-root	questline_conditions:60510:common.emevd.dcx.js:1100:0	unknown	map_access			Limgrave	unknown	7770026	Limgrave :: Talisman Pouch - around Castleward Tunnel [f60510]
map:m11_00	60510	set	cone root MAP_ACCESS(m11_00) at common.emevd.dcx.js:1100 set by m11_00_00_00.emevd.dcx.js	questline_conditions					extractor-cone-root	questline_conditions:60510:common.emevd.dcx.js:1100:0	unknown	map_access	Leyndell	map_id	Limgrave	yes	7770026	Limgrave :: Talisman Pouch - around Castleward Tunnel [f60510]
9105	60520	set	cone root BOSS_KILL(9105) at common.emevd.dcx.js:1100 set by m11_00_00_00.emevd.dcx.js:11002850	questline_conditions	Defeat mid-boss	中ボス撃破	emevd_event	1	extractor-cone-root	questline_conditions:60520:common.emevd.dcx.js:1100:0	unknown	world	Leyndell	setter_map	Leyndell	no	7770027	Leyndell :: Talisman Pouch - around Divine Tower of Caelid: Basement [f60520]
map:m11_00	60520	set	cone root MAP_ACCESS(m11_00) at common.emevd.dcx.js:1100 set by m11_00_00_00.emevd.dcx.js	questline_conditions					extractor-cone-root	questline_conditions:60520:common.emevd.dcx.js:1100:0	unknown	map_access	Leyndell	map_id	Leyndell	no	7770027	Leyndell :: Talisman Pouch - around Divine Tower of Caelid: Basement [f60520]
1033430800	65040	set	cone root BOSS_KILL(1033430800) at m60_33_43_00.emevd.dcx.js:90005860 set by common_func.emevd.dcx.js:90005860	questline_conditions					extractor-cone-root	questline_conditions:65040:m60_33_43_00.emevd.dcx.js:90005860:0	unknown	world			Liurnia	unknown	7770029	Liurnia :: Cerulean Crystal Tear - Erdtree Avatar (region unconfirmed), may be sweep-granted by Erdtree Avatar (m60_33_43) [f65040]
map:m60_33	65040	set	cone root MAP_ACCESS(m60_33) at m60_33_43_00.emevd.dcx.js:90005860 set by m60_33_43_00.emevd.dcx.js	questline_conditions					extractor-cone-root	questline_conditions:65040:m60_33_43_00.emevd.dcx.js:90005860:0	unknown	map_access			Liurnia	unknown	7770029	Liurnia :: Cerulean Crystal Tear - Erdtree Avatar (region unconfirmed), may be sweep-granted by Erdtree Avatar (m60_33_43) [f65040]
1052560800	65050	set	cone root BOSS_KILL(1052560800) at m60_52_56_00.emevd.dcx.js:90005860 set by common_func.emevd.dcx.js:90005860	questline_conditions					extractor-cone-root	questline_conditions:65050:m60_52_56_00.emevd.dcx.js:90005860:0	unknown	world	Mountaintops of the Giants	flag_decode	Mountaintops of the Giants	no	7773666	Mountaintops of the Giants :: Cerulean Crystal Tear - around Whiteridge Road [f65050]
map:m60_52	65050	set	cone root MAP_ACCESS(m60_52) at m60_52_56_00.emevd.dcx.js:90005860 set by m60_52_56_00.emevd.dcx.js	questline_conditions					extractor-cone-root	questline_conditions:65050:m60_52_56_00.emevd.dcx.js:90005860:0	unknown	map_access			Mountaintops of the Giants	unknown	7773666	Mountaintops of the Giants :: Cerulean Crystal Tear - around Whiteridge Road [f65050]
1041530800	65060	set	cone root BOSS_KILL(1041530800) at m60_41_53_00.emevd.dcx.js:90005860 set by common_func.emevd.dcx.js:90005860	questline_conditions					extractor-cone-root	questline_conditions:65060:m60_41_53_00.emevd.dcx.js:90005860:0	unknown	world			Altus	unknown	7770030	Altus :: Speckled Hardtear - Wormface (region unconfirmed), may be sweep-granted by Wormface (m60_41_53) [f65060]
map:m60_41	65060	set	cone root MAP_ACCESS(m60_41) at m60_41_53_00.emevd.dcx.js:90005860 set by m60_41_53_00.emevd.dcx.js	questline_conditions					extractor-cone-root	questline_conditions:65060:m60_41_53_00.emevd.dcx.js:90005860:0	unknown	map_access			Altus	unknown	7770030	Altus :: Speckled Hardtear - Wormface (region unconfirmed), may be sweep-granted by Wormface (m60_41_53) [f65060]
1043330800	65090	set	cone root BOSS_KILL(1043330800) at m60_43_33_00.emevd.dcx.js:90005860 set by common_func.emevd.dcx.js:90005860	questline_conditions					extractor-cone-root	questline_conditions:65090:m60_43_33_00.emevd.dcx.js:90005860:0	unknown	world			Weeping	unknown	7770031	Weeping :: Crimsonburst Crystal Tear - Erdtree Avatar (region unconfirmed), may be sweep-granted by Erdtree Avatar (m60_43_33) [f65090]
map:m60_43	65090	set	cone root MAP_ACCESS(m60_43) at m60_43_33_00.emevd.dcx.js:90005860 set by m60_43_33_00.emevd.dcx.js	questline_conditions					extractor-cone-root	questline_conditions:65090:m60_43_33_00.emevd.dcx.js:90005860:0	unknown	map_access			Weeping	unknown	7770031	Weeping :: Crimsonburst Crystal Tear - Erdtree Avatar (region unconfirmed), may be sweep-granted by Erdtree Avatar (m60_43_33) [f65090]
1047400800	65100	set	cone root BOSS_KILL(1047400800) at m60_47_40_00.emevd.dcx.js:90005860 set by common_func.emevd.dcx.js:90005860	questline_conditions					extractor-cone-root	questline_conditions:65100:m60_47_40_00.emevd.dcx.js:90005860:0	unknown	world	Caelid	flag_decode	Caelid	no	7770032	Caelid :: Greenburst Crystal Tear - Putrid Avatar, may be sweep-granted by Putrid Avatar (m60_47_40) [f65100]
map:m60_47	65100	set	cone root MAP_ACCESS(m60_47) at m60_47_40_00.emevd.dcx.js:90005860 set by m60_47_40_00.emevd.dcx.js	questline_conditions					extractor-cone-root	questline_conditions:65100:m60_47_40_00.emevd.dcx.js:90005860:0	unknown	map_access			Caelid	unknown	7770032	Caelid :: Greenburst Crystal Tear - Putrid Avatar, may be sweep-granted by Putrid Avatar (m60_47_40) [f65100]
1051400800	65110	set	cone root BOSS_KILL(1051400800) at m60_51_40_00.emevd.dcx.js:90005860 set by common_func.emevd.dcx.js:90005860	questline_conditions					extractor-cone-root	questline_conditions:65110:m60_51_40_00.emevd.dcx.js:90005860:0	unknown	world			Caelid	unknown	7773669	Caelid :: Opaline Hardtear - Putrid Avatar (region unconfirmed), may be sweep-granted by Putrid Avatar (m60_51_40) [f65110]
map:m60_51	65110	set	cone root MAP_ACCESS(m60_51) at m60_51_40_00.emevd.dcx.js:90005860 set by m60_51_40_00.emevd.dcx.js	questline_conditions					extractor-cone-root	questline_conditions:65110:m60_51_40_00.emevd.dcx.js:90005860:0	unknown	map_access			Caelid	unknown	7773669	Caelid :: Opaline Hardtear - Putrid Avatar (region unconfirmed), may be sweep-granted by Putrid Avatar (m60_51_40) [f65110]
1050570850	65130	set	cone root BOSS_KILL(1050570850) at m60_50_57_00.emevd.dcx.js:90005860 set by common_func.emevd.dcx.js:90005860	questline_conditions					extractor-cone-root	questline_conditions:65130:m60_50_57_00.emevd.dcx.js:90005860:0	unknown	world			Consecrated Snowfield	unknown	7773670	Consecrated Snowfield :: Thorny Cracked Tear - Putrid Avatar (region unconfirmed), may be sweep-granted by Putrid Avatar (m60_50_57) [f65130]
map:m60_50	65130	set	cone root MAP_ACCESS(m60_50) at m60_50_57_00.emevd.dcx.js:90005860 set by m60_50_57_00.emevd.dcx.js	questline_conditions					extractor-cone-root	questline_conditions:65130:m60_50_57_00.emevd.dcx.js:90005860:0	unknown	map_access			Consecrated Snowfield	unknown	7773670	Consecrated Snowfield :: Thorny Cracked Tear - Putrid Avatar (region unconfirmed), may be sweep-granted by Putrid Avatar (m60_50_57) [f65130]
1037540810	65180	set	cone root BOSS_KILL(1037540810) at m60_37_54_00.emevd.dcx.js:90005860 set by common_func.emevd.dcx.js:90005860	questline_conditions	Defeat the boss	ボス撃破	emevd_event	1	extractor-cone-root	questline_conditions:65180:m60_37_54_00.emevd.dcx.js:90005860:0	unknown	world			Mt. Gelmir	unknown	7770035	Mt. Gelmir :: Leaden Hardtear - Ulcerated Tree Spirit (region unconfirmed), may be sweep-granted by Ulcerated Tree Spirit (m60_37_54) [f65180]
map:m60_37	65180	set	cone root MAP_ACCESS(m60_37) at m60_37_54_00.emevd.dcx.js:90005860 set by m60_37_54_00.emevd.dcx.js	questline_conditions					extractor-cone-root	questline_conditions:65180:m60_37_54_00.emevd.dcx.js:90005860:0	unknown	map_access			Mt. Gelmir	unknown	7770035	Mt. Gelmir :: Leaden Hardtear - Ulcerated Tree Spirit (region unconfirmed), may be sweep-granted by Ulcerated Tree Spirit (m60_37_54) [f65180]
1039522181	65270	set	$InitializeCommonEvent(90005792) arg1	lot_gates					commonarg-positive-by-construction	lot_gates:65270:90005792	single	world			Altus	unknown	7770039	Altus :: Purifying Crystal Tear - m60_39_52 (region unconfirmed), may be sweep-granted by Sanguine Noble (m60_40_53) [f65270]
1038480800	65290	set	cone root BOSS_KILL(1038480800) at m60_38_48_00.emevd.dcx.js:90005860 set by common_func.emevd.dcx.js:90005860	questline_conditions					extractor-cone-root	questline_conditions:65290:m60_38_48_00.emevd.dcx.js:90005860:0	unknown	world	Liurnia	flag_decode	Liurnia	no	7770040	Liurnia :: Magic-Shrouding Cracked Tear - Erdtree Avatar, may be sweep-granted by Erdtree Avatar (m60_38_48) [f65290]
map:m60_38	65290	set	cone root MAP_ACCESS(m60_38) at m60_38_48_00.emevd.dcx.js:90005860 set by m60_38_48_00.emevd.dcx.js	questline_conditions					extractor-cone-root	questline_conditions:65290:m60_38_48_00.emevd.dcx.js:90005860:0	unknown	map_access			Liurnia	unknown	7770040	Liurnia :: Magic-Shrouding Cracked Tear - Erdtree Avatar, may be sweep-granted by Erdtree Avatar (m60_38_48) [f65290]
map:m61_48	65410	set	cone root MAP_ACCESS(m61_48) at m61_48_46_00.emevd.dcx.js:90005301 set by m61_48_46_00.emevd.dcx.js	questline_conditions					extractor-cone-root	questline_conditions:65410:m61_48_46_00.emevd.dcx.js:90005301:200	single	map_access			Scadu Altus	unknown	7773683	Scadu Altus :: Crimsonburst Dried Tear - m61_48_46, may be sweep-granted by Ralva the Great Red Bear (m61_49_45) [f65410]
11007992	65660	clear	002696, Restart, function() { EndIf(EventFlag(11007992)); Wai	lot_gates					endif-bailout-inverts	lot_gates:65660:11002696	single	check	Leyndell	flag_decode	Leyndell	no	7770043	Leyndell :: Sanctified Whetblade - near Fortified Manor, First Floor, may be sweep-granted by Morgott, the Omen King (m11_00) [f65660]
map:m11_00	65660	set	cone root MAP_ACCESS(m11_00) at m11_00_00_00.emevd.dcx.js:11002696 set by m11_00_00_00.emevd.dcx.js	questline_conditions					extractor-cone-root	questline_conditions:65660:m11_00_00_00.emevd.dcx.js:11002696:	single	map_access	Leyndell	map_id	Leyndell	no	7770043	Leyndell :: Sanctified Whetblade - near Fortified Manor, First Floor, may be sweep-granted by Morgott, the Omen King (m11_00) [f65660]
map:m61_47	66990	set	cone root MAP_ACCESS(m61_47) at m61_47_37_00.emevd.dcx.js:90005301 set by m61_47_37_00.emevd.dcx.js	questline_conditions					extractor-cone-root	questline_conditions:66990:m61_47_37_00.emevd.dcx.js:90005301:0	single	map_access			Cerulean	unknown	7773702	Cerulean :: Hefty Cracked Pot - m61_47_37, may be sweep-granted by Dancer of Ranah (m61_46_38) [f66990]
110	68210	clear	talk 324001110 gate_sense=0 lot 102840	esd_gifts	Natural disaster_Melina goes up in flames	天変地異_メリナ炎上	emevd_event	1	esd-walk-gate-sense	esd_gifts:68210:324001110	unknown	world			Roundtable Hold	unknown	7770135	Roundtable Hold :: Fevor's Cookbook [3] - from Twin Maiden Husks [f68210]
11109662	68210	unknown	talk 324001110 gate_sense=1 lot 102840	esd_gifts	set by NPC talk 324001110 on m11_10_00_00		esd_talk	1	esd-received-memo	esd_gifts:68210:324001110	unknown	npc_state	Roundtable Hold	esd_talk_map	Roundtable Hold	no	7770135	Roundtable Hold :: Fevor's Cookbook [3] - from Twin Maiden Husks [f68210]
map:m61_48	68870	set	cone root MAP_ACCESS(m61_48) at m61_48_38_00.emevd.dcx.js:90005301 set by m61_48_38_00.emevd.dcx.js	questline_conditions					extractor-cone-root	questline_conditions:68870:m61_48_38_00.emevd.dcx.js:90005301:0	single	map_access			Cerulean	unknown	7770169	Cerulean :: Tibia's Cookbook - m61_48_38, may be sweep-granted by Ghostflame Dragon (m61_48_38) [f68870]
108	400001	clear	talk 3000 gate_sense=0 lot 100010	esd_gifts	Receiving crazy fire	狂い火の受領	emevd_event	1	esd-walk-gate-sense	esd_gifts:400001:3000	single	world			Leyndell	unknown	7770556	Leyndell :: Rold Medallion - talk to Melina after killing Morgott [f400001]
1035449216	400031	unknown	talk 301006000 gate_sense=0 lot 100310	esd_gifts	set by NPC talk 301006000 on m60_00_00_00		esd_talk	1	esd-received-memo	esd_gifts:400031:301006000	single	npc_state			Liurnia	unknown	7770557	Liurnia :: Lord of Blood's Favor - m10_01 (1) [f400031]
1035449226	400032	unknown	talk 301006000 gate_sense=0 lot 100320	esd_gifts	set by NPC talk 301006000 on m60_00_00_00		esd_talk	1	esd-received-memo	esd_gifts:400032:301006000	single	npc_state			Liurnia	unknown	7773703	Liurnia :: Pureblood Knight's Medal [f400032]
3383	400033	unknown	EndIf(EventFlag(400033)); EndIf(EventFlag(3383)); Wai	lot_gates	NPC310 Castle Lord's Daughter_Character state transition	NPC310城主の娘_キャラ状態遷移	emevd_event	3	lot_gates-senses-disagree	lot_gates:400033:3051	unknown	world	Liurnia	setter_map	Liurnia	no	7770558	Liurnia :: Lord of Blood's Favor - m10_01 (2) [f400033]
400031	400033	set	EndIf(EventFlag(400033)); EndIf(!EventFlag(400031)); Wai	lot_gates					endif-negated-bailout	lot_gates:400033:10010791	single	check			Liurnia	unknown	7770558	Liurnia :: Lord of Blood's Favor - m10_01 (2) [f400033]
400031	400033	set	EndIf(EventFlag(400033)); EndIf(!EventFlag(400031)); Wai	lot_gates					endif-negated-bailout	lot_gates:400033:1037493700	single	check			Liurnia	unknown	7770558	Liurnia :: Lord of Blood's Favor - m10_01 (2) [f400033]
400031	400033	set	EndIf(EventFlag(3383)); WaitFor(EventFlag(400031) && EventF	lot_gates					waitfor-blocks-until-set	lot_gates:400033:3051	unknown	check			Liurnia	unknown	7770558	Liurnia :: Lord of Blood's Favor - m10_01 (2) [f400033]
35009209	400033	clear	ventFlag(400031) && EventFlag(3383) && !EventFlag(35009209)); End	lot_gates	set by NPC talk 310003500 on m35_00_00_00		esd_talk	2	waitfor-negated	lot_gates:400033:3051	unknown	npc_state	Leyndell	test_map	Liurnia	yes	7770558	Liurnia :: Lord of Blood's Favor - m10_01 (2) [f400033]
12059166	400037	set	$InitializeCommonEvent(90005750) arg5	lot_gates	set by NPC talk 301101205 on m12_05_00_00		esd_talk	1	commonarg-positive-by-construction	lot_gates:400037:90005750	single	npc_state			Mohgwyn	unknown	7770560	Mohgwyn :: Varre's Bouquet - around Palace Approach Ledge-Road, may be sweep-granted by Mohg, Lord of Blood (m12_05) [f400037]
12059166	400037	set	cone root DIALOGUE_STEP(12059166) at m12_05_00_00.emevd.dcx.js:90005750 set by talk/m12_05_00_00-only/t301101205.py:t301101205_x35	questline_conditions	set by NPC talk 301101205 on m12_05_00_00		esd_talk	1	extractor-cone-root	questline_conditions:400037:m12_05_00_00.emevd.dcx.js:90005750:0	unknown	npc_state	Mohgwyn	esd_talk_map	Mohgwyn	no	7770560	Mohgwyn :: Varre's Bouquet - around Palace Approach Ledge-Road, may be sweep-granted by Mohg, Lord of Blood (m12_05) [f400037]
map:m12_05	400037	set	cone root MAP_ACCESS(m12_05) at m12_05_00_00.emevd.dcx.js:90005750 set by m12_05_00_00.emevd.dcx.js	questline_conditions					extractor-cone-root	questline_conditions:400037:m12_05_00_00.emevd.dcx.js:90005750:0	unknown	map_access	Mohgwyn	map_id	Mohgwyn	no	7770560	Mohgwyn :: Varre's Bouquet - around Palace Approach Ledge-Road, may be sweep-granted by Mohg, Lord of Blood (m12_05) [f400037]
10009360	400050	unknown	talk 302001000 gate_sense=0 lot 100500	esd_gifts	set by NPC talk 302001000 on m10_00_00_00		esd_talk	7	esd-received-memo	esd_gifts:400050:302001000	single	npc_state			Limgrave	unknown	7770561	Limgrave :: Grace Mimic - around Waypoint Ruins Cellar, may be sweep-granted by Mad Pumpkin Head (m60_44_36) [f400050]
10009360	400050	unknown	talk 302011000 gate_sense=0 lot 100500	esd_gifts	set by NPC talk 302001000 on m10_00_00_00		esd_talk	7	esd-received-memo	esd_gifts:400050:302011000	single	npc_state			Limgrave	unknown	7770561	Limgrave :: Grace Mimic - around Waypoint Ruins Cellar, may be sweep-granted by Mad Pumpkin Head (m60_44_36) [f400050]
10009360	400050	unknown	talk 302021000 gate_sense=0 lot 100500	esd_gifts	set by NPC talk 302001000 on m10_00_00_00		esd_talk	7	esd-received-memo	esd_gifts:400050:302021000	single	npc_state			Limgrave	unknown	7770561	Limgrave :: Grace Mimic - around Waypoint Ruins Cellar, may be sweep-granted by Mad Pumpkin Head (m60_44_36) [f400050]
10009360	400050	unknown	talk 302031000 gate_sense=0 lot 100500	esd_gifts	set by NPC talk 302001000 on m10_00_00_00		esd_talk	7	esd-received-memo	esd_gifts:400050:302031000	single	npc_state			Limgrave	unknown	7770561	Limgrave :: Grace Mimic - around Waypoint Ruins Cellar, may be sweep-granted by Mad Pumpkin Head (m60_44_36) [f400050]
10009360	400050	unknown	talk 302041000 gate_sense=0 lot 100500	esd_gifts	set by NPC talk 302001000 on m10_00_00_00		esd_talk	7	esd-received-memo	esd_gifts:400050:302041000	single	npc_state			Limgrave	unknown	7770561	Limgrave :: Grace Mimic - around Waypoint Ruins Cellar, may be sweep-granted by Mad Pumpkin Head (m60_44_36) [f400050]
10009360	400050	unknown	talk 302051000 gate_sense=0 lot 100500	esd_gifts	set by NPC talk 302001000 on m10_00_00_00		esd_talk	7	esd-received-memo	esd_gifts:400050:302051000	single	npc_state			Limgrave	unknown	7770561	Limgrave :: Grace Mimic - around Waypoint Ruins Cellar, may be sweep-granted by Mad Pumpkin Head (m60_44_36) [f400050]
10009360	400050	unknown	talk 302061000 gate_sense=0 lot 100500	esd_gifts	set by NPC talk 302001000 on m10_00_00_00		esd_talk	7	esd-received-memo	esd_gifts:400050:302061000	single	npc_state			Limgrave	unknown	7770561	Limgrave :: Grace Mimic - around Waypoint Ruins Cellar, may be sweep-granted by Mad Pumpkin Head (m60_44_36) [f400050]
1033442181	400061	set	$InitializeCommonEvent(90005792) arg1	lot_gates					commonarg-positive-by-construction	lot_gates:400061:90005792	single	world	Liurnia	flag_decode	Liurnia	no	7900005	Liurnia :: Rancorcall - around Revenger's Shack, may be sweep-granted by Erdtree Avatar (m60_33_43) [f400061]
1043319208	400061	set	$InitializeCommonEvent(90005750) arg5	lot_gates	Peninsula Fort Castle Lord_NPC initialization event_Initial state	半島砦の城主_NPC初期化イベント_初期状態	emevd_event	1	commonarg-positive-by-construction	lot_gates:400061:90005750	any	world	Weeping	flag_decode	Liurnia	yes	7900005	Liurnia :: Rancorcall - around Revenger's Shack, may be sweep-granted by Erdtree Avatar (m60_33_43) [f400061]
1045349258	400061	set	$InitializeCommonEvent(90005750) arg5	lot_gates	NPC311 Lord of the Peninsula Fort_NPC initialization event_Daughter's body discovered	NPC311半島砦の城主_NPC初期化イベント_娘の遺体発見	emevd_event	1	commonarg-positive-by-construction	lot_gates:400061:90005750	any	world			Liurnia	unknown	7900005	Liurnia :: Rancorcall - around Revenger's Shack, may be sweep-granted by Erdtree Avatar (m60_33_43) [f400061]
16009215	400070	unknown	talk 300001600 gate_sense=1 lot 100700	esd_gifts	set by NPC talk 300001600 on m16_00_00_00		esd_talk	1	esd-received-memo	esd_gifts:400070:300001600	unknown	npc_state	Mt. Gelmir	esd_talk_map	Altus	yes	7770563	Altus :: Tonic of Forgetfulness - around Road of Iniquity Side Path, may be sweep-granted by Wormface (m60_41_53) [f400070]
16009221	400070	unknown	talk 300001600 gate_sense=1 lot 100700	esd_gifts	set by NPC talk 300001600 on m16_00_00_00		esd_talk	1	esd-received-memo	esd_gifts:400070:300001600	unknown	npc_state	Mt. Gelmir	esd_talk_map	Altus	yes	7770563	Altus :: Tonic of Forgetfulness - around Road of Iniquity Side Path, may be sweep-granted by Wormface (m60_41_53) [f400070]
2048439206	400070	unknown	talk 419002200 gate_sense=1 lot 100700	esd_gifts	set by NPC talk 419002200 on m22_00_00_00		esd_talk	2	esd-received-memo	esd_gifts:400070:419002200	unknown	npc_state	Gravesite	flag_decode	Altus	yes	7770563	Altus :: Tonic of Forgetfulness - around Road of Iniquity Side Path, may be sweep-granted by Wormface (m60_41_53) [f400070]
2048439225	400070	unknown	talk 419002200 gate_sense=1 lot 100700	esd_gifts	set by NPC talk 419002200 on m22_00_00_00		esd_talk	2	esd-received-memo	esd_gifts:400070:419002200	unknown	npc_state	Gravesite	flag_decode	Altus	yes	7770563	Altus :: Tonic of Forgetfulness - around Road of Iniquity Side Path, may be sweep-granted by Wormface (m60_41_53) [f400070]
2048439228	400070	unknown	talk 419002200 gate_sense=1 lot 100700	esd_gifts	set by NPC talk 419002200 on m22_00_00_00		esd_talk	2	esd-received-memo	esd_gifts:400070:419002200	unknown	npc_state	Gravesite	flag_decode	Altus	yes	7770563	Altus :: Tonic of Forgetfulness - around Road of Iniquity Side Path, may be sweep-granted by Wormface (m60_41_53) [f400070]
2048439235	400070	unknown	talk 419002200 gate_sense=1 lot 100700	esd_gifts	set by NPC talk 419002200 on m22_00_00_00		esd_talk	2	esd-received-memo	esd_gifts:400070:419002200	unknown	npc_state	Gravesite	flag_decode	Altus	yes	7770563	Altus :: Tonic of Forgetfulness - around Road of Iniquity Side Path, may be sweep-granted by Wormface (m60_41_53) [f400070]
16009266	400071	set	$InitializeCommonEvent(90005750) arg5	lot_gates	NPC300 Mistress of the Volcano Hall_Items appear after defeating the escort	NPC300火山館の女主人_護衛撃破後アイテム出現	emevd_event	1	commonarg-positive-by-construction	lot_gates:400071:90005750	single	world	Mt. Gelmir	setter_map	Mt. Gelmir	no	7900006	Mt. Gelmir :: Consort's Robe - around Volcano Manor, may be sweep-granted by Abductor Virgin (Swinging Sickle) (m16_00) [f400071]
16009264	400071	set	cone root BOSS_KILL(16009264) at m16_00_00_00.emevd.dcx.js:90005750 set by m16_00_00_00.emevd.dcx.js:16003706	questline_conditions	NPC230 Mistress Escort_Battle ends	NPC230女主人の護衛_戦闘終了	emevd_event	1	extractor-cone-root	questline_conditions:400071:m16_00_00_00.emevd.dcx.js:90005750:0	unknown	world	Mt. Gelmir	setter_map	Mt. Gelmir	no	7900006	Mt. Gelmir :: Consort's Robe - around Volcano Manor, may be sweep-granted by Abductor Virgin (Swinging Sickle) (m16_00) [f400071]
map:m16_00	400071	set	cone root MAP_ACCESS(m16_00) at m16_00_00_00.emevd.dcx.js:90005750 set by m16_00_00_00.emevd.dcx.js	questline_conditions					extractor-cone-root	questline_conditions:400071:m16_00_00_00.emevd.dcx.js:90005750:0	unknown	map_access	Mt. Gelmir	map_id	Mt. Gelmir	no	7900006	Mt. Gelmir :: Consort's Robe - around Volcano Manor, may be sweep-granted by Abductor Virgin (Swinging Sickle) (m16_00) [f400071]
16009208	400072	unknown	talk 300001600 gate_sense=0 lot 100720	esd_gifts	set by NPC talk 300001600 on m16_00_00_00		esd_talk	1	esd-received-memo	esd_gifts:400072:300001600	single	npc_state	Mt. Gelmir	esd_talk_map	Mt. Gelmir	no	7770565	Mt. Gelmir :: Drawing-Room Key - Talk to Tanith [f400072]
16009270	400072	set	$InitializeCommonEvent(90005750) arg5	lot_gates					commonarg-positive-by-construction	lot_gates:400072:90005750	single	world			Mt. Gelmir	unknown	7770565	Mt. Gelmir :: Drawing-Room Key - Talk to Tanith [f400072]
3105	400072	set	cone root NPC_STATE(3105) at talk/m16_00_00_00-only/t300001600.py:t300001600_x49 set by common.emevd.dcx.js:3119	questline_conditions	NPC300 Volcano Hall Mistress_Character state transition	NPC300火山館の女主人_キャラ状態遷移	emevd_event	2	extractor-cone-root	questline_conditions:400072:talk/m16_00_00_00-only/t300001600.py:t300001600_x49:	unknown	world			Mt. Gelmir	unknown	7770565	Mt. Gelmir :: Drawing-Room Key - Talk to Tanith [f400072]
map:m16_00	400072	set	cone root MAP_ACCESS(m16_00) at talk/m16_00_00_00-only/t300001600.py:t300001600_x49 set by talk/m16_00_00_00-only/t300001600.py	questline_conditions					extractor-cone-root	questline_conditions:400072:talk/m16_00_00_00-only/t300001600.py:t300001600_x49:	unknown	map_access	Mt. Gelmir	map_id	Mt. Gelmir	no	7770565	Mt. Gelmir :: Drawing-Room Key - Talk to Tanith [f400072]
16009208	400073	set	$InitializeCommonEvent(90005750) arg5	lot_gates	set by NPC talk 300001600 on m16_00_00_00		esd_talk	1	commonarg-positive-by-construction	lot_gates:400073:90005750	single	npc_state			Mt. Gelmir	unknown	7770566	Mt. Gelmir :: Letter from Volcano Manor - around Volcano Manor (1), may be sweep-granted by Abductor Virgin (Swinging Sickle) (m16_00) [f400073]
3105	400073	set	cone root NPC_STATE(3105) at m16_00_00_00.emevd.dcx.js:90005750 set by common.emevd.dcx.js:3119	questline_conditions	NPC300 Volcano Hall Mistress_Character state transition	NPC300火山館の女主人_キャラ状態遷移	emevd_event	2	extractor-cone-root	questline_conditions:400073:m16_00_00_00.emevd.dcx.js:90005750:0	unknown	world			Mt. Gelmir	unknown	7770566	Mt. Gelmir :: Letter from Volcano Manor - around Volcano Manor (1), may be sweep-granted by Abductor Virgin (Swinging Sickle) (m16_00) [f400073]
16009208	400073	set	cone root DIALOGUE_STEP(16009208) at m16_00_00_00.emevd.dcx.js:90005750 set by talk/m16_00_00_00-only/t300001600.py:t300001600_x56	questline_conditions	set by NPC talk 300001600 on m16_00_00_00		esd_talk	1	extractor-cone-root	questline_conditions:400073:m16_00_00_00.emevd.dcx.js:90005750:0	unknown	npc_state	Mt. Gelmir	esd_talk_map	Mt. Gelmir	no	7770566	Mt. Gelmir :: Letter from Volcano Manor - around Volcano Manor (1), may be sweep-granted by Abductor Virgin (Swinging Sickle) (m16_00) [f400073]
1038519205	400073	set	cone root DIALOGUE_STEP(1038519205) at m16_00_00_00.emevd.dcx.js:90005750 set by talk/m60_00_00_00-only/t313006000.py:t313006000_x25	questline_conditions	set by NPC talk 313001600 on m16_00_00_00		esd_talk	2	extractor-cone-root	questline_conditions:400073:m16_00_00_00.emevd.dcx.js:90005750:0	unknown	npc_state	Altus	flag_decode	Mt. Gelmir	yes	7770566	Mt. Gelmir :: Letter from Volcano Manor - around Volcano Manor (1), may be sweep-granted by Abductor Virgin (Swinging Sickle) (m16_00) [f400073]
map:m16_00	400073	set	cone root MAP_ACCESS(m16_00) at m16_00_00_00.emevd.dcx.js:90005750 set by m16_00_00_00.emevd.dcx.js	questline_conditions					extractor-cone-root	questline_conditions:400073:m16_00_00_00.emevd.dcx.js:90005750:0	unknown	map_access	Mt. Gelmir	map_id	Mt. Gelmir	no	7770566	Mt. Gelmir :: Letter from Volcano Manor - around Volcano Manor (1), may be sweep-granted by Abductor Virgin (Swinging Sickle) (m16_00) [f400073]
16009216	400074	set	$InitializeCommonEvent(90005750) arg5	lot_gates	set by NPC talk 300001600 on m16_00_00_00		esd_talk	1	commonarg-positive-by-construction	lot_gates:400074:90005750	single	npc_state			Mt. Gelmir	unknown	7770567	Mt. Gelmir :: Letter from Volcano Manor - around Volcano Manor (2), may be sweep-granted by Rykard, Lord of Blasphemy (m16_00) [f400074]
16009217	400075	set	$InitializeCommonEvent(90005750) arg5	lot_gates	set by NPC talk 300001600 on m16_00_00_00		esd_talk	1	commonarg-positive-by-construction	lot_gates:400075:90005750	single	npc_state			Mt. Gelmir	unknown	7770568	Mt. Gelmir :: Red Letter - around Volcano Manor, may be sweep-granted by Godskin Noble (m16_00) [f400075]
16009215	400076	unknown	talk 300001600 gate_sense=1 lot 100760	esd_gifts	set by NPC talk 300001600 on m16_00_00_00		esd_talk	1	esd-received-memo	esd_gifts:400076:300001600	single	npc_state	Mt. Gelmir	esd_talk_map	Mt. Gelmir	no	7770569	Mt. Gelmir :: [Sorcery] Magma Shot - around Volcano Manor, may be sweep-granted by Abductor Virgin (Swinging Sickle) (m16_00) [f400076]
16009267	400076	set	$InitializeCommonEvent(90005750) arg5	lot_gates	NPC300 Mistress of the Volcano Hall_Respond after defeating Rykard without completing the request.	NPC300火山館の女主人_依頼未達成でライカード撃破後対応	emevd_event	1	commonarg-positive-by-construction	lot_gates:400076:90005750	single	world	Mt. Gelmir	setter_map	Mt. Gelmir	no	7770569	Mt. Gelmir :: [Sorcery] Magma Shot - around Volcano Manor, may be sweep-granted by Abductor Virgin (Swinging Sickle) (m16_00) [f400076]
3105	400076	set	cone root NPC_STATE(3105) at m16_00_00_00.emevd.dcx.js:90005750 set by common.emevd.dcx.js:3119	questline_conditions	NPC300 Volcano Hall Mistress_Character state transition	NPC300火山館の女主人_キャラ状態遷移	emevd_event	2	extractor-cone-root	questline_conditions:400076:m16_00_00_00.emevd.dcx.js:90005750:0	unknown	world			Mt. Gelmir	unknown	7770569	Mt. Gelmir :: [Sorcery] Magma Shot - around Volcano Manor, may be sweep-granted by Abductor Virgin (Swinging Sickle) (m16_00) [f400076]
16000800	400076	set	cone root BOSS_KILL(16000800) at m16_00_00_00.emevd.dcx.js:90005750 set by m16_00_00_00.emevd.dcx.js:16002800	questline_conditions	Defeat the Ghoul King	グールの王撃破	emevd_event	1	extractor-cone-root	questline_conditions:400076:m16_00_00_00.emevd.dcx.js:90005750:0	unknown	world	Mt. Gelmir	setter_map	Mt. Gelmir	no	7770569	Mt. Gelmir :: [Sorcery] Magma Shot - around Volcano Manor, may be sweep-granted by Abductor Virgin (Swinging Sickle) (m16_00) [f400076]
16009208	400076	set	cone root DIALOGUE_STEP(16009208) at m16_00_00_00.emevd.dcx.js:90005750 set by talk/m16_00_00_00-only/t300001600.py:t300001600_x56	questline_conditions	set by NPC talk 300001600 on m16_00_00_00		esd_talk	1	extractor-cone-root	questline_conditions:400076:m16_00_00_00.emevd.dcx.js:90005750:0	unknown	npc_state	Mt. Gelmir	esd_talk_map	Mt. Gelmir	no	7770569	Mt. Gelmir :: [Sorcery] Magma Shot - around Volcano Manor, may be sweep-granted by Abductor Virgin (Swinging Sickle) (m16_00) [f400076]
1038519205	400076	set	cone root DIALOGUE_STEP(1038519205) at m16_00_00_00.emevd.dcx.js:90005750 set by talk/m60_00_00_00-only/t313006000.py:t313006000_x25	questline_conditions	set by NPC talk 313001600 on m16_00_00_00		esd_talk	2	extractor-cone-root	questline_conditions:400076:m16_00_00_00.emevd.dcx.js:90005750:0	unknown	npc_state	Altus	flag_decode	Mt. Gelmir	yes	7770569	Mt. Gelmir :: [Sorcery] Magma Shot - around Volcano Manor, may be sweep-granted by Abductor Virgin (Swinging Sickle) (m16_00) [f400076]
map:m16_00	400076	set	cone root MAP_ACCESS(m16_00) at m16_00_00_00.emevd.dcx.js:90005750 set by m16_00_00_00.emevd.dcx.js	questline_conditions					extractor-cone-root	questline_conditions:400076:m16_00_00_00.emevd.dcx.js:90005750:0	unknown	map_access	Mt. Gelmir	map_id	Mt. Gelmir	no	7770569	Mt. Gelmir :: [Sorcery] Magma Shot - around Volcano Manor, may be sweep-granted by Abductor Virgin (Swinging Sickle) (m16_00) [f400076]
16009215	400077	unknown	talk 300001600 gate_sense=1 lot 100770	esd_gifts	set by NPC talk 300001600 on m16_00_00_00		esd_talk	1	esd-received-memo	esd_gifts:400077:300001600	single	npc_state	Mt. Gelmir	esd_talk_map	Mt. Gelmir	no	7770570	Mt. Gelmir :: Serpentbone Blade - around Volcano Manor, may be sweep-granted by Rykard, Lord of Blasphemy (m16_00) [f400077]
16009268	400077	set	$InitializeCommonEvent(90005750) arg5	lot_gates	NPC300 Mistress of the Volcano Hall_Respond after defeating Rykard without completing the request.	NPC300火山館の女主人_依頼未達成でライカード撃破後対応	emevd_event	1	commonarg-positive-by-construction	lot_gates:400077:90005750	single	world	Mt. Gelmir	setter_map	Mt. Gelmir	no	7770570	Mt. Gelmir :: Serpentbone Blade - around Volcano Manor, may be sweep-granted by Rykard, Lord of Blasphemy (m16_00) [f400077]
3105	400077	set	cone root NPC_STATE(3105) at m16_00_00_00.emevd.dcx.js:90005750 set by common.emevd.dcx.js:3119	questline_conditions	NPC300 Volcano Hall Mistress_Character state transition	NPC300火山館の女主人_キャラ状態遷移	emevd_event	2	extractor-cone-root	questline_conditions:400077:m16_00_00_00.emevd.dcx.js:90005750:0	unknown	world			Mt. Gelmir	unknown	7770570	Mt. Gelmir :: Serpentbone Blade - around Volcano Manor, may be sweep-granted by Rykard, Lord of Blasphemy (m16_00) [f400077]
16000800	400077	set	cone root BOSS_KILL(16000800) at m16_00_00_00.emevd.dcx.js:90005750 set by m16_00_00_00.emevd.dcx.js:16002800	questline_conditions	Defeat the Ghoul King	グールの王撃破	emevd_event	1	extractor-cone-root	questline_conditions:400077:m16_00_00_00.emevd.dcx.js:90005750:0	unknown	world	Mt. Gelmir	setter_map	Mt. Gelmir	no	7770570	Mt. Gelmir :: Serpentbone Blade - around Volcano Manor, may be sweep-granted by Rykard, Lord of Blasphemy (m16_00) [f400077]
16009208	400077	set	cone root DIALOGUE_STEP(16009208) at m16_00_00_00.emevd.dcx.js:90005750 set by talk/m16_00_00_00-only/t300001600.py:t300001600_x56	questline_conditions	set by NPC talk 300001600 on m16_00_00_00		esd_talk	1	extractor-cone-root	questline_conditions:400077:m16_00_00_00.emevd.dcx.js:90005750:0	unknown	npc_state	Mt. Gelmir	esd_talk_map	Mt. Gelmir	no	7770570	Mt. Gelmir :: Serpentbone Blade - around Volcano Manor, may be sweep-granted by Rykard, Lord of Blasphemy (m16_00) [f400077]
1038519205	400077	set	cone root DIALOGUE_STEP(1038519205) at m16_00_00_00.emevd.dcx.js:90005750 set by talk/m60_00_00_00-only/t313006000.py:t313006000_x25	questline_conditions	set by NPC talk 313001600 on m16_00_00_00		esd_talk	2	extractor-cone-root	questline_conditions:400077:m16_00_00_00.emevd.dcx.js:90005750:0	unknown	npc_state	Altus	flag_decode	Mt. Gelmir	yes	7770570	Mt. Gelmir :: Serpentbone Blade - around Volcano Manor, may be sweep-granted by Rykard, Lord of Blasphemy (m16_00) [f400077]
map:m16_00	400077	set	cone root MAP_ACCESS(m16_00) at m16_00_00_00.emevd.dcx.js:90005750 set by m16_00_00_00.emevd.dcx.js	questline_conditions					extractor-cone-root	questline_conditions:400077:m16_00_00_00.emevd.dcx.js:90005750:0	unknown	map_access	Mt. Gelmir	map_id	Mt. Gelmir	no	7770570	Mt. Gelmir :: Serpentbone Blade - around Volcano Manor, may be sweep-granted by Rykard, Lord of Blasphemy (m16_00) [f400077]
16009237	400078	unknown	talk 300001600 gate_sense=0 lot 100780	esd_gifts	set by NPC talk 300001600 on m16_00_00_00		esd_talk	1	esd-received-memo	esd_gifts:400078:300001600	single	npc_state	Mt. Gelmir	esd_talk_map	Mt. Gelmir	no	7770571	Mt. Gelmir :: Taker's Cameo - around Volcano Manor, may be sweep-granted by Godskin Noble (m16_00) [f400078]
16009269	400078	set	$InitializeCommonEvent(90005750) arg5	lot_gates	NPC300 Mistress of the Volcano Hall_Respond after defeating Rykard without completing the request.	NPC300火山館の女主人_依頼未達成でライカード撃破後対応	emevd_event	1	commonarg-positive-by-construction	lot_gates:400078:90005750	single	world	Mt. Gelmir	setter_map	Mt. Gelmir	no	7770571	Mt. Gelmir :: Taker's Cameo - around Volcano Manor, may be sweep-granted by Godskin Noble (m16_00) [f400078]
3105	400078	set	cone root NPC_STATE(3105) at m16_00_00_00.emevd.dcx.js:90005750 set by common.emevd.dcx.js:3119	questline_conditions	NPC300 Volcano Hall Mistress_Character state transition	NPC300火山館の女主人_キャラ状態遷移	emevd_event	2	extractor-cone-root	questline_conditions:400078:m16_00_00_00.emevd.dcx.js:90005750:0	unknown	world			Mt. Gelmir	unknown	7770571	Mt. Gelmir :: Taker's Cameo - around Volcano Manor, may be sweep-granted by Godskin Noble (m16_00) [f400078]
16000800	400078	set	cone root BOSS_KILL(16000800) at m16_00_00_00.emevd.dcx.js:90005750 set by m16_00_00_00.emevd.dcx.js:16002800	questline_conditions	Defeat the Ghoul King	グールの王撃破	emevd_event	1	extractor-cone-root	questline_conditions:400078:m16_00_00_00.emevd.dcx.js:90005750:0	unknown	world	Mt. Gelmir	setter_map	Mt. Gelmir	no	7770571	Mt. Gelmir :: Taker's Cameo - around Volcano Manor, may be sweep-granted by Godskin Noble (m16_00) [f400078]
16009208	400078	set	cone root DIALOGUE_STEP(16009208) at m16_00_00_00.emevd.dcx.js:90005750 set by talk/m16_00_00_00-only/t300001600.py:t300001600_x56	questline_conditions	set by NPC talk 300001600 on m16_00_00_00		esd_talk	1	extractor-cone-root	questline_conditions:400078:m16_00_00_00.emevd.dcx.js:90005750:0	unknown	npc_state	Mt. Gelmir	esd_talk_map	Mt. Gelmir	no	7770571	Mt. Gelmir :: Taker's Cameo - around Volcano Manor, may be sweep-granted by Godskin Noble (m16_00) [f400078]
1038519205	400078	set	cone root DIALOGUE_STEP(1038519205) at m16_00_00_00.emevd.dcx.js:90005750 set by talk/m60_00_00_00-only/t313006000.py:t313006000_x25	questline_conditions	set by NPC talk 313001600 on m16_00_00_00		esd_talk	2	extractor-cone-root	questline_conditions:400078:m16_00_00_00.emevd.dcx.js:90005750:0	unknown	npc_state	Altus	flag_decode	Mt. Gelmir	yes	7770571	Mt. Gelmir :: Taker's Cameo - around Volcano Manor, may be sweep-granted by Godskin Noble (m16_00) [f400078]
map:m16_00	400078	set	cone root MAP_ACCESS(m16_00) at m16_00_00_00.emevd.dcx.js:90005750 set by m16_00_00_00.emevd.dcx.js	questline_conditions					extractor-cone-root	questline_conditions:400078:m16_00_00_00.emevd.dcx.js:90005750:0	unknown	map_access	Mt. Gelmir	map_id	Mt. Gelmir	no	7770571	Mt. Gelmir :: Taker's Cameo - around Volcano Manor, may be sweep-granted by Godskin Noble (m16_00) [f400078]
1045349207	400080	unknown	talk 310003500 gate_sense=0 lot 100800	esd_gifts	set by NPC talk 310003500 on m35_00_00_00		esd_talk	2	esd-received-memo	esd_gifts:400080:310003500	single	npc_state	Leyndell	esd_talk_map	Weeping	yes	7773706	Weeping :: Irina's Letter - m60_45_34 (region unconfirmed), may be sweep-granted by Deathbird (m60_44_32) [f400080]
1045349207	400080	unknown	talk 310006000 gate_sense=0 lot 100800	esd_gifts	set by NPC talk 310003500 on m35_00_00_00		esd_talk	2	esd-received-memo	esd_gifts:400080:310006000	single	npc_state	Leyndell	esd_talk_map	Weeping	yes	7773706	Weeping :: Irina's Letter - m60_45_34 (region unconfirmed), may be sweep-granted by Deathbird (m60_44_32) [f400080]
3385	400080	set	cone root NPC_STATE(3385) at talk/m35_00_00_00-only/t310003500.py:t310003500_x50 set by common.emevd.dcx.js:3399	questline_conditions	NPC310 Castle Lord's Daughter_Character state transition	NPC310城主の娘_キャラ状態遷移	emevd_event	2	extractor-cone-root	questline_conditions:400080:talk/m35_00_00_00-only/t310003500.py:t310003500_x50:	unknown	world			Weeping	unknown	7773706	Weeping :: Irina's Letter - m60_45_34 (region unconfirmed), may be sweep-granted by Deathbird (m60_44_32) [f400080]
3385	400080	set	cone root NPC_STATE(3385) at talk/m60_00_00_00-only/t310006000.py:t310006000_x50 set by common.emevd.dcx.js:3399	questline_conditions	NPC310 Castle Lord's Daughter_Character state transition	NPC310城主の娘_キャラ状態遷移	emevd_event	2	extractor-cone-root	questline_conditions:400080:talk/m60_00_00_00-only/t310006000.py:t310006000_x50:	unknown	world			Weeping	unknown	7773706	Weeping :: Irina's Letter - m60_45_34 (region unconfirmed), may be sweep-granted by Deathbird (m60_44_32) [f400080]
1045349205	400080	set	cone root DIALOGUE_STEP(1045349205) at talk/m35_00_00_00-only/t310003500.py:t310003500_x50 set by talk/m35_00_00_00-only/t310003500.py:t310003500_x31	questline_conditions	set by NPC talk 310003500 on m35_00_00_00		esd_talk	2	extractor-cone-root	questline_conditions:400080:talk/m35_00_00_00-only/t310003500.py:t310003500_x50:	unknown	npc_state	Leyndell	esd_talk_map	Weeping	yes	7773706	Weeping :: Irina's Letter - m60_45_34 (region unconfirmed), may be sweep-granted by Deathbird (m60_44_32) [f400080]
1045349205	400080	set	cone root DIALOGUE_STEP(1045349205) at talk/m60_00_00_00-only/t310006000.py:t310006000_x50 set by talk/m35_00_00_00-only/t310003500.py:t310003500_x31	questline_conditions	set by NPC talk 310003500 on m35_00_00_00		esd_talk	2	extractor-cone-root	questline_conditions:400080:talk/m60_00_00_00-only/t310006000.py:t310006000_x50:	unknown	npc_state	Leyndell	esd_talk_map	Weeping	yes	7773706	Weeping :: Irina's Letter - m60_45_34 (region unconfirmed), may be sweep-granted by Deathbird (m60_44_32) [f400080]
map:m35_00	400080	set	cone root MAP_ACCESS(m35_00) at talk/m35_00_00_00-only/t310003500.py:t310003500_x50 set by talk/m35_00_00_00-only/t310003500.py	questline_conditions					extractor-cone-root	questline_conditions:400080:talk/m35_00_00_00-only/t310003500.py:t310003500_x50:	unknown	map_access	Leyndell	map_id	Weeping	yes	7773706	Weeping :: Irina's Letter - m60_45_34 (region unconfirmed), may be sweep-granted by Deathbird (m60_44_32) [f400080]
map:m60_00	400080	set	cone root MAP_ACCESS(m60_00) at talk/m60_00_00_00-only/t310006000.py:t310006000_x50 set by talk/m60_00_00_00-only/t310006000.py	questline_conditions					extractor-cone-root	questline_conditions:400080:talk/m60_00_00_00-only/t310006000.py:t310006000_x50:	unknown	map_access			Weeping	unknown	7773706	Weeping :: Irina's Letter - m60_45_34 (region unconfirmed), may be sweep-granted by Deathbird (m60_44_32) [f400080]
35009211	400089	set	$InitializeCommonEvent(90005750) arg5	lot_gates	NPC310 Castle Lord's Daughter_Item light appearance timing adjustment	NPC310城主の娘_アイテム光出現タイミング調整	emevd_event	1	commonarg-positive-by-construction	lot_gates:400089:90005750	single	world	Leyndell	setter_map	Leyndell	no	7770572	Leyndell :: Frenzied Flame Seal - around Underground Roadside, may be sweep-granted by Mohg, the Omen (m35_00) [f400089]
1037429210	400090	unknown	talk 313001600 gate_sense=0 lot 100900	esd_gifts	set by NPC talk 313001600 on m16_00_00_00		esd_talk	2	esd-received-memo	esd_gifts:400090:313001600	single	npc_state	Liurnia	flag_decode	Mt. Gelmir	yes	7773707	Mt. Gelmir :: Volcano Manor Invitation - around Volcano Manor, may be sweep-granted by Rykard, Lord of Blasphemy (m16_00) [f400090]
1037429210	400090	unknown	talk 313006000 gate_sense=0 lot 100900	esd_gifts	set by NPC talk 313001600 on m16_00_00_00		esd_talk	2	esd-received-memo	esd_gifts:400090:313006000	single	npc_state	Liurnia	flag_decode	Mt. Gelmir	yes	7773707	Mt. Gelmir :: Volcano Manor Invitation - around Volcano Manor, may be sweep-granted by Rykard, Lord of Blasphemy (m16_00) [f400090]
16009337	400091	set	$InitializeCommonEvent(90005750) arg5	lot_gates	NPC313 Volcano Hall Recruiter_ Flag to leave items behind	NPC313火山館の勧誘者_アイテムを残して立ち去るフラグ立て	emevd_event	1	commonarg-positive-by-construction	lot_gates:400091:90005750	any	world	Mt. Gelmir	setter_map	Mt. Gelmir	no	7900007	Mt. Gelmir :: Daedicar's Woe - around Volcano Manor, may be sweep-granted by Rykard, Lord of Blasphemy (m16_00) [f400091]
16009338	400091	set	$InitializeCommonEvent(90005750) arg5	lot_gates	NPC313 Volcano Hall Recruiter_ Flag to leave items behind	NPC313火山館の勧誘者_アイテムを残して立ち去るフラグ立て	emevd_event	1	commonarg-positive-by-construction	lot_gates:400091:90005750	any	world	Mt. Gelmir	setter_map	Mt. Gelmir	no	7900007	Mt. Gelmir :: Daedicar's Woe - around Volcano Manor, may be sweep-granted by Rykard, Lord of Blasphemy (m16_00) [f400091]
14009266	400101	unknown	talk 316206000 gate_sense=0 lot 101010	esd_gifts	set by NPC talk 316206000 on m60_00_00_00		esd_talk	2	esd-received-memo	esd_gifts:400101:316206000	single	npc_state	Raya Lucaria Academy	esd_talk_map	Raya Lucaria Academy	no	7773708	Raya Lucaria Academy :: Glintstone Kris - around Church of the Cuckoo, may be sweep-granted by Red Wolf of Radagon (m14_00) [f400101]
14009266	400101	unknown	talk 316211400 gate_sense=0 lot 101010	esd_gifts	set by NPC talk 316206000 on m60_00_00_00		esd_talk	2	esd-received-memo	esd_gifts:400101:316211400	single	npc_state	Raya Lucaria Academy	esd_talk_map	Raya Lucaria Academy	no	7773708	Raya Lucaria Academy :: Glintstone Kris - around Church of the Cuckoo, may be sweep-granted by Red Wolf of Radagon (m14_00) [f400101]
14009259	400103	unknown	talk 316206000 gate_sense=1 lot 101030	esd_gifts	set by NPC talk 316206000 on m60_00_00_00		esd_talk	2	esd-received-memo	esd_gifts:400103:316206000	single	npc_state	Raya Lucaria Academy	esd_talk_map	Raya Lucaria Academy	no	7773709	Raya Lucaria Academy :: Starlight Shards - around Church of the Cuckoo, may be sweep-granted by Rennala, Queen of the Full Moon (m14_00) [f400103]
14009259	400103	unknown	talk 316211400 gate_sense=1 lot 101030	esd_gifts	set by NPC talk 316206000 on m60_00_00_00		esd_talk	2	esd-received-memo	esd_gifts:400103:316211400	single	npc_state	Raya Lucaria Academy	esd_talk_map	Raya Lucaria Academy	no	7773709	Raya Lucaria Academy :: Starlight Shards - around Church of the Cuckoo, may be sweep-granted by Rennala, Queen of the Full Moon (m14_00) [f400103]
1044369219	400103	unknown	talk 316006000 gate_sense=1 lot 101030	esd_gifts	set by NPC talk 316006000 on m60_00_00_00		esd_talk	1	esd-received-memo	esd_gifts:400103:316006000	single	npc_state	Limgrave	flag_decode	Raya Lucaria Academy	yes	7773709	Raya Lucaria Academy :: Starlight Shards - around Church of the Cuckoo, may be sweep-granted by Rennala, Queen of the Full Moon (m14_00) [f400103]
7608	400106	set	106)); WaitFor(ElapsedSeconds(2) && EventFlag(7608)); Awa	lot_gates					waitfor-blocks-until-set	lot_gates:400106:14000731	single	world			Raya Lucaria Academy	unknown	7770574	Raya Lucaria Academy :: Sellen's Bell Bearing - Table of Lost Grace, may be sweep-granted by Rennala, Queen of the Full Moon (m14_00) [f400106]
7608	400106	set	cone root BOSS_KILL(7608) at m14_00_00_00.emevd.dcx.js:14000731 set by common_func.emevd.dcx.js:90005796	questline_conditions					extractor-cone-root	questline_conditions:400106:m14_00_00_00.emevd.dcx.js:14000731:	unknown	world			Raya Lucaria Academy	unknown	7770574	Raya Lucaria Academy :: Sellen's Bell Bearing - Table of Lost Grace, may be sweep-granted by Rennala, Queen of the Full Moon (m14_00) [f400106]
map:m14_00	400106	set	cone root MAP_ACCESS(m14_00) at m14_00_00_00.emevd.dcx.js:14000731 set by m14_00_00_00.emevd.dcx.js	questline_conditions					extractor-cone-root	questline_conditions:400106:m14_00_00_00.emevd.dcx.js:14000731:	unknown	map_access	Raya Lucaria Academy	map_id	Raya Lucaria Academy	no	7770574	Raya Lucaria Academy :: Sellen's Bell Bearing - Table of Lost Grace, may be sweep-granted by Rennala, Queen of the Full Moon (m14_00) [f400106]
3469	400107	set	$InitializeCommonEvent(90005750) arg5	lot_gates	NPC316 Academy Female Magician_Character state transition	NPC316学院の女魔術師_キャラ状態遷移	emevd_event	2	commonarg-positive-by-construction	lot_gates:400107:90005750	single	world	Weeping	test_map	Raya Lucaria Academy	yes	7770575	Raya Lucaria Academy :: Witch's Glintstone Crown - around Church of the Cuckoo, may be sweep-granted by Red Wolf of Radagon (m14_00) [f400107]
1035429209	400130	unknown	talk 219006000 gate_sense=0 lot 101300	esd_gifts	set by NPC talk 219006000 on m60_00_00_00		esd_talk	1	esd-received-memo	esd_gifts:400130:219006000	single	npc_state	Liurnia	flag_decode	Liurnia	no	7773710	Liurnia :: Haligtree Secret Medallion (Right) - Kill albinauric disguised as pot (or, talk to him) [f400130]
3545	400130	set	cone root NPC_STATE(3545) at talk/m60_00_00_00-only/t219006000.py:t219006000_x11 set by common.emevd.dcx.js:3559	questline_conditions	NPC219 NPC in the withered village_Character state transition	NPC219足萎え村のNPC_キャラ状態遷移	emevd_event	2	extractor-cone-root	questline_conditions:400130:talk/m60_00_00_00-only/t219006000.py:t219006000_x11:	unknown	world			Liurnia	unknown	7773710	Liurnia :: Haligtree Secret Medallion (Right) - Kill albinauric disguised as pot (or, talk to him) [f400130]
3545	400130	set	cone root NPC_STATE(3545) at talk/m60_00_00_00-only/t219006000.py:t219006000_x7 set by common.emevd.dcx.js:3559	questline_conditions	NPC219 NPC in the withered village_Character state transition	NPC219足萎え村のNPC_キャラ状態遷移	emevd_event	2	extractor-cone-root	questline_conditions:400130:talk/m60_00_00_00-only/t219006000.py:t219006000_x7:	unknown	world			Liurnia	unknown	7773710	Liurnia :: Haligtree Secret Medallion (Right) - Kill albinauric disguised as pot (or, talk to him) [f400130]
1035429209	400130	set	cone root DIALOGUE_STEP(1035429209) at talk/m60_00_00_00-only/t219006000.py:t219006000_x11 set by talk/m60_00_00_00-only/t219006000.py:t219006000_x7	questline_conditions	set by NPC talk 219006000 on m60_00_00_00		esd_talk	1	extractor-cone-root	questline_conditions:400130:talk/m60_00_00_00-only/t219006000.py:t219006000_x11:	unknown	npc_state	Liurnia	flag_decode	Liurnia	no	7773710	Liurnia :: Haligtree Secret Medallion (Right) - Kill albinauric disguised as pot (or, talk to him) [f400130]
1035429209	400130	set	cone root DIALOGUE_STEP(1035429209) at talk/m60_00_00_00-only/t219006000.py:t219006000_x7 set by talk/m60_00_00_00-only/t219006000.py:t219006000_x7	questline_conditions	set by NPC talk 219006000 on m60_00_00_00		esd_talk	1	extractor-cone-root	questline_conditions:400130:talk/m60_00_00_00-only/t219006000.py:t219006000_x7:	unknown	npc_state	Liurnia	flag_decode	Liurnia	no	7773710	Liurnia :: Haligtree Secret Medallion (Right) - Kill albinauric disguised as pot (or, talk to him) [f400130]
map:m60_00	400130	set	cone root MAP_ACCESS(m60_00) at talk/m60_00_00_00-only/t219006000.py:t219006000_x11 set by talk/m60_00_00_00-only/t219006000.py	questline_conditions					extractor-cone-root	questline_conditions:400130:talk/m60_00_00_00-only/t219006000.py:t219006000_x11:	unknown	map_access			Liurnia	unknown	7773710	Liurnia :: Haligtree Secret Medallion (Right) - Kill albinauric disguised as pot (or, talk to him) [f400130]
map:m60_00	400130	set	cone root MAP_ACCESS(m60_00) at talk/m60_00_00_00-only/t219006000.py:t219006000_x7 set by talk/m60_00_00_00-only/t219006000.py	questline_conditions					extractor-cone-root	questline_conditions:400130:talk/m60_00_00_00-only/t219006000.py:t219006000_x7:	unknown	map_access			Liurnia	unknown	7773710	Liurnia :: Haligtree Secret Medallion (Right) - Kill albinauric disguised as pot (or, talk to him) [f400130]
3569	400148	set	$InitializeCommonEvent(90005750) arg5	lot_gates	NPC307 Puppeteer_Character state transition	NPC307傀儡師_キャラ状態遷移	emevd_event	2	commonarg-positive-by-construction	lot_gates:400148:90005750	single	world			Liurnia	unknown	7900011	Liurnia :: Preceptor's Trousers - near Royal Moongazing Grounds, may be sweep-granted by Glintstone Dragon Adula (m60_34_50) [f400148]
3560	400148	set	cone root NPC_STATE(3560) at m60_34_50_00.emevd.dcx.js:90005750 set by common.emevd.dcx.js:3579	questline_conditions	NPC330_Atonement Priest_Performing absolution	NPC330_贖罪司祭_免罪実行	emevd_event	5	extractor-cone-root-budget-capped	questline_conditions:400148:m60_34_50_00.emevd.dcx.js:90005750:0	unknown	world			Liurnia	unknown	7900011	Liurnia :: Preceptor's Trousers - near Royal Moongazing Grounds, may be sweep-granted by Glintstone Dragon Adula (m60_34_50) [f400148]
3561	400148	set	cone root NPC_STATE(3561) at m60_34_50_00.emevd.dcx.js:90005750 set by common.emevd.dcx.js:3049	questline_conditions	Rani gang is hostile	ラニ一味敵対	emevd_event	4	extractor-cone-root-budget-capped	questline_conditions:400148:m60_34_50_00.emevd.dcx.js:90005750:0	unknown	world			Liurnia	unknown	7900011	Liurnia :: Preceptor's Trousers - near Royal Moongazing Grounds, may be sweep-granted by Glintstone Dragon Adula (m60_34_50) [f400148]
3565	400148	set	cone root NPC_STATE(3565) at m60_34_50_00.emevd.dcx.js:90005750 set by common.emevd.dcx.js:3579	questline_conditions	NPC307 Puppeteer_Character state transition	NPC307傀儡師_キャラ状態遷移	emevd_event	2	extractor-cone-root-budget-capped	questline_conditions:400148:m60_34_50_00.emevd.dcx.js:90005750:0	unknown	world			Liurnia	unknown	7900011	Liurnia :: Preceptor's Trousers - near Royal Moongazing Grounds, may be sweep-granted by Glintstone Dragon Adula (m60_34_50) [f400148]
3566	400148	set	cone root NPC_STATE(3566) at m60_34_50_00.emevd.dcx.js:90005750 set by common.emevd.dcx.js:3579	questline_conditions	NPC307 Puppeteer_Character state transition	NPC307傀儡師_キャラ状態遷移	emevd_event	2	extractor-cone-root-budget-capped	questline_conditions:400148:m60_34_50_00.emevd.dcx.js:90005750:0	unknown	world			Liurnia	unknown	7900011	Liurnia :: Preceptor's Trousers - near Royal Moongazing Grounds, may be sweep-granted by Glintstone Dragon Adula (m60_34_50) [f400148]
3567	400148	set	cone root NPC_STATE(3567) at m60_34_50_00.emevd.dcx.js:90005750 set by common.emevd.dcx.js:3579	questline_conditions	NPC307 Puppeteer_Character state transition	NPC307傀儡師_キャラ状態遷移	emevd_event	2	extractor-cone-root-budget-capped	questline_conditions:400148:m60_34_50_00.emevd.dcx.js:90005750:0	unknown	world			Liurnia	unknown	7900011	Liurnia :: Preceptor's Trousers - near Royal Moongazing Grounds, may be sweep-granted by Glintstone Dragon Adula (m60_34_50) [f400148]
3568	400148	set	cone root NPC_STATE(3568) at m60_34_50_00.emevd.dcx.js:90005750 set by common.emevd.dcx.js:3579	questline_conditions	NPC307 Puppeteer_Character state transition	NPC307傀儡師_キャラ状態遷移	emevd_event	2	extractor-cone-root-budget-capped	questline_conditions:400148:m60_34_50_00.emevd.dcx.js:90005750:0	unknown	world			Liurnia	unknown	7900011	Liurnia :: Preceptor's Trousers - near Royal Moongazing Grounds, may be sweep-granted by Glintstone Dragon Adula (m60_34_50) [f400148]
3569	400148	set	cone root NPC_STATE(3569) at m60_34_50_00.emevd.dcx.js:90005750 set by common.emevd.dcx.js:3579	questline_conditions	NPC307 Puppeteer_Character state transition	NPC307傀儡師_キャラ状態遷移	emevd_event	2	extractor-cone-root-budget-capped	questline_conditions:400148:m60_34_50_00.emevd.dcx.js:90005750:0	unknown	world			Liurnia	unknown	7900011	Liurnia :: Preceptor's Trousers - near Royal Moongazing Grounds, may be sweep-granted by Glintstone Dragon Adula (m60_34_50) [f400148]
3600	400148	set	cone root NPC_STATE(3600) at m60_34_50_00.emevd.dcx.js:90005750 set by common.emevd.dcx.js:3619	questline_conditions	NPC330_Atonement Priest_Performing absolution	NPC330_贖罪司祭_免罪実行	emevd_event	5	extractor-cone-root-budget-capped	questline_conditions:400148:m60_34_50_00.emevd.dcx.js:90005750:0	unknown	world			Liurnia	unknown	7900011	Liurnia :: Preceptor's Trousers - near Royal Moongazing Grounds, may be sweep-granted by Glintstone Dragon Adula (m60_34_50) [f400148]
3601	400148	set	cone root NPC_STATE(3601) at m60_34_50_00.emevd.dcx.js:90005750 set by common.emevd.dcx.js:3049	questline_conditions	Rani gang is hostile	ラニ一味敵対	emevd_event	5	extractor-cone-root-budget-capped	questline_conditions:400148:m60_34_50_00.emevd.dcx.js:90005750:0	unknown	world			Liurnia	unknown	7900011	Liurnia :: Preceptor's Trousers - near Royal Moongazing Grounds, may be sweep-granted by Glintstone Dragon Adula (m60_34_50) [f400148]
3603	400148	set	cone root BOSS_KILL(3603) at m60_34_50_00.emevd.dcx.js:90005750 set by common_func.emevd.dcx.js:90005702	questline_conditions	NPC330_Atonement Priest_Performing absolution	NPC330_贖罪司祭_免罪実行	emevd_batch	3	extractor-cone-root-budget-capped	questline_conditions:400148:m60_34_50_00.emevd.dcx.js:90005750:0	unknown	world			Liurnia	unknown	7900011	Liurnia :: Preceptor's Trousers - near Royal Moongazing Grounds, may be sweep-granted by Glintstone Dragon Adula (m60_34_50) [f400148]
3605	400148	set	cone root NPC_STATE(3605) at m60_34_50_00.emevd.dcx.js:90005750 set by common.emevd.dcx.js:3619	questline_conditions	NPC216 Wolf-Headed Warrior_Character state transition	NPC216狼頭の戦士_キャラ状態遷移	emevd_event	2	extractor-cone-root-budget-capped	questline_conditions:400148:m60_34_50_00.emevd.dcx.js:90005750:0	unknown	world			Liurnia	unknown	7900011	Liurnia :: Preceptor's Trousers - near Royal Moongazing Grounds, may be sweep-granted by Glintstone Dragon Adula (m60_34_50) [f400148]
3606	400148	set	cone root NPC_STATE(3606) at m60_34_50_00.emevd.dcx.js:90005750 set by common.emevd.dcx.js:3619	questline_conditions	NPC216 Wolf-Headed Warrior_Character state transition	NPC216狼頭の戦士_キャラ状態遷移	emevd_event	2	extractor-cone-root-budget-capped	questline_conditions:400148:m60_34_50_00.emevd.dcx.js:90005750:0	unknown	world			Liurnia	unknown	7900011	Liurnia :: Preceptor's Trousers - near Royal Moongazing Grounds, may be sweep-granted by Glintstone Dragon Adula (m60_34_50) [f400148]
3607	400148	set	cone root NPC_STATE(3607) at m60_34_50_00.emevd.dcx.js:90005750 set by common.emevd.dcx.js:3619	questline_conditions	NPC216 Wolf-Headed Warrior_Character state transition	NPC216狼頭の戦士_キャラ状態遷移	emevd_event	2	extractor-cone-root-budget-capped	questline_conditions:400148:m60_34_50_00.emevd.dcx.js:90005750:0	unknown	world			Liurnia	unknown	7900011	Liurnia :: Preceptor's Trousers - near Royal Moongazing Grounds, may be sweep-granted by Glintstone Dragon Adula (m60_34_50) [f400148]
3608	400148	set	cone root NPC_STATE(3608) at m60_34_50_00.emevd.dcx.js:90005750 set by common.emevd.dcx.js:3619	questline_conditions	NPC216 Wolf-Headed Warrior_Character state transition	NPC216狼頭の戦士_キャラ状態遷移	emevd_event	2	extractor-cone-root-budget-capped	questline_conditions:400148:m60_34_50_00.emevd.dcx.js:90005750:0	unknown	world			Liurnia	unknown	7900011	Liurnia :: Preceptor's Trousers - near Royal Moongazing Grounds, may be sweep-granted by Glintstone Dragon Adula (m60_34_50) [f400148]
3609	400148	set	cone root NPC_STATE(3609) at m60_34_50_00.emevd.dcx.js:90005750 set by common.emevd.dcx.js:3619	questline_conditions	NPC216 Wolf-Headed Warrior_Character state transition	NPC216狼頭の戦士_キャラ状態遷移	emevd_event	2	extractor-cone-root-budget-capped	questline_conditions:400148:m60_34_50_00.emevd.dcx.js:90005750:0	unknown	world			Liurnia	unknown	7900011	Liurnia :: Preceptor's Trousers - near Royal Moongazing Grounds, may be sweep-granted by Glintstone Dragon Adula (m60_34_50) [f400148]
3610	400148	set	cone root NPC_STATE(3610) at m60_34_50_00.emevd.dcx.js:90005750 set by common.emevd.dcx.js:3619	questline_conditions	NPC216 Wolf-Headed Warrior_Character state transition	NPC216狼頭の戦士_キャラ状態遷移	emevd_event	2	extractor-cone-root-budget-capped	questline_conditions:400148:m60_34_50_00.emevd.dcx.js:90005750:0	unknown	world			Liurnia	unknown	7900011	Liurnia :: Preceptor's Trousers - near Royal Moongazing Grounds, may be sweep-granted by Glintstone Dragon Adula (m60_34_50) [f400148]
3611	400148	set	cone root NPC_STATE(3611) at m60_34_50_00.emevd.dcx.js:90005750 set by common.emevd.dcx.js:3619	questline_conditions	NPC216 Wolf-Headed Warrior_Character state transition	NPC216狼頭の戦士_キャラ状態遷移	emevd_event	2	extractor-cone-root-budget-capped	questline_conditions:400148:m60_34_50_00.emevd.dcx.js:90005750:0	unknown	world			Liurnia	unknown	7900011	Liurnia :: Preceptor's Trousers - near Royal Moongazing Grounds, may be sweep-granted by Glintstone Dragon Adula (m60_34_50) [f400148]
3612	400148	set	cone root NPC_STATE(3612) at m60_34_50_00.emevd.dcx.js:90005750 set by common.emevd.dcx.js:3619	questline_conditions	NPC216 Wolf-Headed Warrior_Character state transition	NPC216狼頭の戦士_キャラ状態遷移	emevd_event	2	extractor-cone-root-budget-capped	questline_conditions:400148:m60_34_50_00.emevd.dcx.js:90005750:0	unknown	world			Liurnia	unknown	7900011	Liurnia :: Preceptor's Trousers - near Royal Moongazing Grounds, may be sweep-granted by Glintstone Dragon Adula (m60_34_50) [f400148]
3613	400148	set	cone root NPC_STATE(3613) at m60_34_50_00.emevd.dcx.js:90005750 set by common.emevd.dcx.js:3619	questline_conditions	NPC216 Wolf-Headed Warrior_Character state transition	NPC216狼頭の戦士_キャラ状態遷移	emevd_event	2	extractor-cone-root-budget-capped	questline_conditions:400148:m60_34_50_00.emevd.dcx.js:90005750:0	unknown	world			Liurnia	unknown	7900011	Liurnia :: Preceptor's Trousers - near Royal Moongazing Grounds, may be sweep-granted by Glintstone Dragon Adula (m60_34_50) [f400148]
3614	400148	set	cone root NPC_STATE(3614) at m60_34_50_00.emevd.dcx.js:90005750 set by common.emevd.dcx.js:3619	questline_conditions	NPC216 Wolf-Headed Warrior_Character state transition	NPC216狼頭の戦士_キャラ状態遷移	emevd_event	2	extractor-cone-root-budget-capped	questline_conditions:400148:m60_34_50_00.emevd.dcx.js:90005750:0	unknown	world			Liurnia	unknown	7900011	Liurnia :: Preceptor's Trousers - near Royal Moongazing Grounds, may be sweep-granted by Glintstone Dragon Adula (m60_34_50) [f400148]
3615	400148	set	cone root NPC_STATE(3615) at m60_34_50_00.emevd.dcx.js:90005750 set by common.emevd.dcx.js:3619	questline_conditions	NPC216 Wolf-Headed Warrior_Character state transition	NPC216狼頭の戦士_キャラ状態遷移	emevd_event	2	extractor-cone-root-budget-capped	questline_conditions:400148:m60_34_50_00.emevd.dcx.js:90005750:0	unknown	world			Liurnia	unknown	7900011	Liurnia :: Preceptor's Trousers - near Royal Moongazing Grounds, may be sweep-granted by Glintstone Dragon Adula (m60_34_50) [f400148]
3616	400148	set	cone root NPC_STATE(3616) at m60_34_50_00.emevd.dcx.js:90005750 set by common.emevd.dcx.js:3619	questline_conditions	NPC216 Wolf-Headed Warrior_Character state transition	NPC216狼頭の戦士_キャラ状態遷移	emevd_event	2	extractor-cone-root-budget-capped	questline_conditions:400148:m60_34_50_00.emevd.dcx.js:90005750:0	unknown	world			Liurnia	unknown	7900011	Liurnia :: Preceptor's Trousers - near Royal Moongazing Grounds, may be sweep-granted by Glintstone Dragon Adula (m60_34_50) [f400148]
3740	400148	set	cone root NPC_STATE(3740) at m60_34_50_00.emevd.dcx.js:90005750 set by common.emevd.dcx.js:3759	questline_conditions	NPC330_Atonement Priest_Performing absolution	NPC330_贖罪司祭_免罪実行	emevd_event	5	extractor-cone-root-budget-capped	questline_conditions:400148:m60_34_50_00.emevd.dcx.js:90005750:0	unknown	world			Liurnia	unknown	7900011	Liurnia :: Preceptor's Trousers - near Royal Moongazing Grounds, may be sweep-granted by Glintstone Dragon Adula (m60_34_50) [f400148]
3741	400148	set	cone root NPC_STATE(3741) at m60_34_50_00.emevd.dcx.js:90005750 set by common.emevd.dcx.js:3049	questline_conditions	Rani gang is hostile	ラニ一味敵対	emevd_event	5	extractor-cone-root-budget-capped	questline_conditions:400148:m60_34_50_00.emevd.dcx.js:90005750:0	unknown	world			Liurnia	unknown	7900011	Liurnia :: Preceptor's Trousers - near Royal Moongazing Grounds, may be sweep-granted by Glintstone Dragon Adula (m60_34_50) [f400148]
3745	400148	set	cone root NPC_STATE(3745) at m60_34_50_00.emevd.dcx.js:90005750 set by common.emevd.dcx.js:3759	questline_conditions	NPC106 Rani_Character state transition	NPC106ラニ_キャラ状態遷移	emevd_event	2	extractor-cone-root-budget-capped	questline_conditions:400148:m60_34_50_00.emevd.dcx.js:90005750:0	unknown	world			Liurnia	unknown	7900011	Liurnia :: Preceptor's Trousers - near Royal Moongazing Grounds, may be sweep-granted by Glintstone Dragon Adula (m60_34_50) [f400148]
3746	400148	set	cone root NPC_STATE(3746) at m60_34_50_00.emevd.dcx.js:90005750 set by common.emevd.dcx.js:3759	questline_conditions	NPC106 Rani_Character state transition	NPC106ラニ_キャラ状態遷移	emevd_event	2	extractor-cone-root-budget-capped	questline_conditions:400148:m60_34_50_00.emevd.dcx.js:90005750:0	unknown	world			Liurnia	unknown	7900011	Liurnia :: Preceptor's Trousers - near Royal Moongazing Grounds, may be sweep-granted by Glintstone Dragon Adula (m60_34_50) [f400148]
3747	400148	set	cone root NPC_STATE(3747) at m60_34_50_00.emevd.dcx.js:90005750 set by common.emevd.dcx.js:3759	questline_conditions	NPC106 Rani_Character state transition	NPC106ラニ_キャラ状態遷移	emevd_event	2	extractor-cone-root-budget-capped	questline_conditions:400148:m60_34_50_00.emevd.dcx.js:90005750:0	unknown	world			Liurnia	unknown	7900011	Liurnia :: Preceptor's Trousers - near Royal Moongazing Grounds, may be sweep-granted by Glintstone Dragon Adula (m60_34_50) [f400148]
3748	400148	set	cone root NPC_STATE(3748) at m60_34_50_00.emevd.dcx.js:90005750 set by common.emevd.dcx.js:3759	questline_conditions	NPC106 Rani_Character state transition	NPC106ラニ_キャラ状態遷移	emevd_event	2	extractor-cone-root-budget-capped	questline_conditions:400148:m60_34_50_00.emevd.dcx.js:90005750:0	unknown	world			Liurnia	unknown	7900011	Liurnia :: Preceptor's Trousers - near Royal Moongazing Grounds, may be sweep-granted by Glintstone Dragon Adula (m60_34_50) [f400148]
3749	400148	set	cone root NPC_STATE(3749) at m60_34_50_00.emevd.dcx.js:90005750 set by common.emevd.dcx.js:3759	questline_conditions	NPC106 Rani_Character state transition	NPC106ラニ_キャラ状態遷移	emevd_event	2	extractor-cone-root-budget-capped	questline_conditions:400148:m60_34_50_00.emevd.dcx.js:90005750:0	unknown	world			Liurnia	unknown	7900011	Liurnia :: Preceptor's Trousers - near Royal Moongazing Grounds, may be sweep-granted by Glintstone Dragon Adula (m60_34_50) [f400148]
3760	400148	set	cone root NPC_STATE(3760) at m60_34_50_00.emevd.dcx.js:90005750 set by common.emevd.dcx.js:3779	questline_conditions	NPC330_Atonement Priest_Performing absolution	NPC330_贖罪司祭_免罪実行	emevd_event	5	extractor-cone-root-budget-capped	questline_conditions:400148:m60_34_50_00.emevd.dcx.js:90005750:0	unknown	world			Liurnia	unknown	7900011	Liurnia :: Preceptor's Trousers - near Royal Moongazing Grounds, may be sweep-granted by Glintstone Dragon Adula (m60_34_50) [f400148]
3761	400148	set	cone root NPC_STATE(3761) at m60_34_50_00.emevd.dcx.js:90005750 set by common.emevd.dcx.js:3049	questline_conditions	Rani gang is hostile	ラニ一味敵対	emevd_event	4	extractor-cone-root-budget-capped	questline_conditions:400148:m60_34_50_00.emevd.dcx.js:90005750:0	unknown	world			Liurnia	unknown	7900011	Liurnia :: Preceptor's Trousers - near Royal Moongazing Grounds, may be sweep-granted by Glintstone Dragon Adula (m60_34_50) [f400148]
3763	400148	set	cone root NPC_STATE(3763) at m60_34_50_00.emevd.dcx.js:90005750 set by common.emevd.dcx.js:3779	questline_conditions	NPC224 Grandpa_Character state transition	NPC224爺や_キャラ状態遷移	emevd_event	4	extractor-cone-root-budget-capped	questline_conditions:400148:m60_34_50_00.emevd.dcx.js:90005750:0	unknown	world			Liurnia	unknown	7900011	Liurnia :: Preceptor's Trousers - near Royal Moongazing Grounds, may be sweep-granted by Glintstone Dragon Adula (m60_34_50) [f400148]
3765	400148	set	cone root NPC_STATE(3765) at m60_34_50_00.emevd.dcx.js:90005750 set by common.emevd.dcx.js:3779	questline_conditions	NPC224 Grandpa_Character state transition	NPC224爺や_キャラ状態遷移	emevd_event	2	extractor-cone-root-budget-capped	questline_conditions:400148:m60_34_50_00.emevd.dcx.js:90005750:0	unknown	world			Liurnia	unknown	7900011	Liurnia :: Preceptor's Trousers - near Royal Moongazing Grounds, may be sweep-granted by Glintstone Dragon Adula (m60_34_50) [f400148]
3766	400148	set	cone root NPC_STATE(3766) at m60_34_50_00.emevd.dcx.js:90005750 set by common.emevd.dcx.js:3779	questline_conditions	NPC224 Grandpa_Character state transition	NPC224爺や_キャラ状態遷移	emevd_event	2	extractor-cone-root-budget-capped	questline_conditions:400148:m60_34_50_00.emevd.dcx.js:90005750:0	unknown	world			Liurnia	unknown	7900011	Liurnia :: Preceptor's Trousers - near Royal Moongazing Grounds, may be sweep-granted by Glintstone Dragon Adula (m60_34_50) [f400148]
3767	400148	set	cone root NPC_STATE(3767) at m60_34_50_00.emevd.dcx.js:90005750 set by common.emevd.dcx.js:3779	questline_conditions	NPC224 Grandpa_Character state transition	NPC224爺や_キャラ状態遷移	emevd_event	2	extractor-cone-root-budget-capped	questline_conditions:400148:m60_34_50_00.emevd.dcx.js:90005750:0	unknown	world			Liurnia	unknown	7900011	Liurnia :: Preceptor's Trousers - near Royal Moongazing Grounds, may be sweep-granted by Glintstone Dragon Adula (m60_34_50) [f400148]
9412	400148	set	cone root BOSS_KILL(9412) at m60_34_50_00.emevd.dcx.js:90005750 set by m60_52_38_00.emevd.dcx.js:1252382800	questline_conditions	Defeat the boss	ボス撃破	emevd_event	1	extractor-cone-root-budget-capped	questline_conditions:400148:m60_34_50_00.emevd.dcx.js:90005750:0	unknown	world			Liurnia	unknown	7900011	Liurnia :: Preceptor's Trousers - near Royal Moongazing Grounds, may be sweep-granted by Glintstone Dragon Adula (m60_34_50) [f400148]
11109518	400148	set	cone root DIALOGUE_STEP(11109518) at m60_34_50_00.emevd.dcx.js:90005750 set by talk/m11_10_00_00-only/t325001110.py:t325001110_x31	questline_conditions	set by NPC talk 325001000 on m10_00_00_00		esd_talk	2	extractor-cone-root-budget-capped	questline_conditions:400148:m60_34_50_00.emevd.dcx.js:90005750:0	unknown	npc_state	Roundtable Hold	esd_talk_map	Liurnia	yes	7900011	Liurnia :: Preceptor's Trousers - near Royal Moongazing Grounds, may be sweep-granted by Glintstone Dragon Adula (m60_34_50) [f400148]
12029155	400148	set	cone root DIALOGUE_STEP(12029155) at m60_34_50_00.emevd.dcx.js:90005750 set by talk/m12_02_00_00-only/t216001202.py:t216001202_x58	questline_conditions	set by NPC talk 216001202 on m12_02_00_00		esd_talk	2	extractor-cone-root-budget-capped	questline_conditions:400148:m60_34_50_00.emevd.dcx.js:90005750:0	unknown	npc_state	Siofra River	esd_talk_map	Liurnia	yes	7900011	Liurnia :: Preceptor's Trousers - near Royal Moongazing Grounds, may be sweep-granted by Glintstone Dragon Adula (m60_34_50) [f400148]
12029157	400148	set	cone root DIALOGUE_STEP(12029157) at m60_34_50_00.emevd.dcx.js:90005750 set by talk/m12_02_00_00-only/t216001202.py:t216001202_x58	questline_conditions	set by NPC talk 216001202 on m12_02_00_00		esd_talk	2	extractor-cone-root-budget-capped	questline_conditions:400148:m60_34_50_00.emevd.dcx.js:90005750:0	unknown	npc_state	Siofra River	esd_talk_map	Liurnia	yes	7900011	Liurnia :: Preceptor's Trousers - near Royal Moongazing Grounds, may be sweep-granted by Glintstone Dragon Adula (m60_34_50) [f400148]
1034499238	400148	set	cone root DIALOGUE_STEP(1034499238) at m60_34_50_00.emevd.dcx.js:90005750 set by talk/m60_00_00_00-only/t224006000.py:t224006000_x30	questline_conditions	set by NPC talk 224006000 on m60_00_00_00		esd_talk	1	extractor-cone-root-budget-capped	questline_conditions:400148:m60_34_50_00.emevd.dcx.js:90005750:0	unknown	npc_state	Liurnia	flag_decode	Liurnia	no	7900011	Liurnia :: Preceptor's Trousers - near Royal Moongazing Grounds, may be sweep-granted by Glintstone Dragon Adula (m60_34_50) [f400148]
1034509205	400148	set	cone root DIALOGUE_STEP(1034509205) at m60_34_50_00.emevd.dcx.js:90005750 set by talk/m60_00_00_00-only/t216016000.py:t216016000_x33	questline_conditions	set by NPC talk 216016000 on m60_00_00_00		esd_talk	1	extractor-cone-root-budget-capped	questline_conditions:400148:m60_34_50_00.emevd.dcx.js:90005750:0	unknown	npc_state	Liurnia	flag_decode	Liurnia	no	7900011	Liurnia :: Preceptor's Trousers - near Royal Moongazing Grounds, may be sweep-granted by Glintstone Dragon Adula (m60_34_50) [f400148]
1034509306	400148	set	cone root DIALOGUE_STEP(1034509306) at m60_34_50_00.emevd.dcx.js:90005750 set by talk/m60_00_00_00-only/t307306000.py:t307306000_x32	questline_conditions	set by NPC talk 307306000 on m60_00_00_00		esd_talk	1	extractor-cone-root-budget-capped	questline_conditions:400148:m60_34_50_00.emevd.dcx.js:90005750:0	unknown	npc_state	Liurnia	flag_decode	Liurnia	no	7900011	Liurnia :: Preceptor's Trousers - near Royal Moongazing Grounds, may be sweep-granted by Glintstone Dragon Adula (m60_34_50) [f400148]
1034509310	400148	set	cone root DIALOGUE_STEP(1034509310) at m60_34_50_00.emevd.dcx.js:90005750 set by talk/m60_00_00_00-only/t307006000.py:t307006000_x71	questline_conditions	set by NPC talk 307006000 on m60_00_00_00		esd_talk	1	extractor-cone-root-budget-capped	questline_conditions:400148:m60_34_50_00.emevd.dcx.js:90005750:0	unknown	npc_state	Liurnia	flag_decode	Liurnia	no	7900011	Liurnia :: Preceptor's Trousers - near Royal Moongazing Grounds, may be sweep-granted by Glintstone Dragon Adula (m60_34_50) [f400148]
1034509311	400148	set	cone root DIALOGUE_STEP(1034509311) at m60_34_50_00.emevd.dcx.js:90005750 set by talk/m60_00_00_00-only/t307006000.py:t307006000_x71	questline_conditions	set by NPC talk 307006000 on m60_00_00_00		esd_talk	1	extractor-cone-root-budget-capped	questline_conditions:400148:m60_34_50_00.emevd.dcx.js:90005750:0	unknown	npc_state	Liurnia	flag_decode	Liurnia	no	7900011	Liurnia :: Preceptor's Trousers - near Royal Moongazing Grounds, may be sweep-granted by Glintstone Dragon Adula (m60_34_50) [f400148]
1034509312	400148	set	cone root DIALOGUE_STEP(1034509312) at m60_34_50_00.emevd.dcx.js:90005750 set by talk/m60_00_00_00-only/t307006000.py:t307006000_x71	questline_conditions	set by NPC talk 307006000 on m60_00_00_00		esd_talk	1	extractor-cone-root-budget-capped	questline_conditions:400148:m60_34_50_00.emevd.dcx.js:90005750:0	unknown	npc_state	Liurnia	flag_decode	Liurnia	no	7900011	Liurnia :: Preceptor's Trousers - near Royal Moongazing Grounds, may be sweep-granted by Glintstone Dragon Adula (m60_34_50) [f400148]
1034509313	400148	set	cone root DIALOGUE_STEP(1034509313) at m60_34_50_00.emevd.dcx.js:90005750 set by talk/m60_00_00_00-only/t307006000.py:t307006000_x71	questline_conditions	set by NPC talk 307006000 on m60_00_00_00		esd_talk	1	extractor-cone-root-budget-capped	questline_conditions:400148:m60_34_50_00.emevd.dcx.js:90005750:0	unknown	npc_state	Liurnia	flag_decode	Liurnia	no	7900011	Liurnia :: Preceptor's Trousers - near Royal Moongazing Grounds, may be sweep-granted by Glintstone Dragon Adula (m60_34_50) [f400148]
1034509315	400148	set	cone root DIALOGUE_STEP(1034509315) at m60_34_50_00.emevd.dcx.js:90005750 set by talk/m60_00_00_00-only/t307006000.py:t307006000_x71	questline_conditions	set by NPC talk 307006000 on m60_00_00_00		esd_talk	1	extractor-cone-root-budget-capped	questline_conditions:400148:m60_34_50_00.emevd.dcx.js:90005750:0	unknown	npc_state	Liurnia	flag_decode	Liurnia	no	7900011	Liurnia :: Preceptor's Trousers - near Royal Moongazing Grounds, may be sweep-granted by Glintstone Dragon Adula (m60_34_50) [f400148]
1034509328	400148	set	cone root DIALOGUE_STEP(1034509328) at m60_34_50_00.emevd.dcx.js:90005750 set by talk/m60_00_00_00-only/t307006000.py:t307006000_x17	questline_conditions	set by NPC talk 307006000 on m60_00_00_00		esd_talk	1	extractor-cone-root-budget-capped	questline_conditions:400148:m60_34_50_00.emevd.dcx.js:90005750:0	unknown	npc_state	Liurnia	flag_decode	Liurnia	no	7900011	Liurnia :: Preceptor's Trousers - near Royal Moongazing Grounds, may be sweep-granted by Glintstone Dragon Adula (m60_34_50) [f400148]
1034509335	400148	set	cone root DIALOGUE_STEP(1034509335) at m60_34_50_00.emevd.dcx.js:90005750 set by talk/m60_00_00_00-only/t307006000.py:t307006000_x70	questline_conditions	set by NPC talk 307006000 on m60_00_00_00		esd_talk	1	extractor-cone-root-budget-capped	questline_conditions:400148:m60_34_50_00.emevd.dcx.js:90005750:0	unknown	npc_state	Liurnia	flag_decode	Liurnia	no	7900011	Liurnia :: Preceptor's Trousers - near Royal Moongazing Grounds, may be sweep-granted by Glintstone Dragon Adula (m60_34_50) [f400148]
1034509338	400148	set	cone root DIALOGUE_STEP(1034509338) at m60_34_50_00.emevd.dcx.js:90005750 set by talk/m60_00_00_00-only/t307006000.py:t307006000_x71	questline_conditions	set by NPC talk 307006000 on m60_00_00_00		esd_talk	1	extractor-cone-root-budget-capped	questline_conditions:400148:m60_34_50_00.emevd.dcx.js:90005750:0	unknown	npc_state	Liurnia	flag_decode	Liurnia	no	7900011	Liurnia :: Preceptor's Trousers - near Royal Moongazing Grounds, may be sweep-granted by Glintstone Dragon Adula (m60_34_50) [f400148]
1034509358	400148	set	cone root DIALOGUE_STEP(1034509358) at m60_34_50_00.emevd.dcx.js:90005750 set by talk/m60_00_00_00-only/t224206000.py:t224206000_x37	questline_conditions	set by NPC talk 224206000 on m60_00_00_00		esd_talk	1	extractor-cone-root-budget-capped	questline_conditions:400148:m60_34_50_00.emevd.dcx.js:90005750:0	unknown	npc_state	Liurnia	flag_decode	Liurnia	no	7900011	Liurnia :: Preceptor's Trousers - near Royal Moongazing Grounds, may be sweep-granted by Glintstone Dragon Adula (m60_34_50) [f400148]
1034509405	400148	set	cone root DIALOGUE_STEP(1034509405) at m60_34_50_00.emevd.dcx.js:90005750 set by talk/m60_00_00_00-only/t106016000.py:t106016000_x12	questline_conditions	set by NPC talk 106016000 on m60_00_00_00		esd_talk	1	extractor-cone-root-budget-capped	questline_conditions:400148:m60_34_50_00.emevd.dcx.js:90005750:0	unknown	npc_state	Liurnia	flag_decode	Liurnia	no	7900011	Liurnia :: Preceptor's Trousers - near Royal Moongazing Grounds, may be sweep-granted by Glintstone Dragon Adula (m60_34_50) [f400148]
1034509410	400148	set	cone root DIALOGUE_STEP(1034509410) at m60_34_50_00.emevd.dcx.js:90005750 set by talk/m60_00_00_00-only/t106016000.py:t106016000_x64	questline_conditions	set by NPC talk 106016000 on m60_00_00_00		esd_talk	1	extractor-cone-root-budget-capped	questline_conditions:400148:m60_34_50_00.emevd.dcx.js:90005750:0	unknown	npc_state	Liurnia	flag_decode	Liurnia	no	7900011	Liurnia :: Preceptor's Trousers - near Royal Moongazing Grounds, may be sweep-granted by Glintstone Dragon Adula (m60_34_50) [f400148]
1034509411	400148	set	cone root DIALOGUE_STEP(1034509411) at m60_34_50_00.emevd.dcx.js:90005750 set by talk/m60_00_00_00-only/t106016000.py:t106016000_x64	questline_conditions	set by NPC talk 106016000 on m60_00_00_00		esd_talk	1	extractor-cone-root-budget-capped	questline_conditions:400148:m60_34_50_00.emevd.dcx.js:90005750:0	unknown	npc_state	Liurnia	flag_decode	Liurnia	no	7900011	Liurnia :: Preceptor's Trousers - near Royal Moongazing Grounds, may be sweep-granted by Glintstone Dragon Adula (m60_34_50) [f400148]
1034509420	400148	set	cone root DIALOGUE_STEP(1034509420) at m60_34_50_00.emevd.dcx.js:90005750 set by talk/m60_00_00_00-only/t106016000.py:t106016000_x64	questline_conditions	set by NPC talk 106016000 on m60_00_00_00		esd_talk	1	extractor-cone-root-budget-capped	questline_conditions:400148:m60_34_50_00.emevd.dcx.js:90005750:0	unknown	npc_state	Liurnia	flag_decode	Liurnia	no	7900011	Liurnia :: Preceptor's Trousers - near Royal Moongazing Grounds, may be sweep-granted by Glintstone Dragon Adula (m60_34_50) [f400148]
1034509421	400148	set	cone root DIALOGUE_STEP(1034509421) at m60_34_50_00.emevd.dcx.js:90005750 set by talk/m60_00_00_00-only/t106016000.py:t106016000_x64	questline_conditions	set by NPC talk 106016000 on m60_00_00_00		esd_talk	1	extractor-cone-root-budget-capped	questline_conditions:400148:m60_34_50_00.emevd.dcx.js:90005750:0	unknown	npc_state	Liurnia	flag_decode	Liurnia	no	7900011	Liurnia :: Preceptor's Trousers - near Royal Moongazing Grounds, may be sweep-granted by Glintstone Dragon Adula (m60_34_50) [f400148]
1034509422	400148	set	cone root DIALOGUE_STEP(1034509422) at m60_34_50_00.emevd.dcx.js:90005750 set by talk/m60_00_00_00-only/t106016000.py:t106016000_x21	questline_conditions	set by NPC talk 106016000 on m60_00_00_00		esd_talk	1	extractor-cone-root-budget-capped	questline_conditions:400148:m60_34_50_00.emevd.dcx.js:90005750:0	unknown	npc_state	Liurnia	flag_decode	Liurnia	no	7900011	Liurnia :: Preceptor's Trousers - near Royal Moongazing Grounds, may be sweep-granted by Glintstone Dragon Adula (m60_34_50) [f400148]
1034509424	400148	set	cone root DIALOGUE_STEP(1034509424) at m60_34_50_00.emevd.dcx.js:90005750 set by talk/m60_00_00_00-only/t106016000.py:t106016000_x30	questline_conditions	set by NPC talk 106016000 on m60_00_00_00		esd_talk	1	extractor-cone-root-budget-capped	questline_conditions:400148:m60_34_50_00.emevd.dcx.js:90005750:0	unknown	npc_state	Liurnia	flag_decode	Liurnia	no	7900011	Liurnia :: Preceptor's Trousers - near Royal Moongazing Grounds, may be sweep-granted by Glintstone Dragon Adula (m60_34_50) [f400148]
1034509425	400148	set	cone root DIALOGUE_STEP(1034509425) at m60_34_50_00.emevd.dcx.js:90005750 set by talk/m60_00_00_00-only/t106016000.py:t106016000_x30	questline_conditions	NPC106 Rani_Character state transition	NPC106ラニ_キャラ状態遷移	emevd_event	1	extractor-cone-root-budget-capped	questline_conditions:400148:m60_34_50_00.emevd.dcx.js:90005750:0	unknown	npc_state	Liurnia	flag_decode	Liurnia	no	7900011	Liurnia :: Preceptor's Trousers - near Royal Moongazing Grounds, may be sweep-granted by Glintstone Dragon Adula (m60_34_50) [f400148]
1034509432	400148	set	cone root DIALOGUE_STEP(1034509432) at m60_34_50_00.emevd.dcx.js:90005750 set by talk/m60_00_00_00-only/t106016000.py:t106016000_x64	questline_conditions	set by NPC talk 106016000 on m60_00_00_00		esd_talk	1	extractor-cone-root-budget-capped	questline_conditions:400148:m60_34_50_00.emevd.dcx.js:90005750:0	unknown	npc_state	Liurnia	flag_decode	Liurnia	no	7900011	Liurnia :: Preceptor's Trousers - near Royal Moongazing Grounds, may be sweep-granted by Glintstone Dragon Adula (m60_34_50) [f400148]
1037469289	400148	set	cone root DIALOGUE_STEP(1037469289) at m60_34_50_00.emevd.dcx.js:90005750 set by talk/m60_00_00_00-only/t330016000.py:t330016000_x3	questline_conditions	set by NPC talk 330016000 on m60_00_00_00		esd_talk	1	extractor-cone-root-budget-capped	questline_conditions:400148:m60_34_50_00.emevd.dcx.js:90005750:0	unknown	npc_state	Liurnia	flag_decode	Liurnia	no	7900011	Liurnia :: Preceptor's Trousers - near Royal Moongazing Grounds, may be sweep-granted by Glintstone Dragon Adula (m60_34_50) [f400148]
1042369407	400148	set	cone root DIALOGUE_STEP(1042369407) at m60_34_50_00.emevd.dcx.js:90005750 set by talk/m60_00_00_00-only/t106006000.py:t106006000_x30	questline_conditions	set by NPC talk 106006000 on m60_00_00_00		esd_talk	1	extractor-cone-root-budget-capped	questline_conditions:400148:m60_34_50_00.emevd.dcx.js:90005750:0	unknown	npc_state	Limgrave	flag_decode	Liurnia	yes	7900011	Liurnia :: Preceptor's Trousers - near Royal Moongazing Grounds, may be sweep-granted by Glintstone Dragon Adula (m60_34_50) [f400148]
1042369408	400148	set	cone root DIALOGUE_STEP(1042369408) at m60_34_50_00.emevd.dcx.js:90005750 set by talk/m60_00_00_00-only/t106006000.py:t106006000_x30	questline_conditions	set by NPC talk 106006000 on m60_00_00_00		esd_talk	1	extractor-cone-root-budget-capped	questline_conditions:400148:m60_34_50_00.emevd.dcx.js:90005750:0	unknown	npc_state	Limgrave	flag_decode	Liurnia	yes	7900011	Liurnia :: Preceptor's Trousers - near Royal Moongazing Grounds, may be sweep-granted by Glintstone Dragon Adula (m60_34_50) [f400148]
1042369411	400148	set	cone root BOSS_KILL(1042369411) at m60_34_50_00.emevd.dcx.js:90005750 set by m60_42_36_00.emevd.dcx.js:1042360711	questline_conditions	NPC106_Rani_Church appearance monitoring event	NPC106_ラニ_教会出現監視イベント	emevd_event	2	extractor-cone-root-budget-capped	questline_conditions:400148:m60_34_50_00.emevd.dcx.js:90005750:0	unknown	world	Limgrave	flag_decode	Liurnia	yes	7900011	Liurnia :: Preceptor's Trousers - near Royal Moongazing Grounds, may be sweep-granted by Glintstone Dragon Adula (m60_34_50) [f400148]
1044349255	400148	set	cone root DIALOGUE_STEP(1044349255) at m60_34_50_00.emevd.dcx.js:90005750 set by talk/m12_02_00_00-only/t216001202.py:t216001202_x58	questline_conditions	set by NPC talk 216001202 on m12_02_00_00		esd_talk	2	extractor-cone-root-budget-capped	questline_conditions:400148:m60_34_50_00.emevd.dcx.js:90005750:0	unknown	npc_state	Weeping	flag_decode	Liurnia	yes	7900011	Liurnia :: Preceptor's Trousers - near Royal Moongazing Grounds, may be sweep-granted by Glintstone Dragon Adula (m60_34_50) [f400148]
1044350800	400148	set	cone root BOSS_KILL(1044350800) at m60_34_50_00.emevd.dcx.js:90005750 set by common_func.emevd.dcx.js:90005880	questline_conditions					extractor-cone-root-budget-capped	questline_conditions:400148:m60_34_50_00.emevd.dcx.js:90005750:0	unknown	world	Limgrave	flag_decode	Liurnia	yes	7900011	Liurnia :: Preceptor's Trousers - near Royal Moongazing Grounds, may be sweep-granted by Glintstone Dragon Adula (m60_34_50) [f400148]
1044359256	400148	set	cone root DIALOGUE_STEP(1044359256) at m60_34_50_00.emevd.dcx.js:90005750 set by talk/m12_02_00_00-only/t216001202.py:t216001202_x58	questline_conditions	set by NPC talk 216001202 on m12_02_00_00		esd_talk	2	extractor-cone-root-budget-capped	questline_conditions:400148:m60_34_50_00.emevd.dcx.js:90005750:0	unknown	npc_state	Limgrave	flag_decode	Liurnia	yes	7900011	Liurnia :: Preceptor's Trousers - near Royal Moongazing Grounds, may be sweep-granted by Glintstone Dragon Adula (m60_34_50) [f400148]
1045379205	400148	set	cone root DIALOGUE_STEP(1045379205) at m60_34_50_00.emevd.dcx.js:90005750 set by talk/m12_02_00_00-only/t216001202.py:t216001202_x58	questline_conditions	set by NPC talk 216001202 on m12_02_00_00		esd_talk	2	extractor-cone-root-budget-capped	questline_conditions:400148:m60_34_50_00.emevd.dcx.js:90005750:0	unknown	npc_state	Siofra River	esd_talk_map	Liurnia	yes	7900011	Liurnia :: Preceptor's Trousers - near Royal Moongazing Grounds, may be sweep-granted by Glintstone Dragon Adula (m60_34_50) [f400148]
1052389306	400148	set	cone root DIALOGUE_STEP(1052389306) at m60_34_50_00.emevd.dcx.js:90005750 set by talk/m12_02_00_00-only/t216001202.py:t216001202_x21	questline_conditions	set by NPC talk 216001202 on m12_02_00_00		esd_talk	2	extractor-cone-root-budget-capped	questline_conditions:400148:m60_34_50_00.emevd.dcx.js:90005750:0	unknown	npc_state	Caelid	flag_decode	Liurnia	yes	7900011	Liurnia :: Preceptor's Trousers - near Royal Moongazing Grounds, may be sweep-granted by Glintstone Dragon Adula (m60_34_50) [f400148]
goods:2130	400148	set	cone root ITEM_POSSESSION(2130) at m60_34_50_00.emevd.dcx.js:90005750 set by m60_34_50_00.emevd.dcx.js	questline_conditions					extractor-cone-root-budget-capped	questline_conditions:400148:m60_34_50_00.emevd.dcx.js:90005750:0	unknown	item			Liurnia	unknown	7900011	Liurnia :: Preceptor's Trousers - near Royal Moongazing Grounds, may be sweep-granted by Glintstone Dragon Adula (m60_34_50) [f400148]
goods:8142	400148	set	cone root ITEM_POSSESSION(8142) at m60_34_50_00.emevd.dcx.js:90005750 set by m60_34_50_00.emevd.dcx.js	questline_conditions					extractor-cone-root-budget-capped	questline_conditions:400148:m60_34_50_00.emevd.dcx.js:90005750:0	unknown	item			Liurnia	unknown	7900011	Liurnia :: Preceptor's Trousers - near Royal Moongazing Grounds, may be sweep-granted by Glintstone Dragon Adula (m60_34_50) [f400148]
goods:8159	400148	set	cone root ITEM_POSSESSION(8159) at m60_34_50_00.emevd.dcx.js:90005750 set by m60_34_50_00.emevd.dcx.js	questline_conditions					extractor-cone-root-budget-capped	questline_conditions:400148:m60_34_50_00.emevd.dcx.js:90005750:0	unknown	item			Liurnia	unknown	7900011	Liurnia :: Preceptor's Trousers - near Royal Moongazing Grounds, may be sweep-granted by Glintstone Dragon Adula (m60_34_50) [f400148]
goods:8164	400148	set	cone root ITEM_POSSESSION(8164) at m60_34_50_00.emevd.dcx.js:90005750 set by m60_34_50_00.emevd.dcx.js	questline_conditions					extractor-cone-root-budget-capped	questline_conditions:400148:m60_34_50_00.emevd.dcx.js:90005750:0	unknown	item			Liurnia	unknown	7900011	Liurnia :: Preceptor's Trousers - near Royal Moongazing Grounds, may be sweep-granted by Glintstone Dragon Adula (m60_34_50) [f400148]
goods:8166	400148	set	cone root ITEM_POSSESSION(8166) at m60_34_50_00.emevd.dcx.js:90005750 set by m60_34_50_00.emevd.dcx.js	questline_conditions					extractor-cone-root-budget-capped	questline_conditions:400148:m60_34_50_00.emevd.dcx.js:90005750:0	unknown	item			Liurnia	unknown	7900011	Liurnia :: Preceptor's Trousers - near Royal Moongazing Grounds, may be sweep-granted by Glintstone Dragon Adula (m60_34_50) [f400148]
map:m60_34	400148	set	cone root MAP_ACCESS(m60_34) at m60_34_50_00.emevd.dcx.js:90005750 set by m60_34_50_00.emevd.dcx.js	questline_conditions					extractor-cone-root-budget-capped	questline_conditions:400148:m60_34_50_00.emevd.dcx.js:90005750:0	unknown	map_access			Liurnia	unknown	7900011	Liurnia :: Preceptor's Trousers - near Royal Moongazing Grounds, may be sweep-granted by Glintstone Dragon Adula (m60_34_50) [f400148]
map:m60_37	400148	set	cone root MAP_ACCESS(m60_37) at m60_34_50_00.emevd.dcx.js:90005750 set by m60_37_46_00.emevd.dcx.js	questline_conditions					extractor-cone-root-budget-capped	questline_conditions:400148:m60_34_50_00.emevd.dcx.js:90005750:0	unknown	map_access			Liurnia	unknown	7900011	Liurnia :: Preceptor's Trousers - near Royal Moongazing Grounds, may be sweep-granted by Glintstone Dragon Adula (m60_34_50) [f400148]
1035509215	400149	set	$InitializeCommonEvent(90005750) arg5	lot_gates	NPC307 Puppeteer_Character state transition	NPC307傀儡師_キャラ状態遷移	emevd_event	1	commonarg-positive-by-construction	lot_gates:400149:90005750	any	world	Liurnia	flag_decode	Liurnia	no	7770577	Liurnia :: Pidia's Bell Bearing - near Royal Moongazing Grounds, may be sweep-granted by Royal Knight Loretta (m60_35_50) [f400149]
1035509216	400149	set	$InitializeCommonEvent(90005750) arg5	lot_gates	NPC307 Puppeteer_Character state transition	NPC307傀儡師_キャラ状態遷移	emevd_event	1	commonarg-positive-by-construction	lot_gates:400149:90005750	any	world	Liurnia	flag_decode	Liurnia	no	7770577	Liurnia :: Pidia's Bell Bearing - near Royal Moongazing Grounds, may be sweep-granted by Royal Knight Loretta (m60_35_50) [f400149]
3560	400149	set	cone root NPC_STATE(3560) at m60_35_50_00.emevd.dcx.js:90005750 set by common.emevd.dcx.js:3579	questline_conditions	NPC330_Atonement Priest_Performing absolution	NPC330_贖罪司祭_免罪実行	emevd_event	5	extractor-cone-root-budget-capped	questline_conditions:400149:m60_35_50_00.emevd.dcx.js:90005750:0	unknown	world			Liurnia	unknown	7770577	Liurnia :: Pidia's Bell Bearing - near Royal Moongazing Grounds, may be sweep-granted by Royal Knight Loretta (m60_35_50) [f400149]
3561	400149	set	cone root NPC_STATE(3561) at m60_35_50_00.emevd.dcx.js:90005750 set by common.emevd.dcx.js:3049	questline_conditions	Rani gang is hostile	ラニ一味敵対	emevd_event	4	extractor-cone-root-budget-capped	questline_conditions:400149:m60_35_50_00.emevd.dcx.js:90005750:0	unknown	world			Liurnia	unknown	7770577	Liurnia :: Pidia's Bell Bearing - near Royal Moongazing Grounds, may be sweep-granted by Royal Knight Loretta (m60_35_50) [f400149]
3565	400149	set	cone root NPC_STATE(3565) at m60_35_50_00.emevd.dcx.js:90005750 set by common.emevd.dcx.js:3579	questline_conditions	NPC307 Puppeteer_Character state transition	NPC307傀儡師_キャラ状態遷移	emevd_event	2	extractor-cone-root-budget-capped	questline_conditions:400149:m60_35_50_00.emevd.dcx.js:90005750:0	unknown	world			Liurnia	unknown	7770577	Liurnia :: Pidia's Bell Bearing - near Royal Moongazing Grounds, may be sweep-granted by Royal Knight Loretta (m60_35_50) [f400149]
3566	400149	set	cone root NPC_STATE(3566) at m60_35_50_00.emevd.dcx.js:90005750 set by common.emevd.dcx.js:3579	questline_conditions	NPC307 Puppeteer_Character state transition	NPC307傀儡師_キャラ状態遷移	emevd_event	2	extractor-cone-root-budget-capped	questline_conditions:400149:m60_35_50_00.emevd.dcx.js:90005750:0	unknown	world			Liurnia	unknown	7770577	Liurnia :: Pidia's Bell Bearing - near Royal Moongazing Grounds, may be sweep-granted by Royal Knight Loretta (m60_35_50) [f400149]
3567	400149	set	cone root NPC_STATE(3567) at m60_35_50_00.emevd.dcx.js:90005750 set by common.emevd.dcx.js:3579	questline_conditions	NPC307 Puppeteer_Character state transition	NPC307傀儡師_キャラ状態遷移	emevd_event	2	extractor-cone-root-budget-capped	questline_conditions:400149:m60_35_50_00.emevd.dcx.js:90005750:0	unknown	world			Liurnia	unknown	7770577	Liurnia :: Pidia's Bell Bearing - near Royal Moongazing Grounds, may be sweep-granted by Royal Knight Loretta (m60_35_50) [f400149]
3568	400149	set	cone root NPC_STATE(3568) at m60_35_50_00.emevd.dcx.js:90005750 set by common.emevd.dcx.js:3579	questline_conditions	NPC307 Puppeteer_Character state transition	NPC307傀儡師_キャラ状態遷移	emevd_event	2	extractor-cone-root-budget-capped	questline_conditions:400149:m60_35_50_00.emevd.dcx.js:90005750:0	unknown	world			Liurnia	unknown	7770577	Liurnia :: Pidia's Bell Bearing - near Royal Moongazing Grounds, may be sweep-granted by Royal Knight Loretta (m60_35_50) [f400149]
3600	400149	set	cone root NPC_STATE(3600) at m60_35_50_00.emevd.dcx.js:90005750 set by common.emevd.dcx.js:3619	questline_conditions	NPC330_Atonement Priest_Performing absolution	NPC330_贖罪司祭_免罪実行	emevd_event	5	extractor-cone-root-budget-capped	questline_conditions:400149:m60_35_50_00.emevd.dcx.js:90005750:0	unknown	world			Liurnia	unknown	7770577	Liurnia :: Pidia's Bell Bearing - near Royal Moongazing Grounds, may be sweep-granted by Royal Knight Loretta (m60_35_50) [f400149]
3601	400149	set	cone root NPC_STATE(3601) at m60_35_50_00.emevd.dcx.js:90005750 set by common.emevd.dcx.js:3049	questline_conditions	Rani gang is hostile	ラニ一味敵対	emevd_event	5	extractor-cone-root-budget-capped	questline_conditions:400149:m60_35_50_00.emevd.dcx.js:90005750:0	unknown	world			Liurnia	unknown	7770577	Liurnia :: Pidia's Bell Bearing - near Royal Moongazing Grounds, may be sweep-granted by Royal Knight Loretta (m60_35_50) [f400149]
3603	400149	set	cone root BOSS_KILL(3603) at m60_35_50_00.emevd.dcx.js:90005750 set by common_func.emevd.dcx.js:90005702	questline_conditions	NPC330_Atonement Priest_Performing absolution	NPC330_贖罪司祭_免罪実行	emevd_batch	3	extractor-cone-root-budget-capped	questline_conditions:400149:m60_35_50_00.emevd.dcx.js:90005750:0	unknown	world			Liurnia	unknown	7770577	Liurnia :: Pidia's Bell Bearing - near Royal Moongazing Grounds, may be sweep-granted by Royal Knight Loretta (m60_35_50) [f400149]
3605	400149	set	cone root NPC_STATE(3605) at m60_35_50_00.emevd.dcx.js:90005750 set by common.emevd.dcx.js:3619	questline_conditions	NPC216 Wolf-Headed Warrior_Character state transition	NPC216狼頭の戦士_キャラ状態遷移	emevd_event	2	extractor-cone-root-budget-capped	questline_conditions:400149:m60_35_50_00.emevd.dcx.js:90005750:0	unknown	world			Liurnia	unknown	7770577	Liurnia :: Pidia's Bell Bearing - near Royal Moongazing Grounds, may be sweep-granted by Royal Knight Loretta (m60_35_50) [f400149]
3606	400149	set	cone root NPC_STATE(3606) at m60_35_50_00.emevd.dcx.js:90005750 set by common.emevd.dcx.js:3619	questline_conditions	NPC216 Wolf-Headed Warrior_Character state transition	NPC216狼頭の戦士_キャラ状態遷移	emevd_event	2	extractor-cone-root-budget-capped	questline_conditions:400149:m60_35_50_00.emevd.dcx.js:90005750:0	unknown	world			Liurnia	unknown	7770577	Liurnia :: Pidia's Bell Bearing - near Royal Moongazing Grounds, may be sweep-granted by Royal Knight Loretta (m60_35_50) [f400149]
3607	400149	set	cone root NPC_STATE(3607) at m60_35_50_00.emevd.dcx.js:90005750 set by common.emevd.dcx.js:3619	questline_conditions	NPC216 Wolf-Headed Warrior_Character state transition	NPC216狼頭の戦士_キャラ状態遷移	emevd_event	2	extractor-cone-root-budget-capped	questline_conditions:400149:m60_35_50_00.emevd.dcx.js:90005750:0	unknown	world			Liurnia	unknown	7770577	Liurnia :: Pidia's Bell Bearing - near Royal Moongazing Grounds, may be sweep-granted by Royal Knight Loretta (m60_35_50) [f400149]
3608	400149	set	cone root NPC_STATE(3608) at m60_35_50_00.emevd.dcx.js:90005750 set by common.emevd.dcx.js:3619	questline_conditions	NPC216 Wolf-Headed Warrior_Character state transition	NPC216狼頭の戦士_キャラ状態遷移	emevd_event	2	extractor-cone-root-budget-capped	questline_conditions:400149:m60_35_50_00.emevd.dcx.js:90005750:0	unknown	world			Liurnia	unknown	7770577	Liurnia :: Pidia's Bell Bearing - near Royal Moongazing Grounds, may be sweep-granted by Royal Knight Loretta (m60_35_50) [f400149]
3609	400149	set	cone root NPC_STATE(3609) at m60_35_50_00.emevd.dcx.js:90005750 set by common.emevd.dcx.js:3619	questline_conditions	NPC216 Wolf-Headed Warrior_Character state transition	NPC216狼頭の戦士_キャラ状態遷移	emevd_event	2	extractor-cone-root-budget-capped	questline_conditions:400149:m60_35_50_00.emevd.dcx.js:90005750:0	unknown	world			Liurnia	unknown	7770577	Liurnia :: Pidia's Bell Bearing - near Royal Moongazing Grounds, may be sweep-granted by Royal Knight Loretta (m60_35_50) [f400149]
3610	400149	set	cone root NPC_STATE(3610) at m60_35_50_00.emevd.dcx.js:90005750 set by common.emevd.dcx.js:3619	questline_conditions	NPC216 Wolf-Headed Warrior_Character state transition	NPC216狼頭の戦士_キャラ状態遷移	emevd_event	2	extractor-cone-root-budget-capped	questline_conditions:400149:m60_35_50_00.emevd.dcx.js:90005750:0	unknown	world			Liurnia	unknown	7770577	Liurnia :: Pidia's Bell Bearing - near Royal Moongazing Grounds, may be sweep-granted by Royal Knight Loretta (m60_35_50) [f400149]
3611	400149	set	cone root NPC_STATE(3611) at m60_35_50_00.emevd.dcx.js:90005750 set by common.emevd.dcx.js:3619	questline_conditions	NPC216 Wolf-Headed Warrior_Character state transition	NPC216狼頭の戦士_キャラ状態遷移	emevd_event	2	extractor-cone-root-budget-capped	questline_conditions:400149:m60_35_50_00.emevd.dcx.js:90005750:0	unknown	world			Liurnia	unknown	7770577	Liurnia :: Pidia's Bell Bearing - near Royal Moongazing Grounds, may be sweep-granted by Royal Knight Loretta (m60_35_50) [f400149]
3612	400149	set	cone root NPC_STATE(3612) at m60_35_50_00.emevd.dcx.js:90005750 set by common.emevd.dcx.js:3619	questline_conditions	NPC216 Wolf-Headed Warrior_Character state transition	NPC216狼頭の戦士_キャラ状態遷移	emevd_event	2	extractor-cone-root-budget-capped	questline_conditions:400149:m60_35_50_00.emevd.dcx.js:90005750:0	unknown	world			Liurnia	unknown	7770577	Liurnia :: Pidia's Bell Bearing - near Royal Moongazing Grounds, may be sweep-granted by Royal Knight Loretta (m60_35_50) [f400149]
3613	400149	set	cone root NPC_STATE(3613) at m60_35_50_00.emevd.dcx.js:90005750 set by common.emevd.dcx.js:3619	questline_conditions	NPC216 Wolf-Headed Warrior_Character state transition	NPC216狼頭の戦士_キャラ状態遷移	emevd_event	2	extractor-cone-root-budget-capped	questline_conditions:400149:m60_35_50_00.emevd.dcx.js:90005750:0	unknown	world			Liurnia	unknown	7770577	Liurnia :: Pidia's Bell Bearing - near Royal Moongazing Grounds, may be sweep-granted by Royal Knight Loretta (m60_35_50) [f400149]
3614	400149	set	cone root NPC_STATE(3614) at m60_35_50_00.emevd.dcx.js:90005750 set by common.emevd.dcx.js:3619	questline_conditions	NPC216 Wolf-Headed Warrior_Character state transition	NPC216狼頭の戦士_キャラ状態遷移	emevd_event	2	extractor-cone-root-budget-capped	questline_conditions:400149:m60_35_50_00.emevd.dcx.js:90005750:0	unknown	world			Liurnia	unknown	7770577	Liurnia :: Pidia's Bell Bearing - near Royal Moongazing Grounds, may be sweep-granted by Royal Knight Loretta (m60_35_50) [f400149]
3615	400149	set	cone root NPC_STATE(3615) at m60_35_50_00.emevd.dcx.js:90005750 set by common.emevd.dcx.js:3619	questline_conditions	NPC216 Wolf-Headed Warrior_Character state transition	NPC216狼頭の戦士_キャラ状態遷移	emevd_event	2	extractor-cone-root-budget-capped	questline_conditions:400149:m60_35_50_00.emevd.dcx.js:90005750:0	unknown	world			Liurnia	unknown	7770577	Liurnia :: Pidia's Bell Bearing - near Royal Moongazing Grounds, may be sweep-granted by Royal Knight Loretta (m60_35_50) [f400149]
3616	400149	set	cone root NPC_STATE(3616) at m60_35_50_00.emevd.dcx.js:90005750 set by common.emevd.dcx.js:3619	questline_conditions	NPC216 Wolf-Headed Warrior_Character state transition	NPC216狼頭の戦士_キャラ状態遷移	emevd_event	2	extractor-cone-root-budget-capped	questline_conditions:400149:m60_35_50_00.emevd.dcx.js:90005750:0	unknown	world			Liurnia	unknown	7770577	Liurnia :: Pidia's Bell Bearing - near Royal Moongazing Grounds, may be sweep-granted by Royal Knight Loretta (m60_35_50) [f400149]
3740	400149	set	cone root NPC_STATE(3740) at m60_35_50_00.emevd.dcx.js:90005750 set by common.emevd.dcx.js:3759	questline_conditions	NPC330_Atonement Priest_Performing absolution	NPC330_贖罪司祭_免罪実行	emevd_event	5	extractor-cone-root-budget-capped	questline_conditions:400149:m60_35_50_00.emevd.dcx.js:90005750:0	unknown	world			Liurnia	unknown	7770577	Liurnia :: Pidia's Bell Bearing - near Royal Moongazing Grounds, may be sweep-granted by Royal Knight Loretta (m60_35_50) [f400149]
3741	400149	set	cone root NPC_STATE(3741) at m60_35_50_00.emevd.dcx.js:90005750 set by common.emevd.dcx.js:3049	questline_conditions	Rani gang is hostile	ラニ一味敵対	emevd_event	5	extractor-cone-root-budget-capped	questline_conditions:400149:m60_35_50_00.emevd.dcx.js:90005750:0	unknown	world			Liurnia	unknown	7770577	Liurnia :: Pidia's Bell Bearing - near Royal Moongazing Grounds, may be sweep-granted by Royal Knight Loretta (m60_35_50) [f400149]
3745	400149	set	cone root NPC_STATE(3745) at m60_35_50_00.emevd.dcx.js:90005750 set by common.emevd.dcx.js:3759	questline_conditions	NPC106 Rani_Character state transition	NPC106ラニ_キャラ状態遷移	emevd_event	2	extractor-cone-root-budget-capped	questline_conditions:400149:m60_35_50_00.emevd.dcx.js:90005750:0	unknown	world			Liurnia	unknown	7770577	Liurnia :: Pidia's Bell Bearing - near Royal Moongazing Grounds, may be sweep-granted by Royal Knight Loretta (m60_35_50) [f400149]
3746	400149	set	cone root NPC_STATE(3746) at m60_35_50_00.emevd.dcx.js:90005750 set by common.emevd.dcx.js:3759	questline_conditions	NPC106 Rani_Character state transition	NPC106ラニ_キャラ状態遷移	emevd_event	2	extractor-cone-root-budget-capped	questline_conditions:400149:m60_35_50_00.emevd.dcx.js:90005750:0	unknown	world			Liurnia	unknown	7770577	Liurnia :: Pidia's Bell Bearing - near Royal Moongazing Grounds, may be sweep-granted by Royal Knight Loretta (m60_35_50) [f400149]
3747	400149	set	cone root NPC_STATE(3747) at m60_35_50_00.emevd.dcx.js:90005750 set by common.emevd.dcx.js:3759	questline_conditions	NPC106 Rani_Character state transition	NPC106ラニ_キャラ状態遷移	emevd_event	2	extractor-cone-root-budget-capped	questline_conditions:400149:m60_35_50_00.emevd.dcx.js:90005750:0	unknown	world			Liurnia	unknown	7770577	Liurnia :: Pidia's Bell Bearing - near Royal Moongazing Grounds, may be sweep-granted by Royal Knight Loretta (m60_35_50) [f400149]
3748	400149	set	cone root NPC_STATE(3748) at m60_35_50_00.emevd.dcx.js:90005750 set by common.emevd.dcx.js:3759	questline_conditions	NPC106 Rani_Character state transition	NPC106ラニ_キャラ状態遷移	emevd_event	2	extractor-cone-root-budget-capped	questline_conditions:400149:m60_35_50_00.emevd.dcx.js:90005750:0	unknown	world			Liurnia	unknown	7770577	Liurnia :: Pidia's Bell Bearing - near Royal Moongazing Grounds, may be sweep-granted by Royal Knight Loretta (m60_35_50) [f400149]
3749	400149	set	cone root NPC_STATE(3749) at m60_35_50_00.emevd.dcx.js:90005750 set by common.emevd.dcx.js:3759	questline_conditions	NPC106 Rani_Character state transition	NPC106ラニ_キャラ状態遷移	emevd_event	2	extractor-cone-root-budget-capped	questline_conditions:400149:m60_35_50_00.emevd.dcx.js:90005750:0	unknown	world			Liurnia	unknown	7770577	Liurnia :: Pidia's Bell Bearing - near Royal Moongazing Grounds, may be sweep-granted by Royal Knight Loretta (m60_35_50) [f400149]
3760	400149	set	cone root NPC_STATE(3760) at m60_35_50_00.emevd.dcx.js:90005750 set by common.emevd.dcx.js:3779	questline_conditions	NPC330_Atonement Priest_Performing absolution	NPC330_贖罪司祭_免罪実行	emevd_event	5	extractor-cone-root-budget-capped	questline_conditions:400149:m60_35_50_00.emevd.dcx.js:90005750:0	unknown	world			Liurnia	unknown	7770577	Liurnia :: Pidia's Bell Bearing - near Royal Moongazing Grounds, may be sweep-granted by Royal Knight Loretta (m60_35_50) [f400149]
3761	400149	set	cone root NPC_STATE(3761) at m60_35_50_00.emevd.dcx.js:90005750 set by common.emevd.dcx.js:3049	questline_conditions	Rani gang is hostile	ラニ一味敵対	emevd_event	4	extractor-cone-root-budget-capped	questline_conditions:400149:m60_35_50_00.emevd.dcx.js:90005750:0	unknown	world			Liurnia	unknown	7770577	Liurnia :: Pidia's Bell Bearing - near Royal Moongazing Grounds, may be sweep-granted by Royal Knight Loretta (m60_35_50) [f400149]
3763	400149	set	cone root NPC_STATE(3763) at m60_35_50_00.emevd.dcx.js:90005750 set by common.emevd.dcx.js:3779	questline_conditions	NPC224 Grandpa_Character state transition	NPC224爺や_キャラ状態遷移	emevd_event	4	extractor-cone-root-budget-capped	questline_conditions:400149:m60_35_50_00.emevd.dcx.js:90005750:0	unknown	world			Liurnia	unknown	7770577	Liurnia :: Pidia's Bell Bearing - near Royal Moongazing Grounds, may be sweep-granted by Royal Knight Loretta (m60_35_50) [f400149]
3765	400149	set	cone root NPC_STATE(3765) at m60_35_50_00.emevd.dcx.js:90005750 set by common.emevd.dcx.js:3779	questline_conditions	NPC224 Grandpa_Character state transition	NPC224爺や_キャラ状態遷移	emevd_event	2	extractor-cone-root-budget-capped	questline_conditions:400149:m60_35_50_00.emevd.dcx.js:90005750:0	unknown	world			Liurnia	unknown	7770577	Liurnia :: Pidia's Bell Bearing - near Royal Moongazing Grounds, may be sweep-granted by Royal Knight Loretta (m60_35_50) [f400149]
3766	400149	set	cone root NPC_STATE(3766) at m60_35_50_00.emevd.dcx.js:90005750 set by common.emevd.dcx.js:3779	questline_conditions	NPC224 Grandpa_Character state transition	NPC224爺や_キャラ状態遷移	emevd_event	2	extractor-cone-root-budget-capped	questline_conditions:400149:m60_35_50_00.emevd.dcx.js:90005750:0	unknown	world			Liurnia	unknown	7770577	Liurnia :: Pidia's Bell Bearing - near Royal Moongazing Grounds, may be sweep-granted by Royal Knight Loretta (m60_35_50) [f400149]
3767	400149	set	cone root NPC_STATE(3767) at m60_35_50_00.emevd.dcx.js:90005750 set by common.emevd.dcx.js:3779	questline_conditions	NPC224 Grandpa_Character state transition	NPC224爺や_キャラ状態遷移	emevd_event	2	extractor-cone-root-budget-capped	questline_conditions:400149:m60_35_50_00.emevd.dcx.js:90005750:0	unknown	world			Liurnia	unknown	7770577	Liurnia :: Pidia's Bell Bearing - near Royal Moongazing Grounds, may be sweep-granted by Royal Knight Loretta (m60_35_50) [f400149]
9412	400149	set	cone root BOSS_KILL(9412) at m60_35_50_00.emevd.dcx.js:90005750 set by m60_52_38_00.emevd.dcx.js:1252382800	questline_conditions	Defeat the boss	ボス撃破	emevd_event	1	extractor-cone-root-budget-capped	questline_conditions:400149:m60_35_50_00.emevd.dcx.js:90005750:0	unknown	world			Liurnia	unknown	7770577	Liurnia :: Pidia's Bell Bearing - near Royal Moongazing Grounds, may be sweep-granted by Royal Knight Loretta (m60_35_50) [f400149]
11109518	400149	set	cone root DIALOGUE_STEP(11109518) at m60_35_50_00.emevd.dcx.js:90005750 set by talk/m11_10_00_00-only/t325001110.py:t325001110_x31	questline_conditions	set by NPC talk 325001000 on m10_00_00_00		esd_talk	2	extractor-cone-root-budget-capped	questline_conditions:400149:m60_35_50_00.emevd.dcx.js:90005750:0	unknown	npc_state	Roundtable Hold	esd_talk_map	Liurnia	yes	7770577	Liurnia :: Pidia's Bell Bearing - near Royal Moongazing Grounds, may be sweep-granted by Royal Knight Loretta (m60_35_50) [f400149]
12029155	400149	set	cone root DIALOGUE_STEP(12029155) at m60_35_50_00.emevd.dcx.js:90005750 set by talk/m12_02_00_00-only/t216001202.py:t216001202_x58	questline_conditions	set by NPC talk 216001202 on m12_02_00_00		esd_talk	2	extractor-cone-root-budget-capped	questline_conditions:400149:m60_35_50_00.emevd.dcx.js:90005750:0	unknown	npc_state	Siofra River	esd_talk_map	Liurnia	yes	7770577	Liurnia :: Pidia's Bell Bearing - near Royal Moongazing Grounds, may be sweep-granted by Royal Knight Loretta (m60_35_50) [f400149]
12029157	400149	set	cone root DIALOGUE_STEP(12029157) at m60_35_50_00.emevd.dcx.js:90005750 set by talk/m12_02_00_00-only/t216001202.py:t216001202_x58	questline_conditions	set by NPC talk 216001202 on m12_02_00_00		esd_talk	2	extractor-cone-root-budget-capped	questline_conditions:400149:m60_35_50_00.emevd.dcx.js:90005750:0	unknown	npc_state	Siofra River	esd_talk_map	Liurnia	yes	7770577	Liurnia :: Pidia's Bell Bearing - near Royal Moongazing Grounds, may be sweep-granted by Royal Knight Loretta (m60_35_50) [f400149]
1034499238	400149	set	cone root DIALOGUE_STEP(1034499238) at m60_35_50_00.emevd.dcx.js:90005750 set by talk/m60_00_00_00-only/t224006000.py:t224006000_x30	questline_conditions	set by NPC talk 224006000 on m60_00_00_00		esd_talk	1	extractor-cone-root-budget-capped	questline_conditions:400149:m60_35_50_00.emevd.dcx.js:90005750:0	unknown	npc_state	Liurnia	flag_decode	Liurnia	no	7770577	Liurnia :: Pidia's Bell Bearing - near Royal Moongazing Grounds, may be sweep-granted by Royal Knight Loretta (m60_35_50) [f400149]
1034509205	400149	set	cone root DIALOGUE_STEP(1034509205) at m60_35_50_00.emevd.dcx.js:90005750 set by talk/m60_00_00_00-only/t216016000.py:t216016000_x33	questline_conditions	set by NPC talk 216016000 on m60_00_00_00		esd_talk	1	extractor-cone-root-budget-capped	questline_conditions:400149:m60_35_50_00.emevd.dcx.js:90005750:0	unknown	npc_state	Liurnia	flag_decode	Liurnia	no	7770577	Liurnia :: Pidia's Bell Bearing - near Royal Moongazing Grounds, may be sweep-granted by Royal Knight Loretta (m60_35_50) [f400149]
1034509306	400149	set	cone root DIALOGUE_STEP(1034509306) at m60_35_50_00.emevd.dcx.js:90005750 set by talk/m60_00_00_00-only/t307306000.py:t307306000_x32	questline_conditions	set by NPC talk 307306000 on m60_00_00_00		esd_talk	1	extractor-cone-root-budget-capped	questline_conditions:400149:m60_35_50_00.emevd.dcx.js:90005750:0	unknown	npc_state	Liurnia	flag_decode	Liurnia	no	7770577	Liurnia :: Pidia's Bell Bearing - near Royal Moongazing Grounds, may be sweep-granted by Royal Knight Loretta (m60_35_50) [f400149]
1034509310	400149	set	cone root DIALOGUE_STEP(1034509310) at m60_35_50_00.emevd.dcx.js:90005750 set by talk/m60_00_00_00-only/t307006000.py:t307006000_x71	questline_conditions	set by NPC talk 307006000 on m60_00_00_00		esd_talk	1	extractor-cone-root-budget-capped	questline_conditions:400149:m60_35_50_00.emevd.dcx.js:90005750:0	unknown	npc_state	Liurnia	flag_decode	Liurnia	no	7770577	Liurnia :: Pidia's Bell Bearing - near Royal Moongazing Grounds, may be sweep-granted by Royal Knight Loretta (m60_35_50) [f400149]
1034509311	400149	set	cone root DIALOGUE_STEP(1034509311) at m60_35_50_00.emevd.dcx.js:90005750 set by talk/m60_00_00_00-only/t307006000.py:t307006000_x71	questline_conditions	set by NPC talk 307006000 on m60_00_00_00		esd_talk	1	extractor-cone-root-budget-capped	questline_conditions:400149:m60_35_50_00.emevd.dcx.js:90005750:0	unknown	npc_state	Liurnia	flag_decode	Liurnia	no	7770577	Liurnia :: Pidia's Bell Bearing - near Royal Moongazing Grounds, may be sweep-granted by Royal Knight Loretta (m60_35_50) [f400149]
1034509312	400149	set	cone root DIALOGUE_STEP(1034509312) at m60_35_50_00.emevd.dcx.js:90005750 set by talk/m60_00_00_00-only/t307006000.py:t307006000_x71	questline_conditions	set by NPC talk 307006000 on m60_00_00_00		esd_talk	1	extractor-cone-root-budget-capped	questline_conditions:400149:m60_35_50_00.emevd.dcx.js:90005750:0	unknown	npc_state	Liurnia	flag_decode	Liurnia	no	7770577	Liurnia :: Pidia's Bell Bearing - near Royal Moongazing Grounds, may be sweep-granted by Royal Knight Loretta (m60_35_50) [f400149]
1034509313	400149	set	cone root DIALOGUE_STEP(1034509313) at m60_35_50_00.emevd.dcx.js:90005750 set by talk/m60_00_00_00-only/t307006000.py:t307006000_x71	questline_conditions	set by NPC talk 307006000 on m60_00_00_00		esd_talk	1	extractor-cone-root-budget-capped	questline_conditions:400149:m60_35_50_00.emevd.dcx.js:90005750:0	unknown	npc_state	Liurnia	flag_decode	Liurnia	no	7770577	Liurnia :: Pidia's Bell Bearing - near Royal Moongazing Grounds, may be sweep-granted by Royal Knight Loretta (m60_35_50) [f400149]
1034509315	400149	set	cone root DIALOGUE_STEP(1034509315) at m60_35_50_00.emevd.dcx.js:90005750 set by talk/m60_00_00_00-only/t307006000.py:t307006000_x71	questline_conditions	set by NPC talk 307006000 on m60_00_00_00		esd_talk	1	extractor-cone-root-budget-capped	questline_conditions:400149:m60_35_50_00.emevd.dcx.js:90005750:0	unknown	npc_state	Liurnia	flag_decode	Liurnia	no	7770577	Liurnia :: Pidia's Bell Bearing - near Royal Moongazing Grounds, may be sweep-granted by Royal Knight Loretta (m60_35_50) [f400149]
1034509328	400149	set	cone root DIALOGUE_STEP(1034509328) at m60_35_50_00.emevd.dcx.js:90005750 set by talk/m60_00_00_00-only/t307006000.py:t307006000_x17	questline_conditions	set by NPC talk 307006000 on m60_00_00_00		esd_talk	1	extractor-cone-root-budget-capped	questline_conditions:400149:m60_35_50_00.emevd.dcx.js:90005750:0	unknown	npc_state	Liurnia	flag_decode	Liurnia	no	7770577	Liurnia :: Pidia's Bell Bearing - near Royal Moongazing Grounds, may be sweep-granted by Royal Knight Loretta (m60_35_50) [f400149]
1034509335	400149	set	cone root DIALOGUE_STEP(1034509335) at m60_35_50_00.emevd.dcx.js:90005750 set by talk/m60_00_00_00-only/t307006000.py:t307006000_x70	questline_conditions	set by NPC talk 307006000 on m60_00_00_00		esd_talk	1	extractor-cone-root-budget-capped	questline_conditions:400149:m60_35_50_00.emevd.dcx.js:90005750:0	unknown	npc_state	Liurnia	flag_decode	Liurnia	no	7770577	Liurnia :: Pidia's Bell Bearing - near Royal Moongazing Grounds, may be sweep-granted by Royal Knight Loretta (m60_35_50) [f400149]
1034509338	400149	set	cone root DIALOGUE_STEP(1034509338) at m60_35_50_00.emevd.dcx.js:90005750 set by talk/m60_00_00_00-only/t307006000.py:t307006000_x71	questline_conditions	set by NPC talk 307006000 on m60_00_00_00		esd_talk	1	extractor-cone-root-budget-capped	questline_conditions:400149:m60_35_50_00.emevd.dcx.js:90005750:0	unknown	npc_state	Liurnia	flag_decode	Liurnia	no	7770577	Liurnia :: Pidia's Bell Bearing - near Royal Moongazing Grounds, may be sweep-granted by Royal Knight Loretta (m60_35_50) [f400149]
1034509358	400149	set	cone root DIALOGUE_STEP(1034509358) at m60_35_50_00.emevd.dcx.js:90005750 set by talk/m60_00_00_00-only/t224206000.py:t224206000_x37	questline_conditions	set by NPC talk 224206000 on m60_00_00_00		esd_talk	1	extractor-cone-root-budget-capped	questline_conditions:400149:m60_35_50_00.emevd.dcx.js:90005750:0	unknown	npc_state	Liurnia	flag_decode	Liurnia	no	7770577	Liurnia :: Pidia's Bell Bearing - near Royal Moongazing Grounds, may be sweep-granted by Royal Knight Loretta (m60_35_50) [f400149]
1034509405	400149	set	cone root DIALOGUE_STEP(1034509405) at m60_35_50_00.emevd.dcx.js:90005750 set by talk/m60_00_00_00-only/t106016000.py:t106016000_x12	questline_conditions	set by NPC talk 106016000 on m60_00_00_00		esd_talk	1	extractor-cone-root-budget-capped	questline_conditions:400149:m60_35_50_00.emevd.dcx.js:90005750:0	unknown	npc_state	Liurnia	flag_decode	Liurnia	no	7770577	Liurnia :: Pidia's Bell Bearing - near Royal Moongazing Grounds, may be sweep-granted by Royal Knight Loretta (m60_35_50) [f400149]
1034509410	400149	set	cone root DIALOGUE_STEP(1034509410) at m60_35_50_00.emevd.dcx.js:90005750 set by talk/m60_00_00_00-only/t106016000.py:t106016000_x64	questline_conditions	set by NPC talk 106016000 on m60_00_00_00		esd_talk	1	extractor-cone-root-budget-capped	questline_conditions:400149:m60_35_50_00.emevd.dcx.js:90005750:0	unknown	npc_state	Liurnia	flag_decode	Liurnia	no	7770577	Liurnia :: Pidia's Bell Bearing - near Royal Moongazing Grounds, may be sweep-granted by Royal Knight Loretta (m60_35_50) [f400149]
1034509411	400149	set	cone root DIALOGUE_STEP(1034509411) at m60_35_50_00.emevd.dcx.js:90005750 set by talk/m60_00_00_00-only/t106016000.py:t106016000_x64	questline_conditions	set by NPC talk 106016000 on m60_00_00_00		esd_talk	1	extractor-cone-root-budget-capped	questline_conditions:400149:m60_35_50_00.emevd.dcx.js:90005750:0	unknown	npc_state	Liurnia	flag_decode	Liurnia	no	7770577	Liurnia :: Pidia's Bell Bearing - near Royal Moongazing Grounds, may be sweep-granted by Royal Knight Loretta (m60_35_50) [f400149]
1034509420	400149	set	cone root DIALOGUE_STEP(1034509420) at m60_35_50_00.emevd.dcx.js:90005750 set by talk/m60_00_00_00-only/t106016000.py:t106016000_x64	questline_conditions	set by NPC talk 106016000 on m60_00_00_00		esd_talk	1	extractor-cone-root-budget-capped	questline_conditions:400149:m60_35_50_00.emevd.dcx.js:90005750:0	unknown	npc_state	Liurnia	flag_decode	Liurnia	no	7770577	Liurnia :: Pidia's Bell Bearing - near Royal Moongazing Grounds, may be sweep-granted by Royal Knight Loretta (m60_35_50) [f400149]
1034509421	400149	set	cone root DIALOGUE_STEP(1034509421) at m60_35_50_00.emevd.dcx.js:90005750 set by talk/m60_00_00_00-only/t106016000.py:t106016000_x64	questline_conditions	set by NPC talk 106016000 on m60_00_00_00		esd_talk	1	extractor-cone-root-budget-capped	questline_conditions:400149:m60_35_50_00.emevd.dcx.js:90005750:0	unknown	npc_state	Liurnia	flag_decode	Liurnia	no	7770577	Liurnia :: Pidia's Bell Bearing - near Royal Moongazing Grounds, may be sweep-granted by Royal Knight Loretta (m60_35_50) [f400149]
1034509422	400149	set	cone root DIALOGUE_STEP(1034509422) at m60_35_50_00.emevd.dcx.js:90005750 set by talk/m60_00_00_00-only/t106016000.py:t106016000_x21	questline_conditions	set by NPC talk 106016000 on m60_00_00_00		esd_talk	1	extractor-cone-root-budget-capped	questline_conditions:400149:m60_35_50_00.emevd.dcx.js:90005750:0	unknown	npc_state	Liurnia	flag_decode	Liurnia	no	7770577	Liurnia :: Pidia's Bell Bearing - near Royal Moongazing Grounds, may be sweep-granted by Royal Knight Loretta (m60_35_50) [f400149]
1034509424	400149	set	cone root DIALOGUE_STEP(1034509424) at m60_35_50_00.emevd.dcx.js:90005750 set by talk/m60_00_00_00-only/t106016000.py:t106016000_x30	questline_conditions	set by NPC talk 106016000 on m60_00_00_00		esd_talk	1	extractor-cone-root-budget-capped	questline_conditions:400149:m60_35_50_00.emevd.dcx.js:90005750:0	unknown	npc_state	Liurnia	flag_decode	Liurnia	no	7770577	Liurnia :: Pidia's Bell Bearing - near Royal Moongazing Grounds, may be sweep-granted by Royal Knight Loretta (m60_35_50) [f400149]
1034509425	400149	set	cone root DIALOGUE_STEP(1034509425) at m60_35_50_00.emevd.dcx.js:90005750 set by talk/m60_00_00_00-only/t106016000.py:t106016000_x30	questline_conditions	NPC106 Rani_Character state transition	NPC106ラニ_キャラ状態遷移	emevd_event	1	extractor-cone-root-budget-capped	questline_conditions:400149:m60_35_50_00.emevd.dcx.js:90005750:0	unknown	npc_state	Liurnia	flag_decode	Liurnia	no	7770577	Liurnia :: Pidia's Bell Bearing - near Royal Moongazing Grounds, may be sweep-granted by Royal Knight Loretta (m60_35_50) [f400149]
1034509432	400149	set	cone root DIALOGUE_STEP(1034509432) at m60_35_50_00.emevd.dcx.js:90005750 set by talk/m60_00_00_00-only/t106016000.py:t106016000_x64	questline_conditions	set by NPC talk 106016000 on m60_00_00_00		esd_talk	1	extractor-cone-root-budget-capped	questline_conditions:400149:m60_35_50_00.emevd.dcx.js:90005750:0	unknown	npc_state	Liurnia	flag_decode	Liurnia	no	7770577	Liurnia :: Pidia's Bell Bearing - near Royal Moongazing Grounds, may be sweep-granted by Royal Knight Loretta (m60_35_50) [f400149]
1037469289	400149	set	cone root DIALOGUE_STEP(1037469289) at m60_35_50_00.emevd.dcx.js:90005750 set by talk/m60_00_00_00-only/t330016000.py:t330016000_x3	questline_conditions	set by NPC talk 330016000 on m60_00_00_00		esd_talk	1	extractor-cone-root-budget-capped	questline_conditions:400149:m60_35_50_00.emevd.dcx.js:90005750:0	unknown	npc_state	Liurnia	flag_decode	Liurnia	no	7770577	Liurnia :: Pidia's Bell Bearing - near Royal Moongazing Grounds, may be sweep-granted by Royal Knight Loretta (m60_35_50) [f400149]
1042369407	400149	set	cone root DIALOGUE_STEP(1042369407) at m60_35_50_00.emevd.dcx.js:90005750 set by talk/m60_00_00_00-only/t106006000.py:t106006000_x30	questline_conditions	set by NPC talk 106006000 on m60_00_00_00		esd_talk	1	extractor-cone-root-budget-capped	questline_conditions:400149:m60_35_50_00.emevd.dcx.js:90005750:0	unknown	npc_state	Limgrave	flag_decode	Liurnia	yes	7770577	Liurnia :: Pidia's Bell Bearing - near Royal Moongazing Grounds, may be sweep-granted by Royal Knight Loretta (m60_35_50) [f400149]
1042369408	400149	set	cone root DIALOGUE_STEP(1042369408) at m60_35_50_00.emevd.dcx.js:90005750 set by talk/m60_00_00_00-only/t106006000.py:t106006000_x30	questline_conditions	set by NPC talk 106006000 on m60_00_00_00		esd_talk	1	extractor-cone-root-budget-capped	questline_conditions:400149:m60_35_50_00.emevd.dcx.js:90005750:0	unknown	npc_state	Limgrave	flag_decode	Liurnia	yes	7770577	Liurnia :: Pidia's Bell Bearing - near Royal Moongazing Grounds, may be sweep-granted by Royal Knight Loretta (m60_35_50) [f400149]
1042369411	400149	set	cone root BOSS_KILL(1042369411) at m60_35_50_00.emevd.dcx.js:90005750 set by m60_42_36_00.emevd.dcx.js:1042360711	questline_conditions	NPC106_Rani_Church appearance monitoring event	NPC106_ラニ_教会出現監視イベント	emevd_event	2	extractor-cone-root-budget-capped	questline_conditions:400149:m60_35_50_00.emevd.dcx.js:90005750:0	unknown	world	Limgrave	flag_decode	Liurnia	yes	7770577	Liurnia :: Pidia's Bell Bearing - near Royal Moongazing Grounds, may be sweep-granted by Royal Knight Loretta (m60_35_50) [f400149]
1044349255	400149	set	cone root DIALOGUE_STEP(1044349255) at m60_35_50_00.emevd.dcx.js:90005750 set by talk/m12_02_00_00-only/t216001202.py:t216001202_x58	questline_conditions	set by NPC talk 216001202 on m12_02_00_00		esd_talk	2	extractor-cone-root-budget-capped	questline_conditions:400149:m60_35_50_00.emevd.dcx.js:90005750:0	unknown	npc_state	Weeping	flag_decode	Liurnia	yes	7770577	Liurnia :: Pidia's Bell Bearing - near Royal Moongazing Grounds, may be sweep-granted by Royal Knight Loretta (m60_35_50) [f400149]
1044350800	400149	set	cone root BOSS_KILL(1044350800) at m60_35_50_00.emevd.dcx.js:90005750 set by common_func.emevd.dcx.js:90005880	questline_conditions					extractor-cone-root-budget-capped	questline_conditions:400149:m60_35_50_00.emevd.dcx.js:90005750:0	unknown	world	Limgrave	flag_decode	Liurnia	yes	7770577	Liurnia :: Pidia's Bell Bearing - near Royal Moongazing Grounds, may be sweep-granted by Royal Knight Loretta (m60_35_50) [f400149]
1044359256	400149	set	cone root DIALOGUE_STEP(1044359256) at m60_35_50_00.emevd.dcx.js:90005750 set by talk/m12_02_00_00-only/t216001202.py:t216001202_x58	questline_conditions	set by NPC talk 216001202 on m12_02_00_00		esd_talk	2	extractor-cone-root-budget-capped	questline_conditions:400149:m60_35_50_00.emevd.dcx.js:90005750:0	unknown	npc_state	Limgrave	flag_decode	Liurnia	yes	7770577	Liurnia :: Pidia's Bell Bearing - near Royal Moongazing Grounds, may be sweep-granted by Royal Knight Loretta (m60_35_50) [f400149]
1045379205	400149	set	cone root DIALOGUE_STEP(1045379205) at m60_35_50_00.emevd.dcx.js:90005750 set by talk/m12_02_00_00-only/t216001202.py:t216001202_x58	questline_conditions	set by NPC talk 216001202 on m12_02_00_00		esd_talk	2	extractor-cone-root-budget-capped	questline_conditions:400149:m60_35_50_00.emevd.dcx.js:90005750:0	unknown	npc_state	Siofra River	esd_talk_map	Liurnia	yes	7770577	Liurnia :: Pidia's Bell Bearing - near Royal Moongazing Grounds, may be sweep-granted by Royal Knight Loretta (m60_35_50) [f400149]
1052389306	400149	set	cone root DIALOGUE_STEP(1052389306) at m60_35_50_00.emevd.dcx.js:90005750 set by talk/m12_02_00_00-only/t216001202.py:t216001202_x21	questline_conditions	set by NPC talk 216001202 on m12_02_00_00		esd_talk	2	extractor-cone-root-budget-capped	questline_conditions:400149:m60_35_50_00.emevd.dcx.js:90005750:0	unknown	npc_state	Caelid	flag_decode	Liurnia	yes	7770577	Liurnia :: Pidia's Bell Bearing - near Royal Moongazing Grounds, may be sweep-granted by Royal Knight Loretta (m60_35_50) [f400149]
goods:2130	400149	set	cone root ITEM_POSSESSION(2130) at m60_35_50_00.emevd.dcx.js:90005750 set by m60_35_50_00.emevd.dcx.js	questline_conditions					extractor-cone-root-budget-capped	questline_conditions:400149:m60_35_50_00.emevd.dcx.js:90005750:0	unknown	item			Liurnia	unknown	7770577	Liurnia :: Pidia's Bell Bearing - near Royal Moongazing Grounds, may be sweep-granted by Royal Knight Loretta (m60_35_50) [f400149]
goods:8142	400149	set	cone root ITEM_POSSESSION(8142) at m60_35_50_00.emevd.dcx.js:90005750 set by m60_35_50_00.emevd.dcx.js	questline_conditions					extractor-cone-root-budget-capped	questline_conditions:400149:m60_35_50_00.emevd.dcx.js:90005750:0	unknown	item			Liurnia	unknown	7770577	Liurnia :: Pidia's Bell Bearing - near Royal Moongazing Grounds, may be sweep-granted by Royal Knight Loretta (m60_35_50) [f400149]
goods:8159	400149	set	cone root ITEM_POSSESSION(8159) at m60_35_50_00.emevd.dcx.js:90005750 set by m60_35_50_00.emevd.dcx.js	questline_conditions					extractor-cone-root-budget-capped	questline_conditions:400149:m60_35_50_00.emevd.dcx.js:90005750:0	unknown	item			Liurnia	unknown	7770577	Liurnia :: Pidia's Bell Bearing - near Royal Moongazing Grounds, may be sweep-granted by Royal Knight Loretta (m60_35_50) [f400149]
goods:8164	400149	set	cone root ITEM_POSSESSION(8164) at m60_35_50_00.emevd.dcx.js:90005750 set by m60_35_50_00.emevd.dcx.js	questline_conditions					extractor-cone-root-budget-capped	questline_conditions:400149:m60_35_50_00.emevd.dcx.js:90005750:0	unknown	item			Liurnia	unknown	7770577	Liurnia :: Pidia's Bell Bearing - near Royal Moongazing Grounds, may be sweep-granted by Royal Knight Loretta (m60_35_50) [f400149]
goods:8166	400149	set	cone root ITEM_POSSESSION(8166) at m60_35_50_00.emevd.dcx.js:90005750 set by m60_35_50_00.emevd.dcx.js	questline_conditions					extractor-cone-root-budget-capped	questline_conditions:400149:m60_35_50_00.emevd.dcx.js:90005750:0	unknown	item			Liurnia	unknown	7770577	Liurnia :: Pidia's Bell Bearing - near Royal Moongazing Grounds, may be sweep-granted by Royal Knight Loretta (m60_35_50) [f400149]
map:m60_35	400149	set	cone root MAP_ACCESS(m60_35) at m60_35_50_00.emevd.dcx.js:90005750 set by m60_35_50_00.emevd.dcx.js	questline_conditions					extractor-cone-root-budget-capped	questline_conditions:400149:m60_35_50_00.emevd.dcx.js:90005750:0	unknown	map_access			Liurnia	unknown	7770577	Liurnia :: Pidia's Bell Bearing - near Royal Moongazing Grounds, may be sweep-granted by Royal Knight Loretta (m60_35_50) [f400149]
map:m60_37	400149	set	cone root MAP_ACCESS(m60_37) at m60_35_50_00.emevd.dcx.js:90005750 set by m60_37_46_00.emevd.dcx.js	questline_conditions					extractor-cone-root-budget-capped	questline_conditions:400149:m60_35_50_00.emevd.dcx.js:90005750:0	unknown	map_access			Liurnia	unknown	7770577	Liurnia :: Pidia's Bell Bearing - near Royal Moongazing Grounds, may be sweep-granted by Royal Knight Loretta (m60_35_50) [f400149]
12012716	400159	clear	)); WaitFor(EventFlag(12019280) && !EventFlag(12012716)); Rem	lot_gates	NPC106 Rani_Shadow Head Death Monitor	NPC106ラニ_影狼頭死亡監視	emevd_event	1	waitfor-negated	lot_gates:400159:3050	unknown	npc_state	Ainsel River	setter_map	Ainsel River	no	7773712	Ainsel River :: Discarded Palace Key [f400159]
12019280	400159	set	EndIf(EventFlag(400159)); WaitFor(EventFlag(12019280) && !Event	lot_gates	NPC106 Rani_Shadow Head Death Monitor	NPC106ラニ_影狼頭死亡監視	emevd_event	1	waitfor-blocks-until-set	lot_gates:400159:3050	unknown	world	Ainsel River	setter_map	Ainsel River	no	7773712	Ainsel River :: Discarded Palace Key [f400159]
12019280	400159	set	cone root BOSS_KILL(12019280) at common.emevd.dcx.js:3050 set by m12_01_00_00.emevd.dcx.js:12010706	questline_conditions	NPC106 Rani_Shadow Head Death Monitor	NPC106ラニ_影狼頭死亡監視	emevd_event	1	extractor-cone-root	questline_conditions:400159:common.emevd.dcx.js:3050:	unknown	world	Ainsel River	setter_map	Ainsel River	no	7773712	Ainsel River :: Discarded Palace Key [f400159]
map:m12_01	400159	set	cone root MAP_ACCESS(m12_01) at common.emevd.dcx.js:3050 set by m12_01_00_00.emevd.dcx.js	questline_conditions					extractor-cone-root	questline_conditions:400159:common.emevd.dcx.js:3050:	unknown	map_access	Ainsel River	map_id	Ainsel River	no	7773712	Ainsel River :: Discarded Palace Key [f400159]
1039529205	400163	set	$InitializeCommonEvent(90005750) arg5	lot_gates	set by NPC talk 318001110 on m11_10_00_00		esd_talk	2	commonarg-positive-by-construction	lot_gates:400163:90005750	single	npc_state			Altus	unknown	7770578	Altus :: Nagakiba with Ash of War: Piercing Fang - m60_39_52 (region unconfirmed), may be sweep-granted by Black Knife Assassin (m60_40_52) [f400163]
3000	400163	set	cone root DIALOGUE_STEP(3000) at m60_39_52_00.emevd.dcx.js:90005750 set by talk/m60_00_00_00-only/t900006000.py:t900006000_x3	questline_conditions	set by NPC talk 900006000 on m60_00_00_00		esd_talk	1	extractor-cone-root	questline_conditions:400163:m60_39_52_00.emevd.dcx.js:90005750:0	unknown	npc_state			Altus	unknown	7770578	Altus :: Nagakiba with Ash of War: Piercing Fang - m60_39_52 (region unconfirmed), may be sweep-granted by Black Knife Assassin (m60_40_52) [f400163]
3620	400163	set	cone root NPC_STATE(3620) at m60_39_52_00.emevd.dcx.js:90005750 set by common.emevd.dcx.js:3639	questline_conditions	NPC330_Atonement Priest_Performing absolution	NPC330_贖罪司祭_免罪実行	emevd_event	13	extractor-cone-root	questline_conditions:400163:m60_39_52_00.emevd.dcx.js:90005750:0	unknown	world			Altus	unknown	7770578	Altus :: Nagakiba with Ash of War: Piercing Fang - m60_39_52 (region unconfirmed), may be sweep-granted by Black Knife Assassin (m60_40_52) [f400163]
3623	400163	set	cone root BOSS_KILL(3623) at m60_39_52_00.emevd.dcx.js:90005750 set by common_func.emevd.dcx.js:90005702	questline_conditions	NPC318_Host of Chaos_Death confirmation_After victory with a crushed finger	NPC318_混沌の宿主_死亡確認_ある潰れ指勝利後	emevd_event	17	extractor-cone-root	questline_conditions:400163:m60_39_52_00.emevd.dcx.js:90005750:0	unknown	world			Altus	unknown	7770578	Altus :: Nagakiba with Ash of War: Piercing Fang - m60_39_52 (region unconfirmed), may be sweep-granted by Black Knife Assassin (m60_40_52) [f400163]
3627	400163	set	cone root NPC_STATE(3627) at m60_39_52_00.emevd.dcx.js:90005750 set by common.emevd.dcx.js:3639	questline_conditions	NPC318 Host of Chaos_Character state transition	NPC318混沌の宿主_キャラ状態遷移	emevd_event	2	extractor-cone-root	questline_conditions:400163:m60_39_52_00.emevd.dcx.js:90005750:0	unknown	world			Altus	unknown	7770578	Altus :: Nagakiba with Ash of War: Piercing Fang - m60_39_52 (region unconfirmed), may be sweep-granted by Black Knife Assassin (m60_40_52) [f400163]
3630	400163	set	cone root NPC_STATE(3630) at m60_39_52_00.emevd.dcx.js:90005750 set by common.emevd.dcx.js:3639	questline_conditions	NPC318 Host of Chaos_Character state transition	NPC318混沌の宿主_キャラ状態遷移	emevd_event	2	extractor-cone-root	questline_conditions:400163:m60_39_52_00.emevd.dcx.js:90005750:0	unknown	world			Altus	unknown	7770578	Altus :: Nagakiba with Ash of War: Piercing Fang - m60_39_52 (region unconfirmed), may be sweep-granted by Black Knife Assassin (m60_40_52) [f400163]
7607	400163	set	cone root BOSS_KILL(7607) at m60_39_52_00.emevd.dcx.js:90005750 set by common_func.emevd.dcx.js:90005796	questline_conditions					extractor-cone-root	questline_conditions:400163:m60_39_52_00.emevd.dcx.js:90005750:0	unknown	world			Altus	unknown	7770578	Altus :: Nagakiba with Ash of War: Piercing Fang - m60_39_52 (region unconfirmed), may be sweep-granted by Black Knife Assassin (m60_40_52) [f400163]
1035469207	400163	set	cone root DIALOGUE_STEP(1035469207) at m60_39_52_00.emevd.dcx.js:90005750 set by talk/m11_10_00_00-only/t318001110.py:t318001110_x8	questline_conditions	set by NPC talk 318001110 on m11_10_00_00		esd_talk	2	extractor-cone-root	questline_conditions:400163:m60_39_52_00.emevd.dcx.js:90005750:0	unknown	npc_state	Liurnia	flag_decode	Altus	yes	7770578	Altus :: Nagakiba with Ash of War: Piercing Fang - m60_39_52 (region unconfirmed), may be sweep-granted by Black Knife Assassin (m60_40_52) [f400163]
1037469289	400163	set	cone root DIALOGUE_STEP(1037469289) at m60_39_52_00.emevd.dcx.js:90005750 set by talk/m60_00_00_00-only/t330016000.py:t330016000_x3	questline_conditions	set by NPC talk 330016000 on m60_00_00_00		esd_talk	1	extractor-cone-root	questline_conditions:400163:m60_39_52_00.emevd.dcx.js:90005750:0	unknown	npc_state	Liurnia	flag_decode	Altus	yes	7770578	Altus :: Nagakiba with Ash of War: Piercing Fang - m60_39_52 (region unconfirmed), may be sweep-granted by Black Knife Assassin (m60_40_52) [f400163]
1039529205	400163	set	cone root DIALOGUE_STEP(1039529205) at m60_39_52_00.emevd.dcx.js:90005750 set by talk/m11_10_00_00-only/t318001110.py:t318001110_x9	questline_conditions	set by NPC talk 318001110 on m11_10_00_00		esd_talk	2	extractor-cone-root	questline_conditions:400163:m60_39_52_00.emevd.dcx.js:90005750:0	unknown	npc_state	Roundtable Hold	esd_talk_map	Altus	yes	7770578	Altus :: Nagakiba with Ash of War: Piercing Fang - m60_39_52 (region unconfirmed), may be sweep-granted by Black Knife Assassin (m60_40_52) [f400163]
goods:2130	400163	set	cone root ITEM_POSSESSION(2130) at m60_39_52_00.emevd.dcx.js:90005750 set by m60_39_52_00.emevd.dcx.js	questline_conditions					extractor-cone-root	questline_conditions:400163:m60_39_52_00.emevd.dcx.js:90005750:0	unknown	item			Altus	unknown	7770578	Altus :: Nagakiba with Ash of War: Piercing Fang - m60_39_52 (region unconfirmed), may be sweep-granted by Black Knife Assassin (m60_40_52) [f400163]
map:m60_37	400163	set	cone root MAP_ACCESS(m60_37) at m60_39_52_00.emevd.dcx.js:90005750 set by m60_37_46_00.emevd.dcx.js	questline_conditions					extractor-cone-root	questline_conditions:400163:m60_39_52_00.emevd.dcx.js:90005750:0	unknown	map_access			Altus	unknown	7770578	Altus :: Nagakiba with Ash of War: Piercing Fang - m60_39_52 (region unconfirmed), may be sweep-granted by Black Knife Assassin (m60_40_52) [f400163]
map:m60_39	400163	set	cone root MAP_ACCESS(m60_39) at m60_39_52_00.emevd.dcx.js:90005750 set by m60_39_52_00.emevd.dcx.js	questline_conditions					extractor-cone-root	questline_conditions:400163:m60_39_52_00.emevd.dcx.js:90005750:0	unknown	map_access			Altus	unknown	7770578	Altus :: Nagakiba with Ash of War: Piercing Fang - m60_39_52 (region unconfirmed), may be sweep-granted by Black Knife Assassin (m60_40_52) [f400163]
3671	400174	set	dIf(!PlayerIsInOwnWorld()); WaitFor(EventFlag(3671) && EventF	lot_gates	NPC220 Tsubo Meyer_Character state transition	NPC220壺マイヤー_キャラ状態遷移	emevd_event	2	waitfor-blocks-until-set	lot_gates:400174:13003711	unknown	world			Farum Azula	unknown	7900018	Farum Azula :: Alexander's Innards - around Crumbling Beast Grave, may be sweep-granted by Dragonlord Placidusax (m13_00) [f400174]
13009254	400174	set	$InitializeCommonEvent(90005750) arg5	lot_gates	Tsubomayer_The Last Battle	壺マイヤー_最後の戦い	emevd_event	1	commonarg-positive-by-construction	lot_gates:400174:90005750	single	world	Farum Azula	setter_map	Farum Azula	no	7900018	Farum Azula :: Alexander's Innards - around Crumbling Beast Grave, may be sweep-granted by Dragonlord Placidusax (m13_00) [f400174]
13009256	400174	set	orld()); WaitFor(EventFlag(3671) && EventFlag(13009256)); Set	lot_gates	set by NPC talk 220001300 on m13_00_00_00		esd_talk	5	waitfor-blocks-until-set	lot_gates:400174:13003711	unknown	npc_state			Farum Azula	unknown	7900018	Farum Azula :: Alexander's Innards - around Crumbling Beast Grave, may be sweep-granted by Dragonlord Placidusax (m13_00) [f400174]
13009257	400174	unknown	flagHp &= EventFlag(13009258) && !EventFlag(13009257);	lot_gates	set by NPC talk 220001300 on m13_00_00_00		esd_talk	5	context-branch-unresolved	lot_gates:400174:13003711	unknown	npc_state			Farum Azula	unknown	7900018	Farum Azula :: Alexander's Innards - around Crumbling Beast Grave, may be sweep-granted by Dragonlord Placidusax (m13_00) [f400174]
13009258	400174	unknown	GotoIf(L2, flagHp); flag &= EventFlag(13009258) && EventF	lot_gates	set by NPC talk 220001300 on m13_00_00_00		esd_talk	5	context-branch-unresolved	lot_gates:400174:13003711	unknown	npc_state			Farum Azula	unknown	7900018	Farum Azula :: Alexander's Innards - around Crumbling Beast Grave, may be sweep-granted by Dragonlord Placidusax (m13_00) [f400174]
13009260	400174	unknown	lity(chrEntityId); WaitFor( EventFlag(13009260)	lot_gates	set by NPC talk 220001300 on m13_00_00_00		esd_talk	5	context-branch-unresolved	lot_gates:400174:13003711	unknown	npc_state			Farum Azula	unknown	7900018	Farum Azula :: Alexander's Innards - around Crumbling Beast Grave, may be sweep-granted by Dragonlord Placidusax (m13_00) [f400174]
16000800	400180	clear	talk 309001600 gate_sense=0 lot 101800	esd_gifts	Defeat the Ghoul King	グールの王撃破	emevd_event	1	esd-walk-gate-sense	esd_gifts:400180:309001600	single	world			Mt. Gelmir	unknown	7770581	Mt. Gelmir :: Letter to Patches - around Volcano Manor, may be sweep-granted by Rykard, Lord of Blasphemy (m16_00) [f400180]
16000800	400180	clear	talk 309003100 gate_sense=0 lot 101800	esd_gifts	Defeat the Ghoul King	グールの王撃破	emevd_event	1	esd-walk-gate-sense	esd_gifts:400180:309003100	single	world			Mt. Gelmir	unknown	7770581	Mt. Gelmir :: Letter to Patches - around Volcano Manor, may be sweep-granted by Rykard, Lord of Blasphemy (m16_00) [f400180]
16000800	400180	clear	talk 309006000 gate_sense=0 lot 101800	esd_gifts	Defeat the Ghoul King	グールの王撃破	emevd_event	1	esd-walk-gate-sense	esd_gifts:400180:309006000	single	world			Mt. Gelmir	unknown	7770581	Mt. Gelmir :: Letter to Patches - around Volcano Manor, may be sweep-granted by Rykard, Lord of Blasphemy (m16_00) [f400180]
3683	400183	clear	on() { EndIf(EventFlag(31000800) || EventFlag(3683) || EventF	lot_gates	NPC309_Head of the Thief_When defeating Rykard_Event status check	NPC309_盗賊の頭_ライカード撃破時_イベント状態チェック	emevd_event	13	endif-bailout-inverts	lot_gates:400183:31002800	unknown	world	Mt. Gelmir	setter_map	Limgrave	yes	7770582	Limgrave :: Golden Rune [1] - Murkwater Cave [f400183]
3683	400183	clear	on() { EndIf(EventFlag(31000800) || EventFlag(3683) || EventF	lot_gates	NPC309_Head of the Thief_When defeating Rykard_Event status check	NPC309_盗賊の頭_ライカード撃破時_イベント状態チェック	emevd_event	13	endif-bailout-inverts	lot_gates:400183:31002811	unknown	world	Mt. Gelmir	setter_map	Limgrave	yes	7770582	Limgrave :: Golden Rune [1] - Murkwater Cave [f400183]
3691	400183	clear	entFlag(31000800) || EventFlag(3683) || EventFlag(3691)); Wai	lot_gates	NPC309 Thief Head_Character state transition	NPC309盗賊の頭_キャラ状態遷移	emevd_event	2	endif-bailout-inverts	lot_gates:400183:31002800	unknown	world	Mt. Gelmir	test_map	Limgrave	yes	7770582	Limgrave :: Golden Rune [1] - Murkwater Cave [f400183]
3691	400183	clear	entFlag(31000800) || EventFlag(3683) || EventFlag(3691)); Wai	lot_gates	NPC309 Thief Head_Character state transition	NPC309盗賊の頭_キャラ状態遷移	emevd_event	2	endif-bailout-inverts	lot_gates:400183:31002811	unknown	world	Mt. Gelmir	test_map	Limgrave	yes	7770582	Limgrave :: Golden Rune [1] - Murkwater Cave [f400183]
31000800	400183	unknown	asSpEffect(10000, 9646)) || EventFlag(31000800));	lot_gates	Defeat the boss	ボス撃破	emevd_event	3	context-branch-unresolved	lot_gates:400183:31002800	unknown	world	Limgrave	setter_map	Limgrave	no	7770582	Limgrave :: Golden Rune [1] - Murkwater Cave [f400183]
31000800	400183	unknown	002811, Restart, function() { EndIf(EventFlag(31000800) || EventF	lot_gates	Defeat the boss	ボス撃破	emevd_event	3	lot_gates-senses-disagree	lot_gates:400183:31002811	unknown	world	Limgrave	setter_map	Limgrave	no	7770582	Limgrave :: Golden Rune [1] - Murkwater Cave [f400183]
31009810	400183	set	(3683) || EventFlag(3691)); WaitFor(EventFlag(31009810)); Set	lot_gates	NPC309_Head of the thieves_Before the start of the first battle_Hostile flag ON	NPC309_盗賊の頭_初戦開始前_敵対フラグON	emevd_event	2	waitfor-blocks-until-set	lot_gates:400183:31002811	unknown	world	Limgrave	setter_map	Limgrave	no	7770582	Limgrave :: Golden Rune [1] - Murkwater Cave [f400183]
3708	400190	set	talk 320001110 gate_sense=1 lot 101900	esd_gifts	NPC320 Farnese_Character state transition	NPC320ファルネーゼ_キャラ状態遷移	emevd_event	2	esd-walk-gate-sense	esd_gifts:400190:320001110	unknown	world			Limgrave	unknown	7773714	Limgrave :: Spirit Jellyfish Ashes [f400190]
3708	400190	set	talk 320006000 gate_sense=1 lot 101900	esd_gifts	NPC320 Farnese_Character state transition	NPC320ファルネーゼ_キャラ状態遷移	emevd_event	2	esd-walk-gate-sense	esd_gifts:400190:320006000	unknown	world			Limgrave	unknown	7773714	Limgrave :: Spirit Jellyfish Ashes [f400190]
1041389407	400190	unknown	talk 320001110 gate_sense=1 lot 101900	esd_gifts	set by NPC talk 320001110 on m11_10_00_00		esd_talk	2	esd-received-memo	esd_gifts:400190:320001110	unknown	npc_state	Limgrave	flag_decode	Limgrave	no	7773714	Limgrave :: Spirit Jellyfish Ashes [f400190]
1041389407	400190	unknown	talk 320006000 gate_sense=1 lot 101900	esd_gifts	set by NPC talk 320001110 on m11_10_00_00		esd_talk	2	esd-received-memo	esd_gifts:400190:320006000	unknown	npc_state	Limgrave	flag_decode	Limgrave	no	7773714	Limgrave :: Spirit Jellyfish Ashes [f400190]
3707	400191	set	talk 320001110 gate_sense=1 lot 101910	esd_gifts	NPC320 Farnese_Character state transition	NPC320ファルネーゼ_キャラ状態遷移	emevd_event	2	esd-walk-gate-sense	esd_gifts:400191:320001110	single	world			Limgrave	unknown	7770583	Limgrave :: Golden Seed - Roderika leaves this behind after she goes to Roundtable, which is triggered by entering Liurnia, may be sweep-granted by Deathbird (m60_42_38) [f400191]
3707	400191	set	talk 320006000 gate_sense=1 lot 101910	esd_gifts	NPC320 Farnese_Character state transition	NPC320ファルネーゼ_キャラ状態遷移	emevd_event	2	esd-walk-gate-sense	esd_gifts:400191:320006000	single	world			Limgrave	unknown	7770583	Limgrave :: Golden Seed - Roderika leaves this behind after she goes to Roundtable, which is triggered by entering Liurnia, may be sweep-granted by Deathbird (m60_42_38) [f400191]
3708	400191	set	$InitializeCommonEvent(90005750) arg5	lot_gates	NPC320 Farnese_Character state transition	NPC320ファルネーゼ_キャラ状態遷移	emevd_event	2	commonarg-positive-by-construction	lot_gates:400191:90005750	any	world	Roundtable Hold	test_map	Limgrave	yes	7770583	Limgrave :: Golden Seed - Roderika leaves this behind after she goes to Roundtable, which is triggered by entering Liurnia, may be sweep-granted by Deathbird (m60_42_38) [f400191]
3709	400191	set	$InitializeCommonEvent(90005750) arg5	lot_gates	NPC320 Farnese_Character state transition	NPC320ファルネーゼ_キャラ状態遷移	emevd_event	2	commonarg-positive-by-construction	lot_gates:400191:90005750	any	world	Roundtable Hold	test_map	Limgrave	yes	7770583	Limgrave :: Golden Seed - Roderika leaves this behind after she goes to Roundtable, which is triggered by entering Liurnia, may be sweep-granted by Deathbird (m60_42_38) [f400191]
1041389414	400191	set	$InitializeCommonEvent(90005750) arg5	lot_gates	NPC320 Farnese_NPC initialization event_initial state	NPC320ファルネーゼ_NPC初期化イベント_初期状態	emevd_event	1	commonarg-positive-by-construction	lot_gates:400191:90005750	any	world	Limgrave	flag_decode	Limgrave	no	7770583	Limgrave :: Golden Seed - Roderika leaves this behind after she goes to Roundtable, which is triggered by entering Liurnia, may be sweep-granted by Deathbird (m60_42_38) [f400191]
map:m60_41	400191	set	cone root MAP_ACCESS(m60_41) at m60_41_38_00.emevd.dcx.js:90005750 set by m60_41_38_00.emevd.dcx.js	questline_conditions					extractor-cone-root	questline_conditions:400191:m60_41_38_00.emevd.dcx.js:90005750:0	single	map_access			Limgrave	unknown	7770583	Limgrave :: Golden Seed - Roderika leaves this behind after she goes to Roundtable, which is triggered by entering Liurnia, may be sweep-granted by Deathbird (m60_42_38) [f400191]
1045389220	400221	unknown	talk 321001000 gate_sense=1 lot 102200	esd_gifts	set by NPC talk 321001000 on m10_00_00_00		esd_talk	2	esd-received-memo	esd_gifts:400221:321001000	single	npc_state			Stormveil	unknown	7773717	Stormveil :: Erdsteel Dagger - around Castleward Tunnel, may be sweep-granted by Margit, the Fell Omen (m10_00) [f400221]
1045389220	400221	unknown	talk 321006000 gate_sense=1 lot 102200	esd_gifts	set by NPC talk 321001000 on m10_00_00_00		esd_talk	2	esd-received-memo	esd_gifts:400221:321006000	single	npc_state			Stormveil	unknown	7773717	Stormveil :: Erdsteel Dagger - around Castleward Tunnel, may be sweep-granted by Margit, the Fell Omen (m10_00) [f400221]
3585	400221	set	cone root NPC_STATE(3585) at talk/m10_00_00_00-only/t321001000.py:t321001000_x3 set by common.emevd.dcx.js:3599	questline_conditions	NPC321 Watchtower Noble_Character state transition	NPC321見張り塔の貴族_キャラ状態遷移	emevd_event	2	extractor-cone-root	questline_conditions:400221:talk/m10_00_00_00-only/t321001000.py:t321001000_x3:	unknown	world			Stormveil	unknown	7773717	Stormveil :: Erdsteel Dagger - around Castleward Tunnel, may be sweep-granted by Margit, the Fell Omen (m10_00) [f400221]
3585	400221	set	cone root NPC_STATE(3585) at talk/m10_00_00_00-only/t321001000.py:t321001000_x50 set by common.emevd.dcx.js:3599	questline_conditions	NPC321 Watchtower Noble_Character state transition	NPC321見張り塔の貴族_キャラ状態遷移	emevd_event	2	extractor-cone-root	questline_conditions:400221:talk/m10_00_00_00-only/t321001000.py:t321001000_x50:	unknown	world			Stormveil	unknown	7773717	Stormveil :: Erdsteel Dagger - around Castleward Tunnel, may be sweep-granted by Margit, the Fell Omen (m10_00) [f400221]
3585	400221	set	cone root NPC_STATE(3585) at talk/m60_00_00_00-only/t321006000.py:t321006000_x3 set by common.emevd.dcx.js:3599	questline_conditions	NPC321 Watchtower Noble_Character state transition	NPC321見張り塔の貴族_キャラ状態遷移	emevd_event	2	extractor-cone-root	questline_conditions:400221:talk/m60_00_00_00-only/t321006000.py:t321006000_x3:	unknown	world			Stormveil	unknown	7773717	Stormveil :: Erdsteel Dagger - around Castleward Tunnel, may be sweep-granted by Margit, the Fell Omen (m10_00) [f400221]
3585	400221	set	cone root NPC_STATE(3585) at talk/m60_00_00_00-only/t321006000.py:t321006000_x50 set by common.emevd.dcx.js:3599	questline_conditions	NPC321 Watchtower Noble_Character state transition	NPC321見張り塔の貴族_キャラ状態遷移	emevd_event	2	extractor-cone-root	questline_conditions:400221:talk/m60_00_00_00-only/t321006000.py:t321006000_x50:	unknown	world			Stormveil	unknown	7773717	Stormveil :: Erdsteel Dagger - around Castleward Tunnel, may be sweep-granted by Margit, the Fell Omen (m10_00) [f400221]
1045389220	400221	set	cone root DIALOGUE_STEP(1045389220) at talk/m10_00_00_00-only/t321001000.py:t321001000_x3 set by talk/m10_00_00_00-only/t321001000.py:t321001000_x50	questline_conditions	set by NPC talk 321001000 on m10_00_00_00		esd_talk	2	extractor-cone-root	questline_conditions:400221:talk/m10_00_00_00-only/t321001000.py:t321001000_x3:	unknown	npc_state			Stormveil	unknown	7773717	Stormveil :: Erdsteel Dagger - around Castleward Tunnel, may be sweep-granted by Margit, the Fell Omen (m10_00) [f400221]
1045389220	400221	set	cone root DIALOGUE_STEP(1045389220) at talk/m10_00_00_00-only/t321001000.py:t321001000_x50 set by talk/m10_00_00_00-only/t321001000.py:t321001000_x50	questline_conditions	set by NPC talk 321001000 on m10_00_00_00		esd_talk	2	extractor-cone-root	questline_conditions:400221:talk/m10_00_00_00-only/t321001000.py:t321001000_x50:	unknown	npc_state			Stormveil	unknown	7773717	Stormveil :: Erdsteel Dagger - around Castleward Tunnel, may be sweep-granted by Margit, the Fell Omen (m10_00) [f400221]
1045389220	400221	set	cone root DIALOGUE_STEP(1045389220) at talk/m60_00_00_00-only/t321006000.py:t321006000_x3 set by talk/m10_00_00_00-only/t321001000.py:t321001000_x50	questline_conditions	set by NPC talk 321001000 on m10_00_00_00		esd_talk	2	extractor-cone-root	questline_conditions:400221:talk/m60_00_00_00-only/t321006000.py:t321006000_x3:	unknown	npc_state			Stormveil	unknown	7773717	Stormveil :: Erdsteel Dagger - around Castleward Tunnel, may be sweep-granted by Margit, the Fell Omen (m10_00) [f400221]
1045389220	400221	set	cone root DIALOGUE_STEP(1045389220) at talk/m60_00_00_00-only/t321006000.py:t321006000_x50 set by talk/m10_00_00_00-only/t321001000.py:t321001000_x50	questline_conditions	set by NPC talk 321001000 on m10_00_00_00		esd_talk	2	extractor-cone-root	questline_conditions:400221:talk/m60_00_00_00-only/t321006000.py:t321006000_x50:	unknown	npc_state			Stormveil	unknown	7773717	Stormveil :: Erdsteel Dagger - around Castleward Tunnel, may be sweep-granted by Margit, the Fell Omen (m10_00) [f400221]
map:m10_00	400221	set	cone root MAP_ACCESS(m10_00) at talk/m10_00_00_00-only/t321001000.py:t321001000_x3 set by talk/m10_00_00_00-only/t321001000.py	questline_conditions					extractor-cone-root	questline_conditions:400221:talk/m10_00_00_00-only/t321001000.py:t321001000_x3:	unknown	map_access			Stormveil	unknown	7773717	Stormveil :: Erdsteel Dagger - around Castleward Tunnel, may be sweep-granted by Margit, the Fell Omen (m10_00) [f400221]
map:m10_00	400221	set	cone root MAP_ACCESS(m10_00) at talk/m10_00_00_00-only/t321001000.py:t321001000_x50 set by talk/m10_00_00_00-only/t321001000.py	questline_conditions					extractor-cone-root	questline_conditions:400221:talk/m10_00_00_00-only/t321001000.py:t321001000_x50:	unknown	map_access			Stormveil	unknown	7773717	Stormveil :: Erdsteel Dagger - around Castleward Tunnel, may be sweep-granted by Margit, the Fell Omen (m10_00) [f400221]
map:m60_00	400221	set	cone root MAP_ACCESS(m60_00) at talk/m60_00_00_00-only/t321006000.py:t321006000_x3 set by talk/m60_00_00_00-only/t321006000.py	questline_conditions					extractor-cone-root	questline_conditions:400221:talk/m60_00_00_00-only/t321006000.py:t321006000_x3:	unknown	map_access			Stormveil	unknown	7773717	Stormveil :: Erdsteel Dagger - around Castleward Tunnel, may be sweep-granted by Margit, the Fell Omen (m10_00) [f400221]
map:m60_00	400221	set	cone root MAP_ACCESS(m60_00) at talk/m60_00_00_00-only/t321006000.py:t321006000_x50 set by talk/m60_00_00_00-only/t321006000.py	questline_conditions					extractor-cone-root	questline_conditions:400221:talk/m60_00_00_00-only/t321006000.py:t321006000_x50:	unknown	map_access			Stormveil	unknown	7773717	Stormveil :: Erdsteel Dagger - around Castleward Tunnel, may be sweep-granted by Margit, the Fell Omen (m10_00) [f400221]
3647	400230	set	talk 202006000 gate_sense=1 lot 102310	esd_gifts	NPC202 Marikes_Character state transition	NPC202マリケス_キャラ状態遷移	emevd_event	2	esd-walk-gate-sense	esd_gifts:400230:202006000	single	world			Caelid	unknown	7773718	Caelid :: Ancient Dragon Smithing Stone [f400230]
3647	400235	clear	talk 202006000 gate_sense=0 lot 102300	esd_gifts	NPC202 Marikes_Character state transition	NPC202マリケス_キャラ状態遷移	emevd_event	2	esd-walk-gate-sense	esd_gifts:400235:202006000	single	world			Caelid	unknown	7773723	Caelid :: Ash of War: Beast's Roar [f400235]
3768	400240	set	$InitializeCommonEvent(90005750) arg5	lot_gates	NPC224 Grandpa_Character state transition	NPC224爺や_キャラ状態遷移	emevd_event	2	commonarg-positive-by-construction	lot_gates:400240:90005750	single	world			Liurnia	unknown	7770585	Liurnia :: Iji's Bell Bearing - around Road to the Manor, may be sweep-granted by Royal Revenant (m60_34_48) [f400240]
310	400240	set	cone root BOSS_KILL(310) at m60_34_49_00.emevd.dcx.js:90005750 set by common.emevd.dcx.js:910	questline_conditions	Natural disaster_Giant star falls	天変地異_巨星墜つ	emevd_event	1	extractor-cone-root-budget-capped	questline_conditions:400240:m60_34_49_00.emevd.dcx.js:90005750:0	unknown	world			Liurnia	unknown	7770585	Liurnia :: Iji's Bell Bearing - around Road to the Manor, may be sweep-granted by Royal Revenant (m60_34_48) [f400240]
3560	400240	set	cone root NPC_STATE(3560) at m60_34_49_00.emevd.dcx.js:90005750 set by common.emevd.dcx.js:3579	questline_conditions	NPC330_Atonement Priest_Performing absolution	NPC330_贖罪司祭_免罪実行	emevd_event	5	extractor-cone-root-budget-capped	questline_conditions:400240:m60_34_49_00.emevd.dcx.js:90005750:0	unknown	world			Liurnia	unknown	7770585	Liurnia :: Iji's Bell Bearing - around Road to the Manor, may be sweep-granted by Royal Revenant (m60_34_48) [f400240]
3561	400240	set	cone root NPC_STATE(3561) at m60_34_49_00.emevd.dcx.js:90005750 set by common.emevd.dcx.js:3049	questline_conditions	Rani gang is hostile	ラニ一味敵対	emevd_event	4	extractor-cone-root-budget-capped	questline_conditions:400240:m60_34_49_00.emevd.dcx.js:90005750:0	unknown	world			Liurnia	unknown	7770585	Liurnia :: Iji's Bell Bearing - around Road to the Manor, may be sweep-granted by Royal Revenant (m60_34_48) [f400240]
3565	400240	set	cone root NPC_STATE(3565) at m60_34_49_00.emevd.dcx.js:90005750 set by common.emevd.dcx.js:3579	questline_conditions	NPC307 Puppeteer_Character state transition	NPC307傀儡師_キャラ状態遷移	emevd_event	2	extractor-cone-root-budget-capped	questline_conditions:400240:m60_34_49_00.emevd.dcx.js:90005750:0	unknown	world			Liurnia	unknown	7770585	Liurnia :: Iji's Bell Bearing - around Road to the Manor, may be sweep-granted by Royal Revenant (m60_34_48) [f400240]
3566	400240	set	cone root NPC_STATE(3566) at m60_34_49_00.emevd.dcx.js:90005750 set by common.emevd.dcx.js:3579	questline_conditions	NPC307 Puppeteer_Character state transition	NPC307傀儡師_キャラ状態遷移	emevd_event	2	extractor-cone-root-budget-capped	questline_conditions:400240:m60_34_49_00.emevd.dcx.js:90005750:0	unknown	world			Liurnia	unknown	7770585	Liurnia :: Iji's Bell Bearing - around Road to the Manor, may be sweep-granted by Royal Revenant (m60_34_48) [f400240]
3567	400240	set	cone root NPC_STATE(3567) at m60_34_49_00.emevd.dcx.js:90005750 set by common.emevd.dcx.js:3579	questline_conditions	NPC307 Puppeteer_Character state transition	NPC307傀儡師_キャラ状態遷移	emevd_event	2	extractor-cone-root-budget-capped	questline_conditions:400240:m60_34_49_00.emevd.dcx.js:90005750:0	unknown	world			Liurnia	unknown	7770585	Liurnia :: Iji's Bell Bearing - around Road to the Manor, may be sweep-granted by Royal Revenant (m60_34_48) [f400240]
3568	400240	set	cone root NPC_STATE(3568) at m60_34_49_00.emevd.dcx.js:90005750 set by common.emevd.dcx.js:3579	questline_conditions	NPC307 Puppeteer_Character state transition	NPC307傀儡師_キャラ状態遷移	emevd_event	2	extractor-cone-root-budget-capped	questline_conditions:400240:m60_34_49_00.emevd.dcx.js:90005750:0	unknown	world			Liurnia	unknown	7770585	Liurnia :: Iji's Bell Bearing - around Road to the Manor, may be sweep-granted by Royal Revenant (m60_34_48) [f400240]
3600	400240	set	cone root NPC_STATE(3600) at m60_34_49_00.emevd.dcx.js:90005750 set by common.emevd.dcx.js:3619	questline_conditions	NPC330_Atonement Priest_Performing absolution	NPC330_贖罪司祭_免罪実行	emevd_event	5	extractor-cone-root-budget-capped	questline_conditions:400240:m60_34_49_00.emevd.dcx.js:90005750:0	unknown	world			Liurnia	unknown	7770585	Liurnia :: Iji's Bell Bearing - around Road to the Manor, may be sweep-granted by Royal Revenant (m60_34_48) [f400240]
3601	400240	set	cone root NPC_STATE(3601) at m60_34_49_00.emevd.dcx.js:90005750 set by common.emevd.dcx.js:3049	questline_conditions	Rani gang is hostile	ラニ一味敵対	emevd_event	5	extractor-cone-root-budget-capped	questline_conditions:400240:m60_34_49_00.emevd.dcx.js:90005750:0	unknown	world			Liurnia	unknown	7770585	Liurnia :: Iji's Bell Bearing - around Road to the Manor, may be sweep-granted by Royal Revenant (m60_34_48) [f400240]
3603	400240	set	cone root BOSS_KILL(3603) at m60_34_49_00.emevd.dcx.js:90005750 set by common_func.emevd.dcx.js:90005702	questline_conditions	NPC330_Atonement Priest_Performing absolution	NPC330_贖罪司祭_免罪実行	emevd_batch	3	extractor-cone-root-budget-capped	questline_conditions:400240:m60_34_49_00.emevd.dcx.js:90005750:0	unknown	world			Liurnia	unknown	7770585	Liurnia :: Iji's Bell Bearing - around Road to the Manor, may be sweep-granted by Royal Revenant (m60_34_48) [f400240]
3605	400240	set	cone root NPC_STATE(3605) at m60_34_49_00.emevd.dcx.js:90005750 set by common.emevd.dcx.js:3619	questline_conditions	NPC216 Wolf-Headed Warrior_Character state transition	NPC216狼頭の戦士_キャラ状態遷移	emevd_event	2	extractor-cone-root-budget-capped	questline_conditions:400240:m60_34_49_00.emevd.dcx.js:90005750:0	unknown	world			Liurnia	unknown	7770585	Liurnia :: Iji's Bell Bearing - around Road to the Manor, may be sweep-granted by Royal Revenant (m60_34_48) [f400240]
3606	400240	set	cone root NPC_STATE(3606) at m60_34_49_00.emevd.dcx.js:90005750 set by common.emevd.dcx.js:3619	questline_conditions	NPC216 Wolf-Headed Warrior_Character state transition	NPC216狼頭の戦士_キャラ状態遷移	emevd_event	2	extractor-cone-root-budget-capped	questline_conditions:400240:m60_34_49_00.emevd.dcx.js:90005750:0	unknown	world			Liurnia	unknown	7770585	Liurnia :: Iji's Bell Bearing - around Road to the Manor, may be sweep-granted by Royal Revenant (m60_34_48) [f400240]
3607	400240	set	cone root NPC_STATE(3607) at m60_34_49_00.emevd.dcx.js:90005750 set by common.emevd.dcx.js:3619	questline_conditions	NPC216 Wolf-Headed Warrior_Character state transition	NPC216狼頭の戦士_キャラ状態遷移	emevd_event	2	extractor-cone-root-budget-capped	questline_conditions:400240:m60_34_49_00.emevd.dcx.js:90005750:0	unknown	world			Liurnia	unknown	7770585	Liurnia :: Iji's Bell Bearing - around Road to the Manor, may be sweep-granted by Royal Revenant (m60_34_48) [f400240]
3608	400240	set	cone root NPC_STATE(3608) at m60_34_49_00.emevd.dcx.js:90005750 set by common.emevd.dcx.js:3619	questline_conditions	NPC216 Wolf-Headed Warrior_Character state transition	NPC216狼頭の戦士_キャラ状態遷移	emevd_event	2	extractor-cone-root-budget-capped	questline_conditions:400240:m60_34_49_00.emevd.dcx.js:90005750:0	unknown	world			Liurnia	unknown	7770585	Liurnia :: Iji's Bell Bearing - around Road to the Manor, may be sweep-granted by Royal Revenant (m60_34_48) [f400240]
3609	400240	set	cone root NPC_STATE(3609) at m60_34_49_00.emevd.dcx.js:90005750 set by common.emevd.dcx.js:3619	questline_conditions	NPC216 Wolf-Headed Warrior_Character state transition	NPC216狼頭の戦士_キャラ状態遷移	emevd_event	2	extractor-cone-root-budget-capped	questline_conditions:400240:m60_34_49_00.emevd.dcx.js:90005750:0	unknown	world			Liurnia	unknown	7770585	Liurnia :: Iji's Bell Bearing - around Road to the Manor, may be sweep-granted by Royal Revenant (m60_34_48) [f400240]
3610	400240	set	cone root NPC_STATE(3610) at m60_34_49_00.emevd.dcx.js:90005750 set by common.emevd.dcx.js:3619	questline_conditions	NPC216 Wolf-Headed Warrior_Character state transition	NPC216狼頭の戦士_キャラ状態遷移	emevd_event	2	extractor-cone-root-budget-capped	questline_conditions:400240:m60_34_49_00.emevd.dcx.js:90005750:0	unknown	world			Liurnia	unknown	7770585	Liurnia :: Iji's Bell Bearing - around Road to the Manor, may be sweep-granted by Royal Revenant (m60_34_48) [f400240]
3611	400240	set	cone root NPC_STATE(3611) at m60_34_49_00.emevd.dcx.js:90005750 set by common.emevd.dcx.js:3619	questline_conditions	NPC216 Wolf-Headed Warrior_Character state transition	NPC216狼頭の戦士_キャラ状態遷移	emevd_event	2	extractor-cone-root-budget-capped	questline_conditions:400240:m60_34_49_00.emevd.dcx.js:90005750:0	unknown	world			Liurnia	unknown	7770585	Liurnia :: Iji's Bell Bearing - around Road to the Manor, may be sweep-granted by Royal Revenant (m60_34_48) [f400240]
3612	400240	set	cone root NPC_STATE(3612) at m60_34_49_00.emevd.dcx.js:90005750 set by common.emevd.dcx.js:3619	questline_conditions	NPC216 Wolf-Headed Warrior_Character state transition	NPC216狼頭の戦士_キャラ状態遷移	emevd_event	2	extractor-cone-root-budget-capped	questline_conditions:400240:m60_34_49_00.emevd.dcx.js:90005750:0	unknown	world			Liurnia	unknown	7770585	Liurnia :: Iji's Bell Bearing - around Road to the Manor, may be sweep-granted by Royal Revenant (m60_34_48) [f400240]
3613	400240	set	cone root NPC_STATE(3613) at m60_34_49_00.emevd.dcx.js:90005750 set by common.emevd.dcx.js:3619	questline_conditions	NPC216 Wolf-Headed Warrior_Character state transition	NPC216狼頭の戦士_キャラ状態遷移	emevd_event	2	extractor-cone-root-budget-capped	questline_conditions:400240:m60_34_49_00.emevd.dcx.js:90005750:0	unknown	world			Liurnia	unknown	7770585	Liurnia :: Iji's Bell Bearing - around Road to the Manor, may be sweep-granted by Royal Revenant (m60_34_48) [f400240]
3614	400240	set	cone root NPC_STATE(3614) at m60_34_49_00.emevd.dcx.js:90005750 set by common.emevd.dcx.js:3619	questline_conditions	NPC216 Wolf-Headed Warrior_Character state transition	NPC216狼頭の戦士_キャラ状態遷移	emevd_event	2	extractor-cone-root-budget-capped	questline_conditions:400240:m60_34_49_00.emevd.dcx.js:90005750:0	unknown	world			Liurnia	unknown	7770585	Liurnia :: Iji's Bell Bearing - around Road to the Manor, may be sweep-granted by Royal Revenant (m60_34_48) [f400240]
3615	400240	set	cone root NPC_STATE(3615) at m60_34_49_00.emevd.dcx.js:90005750 set by common.emevd.dcx.js:3619	questline_conditions	NPC216 Wolf-Headed Warrior_Character state transition	NPC216狼頭の戦士_キャラ状態遷移	emevd_event	2	extractor-cone-root-budget-capped	questline_conditions:400240:m60_34_49_00.emevd.dcx.js:90005750:0	unknown	world			Liurnia	unknown	7770585	Liurnia :: Iji's Bell Bearing - around Road to the Manor, may be sweep-granted by Royal Revenant (m60_34_48) [f400240]
3616	400240	set	cone root NPC_STATE(3616) at m60_34_49_00.emevd.dcx.js:90005750 set by common.emevd.dcx.js:3619	questline_conditions	NPC216 Wolf-Headed Warrior_Character state transition	NPC216狼頭の戦士_キャラ状態遷移	emevd_event	2	extractor-cone-root-budget-capped	questline_conditions:400240:m60_34_49_00.emevd.dcx.js:90005750:0	unknown	world			Liurnia	unknown	7770585	Liurnia :: Iji's Bell Bearing - around Road to the Manor, may be sweep-granted by Royal Revenant (m60_34_48) [f400240]
3617	400240	set	cone root NPC_STATE(3617) at m60_34_49_00.emevd.dcx.js:90005750 set by common.emevd.dcx.js:3619	questline_conditions	NPC216 Wolf-Headed Warrior_Character state transition	NPC216狼頭の戦士_キャラ状態遷移	emevd_event	2	extractor-cone-root-budget-capped	questline_conditions:400240:m60_34_49_00.emevd.dcx.js:90005750:0	unknown	world			Liurnia	unknown	7770585	Liurnia :: Iji's Bell Bearing - around Road to the Manor, may be sweep-granted by Royal Revenant (m60_34_48) [f400240]
3740	400240	set	cone root NPC_STATE(3740) at m60_34_49_00.emevd.dcx.js:90005750 set by common.emevd.dcx.js:3759	questline_conditions	NPC330_Atonement Priest_Performing absolution	NPC330_贖罪司祭_免罪実行	emevd_event	5	extractor-cone-root-budget-capped	questline_conditions:400240:m60_34_49_00.emevd.dcx.js:90005750:0	unknown	world			Liurnia	unknown	7770585	Liurnia :: Iji's Bell Bearing - around Road to the Manor, may be sweep-granted by Royal Revenant (m60_34_48) [f400240]
3741	400240	set	cone root NPC_STATE(3741) at m60_34_49_00.emevd.dcx.js:90005750 set by common.emevd.dcx.js:3049	questline_conditions	Rani gang is hostile	ラニ一味敵対	emevd_event	5	extractor-cone-root-budget-capped	questline_conditions:400240:m60_34_49_00.emevd.dcx.js:90005750:0	unknown	world			Liurnia	unknown	7770585	Liurnia :: Iji's Bell Bearing - around Road to the Manor, may be sweep-granted by Royal Revenant (m60_34_48) [f400240]
3745	400240	set	cone root NPC_STATE(3745) at m60_34_49_00.emevd.dcx.js:90005750 set by common.emevd.dcx.js:3759	questline_conditions	NPC106 Rani_Character state transition	NPC106ラニ_キャラ状態遷移	emevd_event	2	extractor-cone-root-budget-capped	questline_conditions:400240:m60_34_49_00.emevd.dcx.js:90005750:0	unknown	world			Liurnia	unknown	7770585	Liurnia :: Iji's Bell Bearing - around Road to the Manor, may be sweep-granted by Royal Revenant (m60_34_48) [f400240]
3746	400240	set	cone root NPC_STATE(3746) at m60_34_49_00.emevd.dcx.js:90005750 set by common.emevd.dcx.js:3759	questline_conditions	NPC106 Rani_Character state transition	NPC106ラニ_キャラ状態遷移	emevd_event	2	extractor-cone-root-budget-capped	questline_conditions:400240:m60_34_49_00.emevd.dcx.js:90005750:0	unknown	world			Liurnia	unknown	7770585	Liurnia :: Iji's Bell Bearing - around Road to the Manor, may be sweep-granted by Royal Revenant (m60_34_48) [f400240]
3747	400240	set	cone root NPC_STATE(3747) at m60_34_49_00.emevd.dcx.js:90005750 set by common.emevd.dcx.js:3759	questline_conditions	NPC106 Rani_Character state transition	NPC106ラニ_キャラ状態遷移	emevd_event	2	extractor-cone-root-budget-capped	questline_conditions:400240:m60_34_49_00.emevd.dcx.js:90005750:0	unknown	world			Liurnia	unknown	7770585	Liurnia :: Iji's Bell Bearing - around Road to the Manor, may be sweep-granted by Royal Revenant (m60_34_48) [f400240]
3748	400240	set	cone root NPC_STATE(3748) at m60_34_49_00.emevd.dcx.js:90005750 set by common.emevd.dcx.js:3759	questline_conditions	NPC106 Rani_Character state transition	NPC106ラニ_キャラ状態遷移	emevd_event	2	extractor-cone-root-budget-capped	questline_conditions:400240:m60_34_49_00.emevd.dcx.js:90005750:0	unknown	world			Liurnia	unknown	7770585	Liurnia :: Iji's Bell Bearing - around Road to the Manor, may be sweep-granted by Royal Revenant (m60_34_48) [f400240]
3749	400240	set	cone root NPC_STATE(3749) at m60_34_49_00.emevd.dcx.js:90005750 set by common.emevd.dcx.js:3759	questline_conditions	NPC106 Rani_Character state transition	NPC106ラニ_キャラ状態遷移	emevd_event	2	extractor-cone-root-budget-capped	questline_conditions:400240:m60_34_49_00.emevd.dcx.js:90005750:0	unknown	world			Liurnia	unknown	7770585	Liurnia :: Iji's Bell Bearing - around Road to the Manor, may be sweep-granted by Royal Revenant (m60_34_48) [f400240]
3760	400240	set	cone root NPC_STATE(3760) at m60_34_49_00.emevd.dcx.js:90005750 set by common.emevd.dcx.js:3779	questline_conditions	NPC330_Atonement Priest_Performing absolution	NPC330_贖罪司祭_免罪実行	emevd_event	5	extractor-cone-root-budget-capped	questline_conditions:400240:m60_34_49_00.emevd.dcx.js:90005750:0	unknown	world			Liurnia	unknown	7770585	Liurnia :: Iji's Bell Bearing - around Road to the Manor, may be sweep-granted by Royal Revenant (m60_34_48) [f400240]
3761	400240	set	cone root NPC_STATE(3761) at m60_34_49_00.emevd.dcx.js:90005750 set by common.emevd.dcx.js:3049	questline_conditions	Rani gang is hostile	ラニ一味敵対	emevd_event	4	extractor-cone-root-budget-capped	questline_conditions:400240:m60_34_49_00.emevd.dcx.js:90005750:0	unknown	world			Liurnia	unknown	7770585	Liurnia :: Iji's Bell Bearing - around Road to the Manor, may be sweep-granted by Royal Revenant (m60_34_48) [f400240]
3763	400240	set	cone root NPC_STATE(3763) at m60_34_49_00.emevd.dcx.js:90005750 set by common.emevd.dcx.js:3779	questline_conditions	NPC224 Grandpa_Character state transition	NPC224爺や_キャラ状態遷移	emevd_event	4	extractor-cone-root-budget-capped	questline_conditions:400240:m60_34_49_00.emevd.dcx.js:90005750:0	unknown	world			Liurnia	unknown	7770585	Liurnia :: Iji's Bell Bearing - around Road to the Manor, may be sweep-granted by Royal Revenant (m60_34_48) [f400240]
3765	400240	set	cone root NPC_STATE(3765) at m60_34_49_00.emevd.dcx.js:90005750 set by common.emevd.dcx.js:3779	questline_conditions	NPC224 Grandpa_Character state transition	NPC224爺や_キャラ状態遷移	emevd_event	2	extractor-cone-root-budget-capped	questline_conditions:400240:m60_34_49_00.emevd.dcx.js:90005750:0	unknown	world			Liurnia	unknown	7770585	Liurnia :: Iji's Bell Bearing - around Road to the Manor, may be sweep-granted by Royal Revenant (m60_34_48) [f400240]
3766	400240	set	cone root NPC_STATE(3766) at m60_34_49_00.emevd.dcx.js:90005750 set by common.emevd.dcx.js:3779	questline_conditions	NPC224 Grandpa_Character state transition	NPC224爺や_キャラ状態遷移	emevd_event	2	extractor-cone-root-budget-capped	questline_conditions:400240:m60_34_49_00.emevd.dcx.js:90005750:0	unknown	world			Liurnia	unknown	7770585	Liurnia :: Iji's Bell Bearing - around Road to the Manor, may be sweep-granted by Royal Revenant (m60_34_48) [f400240]
3767	400240	set	cone root NPC_STATE(3767) at m60_34_49_00.emevd.dcx.js:90005750 set by common.emevd.dcx.js:3779	questline_conditions	NPC224 Grandpa_Character state transition	NPC224爺や_キャラ状態遷移	emevd_event	2	extractor-cone-root-budget-capped	questline_conditions:400240:m60_34_49_00.emevd.dcx.js:90005750:0	unknown	world			Liurnia	unknown	7770585	Liurnia :: Iji's Bell Bearing - around Road to the Manor, may be sweep-granted by Royal Revenant (m60_34_48) [f400240]
3768	400240	set	cone root NPC_STATE(3768) at m60_34_49_00.emevd.dcx.js:90005750 set by common.emevd.dcx.js:3779	questline_conditions	NPC224 Grandpa_Character state transition	NPC224爺や_キャラ状態遷移	emevd_event	2	extractor-cone-root-budget-capped	questline_conditions:400240:m60_34_49_00.emevd.dcx.js:90005750:0	unknown	world			Liurnia	unknown	7770585	Liurnia :: Iji's Bell Bearing - around Road to the Manor, may be sweep-granted by Royal Revenant (m60_34_48) [f400240]
9108	400240	set	cone root BOSS_KILL(9108) at m60_34_49_00.emevd.dcx.js:90005750 set by m12_04_00_00.emevd.dcx.js:12042800	questline_conditions	Defeat Aster	アステール撃破	emevd_event	1	extractor-cone-root-budget-capped	questline_conditions:400240:m60_34_49_00.emevd.dcx.js:90005750:0	unknown	world	Ainsel River	setter_map	Liurnia	yes	7770585	Liurnia :: Iji's Bell Bearing - around Road to the Manor, may be sweep-granted by Royal Revenant (m60_34_48) [f400240]
9130	400240	set	cone root BOSS_KILL(9130) at m60_34_49_00.emevd.dcx.js:90005750 set by m60_52_38_00.emevd.dcx.js:1252382800	questline_conditions	Defeat the boss	ボス撃破	emevd_event	1	extractor-cone-root-budget-capped	questline_conditions:400240:m60_34_49_00.emevd.dcx.js:90005750:0	unknown	world			Liurnia	unknown	7770585	Liurnia :: Iji's Bell Bearing - around Road to the Manor, may be sweep-granted by Royal Revenant (m60_34_48) [f400240]
9412	400240	set	cone root BOSS_KILL(9412) at m60_34_49_00.emevd.dcx.js:90005750 set by m60_52_38_00.emevd.dcx.js:1252382800	questline_conditions	Defeat the boss	ボス撃破	emevd_event	1	extractor-cone-root-budget-capped	questline_conditions:400240:m60_34_49_00.emevd.dcx.js:90005750:0	unknown	world			Liurnia	unknown	7770585	Liurnia :: Iji's Bell Bearing - around Road to the Manor, may be sweep-granted by Royal Revenant (m60_34_48) [f400240]
11109518	400240	set	cone root DIALOGUE_STEP(11109518) at m60_34_49_00.emevd.dcx.js:90005750 set by talk/m11_10_00_00-only/t325001110.py:t325001110_x31	questline_conditions	set by NPC talk 325001000 on m10_00_00_00		esd_talk	2	extractor-cone-root-budget-capped	questline_conditions:400240:m60_34_49_00.emevd.dcx.js:90005750:0	unknown	npc_state	Roundtable Hold	esd_talk_map	Liurnia	yes	7770585	Liurnia :: Iji's Bell Bearing - around Road to the Manor, may be sweep-granted by Royal Revenant (m60_34_48) [f400240]
12029155	400240	set	cone root DIALOGUE_STEP(12029155) at m60_34_49_00.emevd.dcx.js:90005750 set by talk/m12_02_00_00-only/t216001202.py:t216001202_x58	questline_conditions	set by NPC talk 216001202 on m12_02_00_00		esd_talk	2	extractor-cone-root-budget-capped	questline_conditions:400240:m60_34_49_00.emevd.dcx.js:90005750:0	unknown	npc_state	Siofra River	esd_talk_map	Liurnia	yes	7770585	Liurnia :: Iji's Bell Bearing - around Road to the Manor, may be sweep-granted by Royal Revenant (m60_34_48) [f400240]
12029156	400240	set	cone root DIALOGUE_STEP(12029156) at m60_34_49_00.emevd.dcx.js:90005750 set by talk/m12_02_00_00-only/t216001202.py:t216001202_x58	questline_conditions	set by NPC talk 216001202 on m12_02_00_00		esd_talk	2	extractor-cone-root-budget-capped	questline_conditions:400240:m60_34_49_00.emevd.dcx.js:90005750:0	unknown	npc_state	Siofra River	esd_talk_map	Liurnia	yes	7770585	Liurnia :: Iji's Bell Bearing - around Road to the Manor, may be sweep-granted by Royal Revenant (m60_34_48) [f400240]
12029157	400240	set	cone root DIALOGUE_STEP(12029157) at m60_34_49_00.emevd.dcx.js:90005750 set by talk/m12_02_00_00-only/t216001202.py:t216001202_x58	questline_conditions	set by NPC talk 216001202 on m12_02_00_00		esd_talk	2	extractor-cone-root-budget-capped	questline_conditions:400240:m60_34_49_00.emevd.dcx.js:90005750:0	unknown	npc_state	Siofra River	esd_talk_map	Liurnia	yes	7770585	Liurnia :: Iji's Bell Bearing - around Road to the Manor, may be sweep-granted by Royal Revenant (m60_34_48) [f400240]
1034499238	400240	set	cone root DIALOGUE_STEP(1034499238) at m60_34_49_00.emevd.dcx.js:90005750 set by talk/m60_00_00_00-only/t224006000.py:t224006000_x30	questline_conditions	set by NPC talk 224006000 on m60_00_00_00		esd_talk	1	extractor-cone-root-budget-capped	questline_conditions:400240:m60_34_49_00.emevd.dcx.js:90005750:0	unknown	npc_state	Liurnia	flag_decode	Liurnia	no	7770585	Liurnia :: Iji's Bell Bearing - around Road to the Manor, may be sweep-granted by Royal Revenant (m60_34_48) [f400240]
1034499242	400240	set	cone root DIALOGUE_STEP(1034499242) at m60_34_49_00.emevd.dcx.js:90005750 set by talk/m60_00_00_00-only/t224006000.py:t224006000_x30	questline_conditions	set by NPC talk 224006000 on m60_00_00_00		esd_talk	1	extractor-cone-root-budget-capped	questline_conditions:400240:m60_34_49_00.emevd.dcx.js:90005750:0	unknown	npc_state	Liurnia	flag_decode	Liurnia	no	7770585	Liurnia :: Iji's Bell Bearing - around Road to the Manor, may be sweep-granted by Royal Revenant (m60_34_48) [f400240]
1034509205	400240	set	cone root DIALOGUE_STEP(1034509205) at m60_34_49_00.emevd.dcx.js:90005750 set by talk/m60_00_00_00-only/t216016000.py:t216016000_x33	questline_conditions	set by NPC talk 216016000 on m60_00_00_00		esd_talk	1	extractor-cone-root-budget-capped	questline_conditions:400240:m60_34_49_00.emevd.dcx.js:90005750:0	unknown	npc_state	Liurnia	flag_decode	Liurnia	no	7770585	Liurnia :: Iji's Bell Bearing - around Road to the Manor, may be sweep-granted by Royal Revenant (m60_34_48) [f400240]
1034509306	400240	set	cone root DIALOGUE_STEP(1034509306) at m60_34_49_00.emevd.dcx.js:90005750 set by talk/m60_00_00_00-only/t307306000.py:t307306000_x32	questline_conditions	set by NPC talk 307306000 on m60_00_00_00		esd_talk	1	extractor-cone-root-budget-capped	questline_conditions:400240:m60_34_49_00.emevd.dcx.js:90005750:0	unknown	npc_state	Liurnia	flag_decode	Liurnia	no	7770585	Liurnia :: Iji's Bell Bearing - around Road to the Manor, may be sweep-granted by Royal Revenant (m60_34_48) [f400240]
1034509315	400240	set	cone root DIALOGUE_STEP(1034509315) at m60_34_49_00.emevd.dcx.js:90005750 set by talk/m60_00_00_00-only/t307006000.py:t307006000_x71	questline_conditions	set by NPC talk 307006000 on m60_00_00_00		esd_talk	1	extractor-cone-root-budget-capped	questline_conditions:400240:m60_34_49_00.emevd.dcx.js:90005750:0	unknown	npc_state	Liurnia	flag_decode	Liurnia	no	7770585	Liurnia :: Iji's Bell Bearing - around Road to the Manor, may be sweep-granted by Royal Revenant (m60_34_48) [f400240]
1034509358	400240	set	cone root DIALOGUE_STEP(1034509358) at m60_34_49_00.emevd.dcx.js:90005750 set by talk/m60_00_00_00-only/t224206000.py:t224206000_x37	questline_conditions	set by NPC talk 224206000 on m60_00_00_00		esd_talk	1	extractor-cone-root-budget-capped	questline_conditions:400240:m60_34_49_00.emevd.dcx.js:90005750:0	unknown	npc_state	Liurnia	flag_decode	Liurnia	no	7770585	Liurnia :: Iji's Bell Bearing - around Road to the Manor, may be sweep-granted by Royal Revenant (m60_34_48) [f400240]
1034509405	400240	set	cone root DIALOGUE_STEP(1034509405) at m60_34_49_00.emevd.dcx.js:90005750 set by talk/m60_00_00_00-only/t106016000.py:t106016000_x12	questline_conditions	set by NPC talk 106016000 on m60_00_00_00		esd_talk	1	extractor-cone-root-budget-capped	questline_conditions:400240:m60_34_49_00.emevd.dcx.js:90005750:0	unknown	npc_state	Liurnia	flag_decode	Liurnia	no	7770585	Liurnia :: Iji's Bell Bearing - around Road to the Manor, may be sweep-granted by Royal Revenant (m60_34_48) [f400240]
1034509410	400240	set	cone root DIALOGUE_STEP(1034509410) at m60_34_49_00.emevd.dcx.js:90005750 set by talk/m60_00_00_00-only/t106016000.py:t106016000_x64	questline_conditions	set by NPC talk 106016000 on m60_00_00_00		esd_talk	1	extractor-cone-root-budget-capped	questline_conditions:400240:m60_34_49_00.emevd.dcx.js:90005750:0	unknown	npc_state	Liurnia	flag_decode	Liurnia	no	7770585	Liurnia :: Iji's Bell Bearing - around Road to the Manor, may be sweep-granted by Royal Revenant (m60_34_48) [f400240]
1034509411	400240	set	cone root DIALOGUE_STEP(1034509411) at m60_34_49_00.emevd.dcx.js:90005750 set by talk/m60_00_00_00-only/t106016000.py:t106016000_x64	questline_conditions	set by NPC talk 106016000 on m60_00_00_00		esd_talk	1	extractor-cone-root-budget-capped	questline_conditions:400240:m60_34_49_00.emevd.dcx.js:90005750:0	unknown	npc_state	Liurnia	flag_decode	Liurnia	no	7770585	Liurnia :: Iji's Bell Bearing - around Road to the Manor, may be sweep-granted by Royal Revenant (m60_34_48) [f400240]
1034509420	400240	set	cone root DIALOGUE_STEP(1034509420) at m60_34_49_00.emevd.dcx.js:90005750 set by talk/m60_00_00_00-only/t106016000.py:t106016000_x64	questline_conditions	set by NPC talk 106016000 on m60_00_00_00		esd_talk	1	extractor-cone-root-budget-capped	questline_conditions:400240:m60_34_49_00.emevd.dcx.js:90005750:0	unknown	npc_state	Liurnia	flag_decode	Liurnia	no	7770585	Liurnia :: Iji's Bell Bearing - around Road to the Manor, may be sweep-granted by Royal Revenant (m60_34_48) [f400240]
1034509421	400240	set	cone root DIALOGUE_STEP(1034509421) at m60_34_49_00.emevd.dcx.js:90005750 set by talk/m60_00_00_00-only/t106016000.py:t106016000_x64	questline_conditions	set by NPC talk 106016000 on m60_00_00_00		esd_talk	1	extractor-cone-root-budget-capped	questline_conditions:400240:m60_34_49_00.emevd.dcx.js:90005750:0	unknown	npc_state	Liurnia	flag_decode	Liurnia	no	7770585	Liurnia :: Iji's Bell Bearing - around Road to the Manor, may be sweep-granted by Royal Revenant (m60_34_48) [f400240]
1034509425	400240	set	cone root DIALOGUE_STEP(1034509425) at m60_34_49_00.emevd.dcx.js:90005750 set by talk/m60_00_00_00-only/t106016000.py:t106016000_x30	questline_conditions	NPC106 Rani_Character state transition	NPC106ラニ_キャラ状態遷移	emevd_event	1	extractor-cone-root-budget-capped	questline_conditions:400240:m60_34_49_00.emevd.dcx.js:90005750:0	unknown	npc_state	Liurnia	flag_decode	Liurnia	no	7770585	Liurnia :: Iji's Bell Bearing - around Road to the Manor, may be sweep-granted by Royal Revenant (m60_34_48) [f400240]
1034509432	400240	set	cone root DIALOGUE_STEP(1034509432) at m60_34_49_00.emevd.dcx.js:90005750 set by talk/m60_00_00_00-only/t106016000.py:t106016000_x64	questline_conditions	set by NPC talk 106016000 on m60_00_00_00		esd_talk	1	extractor-cone-root-budget-capped	questline_conditions:400240:m60_34_49_00.emevd.dcx.js:90005750:0	unknown	npc_state	Liurnia	flag_decode	Liurnia	no	7770585	Liurnia :: Iji's Bell Bearing - around Road to the Manor, may be sweep-granted by Royal Revenant (m60_34_48) [f400240]
1037469289	400240	set	cone root DIALOGUE_STEP(1037469289) at m60_34_49_00.emevd.dcx.js:90005750 set by talk/m60_00_00_00-only/t330016000.py:t330016000_x3	questline_conditions	set by NPC talk 330016000 on m60_00_00_00		esd_talk	1	extractor-cone-root-budget-capped	questline_conditions:400240:m60_34_49_00.emevd.dcx.js:90005750:0	unknown	npc_state	Liurnia	flag_decode	Liurnia	no	7770585	Liurnia :: Iji's Bell Bearing - around Road to the Manor, may be sweep-granted by Royal Revenant (m60_34_48) [f400240]
1042369407	400240	set	cone root DIALOGUE_STEP(1042369407) at m60_34_49_00.emevd.dcx.js:90005750 set by talk/m60_00_00_00-only/t106006000.py:t106006000_x30	questline_conditions	set by NPC talk 106006000 on m60_00_00_00		esd_talk	1	extractor-cone-root-budget-capped	questline_conditions:400240:m60_34_49_00.emevd.dcx.js:90005750:0	unknown	npc_state	Limgrave	flag_decode	Liurnia	yes	7770585	Liurnia :: Iji's Bell Bearing - around Road to the Manor, may be sweep-granted by Royal Revenant (m60_34_48) [f400240]
1042369411	400240	set	cone root BOSS_KILL(1042369411) at m60_34_49_00.emevd.dcx.js:90005750 set by m60_42_36_00.emevd.dcx.js:1042360711	questline_conditions	NPC106_Rani_Church appearance monitoring event	NPC106_ラニ_教会出現監視イベント	emevd_event	2	extractor-cone-root-budget-capped	questline_conditions:400240:m60_34_49_00.emevd.dcx.js:90005750:0	unknown	world	Limgrave	flag_decode	Liurnia	yes	7770585	Liurnia :: Iji's Bell Bearing - around Road to the Manor, may be sweep-granted by Royal Revenant (m60_34_48) [f400240]
1044349255	400240	set	cone root DIALOGUE_STEP(1044349255) at m60_34_49_00.emevd.dcx.js:90005750 set by talk/m12_02_00_00-only/t216001202.py:t216001202_x58	questline_conditions	set by NPC talk 216001202 on m12_02_00_00		esd_talk	2	extractor-cone-root-budget-capped	questline_conditions:400240:m60_34_49_00.emevd.dcx.js:90005750:0	unknown	npc_state	Weeping	flag_decode	Liurnia	yes	7770585	Liurnia :: Iji's Bell Bearing - around Road to the Manor, may be sweep-granted by Royal Revenant (m60_34_48) [f400240]
1044350800	400240	set	cone root BOSS_KILL(1044350800) at m60_34_49_00.emevd.dcx.js:90005750 set by common_func.emevd.dcx.js:90005880	questline_conditions					extractor-cone-root-budget-capped	questline_conditions:400240:m60_34_49_00.emevd.dcx.js:90005750:0	unknown	world	Limgrave	flag_decode	Liurnia	yes	7770585	Liurnia :: Iji's Bell Bearing - around Road to the Manor, may be sweep-granted by Royal Revenant (m60_34_48) [f400240]
1044352800	400240	set	cone root BOSS_KILL(1044352800) at m60_34_49_00.emevd.dcx.js:90005750 set by common_func.emevd.dcx.js:90005880	questline_conditions					extractor-cone-root-budget-capped	questline_conditions:400240:m60_34_49_00.emevd.dcx.js:90005750:0	unknown	world	Limgrave	flag_decode	Liurnia	yes	7770585	Liurnia :: Iji's Bell Bearing - around Road to the Manor, may be sweep-granted by Royal Revenant (m60_34_48) [f400240]
1044359256	400240	set	cone root DIALOGUE_STEP(1044359256) at m60_34_49_00.emevd.dcx.js:90005750 set by talk/m12_02_00_00-only/t216001202.py:t216001202_x58	questline_conditions	set by NPC talk 216001202 on m12_02_00_00		esd_talk	2	extractor-cone-root-budget-capped	questline_conditions:400240:m60_34_49_00.emevd.dcx.js:90005750:0	unknown	npc_state	Limgrave	flag_decode	Liurnia	yes	7770585	Liurnia :: Iji's Bell Bearing - around Road to the Manor, may be sweep-granted by Royal Revenant (m60_34_48) [f400240]
1045379205	400240	set	cone root DIALOGUE_STEP(1045379205) at m60_34_49_00.emevd.dcx.js:90005750 set by talk/m12_02_00_00-only/t216001202.py:t216001202_x58	questline_conditions	set by NPC talk 216001202 on m12_02_00_00		esd_talk	2	extractor-cone-root-budget-capped	questline_conditions:400240:m60_34_49_00.emevd.dcx.js:90005750:0	unknown	npc_state	Siofra River	esd_talk_map	Liurnia	yes	7770585	Liurnia :: Iji's Bell Bearing - around Road to the Manor, may be sweep-granted by Royal Revenant (m60_34_48) [f400240]
1051362702	400240	set	cone root DIALOGUE_STEP(1051362702) at m60_34_49_00.emevd.dcx.js:90005750 set by talk/m60_00_00_00-only/t312006000.py:t312006000_x45	questline_conditions	Ladhan festival status management	ラダーン祭り状態管理	emevd_event	1	extractor-cone-root-budget-capped	questline_conditions:400240:m60_34_49_00.emevd.dcx.js:90005750:0	unknown	npc_state	Caelid	flag_decode	Liurnia	yes	7770585	Liurnia :: Iji's Bell Bearing - around Road to the Manor, may be sweep-granted by Royal Revenant (m60_34_48) [f400240]
1052389305	400240	set	cone root DIALOGUE_STEP(1052389305) at m60_34_49_00.emevd.dcx.js:90005750 set by talk/m12_02_00_00-only/t216001202.py:t216001202_x58	questline_conditions	set by NPC talk 216001202 on m12_02_00_00		esd_talk	2	extractor-cone-root-budget-capped	questline_conditions:400240:m60_34_49_00.emevd.dcx.js:90005750:0	unknown	npc_state	Caelid	flag_decode	Liurnia	yes	7770585	Liurnia :: Iji's Bell Bearing - around Road to the Manor, may be sweep-granted by Royal Revenant (m60_34_48) [f400240]
1052389306	400240	set	cone root DIALOGUE_STEP(1052389306) at m60_34_49_00.emevd.dcx.js:90005750 set by talk/m12_02_00_00-only/t216001202.py:t216001202_x21	questline_conditions	set by NPC talk 216001202 on m12_02_00_00		esd_talk	2	extractor-cone-root-budget-capped	questline_conditions:400240:m60_34_49_00.emevd.dcx.js:90005750:0	unknown	npc_state	Caelid	flag_decode	Liurnia	yes	7770585	Liurnia :: Iji's Bell Bearing - around Road to the Manor, may be sweep-granted by Royal Revenant (m60_34_48) [f400240]
goods:2130	400240	set	cone root ITEM_POSSESSION(2130) at m60_34_49_00.emevd.dcx.js:90005750 set by m60_34_49_00.emevd.dcx.js	questline_conditions					extractor-cone-root-budget-capped	questline_conditions:400240:m60_34_49_00.emevd.dcx.js:90005750:0	unknown	item			Liurnia	unknown	7770585	Liurnia :: Iji's Bell Bearing - around Road to the Manor, may be sweep-granted by Royal Revenant (m60_34_48) [f400240]
goods:8159	400240	set	cone root ITEM_POSSESSION(8159) at m60_34_49_00.emevd.dcx.js:90005750 set by m60_34_49_00.emevd.dcx.js	questline_conditions					extractor-cone-root-budget-capped	questline_conditions:400240:m60_34_49_00.emevd.dcx.js:90005750:0	unknown	item			Liurnia	unknown	7770585	Liurnia :: Iji's Bell Bearing - around Road to the Manor, may be sweep-granted by Royal Revenant (m60_34_48) [f400240]
goods:8164	400240	set	cone root ITEM_POSSESSION(8164) at m60_34_49_00.emevd.dcx.js:90005750 set by m60_34_49_00.emevd.dcx.js	questline_conditions					extractor-cone-root-budget-capped	questline_conditions:400240:m60_34_49_00.emevd.dcx.js:90005750:0	unknown	item			Liurnia	unknown	7770585	Liurnia :: Iji's Bell Bearing - around Road to the Manor, may be sweep-granted by Royal Revenant (m60_34_48) [f400240]
goods:8166	400240	set	cone root ITEM_POSSESSION(8166) at m60_34_49_00.emevd.dcx.js:90005750 set by m60_34_49_00.emevd.dcx.js	questline_conditions					extractor-cone-root-budget-capped	questline_conditions:400240:m60_34_49_00.emevd.dcx.js:90005750:0	unknown	item			Liurnia	unknown	7770585	Liurnia :: Iji's Bell Bearing - around Road to the Manor, may be sweep-granted by Royal Revenant (m60_34_48) [f400240]
map:m60_34	400240	set	cone root MAP_ACCESS(m60_34) at m60_34_49_00.emevd.dcx.js:90005750 set by m60_34_49_00.emevd.dcx.js	questline_conditions					extractor-cone-root-budget-capped	questline_conditions:400240:m60_34_49_00.emevd.dcx.js:90005750:0	unknown	map_access			Liurnia	unknown	7770585	Liurnia :: Iji's Bell Bearing - around Road to the Manor, may be sweep-granted by Royal Revenant (m60_34_48) [f400240]
map:m60_37	400240	set	cone root MAP_ACCESS(m60_37) at m60_34_49_00.emevd.dcx.js:90005750 set by m60_37_46_00.emevd.dcx.js	questline_conditions					extractor-cone-root-budget-capped	questline_conditions:400240:m60_34_49_00.emevd.dcx.js:90005750:0	unknown	map_access			Liurnia	unknown	7770585	Liurnia :: Iji's Bell Bearing - around Road to the Manor, may be sweep-granted by Royal Revenant (m60_34_48) [f400240]
11009210	400260	unknown	talk 337001100 gate_sense=0 lot 102600	esd_gifts	set by NPC talk 337001100 on m11_00_00_00		esd_talk	1	esd-received-memo	esd_gifts:400260:337001100	single	npc_state	Leyndell	esd_talk_map	Caelid	yes	7773728	Caelid :: Glowstone - around Caelem Ruins [f400260]
3865	400260	set	cone root NPC_STATE(3865) at talk/m11_00_00_00-only/t337001100.py:t337001100_x12 set by common.emevd.dcx.js:3879	questline_conditions	NPC337 Royal Capital Old Man_Character state transition	NPC337王都老人_キャラ状態遷移	emevd_event	2	extractor-cone-root	questline_conditions:400260:talk/m11_00_00_00-only/t337001100.py:t337001100_x12:	unknown	world			Caelid	unknown	7773728	Caelid :: Glowstone - around Caelem Ruins [f400260]
3865	400260	set	cone root NPC_STATE(3865) at talk/m11_00_00_00-only/t337001100.py:t337001100_x7 set by common.emevd.dcx.js:3879	questline_conditions	NPC337 Royal Capital Old Man_Character state transition	NPC337王都老人_キャラ状態遷移	emevd_event	2	extractor-cone-root	questline_conditions:400260:talk/m11_00_00_00-only/t337001100.py:t337001100_x7:	unknown	world			Caelid	unknown	7773728	Caelid :: Glowstone - around Caelem Ruins [f400260]
11009210	400260	set	cone root DIALOGUE_STEP(11009210) at talk/m11_00_00_00-only/t337001100.py:t337001100_x12 set by talk/m11_00_00_00-only/t337001100.py:t337001100_x7	questline_conditions	set by NPC talk 337001100 on m11_00_00_00		esd_talk	1	extractor-cone-root	questline_conditions:400260:talk/m11_00_00_00-only/t337001100.py:t337001100_x12:	unknown	npc_state	Leyndell	esd_talk_map	Caelid	yes	7773728	Caelid :: Glowstone - around Caelem Ruins [f400260]
11009210	400260	set	cone root DIALOGUE_STEP(11009210) at talk/m11_00_00_00-only/t337001100.py:t337001100_x7 set by talk/m11_00_00_00-only/t337001100.py:t337001100_x7	questline_conditions	set by NPC talk 337001100 on m11_00_00_00		esd_talk	1	extractor-cone-root	questline_conditions:400260:talk/m11_00_00_00-only/t337001100.py:t337001100_x7:	unknown	npc_state	Leyndell	esd_talk_map	Caelid	yes	7773728	Caelid :: Glowstone - around Caelem Ruins [f400260]
map:m11_00	400260	set	cone root MAP_ACCESS(m11_00) at talk/m11_00_00_00-only/t337001100.py:t337001100_x12 set by talk/m11_00_00_00-only/t337001100.py	questline_conditions					extractor-cone-root	questline_conditions:400260:talk/m11_00_00_00-only/t337001100.py:t337001100_x12:	unknown	map_access	Leyndell	map_id	Caelid	yes	7773728	Caelid :: Glowstone - around Caelem Ruins [f400260]
map:m11_00	400260	set	cone root MAP_ACCESS(m11_00) at talk/m11_00_00_00-only/t337001100.py:t337001100_x7 set by talk/m11_00_00_00-only/t337001100.py	questline_conditions					extractor-cone-root	questline_conditions:400260:talk/m11_00_00_00-only/t337001100.py:t337001100_x7:	unknown	map_access	Leyndell	map_id	Caelid	yes	7773728	Caelid :: Glowstone - around Caelem Ruins [f400260]
11109698	400281	set	talk 324001100 gate_sense=1 lot 102810	esd_gifts	set by NPC talk 324001110 on m11_10_00_00		esd_talk	1	esd-walk-gate-sense	esd_gifts:400281:324001100	single	npc_state	Roundtable Hold	esd_talk_map	Leyndell	yes	7770587	Leyndell :: Scepter of the All-Knowing [f400281]
110	400282	clear	talk 324001110 gate_sense=0 lot 102820	esd_gifts	Natural disaster_Melina goes up in flames	天変地異_メリナ炎上	emevd_event	1	esd-walk-gate-sense	esd_gifts:400282:324001110	unknown	world			Roundtable Hold	unknown	7900020	Roundtable Hold :: All-Knowing Helm - around Table of Lost Grace [f400282]
11109662	400282	unknown	talk 324001110 gate_sense=1 lot 102820	esd_gifts	set by NPC talk 324001110 on m11_10_00_00		esd_talk	1	esd-received-memo	esd_gifts:400282:324001110	unknown	npc_state	Roundtable Hold	esd_talk_map	Roundtable Hold	no	7900020	Roundtable Hold :: All-Knowing Helm - around Table of Lost Grace [f400282]
110	400283	clear	talk 324001110 gate_sense=0 lot 102830	esd_gifts	Natural disaster_Melina goes up in flames	天変地異_メリナ炎上	emevd_event	1	esd-walk-gate-sense	esd_gifts:400283:324001110	unknown	world			Roundtable Hold	unknown	7900021	Roundtable Hold :: All-Knowing Armor - around Table of Lost Grace [f400283]
11109662	400283	unknown	talk 324001110 gate_sense=1 lot 102830	esd_gifts	set by NPC talk 324001110 on m11_10_00_00		esd_talk	1	esd-received-memo	esd_gifts:400283:324001110	unknown	npc_state	Roundtable Hold	esd_talk_map	Roundtable Hold	no	7900021	Roundtable Hold :: All-Knowing Armor - around Table of Lost Grace [f400283]
11109550	400285	unknown	talk 324001110 gate_sense=0 lot 102850	esd_gifts	set by NPC talk 324001110 on m11_10_00_00		esd_talk	1	esd-received-memo	esd_gifts:400285:324001110	single	npc_state	Roundtable Hold	esd_talk_map	Roundtable Hold	no	7900022	Roundtable Hold :: All-Knowing Greaves - around Table of Lost Grace [f400285]
16009460	400290	unknown	talk 326001600 gate_sense=0 lot 102900	esd_gifts	set by NPC talk 326001600 on m16_00_00_00		esd_talk	2	esd-received-memo	esd_gifts:400290:326001600	single	npc_state	Mt. Gelmir	esd_talk_map	Mt. Gelmir	no	7770592	Mt. Gelmir :: Letter to Bernahl - around Volcano Manor, may be sweep-granted by Godskin Noble (m16_00) [f400290]
16009460	400290	unknown	talk 326006000 gate_sense=0 lot 102900	esd_gifts	set by NPC talk 326001600 on m16_00_00_00		esd_talk	2	esd-received-memo	esd_gifts:400290:326006000	single	npc_state	Mt. Gelmir	esd_talk_map	Mt. Gelmir	no	7770592	Mt. Gelmir :: Letter to Bernahl - around Volcano Manor, may be sweep-granted by Godskin Noble (m16_00) [f400290]
16009460	400291	unknown	talk 326001600 gate_sense=0 lot 102910	esd_gifts	set by NPC talk 326001600 on m16_00_00_00		esd_talk	2	esd-received-memo	esd_gifts:400291:326001600	single	npc_state	Mt. Gelmir	esd_talk_map	Mt. Gelmir	no	7770593	Mt. Gelmir :: [Sorcery] Gelmir's Fury - around Volcano Manor, may be sweep-granted by Abductor Virgin (Swinging Sickle) (m16_00) [f400291]
16009460	400291	unknown	talk 326006000 gate_sense=0 lot 102910	esd_gifts	set by NPC talk 326001600 on m16_00_00_00		esd_talk	2	esd-received-memo	esd_gifts:400291:326006000	single	npc_state	Mt. Gelmir	esd_talk_map	Mt. Gelmir	no	7770593	Mt. Gelmir :: [Sorcery] Gelmir's Fury - around Volcano Manor, may be sweep-granted by Abductor Virgin (Swinging Sickle) (m16_00) [f400291]
16009463	400291	set	$InitializeCommonEvent(90005750) arg5	lot_gates	NPC326 Volcano Pavilion's Strongest Knight_ Flag to leave and leave items behind	NPC326火山館最強の騎士_アイテムを残して立ち去るフラグ立て	emevd_event	1	commonarg-positive-by-construction	lot_gates:400291:90005750	single	world	Mt. Gelmir	setter_map	Mt. Gelmir	no	7770593	Mt. Gelmir :: [Sorcery] Gelmir's Fury - around Volcano Manor, may be sweep-granted by Abductor Virgin (Swinging Sickle) (m16_00) [f400291]
13002181	400292	set	$InitializeCommonEvent(90005792) arg1	lot_gates					commonarg-positive-by-construction	lot_gates:400292:90005792	single	world			Farum Azula	unknown	7770594	Farum Azula :: Blasphemous Claw - around Crumbling Beast Grave, may be sweep-granted by Maliketh, the Black Blade (m13_00) [f400292]
1044529272	400308	set	$InitializeCommonEvent(90005750) arg5	lot_gates	NPC331 Rogue_Killed by a shit eater_Item light appearance flag set	NPC331ならず者_糞喰いに殺された_アイテム光出現フラグ立て	emevd_event	2	commonarg-positive-by-construction	lot_gates:400308:90005750	any	world			Altus	unknown	7770596	Altus :: Seedbed Curse - m60_44_52 (region unconfirmed), may be sweep-granted by Draconic Tree Sentinel (m60_45_52) [f400308]
3000	400308	set	cone root DIALOGUE_STEP(3000) at m60_44_52_00.emevd.dcx.js:90005750 set by talk/m60_00_00_00-only/t900006000.py:t900006000_x3	questline_conditions	set by NPC talk 900006000 on m60_00_00_00		esd_talk	1	extractor-cone-root	questline_conditions:400308:m60_44_52_00.emevd.dcx.js:90005750:0	unknown	npc_state			Altus	unknown	7770596	Altus :: Seedbed Curse - m60_44_52 (region unconfirmed), may be sweep-granted by Draconic Tree Sentinel (m60_45_52) [f400308]
3000	400308	set	cone root DIALOGUE_STEP(3000) at m60_44_52_10.emevd.dcx.js:90005750 set by talk/m60_00_00_00-only/t900006000.py:t900006000_x3	questline_conditions	set by NPC talk 900006000 on m60_00_00_00		esd_talk	1	extractor-cone-root	questline_conditions:400308:m60_44_52_10.emevd.dcx.js:90005750:0	unknown	npc_state			Altus	unknown	7770596	Altus :: Seedbed Curse - m60_44_52 (region unconfirmed), may be sweep-granted by Draconic Tree Sentinel (m60_45_52) [f400308]
4140	400308	set	cone root NPC_STATE(4140) at m60_44_52_00.emevd.dcx.js:90005750 set by common.emevd.dcx.js:4159	questline_conditions	NPC330_Atonement Priest_Performing absolution	NPC330_贖罪司祭_免罪実行	emevd_event	6	extractor-cone-root	questline_conditions:400308:m60_44_52_00.emevd.dcx.js:90005750:0	unknown	world			Altus	unknown	7770596	Altus :: Seedbed Curse - m60_44_52 (region unconfirmed), may be sweep-granted by Draconic Tree Sentinel (m60_45_52) [f400308]
4140	400308	set	cone root NPC_STATE(4140) at m60_44_52_10.emevd.dcx.js:90005750 set by common.emevd.dcx.js:4159	questline_conditions	NPC330_Atonement Priest_Performing absolution	NPC330_贖罪司祭_免罪実行	emevd_event	6	extractor-cone-root	questline_conditions:400308:m60_44_52_10.emevd.dcx.js:90005750:0	unknown	world			Altus	unknown	7770596	Altus :: Seedbed Curse - m60_44_52 (region unconfirmed), may be sweep-granted by Draconic Tree Sentinel (m60_45_52) [f400308]
4143	400308	set	cone root BOSS_KILL(4143) at m60_44_52_00.emevd.dcx.js:90005750 set by common_func.emevd.dcx.js:90005702	questline_conditions	NPC331 Rogue_Killed by a shit eater_Death executed through conversation	NPC331ならず者_糞喰いに殺された_会話で死亡実行	emevd_event	6	extractor-cone-root	questline_conditions:400308:m60_44_52_00.emevd.dcx.js:90005750:0	unknown	world			Altus	unknown	7770596	Altus :: Seedbed Curse - m60_44_52 (region unconfirmed), may be sweep-granted by Draconic Tree Sentinel (m60_45_52) [f400308]
4143	400308	set	cone root BOSS_KILL(4143) at m60_44_52_10.emevd.dcx.js:90005750 set by common_func.emevd.dcx.js:90005702	questline_conditions	NPC331 Rogue_Killed by a shit eater_Death executed through conversation	NPC331ならず者_糞喰いに殺された_会話で死亡実行	emevd_event	6	extractor-cone-root	questline_conditions:400308:m60_44_52_10.emevd.dcx.js:90005750:0	unknown	world			Altus	unknown	7770596	Altus :: Seedbed Curse - m60_44_52 (region unconfirmed), may be sweep-granted by Draconic Tree Sentinel (m60_45_52) [f400308]
4147	400308	set	cone root NPC_STATE(4147) at m60_44_52_00.emevd.dcx.js:90005750 set by common.emevd.dcx.js:4159	questline_conditions	NPC331 Rogue_Character state transition	NPC331ならず者_キャラ状態遷移	emevd_event	2	extractor-cone-root	questline_conditions:400308:m60_44_52_00.emevd.dcx.js:90005750:0	unknown	world			Altus	unknown	7770596	Altus :: Seedbed Curse - m60_44_52 (region unconfirmed), may be sweep-granted by Draconic Tree Sentinel (m60_45_52) [f400308]
4147	400308	set	cone root NPC_STATE(4147) at m60_44_52_10.emevd.dcx.js:90005750 set by common.emevd.dcx.js:4159	questline_conditions	NPC331 Rogue_Character state transition	NPC331ならず者_キャラ状態遷移	emevd_event	2	extractor-cone-root	questline_conditions:400308:m60_44_52_10.emevd.dcx.js:90005750:0	unknown	world			Altus	unknown	7770596	Altus :: Seedbed Curse - m60_44_52 (region unconfirmed), may be sweep-granted by Draconic Tree Sentinel (m60_45_52) [f400308]
35009306	400308	set	cone root DIALOGUE_STEP(35009306) at m60_44_52_00.emevd.dcx.js:90005750 set by talk/m35_00_00_00-only/t323003500.py:t323003500_x42	questline_conditions	set by NPC talk 323003500 on m35_00_00_00		esd_talk	1	extractor-cone-root	questline_conditions:400308:m60_44_52_00.emevd.dcx.js:90005750:0	unknown	npc_state	Leyndell	esd_talk_map	Altus	yes	7770596	Altus :: Seedbed Curse - m60_44_52 (region unconfirmed), may be sweep-granted by Draconic Tree Sentinel (m60_45_52) [f400308]
35009306	400308	set	cone root DIALOGUE_STEP(35009306) at m60_44_52_10.emevd.dcx.js:90005750 set by talk/m35_00_00_00-only/t323003500.py:t323003500_x42	questline_conditions	set by NPC talk 323003500 on m35_00_00_00		esd_talk	1	extractor-cone-root	questline_conditions:400308:m60_44_52_10.emevd.dcx.js:90005750:0	unknown	npc_state	Leyndell	esd_talk_map	Altus	yes	7770596	Altus :: Seedbed Curse - m60_44_52 (region unconfirmed), may be sweep-granted by Draconic Tree Sentinel (m60_45_52) [f400308]
1037469289	400308	set	cone root DIALOGUE_STEP(1037469289) at m60_44_52_00.emevd.dcx.js:90005750 set by talk/m60_00_00_00-only/t330016000.py:t330016000_x3	questline_conditions	set by NPC talk 330016000 on m60_00_00_00		esd_talk	1	extractor-cone-root	questline_conditions:400308:m60_44_52_00.emevd.dcx.js:90005750:0	unknown	npc_state	Liurnia	flag_decode	Altus	yes	7770596	Altus :: Seedbed Curse - m60_44_52 (region unconfirmed), may be sweep-granted by Draconic Tree Sentinel (m60_45_52) [f400308]
1037469289	400308	set	cone root DIALOGUE_STEP(1037469289) at m60_44_52_10.emevd.dcx.js:90005750 set by talk/m60_00_00_00-only/t330016000.py:t330016000_x3	questline_conditions	set by NPC talk 330016000 on m60_00_00_00		esd_talk	1	extractor-cone-root	questline_conditions:400308:m60_44_52_10.emevd.dcx.js:90005750:0	unknown	npc_state	Liurnia	flag_decode	Altus	yes	7770596	Altus :: Seedbed Curse - m60_44_52 (region unconfirmed), may be sweep-granted by Draconic Tree Sentinel (m60_45_52) [f400308]
1044529257	400308	set	cone root DIALOGUE_STEP(1044529257) at m60_44_52_00.emevd.dcx.js:90005750 set by talk/m60_00_00_00-only/t331006000.py:t331006000_x52	questline_conditions	set by NPC talk 331006000 on m60_00_00_00		esd_talk	1	extractor-cone-root	questline_conditions:400308:m60_44_52_00.emevd.dcx.js:90005750:0	unknown	npc_state			Altus	unknown	7770596	Altus :: Seedbed Curse - m60_44_52 (region unconfirmed), may be sweep-granted by Draconic Tree Sentinel (m60_45_52) [f400308]
1044529257	400308	set	cone root DIALOGUE_STEP(1044529257) at m60_44_52_10.emevd.dcx.js:90005750 set by talk/m60_00_00_00-only/t331006000.py:t331006000_x52	questline_conditions	set by NPC talk 331006000 on m60_00_00_00		esd_talk	1	extractor-cone-root	questline_conditions:400308:m60_44_52_10.emevd.dcx.js:90005750:0	unknown	npc_state			Altus	unknown	7770596	Altus :: Seedbed Curse - m60_44_52 (region unconfirmed), may be sweep-granted by Draconic Tree Sentinel (m60_45_52) [f400308]
1044529258	400308	set	cone root DIALOGUE_STEP(1044529258) at m60_44_52_00.emevd.dcx.js:90005750 set by talk/m60_00_00_00-only/t331006000.py:t331006000_x52	questline_conditions	set by NPC talk 331006000 on m60_00_00_00		esd_talk	1	extractor-cone-root	questline_conditions:400308:m60_44_52_00.emevd.dcx.js:90005750:0	unknown	npc_state			Altus	unknown	7770596	Altus :: Seedbed Curse - m60_44_52 (region unconfirmed), may be sweep-granted by Draconic Tree Sentinel (m60_45_52) [f400308]
1044529258	400308	set	cone root DIALOGUE_STEP(1044529258) at m60_44_52_10.emevd.dcx.js:90005750 set by talk/m60_00_00_00-only/t331006000.py:t331006000_x52	questline_conditions	set by NPC talk 331006000 on m60_00_00_00		esd_talk	1	extractor-cone-root	questline_conditions:400308:m60_44_52_10.emevd.dcx.js:90005750:0	unknown	npc_state			Altus	unknown	7770596	Altus :: Seedbed Curse - m60_44_52 (region unconfirmed), may be sweep-granted by Draconic Tree Sentinel (m60_45_52) [f400308]
1044529259	400308	set	cone root DIALOGUE_STEP(1044529259) at m60_44_52_00.emevd.dcx.js:90005750 set by talk/m60_00_00_00-only/t331006000.py:t331006000_x52	questline_conditions	set by NPC talk 331006000 on m60_00_00_00		esd_talk	1	extractor-cone-root	questline_conditions:400308:m60_44_52_00.emevd.dcx.js:90005750:0	unknown	npc_state			Altus	unknown	7770596	Altus :: Seedbed Curse - m60_44_52 (region unconfirmed), may be sweep-granted by Draconic Tree Sentinel (m60_45_52) [f400308]
1044529259	400308	set	cone root DIALOGUE_STEP(1044529259) at m60_44_52_10.emevd.dcx.js:90005750 set by talk/m60_00_00_00-only/t331006000.py:t331006000_x52	questline_conditions	set by NPC talk 331006000 on m60_00_00_00		esd_talk	1	extractor-cone-root	questline_conditions:400308:m60_44_52_10.emevd.dcx.js:90005750:0	unknown	npc_state			Altus	unknown	7770596	Altus :: Seedbed Curse - m60_44_52 (region unconfirmed), may be sweep-granted by Draconic Tree Sentinel (m60_45_52) [f400308]
goods:2130	400308	set	cone root ITEM_POSSESSION(2130) at m60_44_52_00.emevd.dcx.js:90005750 set by m60_44_52_00.emevd.dcx.js	questline_conditions					extractor-cone-root	questline_conditions:400308:m60_44_52_00.emevd.dcx.js:90005750:0	unknown	item			Altus	unknown	7770596	Altus :: Seedbed Curse - m60_44_52 (region unconfirmed), may be sweep-granted by Draconic Tree Sentinel (m60_45_52) [f400308]
goods:2130	400308	set	cone root ITEM_POSSESSION(2130) at m60_44_52_10.emevd.dcx.js:90005750 set by m60_44_52_10.emevd.dcx.js	questline_conditions					extractor-cone-root	questline_conditions:400308:m60_44_52_10.emevd.dcx.js:90005750:0	unknown	item			Altus	unknown	7770596	Altus :: Seedbed Curse - m60_44_52 (region unconfirmed), may be sweep-granted by Draconic Tree Sentinel (m60_45_52) [f400308]
map:m60_44	400308	set	cone root MAP_ACCESS(m60_44) at m60_44_52_00.emevd.dcx.js:90005750 set by m60_44_52_00.emevd.dcx.js	questline_conditions					extractor-cone-root	questline_conditions:400308:m60_44_52_00.emevd.dcx.js:90005750:0	unknown	map_access			Altus	unknown	7770596	Altus :: Seedbed Curse - m60_44_52 (region unconfirmed), may be sweep-granted by Draconic Tree Sentinel (m60_45_52) [f400308]
map:m60_44	400308	set	cone root MAP_ACCESS(m60_44) at m60_44_52_10.emevd.dcx.js:90005750 set by m60_44_52_10.emevd.dcx.js	questline_conditions					extractor-cone-root	questline_conditions:400308:m60_44_52_10.emevd.dcx.js:90005750:0	unknown	map_access			Altus	unknown	7770596	Altus :: Seedbed Curse - m60_44_52 (region unconfirmed), may be sweep-granted by Draconic Tree Sentinel (m60_45_52) [f400308]
1050389210	400310	unknown	talk 349006000 gate_sense=0 lot 103100	esd_gifts	set by NPC talk 349006000 on m60_00_00_00		esd_talk	1	esd-received-memo	esd_gifts:400310:349006000	single	npc_state	Caelid	flag_decode	Caelid	no	7773730	Caelid :: Unalloyed Gold Needle - around Caelem Ruins [f400310]
1050389207	400311	unknown	talk 349006000 gate_sense=0 lot 103110	esd_gifts	set by NPC talk 349006000 on m60_00_00_00		esd_talk	1	esd-received-memo	esd_gifts:400311:349006000	single	npc_state	Caelid	flag_decode	Caelid	no	7773731	Caelid :: Sellia's Secret - around Caelem Ruins [f400311]
4165	400311	set	cone root NPC_STATE(4165) at talk/m60_00_00_00-only/t349006000.py:t349006000_x42 set by common.emevd.dcx.js:4179	questline_conditions	NPC349 Corrupt Elder_Character state transition	NPC349腐敗長老_キャラ状態遷移	emevd_event	2	extractor-cone-root	questline_conditions:400311:talk/m60_00_00_00-only/t349006000.py:t349006000_x42:	unknown	world			Caelid	unknown	7773731	Caelid :: Sellia's Secret - around Caelem Ruins [f400311]
1050389207	400311	set	cone root DIALOGUE_STEP(1050389207) at talk/m60_00_00_00-only/t349006000.py:t349006000_x42 set by talk/m60_00_00_00-only/t349006000.py:t349006000_x42	questline_conditions	set by NPC talk 349006000 on m60_00_00_00		esd_talk	1	extractor-cone-root	questline_conditions:400311:talk/m60_00_00_00-only/t349006000.py:t349006000_x42:	unknown	npc_state	Caelid	flag_decode	Caelid	no	7773731	Caelid :: Sellia's Secret - around Caelem Ruins [f400311]
goods:8975	400311	set	cone root ITEM_POSSESSION(8975) at talk/m60_00_00_00-only/t349006000.py:t349006000_x42 set by talk/m60_00_00_00-only/t349006000.py	questline_conditions					extractor-cone-root	questline_conditions:400311:talk/m60_00_00_00-only/t349006000.py:t349006000_x42:	unknown	item			Caelid	unknown	7773731	Caelid :: Sellia's Secret - around Caelem Ruins [f400311]
map:m60_00	400311	set	cone root MAP_ACCESS(m60_00) at talk/m60_00_00_00-only/t349006000.py:t349006000_x42 set by talk/m60_00_00_00-only/t349006000.py	questline_conditions					extractor-cone-root	questline_conditions:400311:talk/m60_00_00_00-only/t349006000.py:t349006000_x42:	unknown	map_access			Caelid	unknown	7773731	Caelid :: Sellia's Secret - around Caelem Ruins [f400311]
7611	400312	set	$InitializeCommonEvent(90005750) arg5	lot_gates					commonarg-positive-by-construction	lot_gates:400312:90005750	any	world	Haligtree	test_map	Caelid	yes	7900025	Caelid :: Gowry's Bell Bearing - around Church of the Plague, may be sweep-granted by Night's Cavalry (m60_49_37) [f400312]
1050389238	400312	set	$InitializeCommonEvent(90005750) arg5	lot_gates	NPC349 Rotten elder_corpse display	NPC349腐敗長老_死体表示	emevd_event	1	commonarg-positive-by-construction	lot_gates:400312:90005750	any	world	Caelid	flag_decode	Caelid	no	7900025	Caelid :: Gowry's Bell Bearing - around Church of the Plague, may be sweep-granted by Night's Cavalry (m60_49_37) [f400312]
7611	400312	set	cone root BOSS_KILL(7611) at m60_50_38_00.emevd.dcx.js:90005750 set by common_func.emevd.dcx.js:90005796	questline_conditions					extractor-cone-root	questline_conditions:400312:m60_50_38_00.emevd.dcx.js:90005750:0	unknown	world			Caelid	unknown	7900025	Caelid :: Gowry's Bell Bearing - around Church of the Plague, may be sweep-granted by Night's Cavalry (m60_49_37) [f400312]
map:m60_50	400312	set	cone root MAP_ACCESS(m60_50) at m60_50_38_00.emevd.dcx.js:90005750 set by m60_50_38_00.emevd.dcx.js	questline_conditions					extractor-cone-root	questline_conditions:400312:m60_50_38_00.emevd.dcx.js:90005750:0	unknown	map_access			Caelid	unknown	7900025	Caelid :: Gowry's Bell Bearing - around Church of the Plague, may be sweep-granted by Night's Cavalry (m60_49_37) [f400312]
1050389257	400320	unknown	talk 348001500 gate_sense=0 lot 103200	esd_gifts	set by NPC talk 348001500 on m15_00_00_00		esd_talk	2	esd-received-memo	esd_gifts:400320:348001500	single	npc_state	Caelid	flag_decode	Haligtree	yes	7770598	Haligtree :: Prosthesis-Wearer Heirloom [f400320]
1050389257	400320	unknown	talk 348006000 gate_sense=0 lot 103200	esd_gifts	set by NPC talk 348001500 on m15_00_00_00		esd_talk	2	esd-received-memo	esd_gifts:400320:348006000	single	npc_state	Caelid	flag_decode	Haligtree	yes	7770598	Haligtree :: Prosthesis-Wearer Heirloom [f400320]
4192	400321	set	$InitializeCommonEvent(90005750) arg5	lot_gates	NPC348 Marenia's Daughter_Character state transition	NPC348マレニアの娘_キャラ状態遷移	emevd_event	2	commonarg-positive-by-construction	lot_gates:400321:90005750	single	world			Haligtree	unknown	7770599	Haligtree :: Unalloyed Gold Needle - around Prayer Room, may be sweep-granted by Malenia, Blade of Miquella (m15_00) [f400321]
7611	400323	set	323)); WaitFor(ElapsedSeconds(2) && EventFlag(7611)); Awa	lot_gates					waitfor-blocks-until-set	lot_gates:400323:15000714	single	world			Haligtree	unknown	7770600	Haligtree :: Millicent's Prosthesis - around Prayer Room, may be sweep-granted by Loretta, Knight of the Haligtree (m15_00) [f400323]
7611	400323	set	$InitializeCommonEvent(90005774) arg0	lot_gates					commonarg-positive-by-construction	lot_gates:400323:90005774	single	world			Haligtree	unknown	7770600	Haligtree :: Millicent's Prosthesis - around Prayer Room, may be sweep-granted by Loretta, Knight of the Haligtree (m15_00) [f400323]
7611	400323	set	cone root BOSS_KILL(7611) at m15_00_00_00.emevd.dcx.js:15000714 set by common_func.emevd.dcx.js:90005796	questline_conditions					extractor-cone-root	questline_conditions:400323:m15_00_00_00.emevd.dcx.js:15000714:	unknown	world			Haligtree	unknown	7770600	Haligtree :: Millicent's Prosthesis - around Prayer Room, may be sweep-granted by Loretta, Knight of the Haligtree (m15_00) [f400323]
7611	400323	set	cone root BOSS_KILL(7611) at m15_00_00_00.emevd.dcx.js:90005774 set by common_func.emevd.dcx.js:90005796	questline_conditions					extractor-cone-root	questline_conditions:400323:m15_00_00_00.emevd.dcx.js:90005774:0	unknown	world			Haligtree	unknown	7770600	Haligtree :: Millicent's Prosthesis - around Prayer Room, may be sweep-granted by Loretta, Knight of the Haligtree (m15_00) [f400323]
map:m15_00	400323	set	cone root MAP_ACCESS(m15_00) at m15_00_00_00.emevd.dcx.js:15000714 set by m15_00_00_00.emevd.dcx.js	questline_conditions					extractor-cone-root	questline_conditions:400323:m15_00_00_00.emevd.dcx.js:15000714:	unknown	map_access	Haligtree	map_id	Haligtree	no	7770600	Haligtree :: Millicent's Prosthesis - around Prayer Room, may be sweep-granted by Loretta, Knight of the Haligtree (m15_00) [f400323]
map:m15_00	400323	set	cone root MAP_ACCESS(m15_00) at m15_00_00_00.emevd.dcx.js:90005774 set by m15_00_00_00.emevd.dcx.js	questline_conditions					extractor-cone-root	questline_conditions:400323:m15_00_00_00.emevd.dcx.js:90005774:0	unknown	map_access	Haligtree	map_id	Haligtree	no	7770600	Haligtree :: Millicent's Prosthesis - around Prayer Room, may be sweep-granted by Loretta, Knight of the Haligtree (m15_00) [f400323]
15009212	400324	unknown	&& !EventFlag(400324) && EventFlag(15009212)	lot_gates	NPC203 Marenia_Flower	NPC203マレニア_花化	emevd_event	1	context-branch-unresolved	lot_gates:400324:15000713	single	world	Haligtree	setter_map	Haligtree	no	7770601	Haligtree :: Miquella's Needle - around Prayer Room, may be sweep-granted by Malenia, Blade of Miquella (m15_00) [f400324]
12039162	400339	set	$InitializeCommonEvent(90005750) arg5	lot_gates	NPC322 Yuria_Character state transition	NPC322ユリア_キャラ状態遷移	emevd_event	1	commonarg-positive-by-construction	lot_gates:400339:90005750	single	world			Deeproot Depths	unknown	7900026	Deeproot Depths :: Fia's Robe - around Root-Facing Cliffs, may be sweep-granted by Crucible Knight Siluria (m12_03) [f400339]
3465	400339	set	cone root NPC_STATE(3465) at m12_03_00_00.emevd.dcx.js:90005750 set by common.emevd.dcx.js:3479	questline_conditions	NPC316 Academy Female Magician_Character state transition	NPC316学院の女魔術師_キャラ状態遷移	emevd_event	2	extractor-cone-root-budget-capped	questline_conditions:400339:m12_03_00_00.emevd.dcx.js:90005750:0	unknown	world			Deeproot Depths	unknown	7900026	Deeproot Depths :: Fia's Robe - around Root-Facing Cliffs, may be sweep-granted by Crucible Knight Siluria (m12_03) [f400339]
3468	400339	set	cone root NPC_STATE(3468) at m12_03_00_00.emevd.dcx.js:90005750 set by common.emevd.dcx.js:3479	questline_conditions	NPC316 Academy Female Magician_Character state transition	NPC316学院の女魔術師_キャラ状態遷移	emevd_event	2	extractor-cone-root-budget-capped	questline_conditions:400339:m12_03_00_00.emevd.dcx.js:90005750:0	unknown	world			Deeproot Depths	unknown	7900026	Deeproot Depths :: Fia's Robe - around Root-Facing Cliffs, may be sweep-granted by Crucible Knight Siluria (m12_03) [f400339]
3766	400339	set	cone root NPC_STATE(3766) at m12_03_00_00.emevd.dcx.js:90005750 set by common.emevd.dcx.js:3779	questline_conditions	NPC224 Grandpa_Character state transition	NPC224爺や_キャラ状態遷移	emevd_event	2	extractor-cone-root-budget-capped	questline_conditions:400339:m12_03_00_00.emevd.dcx.js:90005750:0	unknown	world			Deeproot Depths	unknown	7900026	Deeproot Depths :: Fia's Robe - around Root-Facing Cliffs, may be sweep-granted by Crucible Knight Siluria (m12_03) [f400339]
3767	400339	set	cone root NPC_STATE(3767) at m12_03_00_00.emevd.dcx.js:90005750 set by common.emevd.dcx.js:3779	questline_conditions	NPC224 Grandpa_Character state transition	NPC224爺や_キャラ状態遷移	emevd_event	2	extractor-cone-root-budget-capped	questline_conditions:400339:m12_03_00_00.emevd.dcx.js:90005750:0	unknown	world			Deeproot Depths	unknown	7900026	Deeproot Depths :: Fia's Robe - around Root-Facing Cliffs, may be sweep-granted by Crucible Knight Siluria (m12_03) [f400339]
4040	400339	set	cone root NPC_STATE(4040) at m12_03_00_00.emevd.dcx.js:90005750 set by common.emevd.dcx.js:4059	questline_conditions	NPC330_Atonement Priest_Performing absolution	NPC330_贖罪司祭_免罪実行	emevd_event	5	extractor-cone-root-budget-capped	questline_conditions:400339:m12_03_00_00.emevd.dcx.js:90005750:0	unknown	world			Deeproot Depths	unknown	7900026	Deeproot Depths :: Fia's Robe - around Root-Facing Cliffs, may be sweep-granted by Crucible Knight Siluria (m12_03) [f400339]
4043	400339	set	cone root BOSS_KILL(4043) at m12_03_00_00.emevd.dcx.js:90005750 set by common.emevd.dcx.js:4139	questline_conditions	NPC322 Yuria_Character state transition	NPC322ユリア_キャラ状態遷移	emevd_event	4	extractor-cone-root-budget-capped	questline_conditions:400339:m12_03_00_00.emevd.dcx.js:90005750:0	unknown	world			Deeproot Depths	unknown	7900026	Deeproot Depths :: Fia's Robe - around Root-Facing Cliffs, may be sweep-granted by Crucible Knight Siluria (m12_03) [f400339]
4045	400339	set	cone root NPC_STATE(4045) at m12_03_00_00.emevd.dcx.js:90005750 set by common.emevd.dcx.js:4059	questline_conditions	NPC319 David_Character state transition	NPC319ダヴィド_キャラ状態遷移	emevd_event	3	extractor-cone-root-budget-capped	questline_conditions:400339:m12_03_00_00.emevd.dcx.js:90005750:0	unknown	world			Deeproot Depths	unknown	7900026	Deeproot Depths :: Fia's Robe - around Root-Facing Cliffs, may be sweep-granted by Crucible Knight Siluria (m12_03) [f400339]
4046	400339	set	cone root NPC_STATE(4046) at m12_03_00_00.emevd.dcx.js:90005750 set by common.emevd.dcx.js:4059	questline_conditions	NPC319 David_Character state transition	NPC319ダヴィド_キャラ状態遷移	emevd_event	3	extractor-cone-root-budget-capped	questline_conditions:400339:m12_03_00_00.emevd.dcx.js:90005750:0	unknown	world			Deeproot Depths	unknown	7900026	Deeproot Depths :: Fia's Robe - around Root-Facing Cliffs, may be sweep-granted by Crucible Knight Siluria (m12_03) [f400339]
4047	400339	set	cone root NPC_STATE(4047) at m12_03_00_00.emevd.dcx.js:90005750 set by common.emevd.dcx.js:4059	questline_conditions	NPC319 David_Character state transition	NPC319ダヴィド_キャラ状態遷移	emevd_event	3	extractor-cone-root-budget-capped	questline_conditions:400339:m12_03_00_00.emevd.dcx.js:90005750:0	unknown	world			Deeproot Depths	unknown	7900026	Deeproot Depths :: Fia's Robe - around Root-Facing Cliffs, may be sweep-granted by Crucible Knight Siluria (m12_03) [f400339]
4120	400339	set	cone root NPC_STATE(4120) at m12_03_00_00.emevd.dcx.js:90005750 set by common.emevd.dcx.js:4139	questline_conditions	NPC330_Atonement Priest_Performing absolution	NPC330_贖罪司祭_免罪実行	emevd_event	7	extractor-cone-root-budget-capped	questline_conditions:400339:m12_03_00_00.emevd.dcx.js:90005750:0	unknown	world			Deeproot Depths	unknown	7900026	Deeproot Depths :: Fia's Robe - around Root-Facing Cliffs, may be sweep-granted by Crucible Knight Siluria (m12_03) [f400339]
4123	400339	set	cone root BOSS_KILL(4123) at m12_03_00_00.emevd.dcx.js:90005750 set by common.emevd.dcx.js:4079	questline_conditions	NPC319 Danny_Character state transition	NPC319ダニー_キャラ状態遷移	emevd_event	5	extractor-cone-root-budget-capped	questline_conditions:400339:m12_03_00_00.emevd.dcx.js:90005750:0	unknown	world			Deeproot Depths	unknown	7900026	Deeproot Depths :: Fia's Robe - around Root-Facing Cliffs, may be sweep-granted by Crucible Knight Siluria (m12_03) [f400339]
4125	400339	set	cone root NPC_STATE(4125) at m12_03_00_00.emevd.dcx.js:90005750 set by common.emevd.dcx.js:4139	questline_conditions	NPC322 Yuria_Character state transition	NPC322ユリア_キャラ状態遷移	emevd_event	4	extractor-cone-root-budget-capped	questline_conditions:400339:m12_03_00_00.emevd.dcx.js:90005750:0	unknown	world			Deeproot Depths	unknown	7900026	Deeproot Depths :: Fia's Robe - around Root-Facing Cliffs, may be sweep-granted by Crucible Knight Siluria (m12_03) [f400339]
4126	400339	set	cone root NPC_STATE(4126) at m12_03_00_00.emevd.dcx.js:90005750 set by common.emevd.dcx.js:4139	questline_conditions	NPC322 Yuria_Character state transition	NPC322ユリア_キャラ状態遷移	emevd_event	4	extractor-cone-root-budget-capped	questline_conditions:400339:m12_03_00_00.emevd.dcx.js:90005750:0	unknown	world			Deeproot Depths	unknown	7900026	Deeproot Depths :: Fia's Robe - around Root-Facing Cliffs, may be sweep-granted by Crucible Knight Siluria (m12_03) [f400339]
4127	400339	set	cone root NPC_STATE(4127) at m12_03_00_00.emevd.dcx.js:90005750 set by common.emevd.dcx.js:4139	questline_conditions	NPC322 Yuria_Character state transition	NPC322ユリア_キャラ状態遷移	emevd_event	4	extractor-cone-root-budget-capped	questline_conditions:400339:m12_03_00_00.emevd.dcx.js:90005750:0	unknown	world			Deeproot Depths	unknown	7900026	Deeproot Depths :: Fia's Robe - around Root-Facing Cliffs, may be sweep-granted by Crucible Knight Siluria (m12_03) [f400339]
4128	400339	set	cone root NPC_STATE(4128) at m12_03_00_00.emevd.dcx.js:90005750 set by common.emevd.dcx.js:4139	questline_conditions	NPC322 Yuria_Character state transition	NPC322ユリア_キャラ状態遷移	emevd_event	4	extractor-cone-root-budget-capped	questline_conditions:400339:m12_03_00_00.emevd.dcx.js:90005750:0	unknown	world			Deeproot Depths	unknown	7900026	Deeproot Depths :: Fia's Robe - around Root-Facing Cliffs, may be sweep-granted by Crucible Knight Siluria (m12_03) [f400339]
4129	400339	set	cone root NPC_STATE(4129) at m12_03_00_00.emevd.dcx.js:90005750 set by common.emevd.dcx.js:4139	questline_conditions	NPC322 Yuria_Character state transition	NPC322ユリア_キャラ状態遷移	emevd_event	4	extractor-cone-root-budget-capped	questline_conditions:400339:m12_03_00_00.emevd.dcx.js:90005750:0	unknown	world			Deeproot Depths	unknown	7900026	Deeproot Depths :: Fia's Robe - around Root-Facing Cliffs, may be sweep-granted by Crucible Knight Siluria (m12_03) [f400339]
4651	400339	set	cone root DIALOGUE_STEP(4651) at m12_03_00_00.emevd.dcx.js:90005750 set by talk/m00_00_00_00-only/t000001000.py:t000001000_x35	questline_conditions	set by NPC talk 000001000 on m00_00_00_00		esd_talk	1	extractor-cone-root-budget-capped	questline_conditions:400339:m12_03_00_00.emevd.dcx.js:90005750:0	unknown	npc_state			Deeproot Depths	unknown	7900026	Deeproot Depths :: Fia's Robe - around Root-Facing Cliffs, may be sweep-granted by Crucible Knight Siluria (m12_03) [f400339]
4652	400339	set	cone root DIALOGUE_STEP(4652) at m12_03_00_00.emevd.dcx.js:90005750 set by talk/m00_00_00_00-only/t000001000.py:t000001000_x34	questline_conditions	set by NPC talk 000001000 on m00_00_00_00		esd_talk	2	extractor-cone-root-budget-capped	questline_conditions:400339:m12_03_00_00.emevd.dcx.js:90005750:0	unknown	npc_state			Deeproot Depths	unknown	7900026	Deeproot Depths :: Fia's Robe - around Root-Facing Cliffs, may be sweep-granted by Crucible Knight Siluria (m12_03) [f400339]
4653	400339	set	cone root DIALOGUE_STEP(4653) at m12_03_00_00.emevd.dcx.js:90005750 set by talk/m00_00_00_00-only/t000001000.py:t000001000_x59	questline_conditions	set by NPC talk 000001000 on m00_00_00_00		esd_talk	2	extractor-cone-root-budget-capped	questline_conditions:400339:m12_03_00_00.emevd.dcx.js:90005750:0	unknown	npc_state			Deeproot Depths	unknown	7900026	Deeproot Depths :: Fia's Robe - around Root-Facing Cliffs, may be sweep-granted by Crucible Knight Siluria (m12_03) [f400339]
9001	400339	set	cone root BOSS_KILL(9001) at m12_03_00_00.emevd.dcx.js:90005750 set by common.emevd.dcx.js:901	questline_conditions	Michaela cutscene playback	ミケラカットシーン再生	emevd_event	6	extractor-cone-root-budget-capped	questline_conditions:400339:m12_03_00_00.emevd.dcx.js:90005750:0	unknown	world			Deeproot Depths	unknown	7900026	Deeproot Depths :: Fia's Robe - around Root-Facing Cliffs, may be sweep-granted by Crucible Knight Siluria (m12_03) [f400339]
11102770	400339	set	cone root DIALOGUE_STEP(11102770) at m12_03_00_00.emevd.dcx.js:90005750 set by talk/m11_10_00_00-only/t319001110.py:t319001110_x18	questline_conditions	set by NPC talk 319001110 on m11_10_00_00		esd_talk	2	extractor-cone-root-budget-capped	questline_conditions:400339:m12_03_00_00.emevd.dcx.js:90005750:0	unknown	npc_state	Roundtable Hold	esd_talk_map	Deeproot Depths	yes	7900026	Deeproot Depths :: Fia's Robe - around Root-Facing Cliffs, may be sweep-granted by Crucible Knight Siluria (m12_03) [f400339]
11102845	400339	set	cone root DIALOGUE_STEP(11102845) at m12_03_00_00.emevd.dcx.js:90005750 set by talk/m11_10_00_00-only/t322001110.py:t322001110_x12	questline_conditions	set by NPC talk 322001110 on m11_10_00_00		esd_talk	3	extractor-cone-root-budget-capped	questline_conditions:400339:m12_03_00_00.emevd.dcx.js:90005750:0	unknown	npc_state	Roundtable Hold	esd_talk_map	Deeproot Depths	yes	7900026	Deeproot Depths :: Fia's Robe - around Root-Facing Cliffs, may be sweep-granted by Crucible Knight Siluria (m12_03) [f400339]
11102848	400339	set	cone root DIALOGUE_STEP(11102848) at m12_03_00_00.emevd.dcx.js:90005750 set by talk/m11_10_00_00-only/t322001110.py:t322001110_x12	questline_conditions	set by NPC talk 322001110 on m11_10_00_00		esd_talk	3	extractor-cone-root-budget-capped	questline_conditions:400339:m12_03_00_00.emevd.dcx.js:90005750:0	unknown	npc_state	Roundtable Hold	esd_talk_map	Deeproot Depths	yes	7900026	Deeproot Depths :: Fia's Robe - around Root-Facing Cliffs, may be sweep-granted by Crucible Knight Siluria (m12_03) [f400339]
11109015	400339	set	cone root DIALOGUE_STEP(11109015) at m12_03_00_00.emevd.dcx.js:90005750 set by talk/m11_10_00_00-only/t322001110.py:t322001110_x87	questline_conditions	set by NPC talk 322001110 on m11_10_00_00		esd_talk	3	extractor-cone-root-budget-capped	questline_conditions:400339:m12_03_00_00.emevd.dcx.js:90005750:0	unknown	npc_state	Roundtable Hold	esd_talk_map	Deeproot Depths	yes	7900026	Deeproot Depths :: Fia's Robe - around Root-Facing Cliffs, may be sweep-granted by Crucible Knight Siluria (m12_03) [f400339]
11109625	400339	set	cone root DIALOGUE_STEP(11109625) at m12_03_00_00.emevd.dcx.js:90005750 set by talk/m11_10_00_00-only/t319001110.py:t319001110_x67	questline_conditions	set by NPC talk 319001110 on m11_10_00_00		esd_talk	2	extractor-cone-root-budget-capped	questline_conditions:400339:m12_03_00_00.emevd.dcx.js:90005750:0	unknown	npc_state	Roundtable Hold	esd_talk_map	Deeproot Depths	yes	7900026	Deeproot Depths :: Fia's Robe - around Root-Facing Cliffs, may be sweep-granted by Crucible Knight Siluria (m12_03) [f400339]
12030800	400339	set	cone root BOSS_KILL(12030800) at m12_03_00_00.emevd.dcx.js:90005750 set by m12_03_00_00.emevd.dcx.js:12032800	questline_conditions	Defeat the boss	ボス撃破	emevd_event	1	extractor-cone-root-budget-capped	questline_conditions:400339:m12_03_00_00.emevd.dcx.js:90005750:0	unknown	world	Deeproot Depths	setter_map	Deeproot Depths	no	7900026	Deeproot Depths :: Fia's Robe - around Root-Facing Cliffs, may be sweep-granted by Crucible Knight Siluria (m12_03) [f400339]
12032715	400339	set	cone root DIALOGUE_STEP(12032715) at m12_03_00_00.emevd.dcx.js:90005750 set by talk/m11_10_00_00-only/t322001110.py:t322001110_x12	questline_conditions	set by NPC talk 322001110 on m11_10_00_00		esd_talk	3	extractor-cone-root-budget-capped	questline_conditions:400339:m12_03_00_00.emevd.dcx.js:90005750:0	unknown	npc_state	Roundtable Hold	esd_talk_map	Deeproot Depths	yes	7900026	Deeproot Depths :: Fia's Robe - around Root-Facing Cliffs, may be sweep-granted by Crucible Knight Siluria (m12_03) [f400339]
12032718	400339	set	cone root DIALOGUE_STEP(12032718) at m12_03_00_00.emevd.dcx.js:90005750 set by talk/m11_10_00_00-only/t322001110.py:t322001110_x12	questline_conditions	set by NPC talk 322001110 on m11_10_00_00		esd_talk	3	extractor-cone-root-budget-capped	questline_conditions:400339:m12_03_00_00.emevd.dcx.js:90005750:0	unknown	npc_state	Roundtable Hold	esd_talk_map	Deeproot Depths	yes	7900026	Deeproot Depths :: Fia's Robe - around Root-Facing Cliffs, may be sweep-granted by Crucible Knight Siluria (m12_03) [f400339]
12039157	400339	set	cone root DIALOGUE_STEP(12039157) at m12_03_00_00.emevd.dcx.js:90005750 set by talk/m11_10_00_00-only/t322001110.py:t322001110_x87	questline_conditions	set by NPC talk 322001110 on m11_10_00_00		esd_talk	3	extractor-cone-root-budget-capped	questline_conditions:400339:m12_03_00_00.emevd.dcx.js:90005750:0	unknown	npc_state	Roundtable Hold	esd_talk_map	Deeproot Depths	yes	7900026	Deeproot Depths :: Fia's Robe - around Root-Facing Cliffs, may be sweep-granted by Crucible Knight Siluria (m12_03) [f400339]
12039159	400339	set	cone root DIALOGUE_STEP(12039159) at m12_03_00_00.emevd.dcx.js:90005750 set by talk/m11_10_00_00-only/t322001110.py:t322001110_x87	questline_conditions	set by NPC talk 322001110 on m11_10_00_00		esd_talk	3	extractor-cone-root-budget-capped	questline_conditions:400339:m12_03_00_00.emevd.dcx.js:90005750:0	unknown	npc_state	Roundtable Hold	esd_talk_map	Deeproot Depths	yes	7900026	Deeproot Depths :: Fia's Robe - around Root-Facing Cliffs, may be sweep-granted by Crucible Knight Siluria (m12_03) [f400339]
12039160	400339	set	cone root DIALOGUE_STEP(12039160) at m12_03_00_00.emevd.dcx.js:90005750 set by talk/m11_10_00_00-only/t322001110.py:t322001110_x87	questline_conditions	set by NPC talk 322001110 on m11_10_00_00		esd_talk	3	extractor-cone-root-budget-capped	questline_conditions:400339:m12_03_00_00.emevd.dcx.js:90005750:0	unknown	npc_state	Roundtable Hold	esd_talk_map	Deeproot Depths	yes	7900026	Deeproot Depths :: Fia's Robe - around Root-Facing Cliffs, may be sweep-granted by Crucible Knight Siluria (m12_03) [f400339]
12039161	400339	set	cone root DIALOGUE_STEP(12039161) at m12_03_00_00.emevd.dcx.js:90005750 set by talk/m11_10_00_00-only/t322001110.py:t322001110_x41	questline_conditions	set by NPC talk 322001110 on m11_10_00_00		esd_talk	3	extractor-cone-root-budget-capped	questline_conditions:400339:m12_03_00_00.emevd.dcx.js:90005750:0	unknown	npc_state	Roundtable Hold	esd_talk_map	Deeproot Depths	yes	7900026	Deeproot Depths :: Fia's Robe - around Root-Facing Cliffs, may be sweep-granted by Crucible Knight Siluria (m12_03) [f400339]
14009262	400339	set	cone root DIALOGUE_STEP(14009262) at m12_03_00_00.emevd.dcx.js:90005750 set by talk/m60_00_00_00-only/t316206000.py:t316206000_x51	questline_conditions	set by NPC talk 316206000 on m60_00_00_00		esd_talk	2	extractor-cone-root-budget-capped	questline_conditions:400339:m12_03_00_00.emevd.dcx.js:90005750:0	unknown	npc_state			Deeproot Depths	unknown	7900026	Deeproot Depths :: Fia's Robe - around Root-Facing Cliffs, may be sweep-granted by Crucible Knight Siluria (m12_03) [f400339]
14009265	400339	set	cone root DIALOGUE_STEP(14009265) at m12_03_00_00.emevd.dcx.js:90005750 set by talk/m60_00_00_00-only/t316206000.py:t316206000_x48	questline_conditions	set by NPC talk 316206000 on m60_00_00_00		esd_talk	2	extractor-cone-root-budget-capped	questline_conditions:400339:m12_03_00_00.emevd.dcx.js:90005750:0	unknown	npc_state			Deeproot Depths	unknown	7900026	Deeproot Depths :: Fia's Robe - around Root-Facing Cliffs, may be sweep-granted by Crucible Knight Siluria (m12_03) [f400339]
1037469289	400339	set	cone root DIALOGUE_STEP(1037469289) at m12_03_00_00.emevd.dcx.js:90005750 set by talk/m60_00_00_00-only/t330016000.py:t330016000_x3	questline_conditions	set by NPC talk 330016000 on m60_00_00_00		esd_talk	1	extractor-cone-root-budget-capped	questline_conditions:400339:m12_03_00_00.emevd.dcx.js:90005750:0	unknown	npc_state	Liurnia	flag_decode	Deeproot Depths	yes	7900026	Deeproot Depths :: Fia's Robe - around Root-Facing Cliffs, may be sweep-granted by Crucible Knight Siluria (m12_03) [f400339]
1044369209	400339	set	cone root DIALOGUE_STEP(1044369209) at m12_03_00_00.emevd.dcx.js:90005750 set by talk/m60_00_00_00-only/t316006000.py:t316006000_x42	questline_conditions	set by NPC talk 316006000 on m60_00_00_00		esd_talk	1	extractor-cone-root-budget-capped	questline_conditions:400339:m12_03_00_00.emevd.dcx.js:90005750:0	unknown	npc_state	Limgrave	flag_decode	Deeproot Depths	yes	7900026	Deeproot Depths :: Fia's Robe - around Root-Facing Cliffs, may be sweep-granted by Crucible Knight Siluria (m12_03) [f400339]
1044369221	400339	set	cone root DIALOGUE_STEP(1044369221) at m12_03_00_00.emevd.dcx.js:90005750 set by talk/m60_00_00_00-only/t316006000.py:t316006000_x51	questline_conditions	set by NPC talk 316006000 on m60_00_00_00		esd_talk	1	extractor-cone-root-budget-capped	questline_conditions:400339:m12_03_00_00.emevd.dcx.js:90005750:0	unknown	npc_state	Limgrave	flag_decode	Deeproot Depths	yes	7900026	Deeproot Depths :: Fia's Robe - around Root-Facing Cliffs, may be sweep-granted by Crucible Knight Siluria (m12_03) [f400339]
1044369224	400339	set	cone root DIALOGUE_STEP(1044369224) at m12_03_00_00.emevd.dcx.js:90005750 set by talk/m60_00_00_00-only/t316006000.py:t316006000_x44	questline_conditions	set by NPC talk 316006000 on m60_00_00_00		esd_talk	1	extractor-cone-root-budget-capped	questline_conditions:400339:m12_03_00_00.emevd.dcx.js:90005750:0	unknown	npc_state	Limgrave	flag_decode	Deeproot Depths	yes	7900026	Deeproot Depths :: Fia's Robe - around Root-Facing Cliffs, may be sweep-granted by Crucible Knight Siluria (m12_03) [f400339]
1044369225	400339	set	cone root DIALOGUE_STEP(1044369225) at m12_03_00_00.emevd.dcx.js:90005750 set by talk/m60_00_00_00-only/t316006000.py:t316006000_x54	questline_conditions	set by NPC talk 316006000 on m60_00_00_00		esd_talk	1	extractor-cone-root-budget-capped	questline_conditions:400339:m12_03_00_00.emevd.dcx.js:90005750:0	unknown	npc_state	Limgrave	flag_decode	Deeproot Depths	yes	7900026	Deeproot Depths :: Fia's Robe - around Root-Facing Cliffs, may be sweep-granted by Crucible Knight Siluria (m12_03) [f400339]
1044369226	400339	set	cone root DIALOGUE_STEP(1044369226) at m12_03_00_00.emevd.dcx.js:90005750 set by talk/m60_00_00_00-only/t316006000.py:t316006000_x54	questline_conditions	set by NPC talk 316006000 on m60_00_00_00		esd_talk	1	extractor-cone-root-budget-capped	questline_conditions:400339:m12_03_00_00.emevd.dcx.js:90005750:0	unknown	npc_state	Limgrave	flag_decode	Deeproot Depths	yes	7900026	Deeproot Depths :: Fia's Robe - around Root-Facing Cliffs, may be sweep-granted by Crucible Knight Siluria (m12_03) [f400339]
1044369227	400339	set	cone root DIALOGUE_STEP(1044369227) at m12_03_00_00.emevd.dcx.js:90005750 set by talk/m60_00_00_00-only/t316006000.py:t316006000_x55	questline_conditions	set by NPC talk 316006000 on m60_00_00_00		esd_talk	1	extractor-cone-root-budget-capped	questline_conditions:400339:m12_03_00_00.emevd.dcx.js:90005750:0	unknown	npc_state	Limgrave	flag_decode	Deeproot Depths	yes	7900026	Deeproot Depths :: Fia's Robe - around Root-Facing Cliffs, may be sweep-granted by Crucible Knight Siluria (m12_03) [f400339]
1044369228	400339	set	cone root DIALOGUE_STEP(1044369228) at m12_03_00_00.emevd.dcx.js:90005750 set by talk/m60_00_00_00-only/t316006000.py:t316006000_x45	questline_conditions	set by NPC talk 316006000 on m60_00_00_00		esd_talk	1	extractor-cone-root-budget-capped	questline_conditions:400339:m12_03_00_00.emevd.dcx.js:90005750:0	unknown	npc_state	Limgrave	flag_decode	Deeproot Depths	yes	7900026	Deeproot Depths :: Fia's Robe - around Root-Facing Cliffs, may be sweep-granted by Crucible Knight Siluria (m12_03) [f400339]
1044369229	400339	set	cone root DIALOGUE_STEP(1044369229) at m12_03_00_00.emevd.dcx.js:90005750 set by talk/m60_00_00_00-only/t316006000.py:t316006000_x56	questline_conditions	set by NPC talk 316006000 on m60_00_00_00		esd_talk	1	extractor-cone-root-budget-capped	questline_conditions:400339:m12_03_00_00.emevd.dcx.js:90005750:0	unknown	npc_state	Limgrave	flag_decode	Deeproot Depths	yes	7900026	Deeproot Depths :: Fia's Robe - around Root-Facing Cliffs, may be sweep-granted by Crucible Knight Siluria (m12_03) [f400339]
1044369230	400339	set	cone root DIALOGUE_STEP(1044369230) at m12_03_00_00.emevd.dcx.js:90005750 set by talk/m60_00_00_00-only/t316006000.py:t316006000_x57	questline_conditions	set by NPC talk 316006000 on m60_00_00_00		esd_talk	1	extractor-cone-root-budget-capped	questline_conditions:400339:m12_03_00_00.emevd.dcx.js:90005750:0	unknown	npc_state	Limgrave	flag_decode	Deeproot Depths	yes	7900026	Deeproot Depths :: Fia's Robe - around Root-Facing Cliffs, may be sweep-granted by Crucible Knight Siluria (m12_03) [f400339]
1044399205	400339	set	cone root DIALOGUE_STEP(1044399205) at m12_03_00_00.emevd.dcx.js:90005750 set by talk/m11_10_00_00-only/t319001110.py:t319001110_x67	questline_conditions	set by NPC talk 319001110 on m11_10_00_00		esd_talk	2	extractor-cone-root-budget-capped	questline_conditions:400339:m12_03_00_00.emevd.dcx.js:90005750:0	unknown	npc_state	Limgrave	flag_decode	Deeproot Depths	yes	7900026	Deeproot Depths :: Fia's Robe - around Root-Facing Cliffs, may be sweep-granted by Crucible Knight Siluria (m12_03) [f400339]
1044399206	400339	set	cone root DIALOGUE_STEP(1044399206) at m12_03_00_00.emevd.dcx.js:90005750 set by talk/m11_10_00_00-only/t319001110.py:t319001110_x6	questline_conditions	set by NPC talk 319001110 on m11_10_00_00		esd_talk	2	extractor-cone-root-budget-capped	questline_conditions:400339:m12_03_00_00.emevd.dcx.js:90005750:0	unknown	npc_state	Limgrave	flag_decode	Deeproot Depths	yes	7900026	Deeproot Depths :: Fia's Robe - around Root-Facing Cliffs, may be sweep-granted by Crucible Knight Siluria (m12_03) [f400339]
1045399206	400339	set	cone root DIALOGUE_STEP(1045399206) at m12_03_00_00.emevd.dcx.js:90005750 set by talk/m11_10_00_00-only/t319001110.py:t319001110_x19	questline_conditions	set by NPC talk 319001110 on m11_10_00_00		esd_talk	2	extractor-cone-root-budget-capped	questline_conditions:400339:m12_03_00_00.emevd.dcx.js:90005750:0	unknown	npc_state	Roundtable Hold	esd_talk_map	Deeproot Depths	yes	7900026	Deeproot Depths :: Fia's Robe - around Root-Facing Cliffs, may be sweep-granted by Crucible Knight Siluria (m12_03) [f400339]
1051369210	400339	set	cone root DIALOGUE_STEP(1051369210) at m12_03_00_00.emevd.dcx.js:90005750 set by talk/m60_00_00_00-only/t312006000.py:t312006000_x30	questline_conditions	set by NPC talk 312001400 on m14_00_00_00		esd_talk	3	extractor-cone-root-budget-capped	questline_conditions:400339:m12_03_00_00.emevd.dcx.js:90005750:0	unknown	npc_state	Caelid	flag_decode	Deeproot Depths	yes	7900026	Deeproot Depths :: Fia's Robe - around Root-Facing Cliffs, may be sweep-granted by Crucible Knight Siluria (m12_03) [f400339]
1051439205	400339	set	cone root DIALOGUE_STEP(1051439205) at m12_03_00_00.emevd.dcx.js:90005750 set by talk/m60_00_00_00-only/t202006000.py:t202006000_x3	questline_conditions	set by NPC talk 202006000 on m60_00_00_00		esd_talk	1	extractor-cone-root-budget-capped	questline_conditions:400339:m12_03_00_00.emevd.dcx.js:90005750:0	unknown	npc_state	Caelid	flag_decode	Deeproot Depths	yes	7900026	Deeproot Depths :: Fia's Robe - around Root-Facing Cliffs, may be sweep-granted by Crucible Knight Siluria (m12_03) [f400339]
1054539200	400339	set	cone root DIALOGUE_STEP(1054539200) at m12_03_00_00.emevd.dcx.js:90005750 set by talk/m00_00_00_00-only/t000001000.py:t000001000_x37	questline_conditions	Daughter Marika_Cutscene explosion prevention	娘マリカ_カットシーン暴発防止	emevd_event	1	extractor-cone-root-budget-capped	questline_conditions:400339:m12_03_00_00.emevd.dcx.js:90005750:0	unknown	npc_state	Mountaintops of the Giants	flag_decode	Deeproot Depths	yes	7900026	Deeproot Depths :: Fia's Robe - around Root-Facing Cliffs, may be sweep-granted by Crucible Knight Siluria (m12_03) [f400339]
1054539201	400339	set	cone root DIALOGUE_STEP(1054539201) at m12_03_00_00.emevd.dcx.js:90005750 set by talk/m00_00_00_00-only/t000001000.py:t000001000_x38	questline_conditions	Daughter Marika_Cutscene explosion prevention	娘マリカ_カットシーン暴発防止	emevd_event	1	extractor-cone-root-budget-capped	questline_conditions:400339:m12_03_00_00.emevd.dcx.js:90005750:0	unknown	npc_state	Mountaintops of the Giants	flag_decode	Deeproot Depths	yes	7900026	Deeproot Depths :: Fia's Robe - around Root-Facing Cliffs, may be sweep-granted by Crucible Knight Siluria (m12_03) [f400339]
1054539205	400339	set	cone root DIALOGUE_STEP(1054539205) at m12_03_00_00.emevd.dcx.js:90005750 set by talk/m00_00_00_00-only/t000001000.py:t000001000_x38	questline_conditions	Daughter Marika_Cutscene explosion prevention	娘マリカ_カットシーン暴発防止	emevd_event	1	extractor-cone-root-budget-capped	questline_conditions:400339:m12_03_00_00.emevd.dcx.js:90005750:0	unknown	npc_state	Mountaintops of the Giants	flag_decode	Deeproot Depths	yes	7900026	Deeproot Depths :: Fia's Robe - around Root-Facing Cliffs, may be sweep-granted by Crucible Knight Siluria (m12_03) [f400339]
goods:2090	400339	set	cone root ITEM_POSSESSION(2090) at m12_03_00_00.emevd.dcx.js:90005750 set by m12_03_00_00.emevd.dcx.js	questline_conditions					extractor-cone-root-budget-capped	questline_conditions:400339:m12_03_00_00.emevd.dcx.js:90005750:0	unknown	item			Deeproot Depths	unknown	7900026	Deeproot Depths :: Fia's Robe - around Root-Facing Cliffs, may be sweep-granted by Crucible Knight Siluria (m12_03) [f400339]
goods:2130	400339	set	cone root ITEM_POSSESSION(2130) at m12_03_00_00.emevd.dcx.js:90005750 set by m12_03_00_00.emevd.dcx.js	questline_conditions					extractor-cone-root-budget-capped	questline_conditions:400339:m12_03_00_00.emevd.dcx.js:90005750:0	unknown	item			Deeproot Depths	unknown	7900026	Deeproot Depths :: Fia's Robe - around Root-Facing Cliffs, may be sweep-granted by Crucible Knight Siluria (m12_03) [f400339]
goods:8143	400339	set	cone root ITEM_POSSESSION(8143) at m12_03_00_00.emevd.dcx.js:90005750 set by m12_03_00_00.emevd.dcx.js	questline_conditions					extractor-cone-root-budget-capped	questline_conditions:400339:m12_03_00_00.emevd.dcx.js:90005750:0	unknown	item			Deeproot Depths	unknown	7900026	Deeproot Depths :: Fia's Robe - around Root-Facing Cliffs, may be sweep-granted by Crucible Knight Siluria (m12_03) [f400339]
goods:8191	400339	set	cone root ITEM_POSSESSION(8191) at m12_03_00_00.emevd.dcx.js:90005750 set by m12_03_00_00.emevd.dcx.js	questline_conditions					extractor-cone-root-budget-capped	questline_conditions:400339:m12_03_00_00.emevd.dcx.js:90005750:0	unknown	item			Deeproot Depths	unknown	7900026	Deeproot Depths :: Fia's Robe - around Root-Facing Cliffs, may be sweep-granted by Crucible Knight Siluria (m12_03) [f400339]
goods:8980	400339	set	cone root ITEM_POSSESSION(8980) at m12_03_00_00.emevd.dcx.js:90005750 set by m12_03_00_00.emevd.dcx.js	questline_conditions					extractor-cone-root-budget-capped	questline_conditions:400339:m12_03_00_00.emevd.dcx.js:90005750:0	unknown	item			Deeproot Depths	unknown	7900026	Deeproot Depths :: Fia's Robe - around Root-Facing Cliffs, may be sweep-granted by Crucible Knight Siluria (m12_03) [f400339]
map:m12_03	400339	set	cone root MAP_ACCESS(m12_03) at m12_03_00_00.emevd.dcx.js:90005750 set by m12_03_00_00.emevd.dcx.js	questline_conditions					extractor-cone-root-budget-capped	questline_conditions:400339:m12_03_00_00.emevd.dcx.js:90005750:0	unknown	map_access	Deeproot Depths	map_id	Deeproot Depths	no	7900026	Deeproot Depths :: Fia's Robe - around Root-Facing Cliffs, may be sweep-granted by Crucible Knight Siluria (m12_03) [f400339]
4067	400348	set	$InitializeCommonEvent(90005750) arg5	lot_gates	NPC319 Danny_Character state transition	NPC319ダニー_キャラ状態遷移	emevd_event	2	commonarg-positive-by-construction	lot_gates:400348:90005750	single	world			Deeproot Depths	unknown	7900030	Deeproot Depths :: Twinned Greaves - around Root-Facing Cliffs, may be sweep-granted by Fia's Champion (m12_03) [f400348]
3465	400348	set	cone root NPC_STATE(3465) at m12_03_00_00.emevd.dcx.js:90005750 set by common.emevd.dcx.js:3479	questline_conditions	NPC316 Academy Female Magician_Character state transition	NPC316学院の女魔術師_キャラ状態遷移	emevd_event	2	extractor-cone-root-budget-capped	questline_conditions:400348:m12_03_00_00.emevd.dcx.js:90005750:0	unknown	world			Deeproot Depths	unknown	7900030	Deeproot Depths :: Twinned Greaves - around Root-Facing Cliffs, may be sweep-granted by Fia's Champion (m12_03) [f400348]
3766	400348	set	cone root NPC_STATE(3766) at m12_03_00_00.emevd.dcx.js:90005750 set by common.emevd.dcx.js:3779	questline_conditions	NPC224 Grandpa_Character state transition	NPC224爺や_キャラ状態遷移	emevd_event	2	extractor-cone-root-budget-capped	questline_conditions:400348:m12_03_00_00.emevd.dcx.js:90005750:0	unknown	world			Deeproot Depths	unknown	7900030	Deeproot Depths :: Twinned Greaves - around Root-Facing Cliffs, may be sweep-granted by Fia's Champion (m12_03) [f400348]
3767	400348	set	cone root NPC_STATE(3767) at m12_03_00_00.emevd.dcx.js:90005750 set by common.emevd.dcx.js:3779	questline_conditions	NPC224 Grandpa_Character state transition	NPC224爺や_キャラ状態遷移	emevd_event	2	extractor-cone-root-budget-capped	questline_conditions:400348:m12_03_00_00.emevd.dcx.js:90005750:0	unknown	world			Deeproot Depths	unknown	7900030	Deeproot Depths :: Twinned Greaves - around Root-Facing Cliffs, may be sweep-granted by Fia's Champion (m12_03) [f400348]
4040	400348	set	cone root NPC_STATE(4040) at m12_03_00_00.emevd.dcx.js:90005750 set by common.emevd.dcx.js:4059	questline_conditions	NPC330_Atonement Priest_Performing absolution	NPC330_贖罪司祭_免罪実行	emevd_event	5	extractor-cone-root-budget-capped	questline_conditions:400348:m12_03_00_00.emevd.dcx.js:90005750:0	unknown	world			Deeproot Depths	unknown	7900030	Deeproot Depths :: Twinned Greaves - around Root-Facing Cliffs, may be sweep-granted by Fia's Champion (m12_03) [f400348]
4043	400348	set	cone root BOSS_KILL(4043) at m12_03_00_00.emevd.dcx.js:90005750 set by common.emevd.dcx.js:4139	questline_conditions	NPC322 Yuria_Character state transition	NPC322ユリア_キャラ状態遷移	emevd_event	4	extractor-cone-root-budget-capped	questline_conditions:400348:m12_03_00_00.emevd.dcx.js:90005750:0	unknown	world			Deeproot Depths	unknown	7900030	Deeproot Depths :: Twinned Greaves - around Root-Facing Cliffs, may be sweep-granted by Fia's Champion (m12_03) [f400348]
4045	400348	set	cone root NPC_STATE(4045) at m12_03_00_00.emevd.dcx.js:90005750 set by common.emevd.dcx.js:4059	questline_conditions	NPC319 David_Character state transition	NPC319ダヴィド_キャラ状態遷移	emevd_event	3	extractor-cone-root-budget-capped	questline_conditions:400348:m12_03_00_00.emevd.dcx.js:90005750:0	unknown	world			Deeproot Depths	unknown	7900030	Deeproot Depths :: Twinned Greaves - around Root-Facing Cliffs, may be sweep-granted by Fia's Champion (m12_03) [f400348]
4046	400348	set	cone root NPC_STATE(4046) at m12_03_00_00.emevd.dcx.js:90005750 set by common.emevd.dcx.js:4059	questline_conditions	NPC319 David_Character state transition	NPC319ダヴィド_キャラ状態遷移	emevd_event	3	extractor-cone-root-budget-capped	questline_conditions:400348:m12_03_00_00.emevd.dcx.js:90005750:0	unknown	world			Deeproot Depths	unknown	7900030	Deeproot Depths :: Twinned Greaves - around Root-Facing Cliffs, may be sweep-granted by Fia's Champion (m12_03) [f400348]
4047	400348	set	cone root NPC_STATE(4047) at m12_03_00_00.emevd.dcx.js:90005750 set by common.emevd.dcx.js:4059	questline_conditions	NPC319 David_Character state transition	NPC319ダヴィド_キャラ状態遷移	emevd_event	3	extractor-cone-root-budget-capped	questline_conditions:400348:m12_03_00_00.emevd.dcx.js:90005750:0	unknown	world			Deeproot Depths	unknown	7900030	Deeproot Depths :: Twinned Greaves - around Root-Facing Cliffs, may be sweep-granted by Fia's Champion (m12_03) [f400348]
4048	400348	set	cone root NPC_STATE(4048) at m12_03_00_00.emevd.dcx.js:90005750 set by common.emevd.dcx.js:4139	questline_conditions	NPC322 Yuria_Character state transition	NPC322ユリア_キャラ状態遷移	emevd_event	3	extractor-cone-root-budget-capped	questline_conditions:400348:m12_03_00_00.emevd.dcx.js:90005750:0	unknown	world			Deeproot Depths	unknown	7900030	Deeproot Depths :: Twinned Greaves - around Root-Facing Cliffs, may be sweep-granted by Fia's Champion (m12_03) [f400348]
4060	400348	set	cone root NPC_STATE(4060) at m12_03_00_00.emevd.dcx.js:90005750 set by common.emevd.dcx.js:4079	questline_conditions	NPC330_Atonement Priest_Performing absolution	NPC330_贖罪司祭_免罪実行	emevd_event	4	extractor-cone-root-budget-capped	questline_conditions:400348:m12_03_00_00.emevd.dcx.js:90005750:0	unknown	world			Deeproot Depths	unknown	7900030	Deeproot Depths :: Twinned Greaves - around Root-Facing Cliffs, may be sweep-granted by Fia's Champion (m12_03) [f400348]
4062	400348	set	cone root NPC_STATE(4062) at m12_03_00_00.emevd.dcx.js:90005750 set by common.emevd.dcx.js:4079	questline_conditions	NPC319 Danny_Character state transition	NPC319ダニー_キャラ状態遷移	emevd_event	3	extractor-cone-root-budget-capped	questline_conditions:400348:m12_03_00_00.emevd.dcx.js:90005750:0	unknown	world			Deeproot Depths	unknown	7900030	Deeproot Depths :: Twinned Greaves - around Root-Facing Cliffs, may be sweep-granted by Fia's Champion (m12_03) [f400348]
4065	400348	set	cone root NPC_STATE(4065) at m12_03_00_00.emevd.dcx.js:90005750 set by common.emevd.dcx.js:4079	questline_conditions	NPC319 Danny_Character state transition	NPC319ダニー_キャラ状態遷移	emevd_event	2	extractor-cone-root-budget-capped	questline_conditions:400348:m12_03_00_00.emevd.dcx.js:90005750:0	unknown	world			Deeproot Depths	unknown	7900030	Deeproot Depths :: Twinned Greaves - around Root-Facing Cliffs, may be sweep-granted by Fia's Champion (m12_03) [f400348]
4066	400348	set	cone root NPC_STATE(4066) at m12_03_00_00.emevd.dcx.js:90005750 set by common.emevd.dcx.js:4079	questline_conditions	NPC319 Danny_Character state transition	NPC319ダニー_キャラ状態遷移	emevd_event	2	extractor-cone-root-budget-capped	questline_conditions:400348:m12_03_00_00.emevd.dcx.js:90005750:0	unknown	world			Deeproot Depths	unknown	7900030	Deeproot Depths :: Twinned Greaves - around Root-Facing Cliffs, may be sweep-granted by Fia's Champion (m12_03) [f400348]
4067	400348	set	cone root NPC_STATE(4067) at m12_03_00_00.emevd.dcx.js:90005750 set by common.emevd.dcx.js:4079	questline_conditions	NPC319 Danny_Character state transition	NPC319ダニー_キャラ状態遷移	emevd_event	2	extractor-cone-root-budget-capped	questline_conditions:400348:m12_03_00_00.emevd.dcx.js:90005750:0	unknown	world			Deeproot Depths	unknown	7900030	Deeproot Depths :: Twinned Greaves - around Root-Facing Cliffs, may be sweep-granted by Fia's Champion (m12_03) [f400348]
4077	400348	set	cone root NPC_STATE(4077) at m12_03_00_00.emevd.dcx.js:90005750 set by common.emevd.dcx.js:4079	questline_conditions	NPC319 Danny_Character state transition	NPC319ダニー_キャラ状態遷移	emevd_event	2	extractor-cone-root-budget-capped	questline_conditions:400348:m12_03_00_00.emevd.dcx.js:90005750:0	unknown	world			Deeproot Depths	unknown	7900030	Deeproot Depths :: Twinned Greaves - around Root-Facing Cliffs, may be sweep-granted by Fia's Champion (m12_03) [f400348]
4120	400348	set	cone root NPC_STATE(4120) at m12_03_00_00.emevd.dcx.js:90005750 set by common.emevd.dcx.js:4139	questline_conditions	NPC330_Atonement Priest_Performing absolution	NPC330_贖罪司祭_免罪実行	emevd_event	7	extractor-cone-root-budget-capped	questline_conditions:400348:m12_03_00_00.emevd.dcx.js:90005750:0	unknown	world			Deeproot Depths	unknown	7900030	Deeproot Depths :: Twinned Greaves - around Root-Facing Cliffs, may be sweep-granted by Fia's Champion (m12_03) [f400348]
4123	400348	set	cone root BOSS_KILL(4123) at m12_03_00_00.emevd.dcx.js:90005750 set by common.emevd.dcx.js:4079	questline_conditions	NPC319 Danny_Character state transition	NPC319ダニー_キャラ状態遷移	emevd_event	5	extractor-cone-root-budget-capped	questline_conditions:400348:m12_03_00_00.emevd.dcx.js:90005750:0	unknown	world			Deeproot Depths	unknown	7900030	Deeproot Depths :: Twinned Greaves - around Root-Facing Cliffs, may be sweep-granted by Fia's Champion (m12_03) [f400348]
4125	400348	set	cone root NPC_STATE(4125) at m12_03_00_00.emevd.dcx.js:90005750 set by common.emevd.dcx.js:4139	questline_conditions	NPC322 Yuria_Character state transition	NPC322ユリア_キャラ状態遷移	emevd_event	4	extractor-cone-root-budget-capped	questline_conditions:400348:m12_03_00_00.emevd.dcx.js:90005750:0	unknown	world			Deeproot Depths	unknown	7900030	Deeproot Depths :: Twinned Greaves - around Root-Facing Cliffs, may be sweep-granted by Fia's Champion (m12_03) [f400348]
4126	400348	set	cone root NPC_STATE(4126) at m12_03_00_00.emevd.dcx.js:90005750 set by common.emevd.dcx.js:4139	questline_conditions	NPC322 Yuria_Character state transition	NPC322ユリア_キャラ状態遷移	emevd_event	4	extractor-cone-root-budget-capped	questline_conditions:400348:m12_03_00_00.emevd.dcx.js:90005750:0	unknown	world			Deeproot Depths	unknown	7900030	Deeproot Depths :: Twinned Greaves - around Root-Facing Cliffs, may be sweep-granted by Fia's Champion (m12_03) [f400348]
4127	400348	set	cone root NPC_STATE(4127) at m12_03_00_00.emevd.dcx.js:90005750 set by common.emevd.dcx.js:4139	questline_conditions	NPC322 Yuria_Character state transition	NPC322ユリア_キャラ状態遷移	emevd_event	4	extractor-cone-root-budget-capped	questline_conditions:400348:m12_03_00_00.emevd.dcx.js:90005750:0	unknown	world			Deeproot Depths	unknown	7900030	Deeproot Depths :: Twinned Greaves - around Root-Facing Cliffs, may be sweep-granted by Fia's Champion (m12_03) [f400348]
4128	400348	set	cone root NPC_STATE(4128) at m12_03_00_00.emevd.dcx.js:90005750 set by common.emevd.dcx.js:4139	questline_conditions	NPC322 Yuria_Character state transition	NPC322ユリア_キャラ状態遷移	emevd_event	4	extractor-cone-root-budget-capped	questline_conditions:400348:m12_03_00_00.emevd.dcx.js:90005750:0	unknown	world			Deeproot Depths	unknown	7900030	Deeproot Depths :: Twinned Greaves - around Root-Facing Cliffs, may be sweep-granted by Fia's Champion (m12_03) [f400348]
4129	400348	set	cone root NPC_STATE(4129) at m12_03_00_00.emevd.dcx.js:90005750 set by common.emevd.dcx.js:4139	questline_conditions	NPC322 Yuria_Character state transition	NPC322ユリア_キャラ状態遷移	emevd_event	4	extractor-cone-root-budget-capped	questline_conditions:400348:m12_03_00_00.emevd.dcx.js:90005750:0	unknown	world			Deeproot Depths	unknown	7900030	Deeproot Depths :: Twinned Greaves - around Root-Facing Cliffs, may be sweep-granted by Fia's Champion (m12_03) [f400348]
4130	400348	set	cone root NPC_STATE(4130) at m12_03_00_00.emevd.dcx.js:90005750 set by common.emevd.dcx.js:4139	questline_conditions	NPC322 Yuria_Boss battle debugging flag setup	NPC322ユリア_ボス戦デバッグ用フラグセットアップ	emevd_event	5	extractor-cone-root-budget-capped	questline_conditions:400348:m12_03_00_00.emevd.dcx.js:90005750:0	unknown	world			Deeproot Depths	unknown	7900030	Deeproot Depths :: Twinned Greaves - around Root-Facing Cliffs, may be sweep-granted by Fia's Champion (m12_03) [f400348]
4131	400348	set	cone root NPC_STATE(4131) at m12_03_00_00.emevd.dcx.js:90005750 set by common.emevd.dcx.js:4139	questline_conditions	NPC322 Yuria_Character state transition	NPC322ユリア_キャラ状態遷移	emevd_event	4	extractor-cone-root-budget-capped	questline_conditions:400348:m12_03_00_00.emevd.dcx.js:90005750:0	unknown	world			Deeproot Depths	unknown	7900030	Deeproot Depths :: Twinned Greaves - around Root-Facing Cliffs, may be sweep-granted by Fia's Champion (m12_03) [f400348]
4137	400348	set	cone root NPC_STATE(4137) at m12_03_00_00.emevd.dcx.js:90005750 set by common.emevd.dcx.js:4139	questline_conditions	NPC322 Yuria_Character state transition	NPC322ユリア_キャラ状態遷移	emevd_event	4	extractor-cone-root-budget-capped	questline_conditions:400348:m12_03_00_00.emevd.dcx.js:90005750:0	unknown	world			Deeproot Depths	unknown	7900030	Deeproot Depths :: Twinned Greaves - around Root-Facing Cliffs, may be sweep-granted by Fia's Champion (m12_03) [f400348]
11102770	400348	set	cone root DIALOGUE_STEP(11102770) at m12_03_00_00.emevd.dcx.js:90005750 set by talk/m11_10_00_00-only/t319001110.py:t319001110_x18	questline_conditions	set by NPC talk 319001110 on m11_10_00_00		esd_talk	2	extractor-cone-root-budget-capped	questline_conditions:400348:m12_03_00_00.emevd.dcx.js:90005750:0	unknown	npc_state	Roundtable Hold	esd_talk_map	Deeproot Depths	yes	7900030	Deeproot Depths :: Twinned Greaves - around Root-Facing Cliffs, may be sweep-granted by Fia's Champion (m12_03) [f400348]
11102845	400348	set	cone root DIALOGUE_STEP(11102845) at m12_03_00_00.emevd.dcx.js:90005750 set by talk/m11_10_00_00-only/t322001110.py:t322001110_x12	questline_conditions	set by NPC talk 322001110 on m11_10_00_00		esd_talk	3	extractor-cone-root-budget-capped	questline_conditions:400348:m12_03_00_00.emevd.dcx.js:90005750:0	unknown	npc_state	Roundtable Hold	esd_talk_map	Deeproot Depths	yes	7900030	Deeproot Depths :: Twinned Greaves - around Root-Facing Cliffs, may be sweep-granted by Fia's Champion (m12_03) [f400348]
11102848	400348	set	cone root DIALOGUE_STEP(11102848) at m12_03_00_00.emevd.dcx.js:90005750 set by talk/m11_10_00_00-only/t322001110.py:t322001110_x12	questline_conditions	set by NPC talk 322001110 on m11_10_00_00		esd_talk	3	extractor-cone-root-budget-capped	questline_conditions:400348:m12_03_00_00.emevd.dcx.js:90005750:0	unknown	npc_state	Roundtable Hold	esd_talk_map	Deeproot Depths	yes	7900030	Deeproot Depths :: Twinned Greaves - around Root-Facing Cliffs, may be sweep-granted by Fia's Champion (m12_03) [f400348]
11109006	400348	set	cone root DIALOGUE_STEP(11109006) at m12_03_00_00.emevd.dcx.js:90005750 set by talk/m11_10_00_00-only/t322001110.py:t322001110_x87	questline_conditions	set by NPC talk 322001110 on m11_10_00_00		esd_talk	3	extractor-cone-root-budget-capped	questline_conditions:400348:m12_03_00_00.emevd.dcx.js:90005750:0	unknown	npc_state	Roundtable Hold	esd_talk_map	Deeproot Depths	yes	7900030	Deeproot Depths :: Twinned Greaves - around Root-Facing Cliffs, may be sweep-granted by Fia's Champion (m12_03) [f400348]
11109015	400348	set	cone root DIALOGUE_STEP(11109015) at m12_03_00_00.emevd.dcx.js:90005750 set by talk/m11_10_00_00-only/t322001110.py:t322001110_x87	questline_conditions	set by NPC talk 322001110 on m11_10_00_00		esd_talk	3	extractor-cone-root-budget-capped	questline_conditions:400348:m12_03_00_00.emevd.dcx.js:90005750:0	unknown	npc_state	Roundtable Hold	esd_talk_map	Deeproot Depths	yes	7900030	Deeproot Depths :: Twinned Greaves - around Root-Facing Cliffs, may be sweep-granted by Fia's Champion (m12_03) [f400348]
11109625	400348	set	cone root DIALOGUE_STEP(11109625) at m12_03_00_00.emevd.dcx.js:90005750 set by talk/m11_10_00_00-only/t319001110.py:t319001110_x67	questline_conditions	set by NPC talk 319001110 on m11_10_00_00		esd_talk	2	extractor-cone-root-budget-capped	questline_conditions:400348:m12_03_00_00.emevd.dcx.js:90005750:0	unknown	npc_state	Roundtable Hold	esd_talk_map	Deeproot Depths	yes	7900030	Deeproot Depths :: Twinned Greaves - around Root-Facing Cliffs, may be sweep-granted by Fia's Champion (m12_03) [f400348]
12029016	400348	set	cone root DIALOGUE_STEP(12029016) at m12_03_00_00.emevd.dcx.js:90005750 set by talk/m12_02_00_00-only/t319201202.py:t319201202_x44	questline_conditions	set by NPC talk 319201202 on m12_02_00_00		esd_talk	1	extractor-cone-root-budget-capped	questline_conditions:400348:m12_03_00_00.emevd.dcx.js:90005750:0	unknown	npc_state	Siofra River	esd_talk_map	Deeproot Depths	yes	7900030	Deeproot Depths :: Twinned Greaves - around Root-Facing Cliffs, may be sweep-granted by Fia's Champion (m12_03) [f400348]
12030800	400348	set	cone root BOSS_KILL(12030800) at m12_03_00_00.emevd.dcx.js:90005750 set by m12_03_00_00.emevd.dcx.js:12032800	questline_conditions	Defeat the boss	ボス撃破	emevd_event	1	extractor-cone-root-budget-capped	questline_conditions:400348:m12_03_00_00.emevd.dcx.js:90005750:0	unknown	world	Deeproot Depths	setter_map	Deeproot Depths	no	7900030	Deeproot Depths :: Twinned Greaves - around Root-Facing Cliffs, may be sweep-granted by Fia's Champion (m12_03) [f400348]
12030850	400348	set	cone root BOSS_KILL(12030850) at m12_03_00_00.emevd.dcx.js:90005750 set by m12_03_00_00.emevd.dcx.js:12032850	questline_conditions	Defeat the main boss	本ボス撃破	emevd_event	1	extractor-cone-root-budget-capped	questline_conditions:400348:m12_03_00_00.emevd.dcx.js:90005750:0	unknown	world	Deeproot Depths	setter_map	Deeproot Depths	no	7900030	Deeproot Depths :: Twinned Greaves - around Root-Facing Cliffs, may be sweep-granted by Fia's Champion (m12_03) [f400348]
12032715	400348	set	cone root DIALOGUE_STEP(12032715) at m12_03_00_00.emevd.dcx.js:90005750 set by talk/m11_10_00_00-only/t322001110.py:t322001110_x12	questline_conditions	set by NPC talk 322001110 on m11_10_00_00		esd_talk	3	extractor-cone-root-budget-capped	questline_conditions:400348:m12_03_00_00.emevd.dcx.js:90005750:0	unknown	npc_state	Roundtable Hold	esd_talk_map	Deeproot Depths	yes	7900030	Deeproot Depths :: Twinned Greaves - around Root-Facing Cliffs, may be sweep-granted by Fia's Champion (m12_03) [f400348]
12032718	400348	set	cone root DIALOGUE_STEP(12032718) at m12_03_00_00.emevd.dcx.js:90005750 set by talk/m11_10_00_00-only/t322001110.py:t322001110_x12	questline_conditions	set by NPC talk 322001110 on m11_10_00_00		esd_talk	3	extractor-cone-root-budget-capped	questline_conditions:400348:m12_03_00_00.emevd.dcx.js:90005750:0	unknown	npc_state	Roundtable Hold	esd_talk_map	Deeproot Depths	yes	7900030	Deeproot Depths :: Twinned Greaves - around Root-Facing Cliffs, may be sweep-granted by Fia's Champion (m12_03) [f400348]
12039005	400348	set	cone root DIALOGUE_STEP(12039005) at m12_03_00_00.emevd.dcx.js:90005750 set by talk/m12_03_00_00-only/t319201203.py:t319201203_x38	questline_conditions	set by NPC talk 319201203 on m12_03_00_00		esd_talk	1	extractor-cone-root-budget-capped	questline_conditions:400348:m12_03_00_00.emevd.dcx.js:90005750:0	unknown	npc_state	Deeproot Depths	esd_talk_map	Deeproot Depths	no	7900030	Deeproot Depths :: Twinned Greaves - around Root-Facing Cliffs, may be sweep-granted by Fia's Champion (m12_03) [f400348]
12039156	400348	set	cone root DIALOGUE_STEP(12039156) at m12_03_00_00.emevd.dcx.js:90005750 set by talk/m11_10_00_00-only/t322001110.py:t322001110_x87	questline_conditions	set by NPC talk 322001110 on m11_10_00_00		esd_talk	3	extractor-cone-root-budget-capped	questline_conditions:400348:m12_03_00_00.emevd.dcx.js:90005750:0	unknown	npc_state	Roundtable Hold	esd_talk_map	Deeproot Depths	yes	7900030	Deeproot Depths :: Twinned Greaves - around Root-Facing Cliffs, may be sweep-granted by Fia's Champion (m12_03) [f400348]
12039157	400348	set	cone root DIALOGUE_STEP(12039157) at m12_03_00_00.emevd.dcx.js:90005750 set by talk/m11_10_00_00-only/t322001110.py:t322001110_x87	questline_conditions	set by NPC talk 322001110 on m11_10_00_00		esd_talk	3	extractor-cone-root-budget-capped	questline_conditions:400348:m12_03_00_00.emevd.dcx.js:90005750:0	unknown	npc_state	Roundtable Hold	esd_talk_map	Deeproot Depths	yes	7900030	Deeproot Depths :: Twinned Greaves - around Root-Facing Cliffs, may be sweep-granted by Fia's Champion (m12_03) [f400348]
12039158	400348	set	cone root DIALOGUE_STEP(12039158) at m12_03_00_00.emevd.dcx.js:90005750 set by talk/m11_10_00_00-only/t322001110.py:t322001110_x87	questline_conditions	set by NPC talk 322001110 on m11_10_00_00		esd_talk	3	extractor-cone-root-budget-capped	questline_conditions:400348:m12_03_00_00.emevd.dcx.js:90005750:0	unknown	npc_state	Roundtable Hold	esd_talk_map	Deeproot Depths	yes	7900030	Deeproot Depths :: Twinned Greaves - around Root-Facing Cliffs, may be sweep-granted by Fia's Champion (m12_03) [f400348]
12039159	400348	set	cone root DIALOGUE_STEP(12039159) at m12_03_00_00.emevd.dcx.js:90005750 set by talk/m11_10_00_00-only/t322001110.py:t322001110_x87	questline_conditions	set by NPC talk 322001110 on m11_10_00_00		esd_talk	3	extractor-cone-root-budget-capped	questline_conditions:400348:m12_03_00_00.emevd.dcx.js:90005750:0	unknown	npc_state	Roundtable Hold	esd_talk_map	Deeproot Depths	yes	7900030	Deeproot Depths :: Twinned Greaves - around Root-Facing Cliffs, may be sweep-granted by Fia's Champion (m12_03) [f400348]
12039160	400348	set	cone root DIALOGUE_STEP(12039160) at m12_03_00_00.emevd.dcx.js:90005750 set by talk/m11_10_00_00-only/t322001110.py:t322001110_x87	questline_conditions	set by NPC talk 322001110 on m11_10_00_00		esd_talk	3	extractor-cone-root-budget-capped	questline_conditions:400348:m12_03_00_00.emevd.dcx.js:90005750:0	unknown	npc_state	Roundtable Hold	esd_talk_map	Deeproot Depths	yes	7900030	Deeproot Depths :: Twinned Greaves - around Root-Facing Cliffs, may be sweep-granted by Fia's Champion (m12_03) [f400348]
12039161	400348	set	cone root DIALOGUE_STEP(12039161) at m12_03_00_00.emevd.dcx.js:90005750 set by talk/m11_10_00_00-only/t322001110.py:t322001110_x41	questline_conditions	set by NPC talk 322001110 on m11_10_00_00		esd_talk	3	extractor-cone-root-budget-capped	questline_conditions:400348:m12_03_00_00.emevd.dcx.js:90005750:0	unknown	npc_state	Roundtable Hold	esd_talk_map	Deeproot Depths	yes	7900030	Deeproot Depths :: Twinned Greaves - around Root-Facing Cliffs, may be sweep-granted by Fia's Champion (m12_03) [f400348]
14009265	400348	set	cone root DIALOGUE_STEP(14009265) at m12_03_00_00.emevd.dcx.js:90005750 set by talk/m60_00_00_00-only/t316206000.py:t316206000_x48	questline_conditions	set by NPC talk 316206000 on m60_00_00_00		esd_talk	2	extractor-cone-root-budget-capped	questline_conditions:400348:m12_03_00_00.emevd.dcx.js:90005750:0	unknown	npc_state			Deeproot Depths	unknown	7900030	Deeproot Depths :: Twinned Greaves - around Root-Facing Cliffs, may be sweep-granted by Fia's Champion (m12_03) [f400348]
1037469289	400348	set	cone root DIALOGUE_STEP(1037469289) at m12_03_00_00.emevd.dcx.js:90005750 set by talk/m60_00_00_00-only/t330016000.py:t330016000_x3	questline_conditions	set by NPC talk 330016000 on m60_00_00_00		esd_talk	1	extractor-cone-root-budget-capped	questline_conditions:400348:m12_03_00_00.emevd.dcx.js:90005750:0	unknown	npc_state	Liurnia	flag_decode	Deeproot Depths	yes	7900030	Deeproot Depths :: Twinned Greaves - around Root-Facing Cliffs, may be sweep-granted by Fia's Champion (m12_03) [f400348]
1044369209	400348	set	cone root DIALOGUE_STEP(1044369209) at m12_03_00_00.emevd.dcx.js:90005750 set by talk/m60_00_00_00-only/t316006000.py:t316006000_x42	questline_conditions	set by NPC talk 316006000 on m60_00_00_00		esd_talk	1	extractor-cone-root-budget-capped	questline_conditions:400348:m12_03_00_00.emevd.dcx.js:90005750:0	unknown	npc_state	Limgrave	flag_decode	Deeproot Depths	yes	7900030	Deeproot Depths :: Twinned Greaves - around Root-Facing Cliffs, may be sweep-granted by Fia's Champion (m12_03) [f400348]
1044399205	400348	set	cone root DIALOGUE_STEP(1044399205) at m12_03_00_00.emevd.dcx.js:90005750 set by talk/m11_10_00_00-only/t319001110.py:t319001110_x67	questline_conditions	set by NPC talk 319001110 on m11_10_00_00		esd_talk	2	extractor-cone-root-budget-capped	questline_conditions:400348:m12_03_00_00.emevd.dcx.js:90005750:0	unknown	npc_state	Limgrave	flag_decode	Deeproot Depths	yes	7900030	Deeproot Depths :: Twinned Greaves - around Root-Facing Cliffs, may be sweep-granted by Fia's Champion (m12_03) [f400348]
1044399206	400348	set	cone root DIALOGUE_STEP(1044399206) at m12_03_00_00.emevd.dcx.js:90005750 set by talk/m11_10_00_00-only/t319001110.py:t319001110_x6	questline_conditions	set by NPC talk 319001110 on m11_10_00_00		esd_talk	2	extractor-cone-root-budget-capped	questline_conditions:400348:m12_03_00_00.emevd.dcx.js:90005750:0	unknown	npc_state	Limgrave	flag_decode	Deeproot Depths	yes	7900030	Deeproot Depths :: Twinned Greaves - around Root-Facing Cliffs, may be sweep-granted by Fia's Champion (m12_03) [f400348]
1045399206	400348	set	cone root DIALOGUE_STEP(1045399206) at m12_03_00_00.emevd.dcx.js:90005750 set by talk/m11_10_00_00-only/t319001110.py:t319001110_x19	questline_conditions	set by NPC talk 319001110 on m11_10_00_00		esd_talk	2	extractor-cone-root-budget-capped	questline_conditions:400348:m12_03_00_00.emevd.dcx.js:90005750:0	unknown	npc_state	Roundtable Hold	esd_talk_map	Deeproot Depths	yes	7900030	Deeproot Depths :: Twinned Greaves - around Root-Facing Cliffs, may be sweep-granted by Fia's Champion (m12_03) [f400348]
1051439205	400348	set	cone root DIALOGUE_STEP(1051439205) at m12_03_00_00.emevd.dcx.js:90005750 set by talk/m60_00_00_00-only/t202006000.py:t202006000_x3	questline_conditions	set by NPC talk 202006000 on m60_00_00_00		esd_talk	1	extractor-cone-root-budget-capped	questline_conditions:400348:m12_03_00_00.emevd.dcx.js:90005750:0	unknown	npc_state	Caelid	flag_decode	Deeproot Depths	yes	7900030	Deeproot Depths :: Twinned Greaves - around Root-Facing Cliffs, may be sweep-granted by Fia's Champion (m12_03) [f400348]
1054539200	400348	set	cone root DIALOGUE_STEP(1054539200) at m12_03_00_00.emevd.dcx.js:90005750 set by talk/m00_00_00_00-only/t000001000.py:t000001000_x37	questline_conditions	Daughter Marika_Cutscene explosion prevention	娘マリカ_カットシーン暴発防止	emevd_event	1	extractor-cone-root-budget-capped	questline_conditions:400348:m12_03_00_00.emevd.dcx.js:90005750:0	unknown	npc_state	Mountaintops of the Giants	flag_decode	Deeproot Depths	yes	7900030	Deeproot Depths :: Twinned Greaves - around Root-Facing Cliffs, may be sweep-granted by Fia's Champion (m12_03) [f400348]
1054539201	400348	set	cone root DIALOGUE_STEP(1054539201) at m12_03_00_00.emevd.dcx.js:90005750 set by talk/m00_00_00_00-only/t000001000.py:t000001000_x38	questline_conditions	Daughter Marika_Cutscene explosion prevention	娘マリカ_カットシーン暴発防止	emevd_event	1	extractor-cone-root-budget-capped	questline_conditions:400348:m12_03_00_00.emevd.dcx.js:90005750:0	unknown	npc_state	Mountaintops of the Giants	flag_decode	Deeproot Depths	yes	7900030	Deeproot Depths :: Twinned Greaves - around Root-Facing Cliffs, may be sweep-granted by Fia's Champion (m12_03) [f400348]
1054539205	400348	set	cone root DIALOGUE_STEP(1054539205) at m12_03_00_00.emevd.dcx.js:90005750 set by talk/m00_00_00_00-only/t000001000.py:t000001000_x38	questline_conditions	Daughter Marika_Cutscene explosion prevention	娘マリカ_カットシーン暴発防止	emevd_event	1	extractor-cone-root-budget-capped	questline_conditions:400348:m12_03_00_00.emevd.dcx.js:90005750:0	unknown	npc_state	Mountaintops of the Giants	flag_decode	Deeproot Depths	yes	7900030	Deeproot Depths :: Twinned Greaves - around Root-Facing Cliffs, may be sweep-granted by Fia's Champion (m12_03) [f400348]
goods:2090	400348	set	cone root ITEM_POSSESSION(2090) at m12_03_00_00.emevd.dcx.js:90005750 set by m12_03_00_00.emevd.dcx.js	questline_conditions					extractor-cone-root-budget-capped	questline_conditions:400348:m12_03_00_00.emevd.dcx.js:90005750:0	unknown	item			Deeproot Depths	unknown	7900030	Deeproot Depths :: Twinned Greaves - around Root-Facing Cliffs, may be sweep-granted by Fia's Champion (m12_03) [f400348]
goods:2130	400348	set	cone root ITEM_POSSESSION(2130) at m12_03_00_00.emevd.dcx.js:90005750 set by m12_03_00_00.emevd.dcx.js	questline_conditions					extractor-cone-root-budget-capped	questline_conditions:400348:m12_03_00_00.emevd.dcx.js:90005750:0	unknown	item			Deeproot Depths	unknown	7900030	Deeproot Depths :: Twinned Greaves - around Root-Facing Cliffs, may be sweep-granted by Fia's Champion (m12_03) [f400348]
goods:600000	400348	set	cone root ITEM_POSSESSION(600000) at m12_03_00_00.emevd.dcx.js:90005750 set by m12_03_00_00.emevd.dcx.js	questline_conditions					extractor-cone-root-budget-capped	questline_conditions:400348:m12_03_00_00.emevd.dcx.js:90005750:0	unknown	item			Deeproot Depths	unknown	7900030	Deeproot Depths :: Twinned Greaves - around Root-Facing Cliffs, may be sweep-granted by Fia's Champion (m12_03) [f400348]
goods:600200	400348	set	cone root ITEM_POSSESSION(600200) at m12_03_00_00.emevd.dcx.js:90005750 set by m12_03_00_00.emevd.dcx.js	questline_conditions					extractor-cone-root-budget-capped	questline_conditions:400348:m12_03_00_00.emevd.dcx.js:90005750:0	unknown	item			Deeproot Depths	unknown	7900030	Deeproot Depths :: Twinned Greaves - around Root-Facing Cliffs, may be sweep-granted by Fia's Champion (m12_03) [f400348]
goods:600300	400348	set	cone root ITEM_POSSESSION(600300) at m12_03_00_00.emevd.dcx.js:90005750 set by m12_03_00_00.emevd.dcx.js	questline_conditions					extractor-cone-root-budget-capped	questline_conditions:400348:m12_03_00_00.emevd.dcx.js:90005750:0	unknown	item			Deeproot Depths	unknown	7900030	Deeproot Depths :: Twinned Greaves - around Root-Facing Cliffs, may be sweep-granted by Fia's Champion (m12_03) [f400348]
goods:8143	400348	set	cone root ITEM_POSSESSION(8143) at m12_03_00_00.emevd.dcx.js:90005750 set by m12_03_00_00.emevd.dcx.js	questline_conditions					extractor-cone-root-budget-capped	questline_conditions:400348:m12_03_00_00.emevd.dcx.js:90005750:0	unknown	item			Deeproot Depths	unknown	7900030	Deeproot Depths :: Twinned Greaves - around Root-Facing Cliffs, may be sweep-granted by Fia's Champion (m12_03) [f400348]
goods:8191	400348	set	cone root ITEM_POSSESSION(8191) at m12_03_00_00.emevd.dcx.js:90005750 set by m12_03_00_00.emevd.dcx.js	questline_conditions					extractor-cone-root-budget-capped	questline_conditions:400348:m12_03_00_00.emevd.dcx.js:90005750:0	unknown	item			Deeproot Depths	unknown	7900030	Deeproot Depths :: Twinned Greaves - around Root-Facing Cliffs, may be sweep-granted by Fia's Champion (m12_03) [f400348]
goods:8980	400348	set	cone root ITEM_POSSESSION(8980) at m12_03_00_00.emevd.dcx.js:90005750 set by m12_03_00_00.emevd.dcx.js	questline_conditions					extractor-cone-root-budget-capped	questline_conditions:400348:m12_03_00_00.emevd.dcx.js:90005750:0	unknown	item			Deeproot Depths	unknown	7900030	Deeproot Depths :: Twinned Greaves - around Root-Facing Cliffs, may be sweep-granted by Fia's Champion (m12_03) [f400348]
map:m12_03	400348	set	cone root MAP_ACCESS(m12_03) at m12_03_00_00.emevd.dcx.js:90005750 set by m12_03_00_00.emevd.dcx.js	questline_conditions					extractor-cone-root-budget-capped	questline_conditions:400348:m12_03_00_00.emevd.dcx.js:90005750:0	unknown	map_access	Deeproot Depths	map_id	Deeproot Depths	no	7900030	Deeproot Depths :: Twinned Greaves - around Root-Facing Cliffs, may be sweep-granted by Fia's Champion (m12_03) [f400348]
map:m60_37	400348	set	cone root MAP_ACCESS(m60_37) at m12_03_00_00.emevd.dcx.js:90005750 set by m60_37_46_00.emevd.dcx.js	questline_conditions					extractor-cone-root-budget-capped	questline_conditions:400348:m12_03_00_00.emevd.dcx.js:90005750:0	unknown	map_access			Deeproot Depths	unknown	7900030	Deeproot Depths :: Twinned Greaves - around Root-Facing Cliffs, may be sweep-granted by Fia's Champion (m12_03) [f400348]
4048	400349	set	$InitializeCommonEvent(90005750) arg5	lot_gates	NPC322 Yuria_Character state transition	NPC322ユリア_キャラ状態遷移	emevd_event	3	commonarg-positive-by-construction	lot_gates:400349:90005750	single	world	Siofra River	test_map	Roundtable Hold	yes	7900034	Roundtable Hold :: Twinned Greaves - around Table of Lost Grace [f400349]
11109505	400357	unknown	talk 325001000 gate_sense=1 lot 103510	esd_gifts	set by NPC talk 325001000 on m10_00_00_00		esd_talk	2	esd-received-memo	esd_gifts:400357:325001000	single	npc_state	Roundtable Hold	esd_talk_map	Leyndell	yes	7770607	Leyndell :: Black Knifeprint [f400357]
11109505	400357	unknown	talk 325001110 gate_sense=1 lot 103510	esd_gifts	set by NPC talk 325001000 on m10_00_00_00		esd_talk	2	esd-received-memo	esd_gifts:400357:325001110	single	npc_state	Roundtable Hold	esd_talk_map	Leyndell	yes	7770607	Leyndell :: Black Knifeprint [f400357]
10009606	400358	unknown	talk 325001000 gate_sense=0 lot 103500	esd_gifts	set by NPC talk 325001000 on m10_00_00_00		esd_talk	2	esd-paths-disagree	esd_gifts:400358:325001000	unknown	npc_state	Roundtable Hold	esd_talk_map	Roundtable Hold	no	7770608	Roundtable Hold :: [Sorcery] Explosive Ghostflame - around Table of Lost Grace [f400358]
10009606	400358	unknown	talk 325001110 gate_sense=0 lot 103500	esd_gifts	set by NPC talk 325001000 on m10_00_00_00		esd_talk	2	esd-paths-disagree	esd_gifts:400358:325001110	unknown	npc_state	Roundtable Hold	esd_talk_map	Roundtable Hold	no	7770608	Roundtable Hold :: [Sorcery] Explosive Ghostflame - around Table of Lost Grace [f400358]
10009616	400358	unknown	talk 325001000 gate_sense=1 lot 103500	esd_gifts	set by NPC talk 325001000 on m10_00_00_00		esd_talk	2	esd-received-memo	esd_gifts:400358:325001000	unknown	npc_state	Roundtable Hold	esd_talk_map	Roundtable Hold	no	7770608	Roundtable Hold :: [Sorcery] Explosive Ghostflame - around Table of Lost Grace [f400358]
10009616	400358	unknown	talk 325001110 gate_sense=1 lot 103500	esd_gifts	set by NPC talk 325001000 on m10_00_00_00		esd_talk	2	esd-received-memo	esd_gifts:400358:325001110	unknown	npc_state	Roundtable Hold	esd_talk_map	Roundtable Hold	no	7770608	Roundtable Hold :: [Sorcery] Explosive Ghostflame - around Table of Lost Grace [f400358]
11109505	400358	unknown	talk 325001000 gate_sense=1 lot 103500	esd_gifts	set by NPC talk 325001000 on m10_00_00_00		esd_talk	2	esd-received-memo	esd_gifts:400358:325001000	unknown	npc_state	Roundtable Hold	esd_talk_map	Roundtable Hold	no	7770608	Roundtable Hold :: [Sorcery] Explosive Ghostflame - around Table of Lost Grace [f400358]
11109505	400358	unknown	talk 325001110 gate_sense=1 lot 103500	esd_gifts	set by NPC talk 325001000 on m10_00_00_00		esd_talk	2	esd-received-memo	esd_gifts:400358:325001110	unknown	npc_state	Roundtable Hold	esd_talk_map	Roundtable Hold	no	7770608	Roundtable Hold :: [Sorcery] Explosive Ghostflame - around Table of Lost Grace [f400358]
11109530	400358	unknown	talk 325001000 gate_sense=1 lot 103500	esd_gifts	set by NPC talk 325001000 on m10_00_00_00		esd_talk	2	esd-received-memo	esd_gifts:400358:325001000	unknown	npc_state	Roundtable Hold	esd_talk_map	Roundtable Hold	no	7770608	Roundtable Hold :: [Sorcery] Explosive Ghostflame - around Table of Lost Grace [f400358]
11109530	400358	unknown	talk 325001110 gate_sense=1 lot 103500	esd_gifts	set by NPC talk 325001000 on m10_00_00_00		esd_talk	2	esd-received-memo	esd_gifts:400358:325001110	unknown	npc_state	Roundtable Hold	esd_talk_map	Roundtable Hold	no	7770608	Roundtable Hold :: [Sorcery] Explosive Ghostflame - around Table of Lost Grace [f400358]
400359	400358	set	$InitializeCommonEvent(90005750) arg5	lot_gates					commonarg-positive-by-construction	lot_gates:400358:90005750	single	check			Roundtable Hold	unknown	7770608	Roundtable Hold :: [Sorcery] Explosive Ghostflame - around Table of Lost Grace [f400358]
3909	400359	set	$InitializeCommonEvent(90005750) arg5	lot_gates	NPC325 Roger_Character state transition	NPC325ロジェール_キャラ状態遷移	emevd_event	2	commonarg-positive-by-construction	lot_gates:400359:90005750	single	world			Roundtable Hold	unknown	7900038	Roundtable Hold :: Spellblade's Trousers - around Table of Lost Grace [f400359]
3806	400360	set	$InitializeCommonEvent(90005750) arg5	lot_gates	NPC333 Pyroxene magician who cannot return_Character state transition	NPC333戻れない輝石魔術師_キャラ状態遷移	emevd_event	2	commonarg-positive-by-construction	lot_gates:400360:90005750	single	world			Raya Lucaria Academy	unknown	7770610	Raya Lucaria Academy :: Thops's Bell Bearing - around Church of the Cuckoo, may be sweep-granted by Rennala, Queen of the Full Moon (m14_00) [f400360]
11109957	400380	unknown	talk 323001110 gate_sense=0 lot 103800	esd_gifts	set by NPC talk 323001110 on m11_10_00_00		esd_talk	1	esd-received-memo	esd_gifts:400380:323001110	single	npc_state	Roundtable Hold	esd_talk_map	Roundtable Hold	no	7773734	Roundtable Hold :: Sewer-Gaol Key - around Table of Lost Grace (region unconfirmed) [f400380]
4240	400380	set	cone root NPC_STATE(4240) at talk/m11_10_00_00-only/t323001110.py:t323001110_x3 set by common.emevd.dcx.js:4259	questline_conditions	NPC330_Atonement Priest_Performing absolution	NPC330_贖罪司祭_免罪実行	emevd_event	7	extractor-cone-root	questline_conditions:400380:talk/m11_10_00_00-only/t323001110.py:t323001110_x3:	unknown	world			Roundtable Hold	unknown	7773734	Roundtable Hold :: Sewer-Gaol Key - around Table of Lost Grace (region unconfirmed) [f400380]
4240	400380	set	cone root NPC_STATE(4240) at talk/m11_10_00_00-only/t323001110.py:t323001110_x36 set by common.emevd.dcx.js:4259	questline_conditions	NPC330_Atonement Priest_Performing absolution	NPC330_贖罪司祭_免罪実行	emevd_event	7	extractor-cone-root	questline_conditions:400380:talk/m11_10_00_00-only/t323001110.py:t323001110_x36:	unknown	world			Roundtable Hold	unknown	7773734	Roundtable Hold :: Sewer-Gaol Key - around Table of Lost Grace (region unconfirmed) [f400380]
4245	400380	set	cone root NPC_STATE(4245) at talk/m11_10_00_00-only/t323001110.py:t323001110_x3 set by common.emevd.dcx.js:4259	questline_conditions	NPC323 Shit-eater_Character state transition	NPC323糞喰い_キャラ状態遷移	emevd_event	2	extractor-cone-root	questline_conditions:400380:talk/m11_10_00_00-only/t323001110.py:t323001110_x3:	unknown	world			Roundtable Hold	unknown	7773734	Roundtable Hold :: Sewer-Gaol Key - around Table of Lost Grace (region unconfirmed) [f400380]
4245	400380	set	cone root NPC_STATE(4245) at talk/m11_10_00_00-only/t323001110.py:t323001110_x36 set by common.emevd.dcx.js:4259	questline_conditions	NPC323 Shit-eater_Character state transition	NPC323糞喰い_キャラ状態遷移	emevd_event	2	extractor-cone-root	questline_conditions:400380:talk/m11_10_00_00-only/t323001110.py:t323001110_x36:	unknown	world			Roundtable Hold	unknown	7773734	Roundtable Hold :: Sewer-Gaol Key - around Table of Lost Grace (region unconfirmed) [f400380]
4246	400380	set	cone root NPC_STATE(4246) at talk/m11_10_00_00-only/t323001110.py:t323001110_x3 set by common.emevd.dcx.js:4259	questline_conditions	NPC323 Shit-eater_Character state transition	NPC323糞喰い_キャラ状態遷移	emevd_event	2	extractor-cone-root	questline_conditions:400380:talk/m11_10_00_00-only/t323001110.py:t323001110_x3:	unknown	world			Roundtable Hold	unknown	7773734	Roundtable Hold :: Sewer-Gaol Key - around Table of Lost Grace (region unconfirmed) [f400380]
4246	400380	set	cone root NPC_STATE(4246) at talk/m11_10_00_00-only/t323001110.py:t323001110_x36 set by common.emevd.dcx.js:4259	questline_conditions	NPC323 Shit-eater_Character state transition	NPC323糞喰い_キャラ状態遷移	emevd_event	2	extractor-cone-root	questline_conditions:400380:talk/m11_10_00_00-only/t323001110.py:t323001110_x36:	unknown	world			Roundtable Hold	unknown	7773734	Roundtable Hold :: Sewer-Gaol Key - around Table of Lost Grace (region unconfirmed) [f400380]
11109957	400380	set	cone root DIALOGUE_STEP(11109957) at talk/m11_10_00_00-only/t323001110.py:t323001110_x3 set by talk/m11_10_00_00-only/t323001110.py:t323001110_x36	questline_conditions	set by NPC talk 323001110 on m11_10_00_00		esd_talk	1	extractor-cone-root	questline_conditions:400380:talk/m11_10_00_00-only/t323001110.py:t323001110_x3:	unknown	npc_state	Roundtable Hold	esd_talk_map	Roundtable Hold	no	7773734	Roundtable Hold :: Sewer-Gaol Key - around Table of Lost Grace (region unconfirmed) [f400380]
11109957	400380	set	cone root DIALOGUE_STEP(11109957) at talk/m11_10_00_00-only/t323001110.py:t323001110_x36 set by talk/m11_10_00_00-only/t323001110.py:t323001110_x36	questline_conditions	set by NPC talk 323001110 on m11_10_00_00		esd_talk	1	extractor-cone-root	questline_conditions:400380:talk/m11_10_00_00-only/t323001110.py:t323001110_x36:	unknown	npc_state	Roundtable Hold	esd_talk_map	Roundtable Hold	no	7773734	Roundtable Hold :: Sewer-Gaol Key - around Table of Lost Grace (region unconfirmed) [f400380]
1037469289	400380	set	cone root DIALOGUE_STEP(1037469289) at talk/m11_10_00_00-only/t323001110.py:t323001110_x3 set by talk/m60_00_00_00-only/t330016000.py:t330016000_x3	questline_conditions	set by NPC talk 330016000 on m60_00_00_00		esd_talk	1	extractor-cone-root	questline_conditions:400380:talk/m11_10_00_00-only/t323001110.py:t323001110_x3:	unknown	npc_state	Liurnia	flag_decode	Roundtable Hold	yes	7773734	Roundtable Hold :: Sewer-Gaol Key - around Table of Lost Grace (region unconfirmed) [f400380]
1037469289	400380	set	cone root DIALOGUE_STEP(1037469289) at talk/m11_10_00_00-only/t323001110.py:t323001110_x36 set by talk/m60_00_00_00-only/t330016000.py:t330016000_x3	questline_conditions	set by NPC talk 330016000 on m60_00_00_00		esd_talk	1	extractor-cone-root	questline_conditions:400380:talk/m11_10_00_00-only/t323001110.py:t323001110_x36:	unknown	npc_state	Liurnia	flag_decode	Roundtable Hold	yes	7773734	Roundtable Hold :: Sewer-Gaol Key - around Table of Lost Grace (region unconfirmed) [f400380]
goods:2130	400380	set	cone root ITEM_POSSESSION(2130) at talk/m11_10_00_00-only/t323001110.py:t323001110_x3 set by talk/m11_10_00_00-only/t323001110.py	questline_conditions					extractor-cone-root	questline_conditions:400380:talk/m11_10_00_00-only/t323001110.py:t323001110_x3:	unknown	item			Roundtable Hold	unknown	7773734	Roundtable Hold :: Sewer-Gaol Key - around Table of Lost Grace (region unconfirmed) [f400380]
goods:2130	400380	set	cone root ITEM_POSSESSION(2130) at talk/m11_10_00_00-only/t323001110.py:t323001110_x36 set by talk/m11_10_00_00-only/t323001110.py	questline_conditions					extractor-cone-root	questline_conditions:400380:talk/m11_10_00_00-only/t323001110.py:t323001110_x36:	unknown	item			Roundtable Hold	unknown	7773734	Roundtable Hold :: Sewer-Gaol Key - around Table of Lost Grace (region unconfirmed) [f400380]
map:m11_10	400380	set	cone root MAP_ACCESS(m11_10) at talk/m11_10_00_00-only/t323001110.py:t323001110_x3 set by talk/m11_10_00_00-only/t323001110.py	questline_conditions					extractor-cone-root	questline_conditions:400380:talk/m11_10_00_00-only/t323001110.py:t323001110_x3:	unknown	map_access	Roundtable Hold	map_id	Roundtable Hold	no	7773734	Roundtable Hold :: Sewer-Gaol Key - around Table of Lost Grace (region unconfirmed) [f400380]
map:m11_10	400380	set	cone root MAP_ACCESS(m11_10) at talk/m11_10_00_00-only/t323001110.py:t323001110_x36 set by talk/m11_10_00_00-only/t323001110.py	questline_conditions					extractor-cone-root	questline_conditions:400380:talk/m11_10_00_00-only/t323001110.py:t323001110_x36:	unknown	map_access	Roundtable Hold	map_id	Roundtable Hold	no	7773734	Roundtable Hold :: Sewer-Gaol Key - around Table of Lost Grace (region unconfirmed) [f400380]
map:m60_37	400380	set	cone root MAP_ACCESS(m60_37) at talk/m11_10_00_00-only/t323001110.py:t323001110_x3 set by m60_37_46_00.emevd.dcx.js	questline_conditions					extractor-cone-root	questline_conditions:400380:talk/m11_10_00_00-only/t323001110.py:t323001110_x3:	unknown	map_access			Roundtable Hold	unknown	7773734	Roundtable Hold :: Sewer-Gaol Key - around Table of Lost Grace (region unconfirmed) [f400380]
map:m60_37	400380	set	cone root MAP_ACCESS(m60_37) at talk/m11_10_00_00-only/t323001110.py:t323001110_x36 set by m60_37_46_00.emevd.dcx.js	questline_conditions					extractor-cone-root	questline_conditions:400380:talk/m11_10_00_00-only/t323001110.py:t323001110_x36:	unknown	map_access			Roundtable Hold	unknown	7773734	Roundtable Hold :: Sewer-Gaol Key - around Table of Lost Grace (region unconfirmed) [f400380]
35009337	400381	set	$InitializeCommonEvent(90005750) arg5	lot_gates	NPC323 Shit-eater_Attack and kill	NPC323糞喰い_攻撃殺害	emevd_event	1	commonarg-positive-by-construction	lot_gates:400381:90005750	single	world	Leyndell	setter_map	Leyndell	no	7770613	Leyndell :: Sword of Milos - around Underground Roadside, may be sweep-granted by Esgar, Priest of Blood (m35_00) [f400381]
1045522181	400381	set	$InitializeCommonEvent(90005792) arg1	lot_gates					commonarg-positive-by-construction	lot_gates:400381:90005792	any	world	Altus	flag_decode	Leyndell	yes	7770613	Leyndell :: Sword of Milos - around Underground Roadside, may be sweep-granted by Esgar, Priest of Blood (m35_00) [f400381]
35009336	400382	set	$InitializeCommonEvent(90005750) arg5	lot_gates	NPC323 Shit Eater_Revisit after using cursed item	NPC323糞喰い_呪いのアイテム使用後に再訪	emevd_event	1	commonarg-positive-by-construction	lot_gates:400382:90005750	single	world	Leyndell	setter_map	Leyndell	no	7900043	Leyndell :: Omen Greaves - around Underground Roadside, may be sweep-granted by Esgar, Priest of Blood (m35_00) [f400382]
1034509421	400391	unknown	talk 106016000 gate_sense=0 lot 103910	esd_gifts	set by NPC talk 106016000 on m60_00_00_00		esd_talk	1	esd-received-memo	esd_gifts:400391:106016000	single	npc_state	Liurnia	flag_decode	Roundtable Hold	yes	7773735	Roundtable Hold :: Carian Inverted Statue (region unconfirmed) [f400391]
1034509405	400391	set	cone root DIALOGUE_STEP(1034509405) at talk/m60_00_00_00-only/t106016000.py:t106016000_x28 set by talk/m60_00_00_00-only/t106016000.py:t106016000_x12	questline_conditions	set by NPC talk 106016000 on m60_00_00_00		esd_talk	1	extractor-cone-root	questline_conditions:400391:talk/m60_00_00_00-only/t106016000.py:t106016000_x28:	unknown	npc_state	Liurnia	flag_decode	Roundtable Hold	yes	7773735	Roundtable Hold :: Carian Inverted Statue (region unconfirmed) [f400391]
1034509405	400391	set	cone root DIALOGUE_STEP(1034509405) at talk/m60_00_00_00-only/t106016000.py:t106016000_x37 set by talk/m60_00_00_00-only/t106016000.py:t106016000_x12	questline_conditions	set by NPC talk 106016000 on m60_00_00_00		esd_talk	1	extractor-cone-root	questline_conditions:400391:talk/m60_00_00_00-only/t106016000.py:t106016000_x37:	unknown	npc_state	Liurnia	flag_decode	Roundtable Hold	yes	7773735	Roundtable Hold :: Carian Inverted Statue (region unconfirmed) [f400391]
1034509420	400391	set	cone root DIALOGUE_STEP(1034509420) at talk/m60_00_00_00-only/t106016000.py:t106016000_x28 set by talk/m60_00_00_00-only/t106016000.py:t106016000_x64	questline_conditions	set by NPC talk 106016000 on m60_00_00_00		esd_talk	1	extractor-cone-root	questline_conditions:400391:talk/m60_00_00_00-only/t106016000.py:t106016000_x28:	unknown	npc_state	Liurnia	flag_decode	Roundtable Hold	yes	7773735	Roundtable Hold :: Carian Inverted Statue (region unconfirmed) [f400391]
1034509420	400391	set	cone root DIALOGUE_STEP(1034509420) at talk/m60_00_00_00-only/t106016000.py:t106016000_x29 set by talk/m60_00_00_00-only/t106016000.py:t106016000_x64	questline_conditions	set by NPC talk 106016000 on m60_00_00_00		esd_talk	1	extractor-cone-root	questline_conditions:400391:talk/m60_00_00_00-only/t106016000.py:t106016000_x29:	unknown	npc_state	Liurnia	flag_decode	Roundtable Hold	yes	7773735	Roundtable Hold :: Carian Inverted Statue (region unconfirmed) [f400391]
1034509420	400391	set	cone root DIALOGUE_STEP(1034509420) at talk/m60_00_00_00-only/t106016000.py:t106016000_x37 set by talk/m60_00_00_00-only/t106016000.py:t106016000_x64	questline_conditions	set by NPC talk 106016000 on m60_00_00_00		esd_talk	1	extractor-cone-root	questline_conditions:400391:talk/m60_00_00_00-only/t106016000.py:t106016000_x37:	unknown	npc_state	Liurnia	flag_decode	Roundtable Hold	yes	7773735	Roundtable Hold :: Carian Inverted Statue (region unconfirmed) [f400391]
goods:8159	400391	set	cone root ITEM_POSSESSION(8159) at talk/m60_00_00_00-only/t106016000.py:t106016000_x28 set by talk/m60_00_00_00-only/t106016000.py	questline_conditions					extractor-cone-root	questline_conditions:400391:talk/m60_00_00_00-only/t106016000.py:t106016000_x28:	unknown	item			Roundtable Hold	unknown	7773735	Roundtable Hold :: Carian Inverted Statue (region unconfirmed) [f400391]
goods:8159	400391	set	cone root ITEM_POSSESSION(8159) at talk/m60_00_00_00-only/t106016000.py:t106016000_x29 set by talk/m60_00_00_00-only/t106016000.py	questline_conditions					extractor-cone-root	questline_conditions:400391:talk/m60_00_00_00-only/t106016000.py:t106016000_x29:	unknown	item			Roundtable Hold	unknown	7773735	Roundtable Hold :: Carian Inverted Statue (region unconfirmed) [f400391]
goods:8159	400391	set	cone root ITEM_POSSESSION(8159) at talk/m60_00_00_00-only/t106016000.py:t106016000_x37 set by talk/m60_00_00_00-only/t106016000.py	questline_conditions					extractor-cone-root	questline_conditions:400391:talk/m60_00_00_00-only/t106016000.py:t106016000_x37:	unknown	item			Roundtable Hold	unknown	7773735	Roundtable Hold :: Carian Inverted Statue (region unconfirmed) [f400391]
map:m60_00	400391	set	cone root MAP_ACCESS(m60_00) at talk/m60_00_00_00-only/t106016000.py:t106016000_x28 set by talk/m60_00_00_00-only/t106016000.py	questline_conditions					extractor-cone-root	questline_conditions:400391:talk/m60_00_00_00-only/t106016000.py:t106016000_x28:	unknown	map_access			Roundtable Hold	unknown	7773735	Roundtable Hold :: Carian Inverted Statue (region unconfirmed) [f400391]
map:m60_00	400391	set	cone root MAP_ACCESS(m60_00) at talk/m60_00_00_00-only/t106016000.py:t106016000_x29 set by talk/m60_00_00_00-only/t106016000.py	questline_conditions					extractor-cone-root	questline_conditions:400391:talk/m60_00_00_00-only/t106016000.py:t106016000_x29:	unknown	map_access			Roundtable Hold	unknown	7773735	Roundtable Hold :: Carian Inverted Statue (region unconfirmed) [f400391]
map:m60_00	400391	set	cone root MAP_ACCESS(m60_00) at talk/m60_00_00_00-only/t106016000.py:t106016000_x37 set by talk/m60_00_00_00-only/t106016000.py	questline_conditions					extractor-cone-root	questline_conditions:400391:talk/m60_00_00_00-only/t106016000.py:t106016000_x37:	unknown	map_access			Roundtable Hold	unknown	7773735	Roundtable Hold :: Carian Inverted Statue (region unconfirmed) [f400391]
1035429255	400393	set	$InitializeCommonEvent(90005750) arg5	lot_gates	NPC106_Rani_Immediately after cutscene_Disappears after conversation	NPC106_ラニ_カットシーン直後_会話後に消える	emevd_event	2	commonarg-positive-by-construction	lot_gates:400393:90005750	single	world	Liurnia	flag_decode	Liurnia	no	7770616	Liurnia :: Dark Moon Greatsword - near Cathedral of Manus Celes, may be sweep-granted by Omenkiller (m60_35_42) [f400393]
3560	400393	set	cone root NPC_STATE(3560) at m60_35_42_00.emevd.dcx.js:90005750 set by common.emevd.dcx.js:3579	questline_conditions	NPC330_Atonement Priest_Performing absolution	NPC330_贖罪司祭_免罪実行	emevd_event	5	extractor-cone-root-budget-capped	questline_conditions:400393:m60_35_42_00.emevd.dcx.js:90005750:0	unknown	world			Liurnia	unknown	7770616	Liurnia :: Dark Moon Greatsword - near Cathedral of Manus Celes, may be sweep-granted by Omenkiller (m60_35_42) [f400393]
3561	400393	set	cone root NPC_STATE(3561) at m60_35_42_00.emevd.dcx.js:90005750 set by common.emevd.dcx.js:3049	questline_conditions	Rani gang is hostile	ラニ一味敵対	emevd_event	4	extractor-cone-root-budget-capped	questline_conditions:400393:m60_35_42_00.emevd.dcx.js:90005750:0	unknown	world			Liurnia	unknown	7770616	Liurnia :: Dark Moon Greatsword - near Cathedral of Manus Celes, may be sweep-granted by Omenkiller (m60_35_42) [f400393]
3565	400393	set	cone root NPC_STATE(3565) at m60_35_42_00.emevd.dcx.js:90005750 set by common.emevd.dcx.js:3579	questline_conditions	NPC307 Puppeteer_Character state transition	NPC307傀儡師_キャラ状態遷移	emevd_event	2	extractor-cone-root-budget-capped	questline_conditions:400393:m60_35_42_00.emevd.dcx.js:90005750:0	unknown	world			Liurnia	unknown	7770616	Liurnia :: Dark Moon Greatsword - near Cathedral of Manus Celes, may be sweep-granted by Omenkiller (m60_35_42) [f400393]
3566	400393	set	cone root NPC_STATE(3566) at m60_35_42_00.emevd.dcx.js:90005750 set by common.emevd.dcx.js:3579	questline_conditions	NPC307 Puppeteer_Character state transition	NPC307傀儡師_キャラ状態遷移	emevd_event	2	extractor-cone-root-budget-capped	questline_conditions:400393:m60_35_42_00.emevd.dcx.js:90005750:0	unknown	world			Liurnia	unknown	7770616	Liurnia :: Dark Moon Greatsword - near Cathedral of Manus Celes, may be sweep-granted by Omenkiller (m60_35_42) [f400393]
3567	400393	set	cone root NPC_STATE(3567) at m60_35_42_00.emevd.dcx.js:90005750 set by common.emevd.dcx.js:3579	questline_conditions	NPC307 Puppeteer_Character state transition	NPC307傀儡師_キャラ状態遷移	emevd_event	2	extractor-cone-root-budget-capped	questline_conditions:400393:m60_35_42_00.emevd.dcx.js:90005750:0	unknown	world			Liurnia	unknown	7770616	Liurnia :: Dark Moon Greatsword - near Cathedral of Manus Celes, may be sweep-granted by Omenkiller (m60_35_42) [f400393]
3568	400393	set	cone root NPC_STATE(3568) at m60_35_42_00.emevd.dcx.js:90005750 set by common.emevd.dcx.js:3579	questline_conditions	NPC307 Puppeteer_Character state transition	NPC307傀儡師_キャラ状態遷移	emevd_event	2	extractor-cone-root-budget-capped	questline_conditions:400393:m60_35_42_00.emevd.dcx.js:90005750:0	unknown	world			Liurnia	unknown	7770616	Liurnia :: Dark Moon Greatsword - near Cathedral of Manus Celes, may be sweep-granted by Omenkiller (m60_35_42) [f400393]
3600	400393	set	cone root NPC_STATE(3600) at m60_35_42_00.emevd.dcx.js:90005750 set by common.emevd.dcx.js:3619	questline_conditions	NPC330_Atonement Priest_Performing absolution	NPC330_贖罪司祭_免罪実行	emevd_event	5	extractor-cone-root-budget-capped	questline_conditions:400393:m60_35_42_00.emevd.dcx.js:90005750:0	unknown	world			Liurnia	unknown	7770616	Liurnia :: Dark Moon Greatsword - near Cathedral of Manus Celes, may be sweep-granted by Omenkiller (m60_35_42) [f400393]
3601	400393	set	cone root NPC_STATE(3601) at m60_35_42_00.emevd.dcx.js:90005750 set by common.emevd.dcx.js:3049	questline_conditions	Rani gang is hostile	ラニ一味敵対	emevd_event	5	extractor-cone-root-budget-capped	questline_conditions:400393:m60_35_42_00.emevd.dcx.js:90005750:0	unknown	world			Liurnia	unknown	7770616	Liurnia :: Dark Moon Greatsword - near Cathedral of Manus Celes, may be sweep-granted by Omenkiller (m60_35_42) [f400393]
3603	400393	set	cone root BOSS_KILL(3603) at m60_35_42_00.emevd.dcx.js:90005750 set by common_func.emevd.dcx.js:90005702	questline_conditions	NPC330_Atonement Priest_Performing absolution	NPC330_贖罪司祭_免罪実行	emevd_batch	3	extractor-cone-root-budget-capped	questline_conditions:400393:m60_35_42_00.emevd.dcx.js:90005750:0	unknown	world			Liurnia	unknown	7770616	Liurnia :: Dark Moon Greatsword - near Cathedral of Manus Celes, may be sweep-granted by Omenkiller (m60_35_42) [f400393]
3605	400393	set	cone root NPC_STATE(3605) at m60_35_42_00.emevd.dcx.js:90005750 set by common.emevd.dcx.js:3619	questline_conditions	NPC216 Wolf-Headed Warrior_Character state transition	NPC216狼頭の戦士_キャラ状態遷移	emevd_event	2	extractor-cone-root-budget-capped	questline_conditions:400393:m60_35_42_00.emevd.dcx.js:90005750:0	unknown	world			Liurnia	unknown	7770616	Liurnia :: Dark Moon Greatsword - near Cathedral of Manus Celes, may be sweep-granted by Omenkiller (m60_35_42) [f400393]
3606	400393	set	cone root NPC_STATE(3606) at m60_35_42_00.emevd.dcx.js:90005750 set by common.emevd.dcx.js:3619	questline_conditions	NPC216 Wolf-Headed Warrior_Character state transition	NPC216狼頭の戦士_キャラ状態遷移	emevd_event	2	extractor-cone-root-budget-capped	questline_conditions:400393:m60_35_42_00.emevd.dcx.js:90005750:0	unknown	world			Liurnia	unknown	7770616	Liurnia :: Dark Moon Greatsword - near Cathedral of Manus Celes, may be sweep-granted by Omenkiller (m60_35_42) [f400393]
3607	400393	set	cone root NPC_STATE(3607) at m60_35_42_00.emevd.dcx.js:90005750 set by common.emevd.dcx.js:3619	questline_conditions	NPC216 Wolf-Headed Warrior_Character state transition	NPC216狼頭の戦士_キャラ状態遷移	emevd_event	2	extractor-cone-root-budget-capped	questline_conditions:400393:m60_35_42_00.emevd.dcx.js:90005750:0	unknown	world			Liurnia	unknown	7770616	Liurnia :: Dark Moon Greatsword - near Cathedral of Manus Celes, may be sweep-granted by Omenkiller (m60_35_42) [f400393]
3608	400393	set	cone root NPC_STATE(3608) at m60_35_42_00.emevd.dcx.js:90005750 set by common.emevd.dcx.js:3619	questline_conditions	NPC216 Wolf-Headed Warrior_Character state transition	NPC216狼頭の戦士_キャラ状態遷移	emevd_event	2	extractor-cone-root-budget-capped	questline_conditions:400393:m60_35_42_00.emevd.dcx.js:90005750:0	unknown	world			Liurnia	unknown	7770616	Liurnia :: Dark Moon Greatsword - near Cathedral of Manus Celes, may be sweep-granted by Omenkiller (m60_35_42) [f400393]
3609	400393	set	cone root NPC_STATE(3609) at m60_35_42_00.emevd.dcx.js:90005750 set by common.emevd.dcx.js:3619	questline_conditions	NPC216 Wolf-Headed Warrior_Character state transition	NPC216狼頭の戦士_キャラ状態遷移	emevd_event	2	extractor-cone-root-budget-capped	questline_conditions:400393:m60_35_42_00.emevd.dcx.js:90005750:0	unknown	world			Liurnia	unknown	7770616	Liurnia :: Dark Moon Greatsword - near Cathedral of Manus Celes, may be sweep-granted by Omenkiller (m60_35_42) [f400393]
3610	400393	set	cone root NPC_STATE(3610) at m60_35_42_00.emevd.dcx.js:90005750 set by common.emevd.dcx.js:3619	questline_conditions	NPC216 Wolf-Headed Warrior_Character state transition	NPC216狼頭の戦士_キャラ状態遷移	emevd_event	2	extractor-cone-root-budget-capped	questline_conditions:400393:m60_35_42_00.emevd.dcx.js:90005750:0	unknown	world			Liurnia	unknown	7770616	Liurnia :: Dark Moon Greatsword - near Cathedral of Manus Celes, may be sweep-granted by Omenkiller (m60_35_42) [f400393]
3611	400393	set	cone root NPC_STATE(3611) at m60_35_42_00.emevd.dcx.js:90005750 set by common.emevd.dcx.js:3619	questline_conditions	NPC216 Wolf-Headed Warrior_Character state transition	NPC216狼頭の戦士_キャラ状態遷移	emevd_event	2	extractor-cone-root-budget-capped	questline_conditions:400393:m60_35_42_00.emevd.dcx.js:90005750:0	unknown	world			Liurnia	unknown	7770616	Liurnia :: Dark Moon Greatsword - near Cathedral of Manus Celes, may be sweep-granted by Omenkiller (m60_35_42) [f400393]
3612	400393	set	cone root NPC_STATE(3612) at m60_35_42_00.emevd.dcx.js:90005750 set by common.emevd.dcx.js:3619	questline_conditions	NPC216 Wolf-Headed Warrior_Character state transition	NPC216狼頭の戦士_キャラ状態遷移	emevd_event	2	extractor-cone-root-budget-capped	questline_conditions:400393:m60_35_42_00.emevd.dcx.js:90005750:0	unknown	world			Liurnia	unknown	7770616	Liurnia :: Dark Moon Greatsword - near Cathedral of Manus Celes, may be sweep-granted by Omenkiller (m60_35_42) [f400393]
3613	400393	set	cone root NPC_STATE(3613) at m60_35_42_00.emevd.dcx.js:90005750 set by common.emevd.dcx.js:3619	questline_conditions	NPC216 Wolf-Headed Warrior_Character state transition	NPC216狼頭の戦士_キャラ状態遷移	emevd_event	2	extractor-cone-root-budget-capped	questline_conditions:400393:m60_35_42_00.emevd.dcx.js:90005750:0	unknown	world			Liurnia	unknown	7770616	Liurnia :: Dark Moon Greatsword - near Cathedral of Manus Celes, may be sweep-granted by Omenkiller (m60_35_42) [f400393]
3614	400393	set	cone root NPC_STATE(3614) at m60_35_42_00.emevd.dcx.js:90005750 set by common.emevd.dcx.js:3619	questline_conditions	NPC216 Wolf-Headed Warrior_Character state transition	NPC216狼頭の戦士_キャラ状態遷移	emevd_event	2	extractor-cone-root-budget-capped	questline_conditions:400393:m60_35_42_00.emevd.dcx.js:90005750:0	unknown	world			Liurnia	unknown	7770616	Liurnia :: Dark Moon Greatsword - near Cathedral of Manus Celes, may be sweep-granted by Omenkiller (m60_35_42) [f400393]
3615	400393	set	cone root NPC_STATE(3615) at m60_35_42_00.emevd.dcx.js:90005750 set by common.emevd.dcx.js:3619	questline_conditions	NPC216 Wolf-Headed Warrior_Character state transition	NPC216狼頭の戦士_キャラ状態遷移	emevd_event	2	extractor-cone-root-budget-capped	questline_conditions:400393:m60_35_42_00.emevd.dcx.js:90005750:0	unknown	world			Liurnia	unknown	7770616	Liurnia :: Dark Moon Greatsword - near Cathedral of Manus Celes, may be sweep-granted by Omenkiller (m60_35_42) [f400393]
3616	400393	set	cone root NPC_STATE(3616) at m60_35_42_00.emevd.dcx.js:90005750 set by common.emevd.dcx.js:3619	questline_conditions	NPC216 Wolf-Headed Warrior_Character state transition	NPC216狼頭の戦士_キャラ状態遷移	emevd_event	2	extractor-cone-root-budget-capped	questline_conditions:400393:m60_35_42_00.emevd.dcx.js:90005750:0	unknown	world			Liurnia	unknown	7770616	Liurnia :: Dark Moon Greatsword - near Cathedral of Manus Celes, may be sweep-granted by Omenkiller (m60_35_42) [f400393]
3740	400393	set	cone root NPC_STATE(3740) at m60_35_42_00.emevd.dcx.js:90005750 set by common.emevd.dcx.js:3759	questline_conditions	NPC330_Atonement Priest_Performing absolution	NPC330_贖罪司祭_免罪実行	emevd_event	5	extractor-cone-root-budget-capped	questline_conditions:400393:m60_35_42_00.emevd.dcx.js:90005750:0	unknown	world			Liurnia	unknown	7770616	Liurnia :: Dark Moon Greatsword - near Cathedral of Manus Celes, may be sweep-granted by Omenkiller (m60_35_42) [f400393]
3741	400393	set	cone root NPC_STATE(3741) at m60_35_42_00.emevd.dcx.js:90005750 set by common.emevd.dcx.js:3049	questline_conditions	Rani gang is hostile	ラニ一味敵対	emevd_event	5	extractor-cone-root-budget-capped	questline_conditions:400393:m60_35_42_00.emevd.dcx.js:90005750:0	unknown	world			Liurnia	unknown	7770616	Liurnia :: Dark Moon Greatsword - near Cathedral of Manus Celes, may be sweep-granted by Omenkiller (m60_35_42) [f400393]
3745	400393	set	cone root NPC_STATE(3745) at m60_35_42_00.emevd.dcx.js:90005750 set by common.emevd.dcx.js:3759	questline_conditions	NPC106 Rani_Character state transition	NPC106ラニ_キャラ状態遷移	emevd_event	2	extractor-cone-root-budget-capped	questline_conditions:400393:m60_35_42_00.emevd.dcx.js:90005750:0	unknown	world			Liurnia	unknown	7770616	Liurnia :: Dark Moon Greatsword - near Cathedral of Manus Celes, may be sweep-granted by Omenkiller (m60_35_42) [f400393]
3746	400393	set	cone root NPC_STATE(3746) at m60_35_42_00.emevd.dcx.js:90005750 set by common.emevd.dcx.js:3759	questline_conditions	NPC106 Rani_Character state transition	NPC106ラニ_キャラ状態遷移	emevd_event	2	extractor-cone-root-budget-capped	questline_conditions:400393:m60_35_42_00.emevd.dcx.js:90005750:0	unknown	world			Liurnia	unknown	7770616	Liurnia :: Dark Moon Greatsword - near Cathedral of Manus Celes, may be sweep-granted by Omenkiller (m60_35_42) [f400393]
3747	400393	set	cone root NPC_STATE(3747) at m60_35_42_00.emevd.dcx.js:90005750 set by common.emevd.dcx.js:3759	questline_conditions	NPC106 Rani_Character state transition	NPC106ラニ_キャラ状態遷移	emevd_event	2	extractor-cone-root-budget-capped	questline_conditions:400393:m60_35_42_00.emevd.dcx.js:90005750:0	unknown	world			Liurnia	unknown	7770616	Liurnia :: Dark Moon Greatsword - near Cathedral of Manus Celes, may be sweep-granted by Omenkiller (m60_35_42) [f400393]
3748	400393	set	cone root NPC_STATE(3748) at m60_35_42_00.emevd.dcx.js:90005750 set by common.emevd.dcx.js:3759	questline_conditions	NPC106 Rani_Character state transition	NPC106ラニ_キャラ状態遷移	emevd_event	2	extractor-cone-root-budget-capped	questline_conditions:400393:m60_35_42_00.emevd.dcx.js:90005750:0	unknown	world			Liurnia	unknown	7770616	Liurnia :: Dark Moon Greatsword - near Cathedral of Manus Celes, may be sweep-granted by Omenkiller (m60_35_42) [f400393]
3749	400393	set	cone root NPC_STATE(3749) at m60_35_42_00.emevd.dcx.js:90005750 set by common.emevd.dcx.js:3759	questline_conditions	NPC106 Rani_Character state transition	NPC106ラニ_キャラ状態遷移	emevd_event	2	extractor-cone-root-budget-capped	questline_conditions:400393:m60_35_42_00.emevd.dcx.js:90005750:0	unknown	world			Liurnia	unknown	7770616	Liurnia :: Dark Moon Greatsword - near Cathedral of Manus Celes, may be sweep-granted by Omenkiller (m60_35_42) [f400393]
3750	400393	set	cone root NPC_STATE(3750) at m60_35_42_00.emevd.dcx.js:90005750 set by common.emevd.dcx.js:3759	questline_conditions	NPC106 Rani_Character state transition	NPC106ラニ_キャラ状態遷移	emevd_event	2	extractor-cone-root-budget-capped	questline_conditions:400393:m60_35_42_00.emevd.dcx.js:90005750:0	unknown	world			Liurnia	unknown	7770616	Liurnia :: Dark Moon Greatsword - near Cathedral of Manus Celes, may be sweep-granted by Omenkiller (m60_35_42) [f400393]
3760	400393	set	cone root NPC_STATE(3760) at m60_35_42_00.emevd.dcx.js:90005750 set by common.emevd.dcx.js:3779	questline_conditions	NPC330_Atonement Priest_Performing absolution	NPC330_贖罪司祭_免罪実行	emevd_event	5	extractor-cone-root-budget-capped	questline_conditions:400393:m60_35_42_00.emevd.dcx.js:90005750:0	unknown	world			Liurnia	unknown	7770616	Liurnia :: Dark Moon Greatsword - near Cathedral of Manus Celes, may be sweep-granted by Omenkiller (m60_35_42) [f400393]
3761	400393	set	cone root NPC_STATE(3761) at m60_35_42_00.emevd.dcx.js:90005750 set by common.emevd.dcx.js:3049	questline_conditions	Rani gang is hostile	ラニ一味敵対	emevd_event	4	extractor-cone-root-budget-capped	questline_conditions:400393:m60_35_42_00.emevd.dcx.js:90005750:0	unknown	world			Liurnia	unknown	7770616	Liurnia :: Dark Moon Greatsword - near Cathedral of Manus Celes, may be sweep-granted by Omenkiller (m60_35_42) [f400393]
3763	400393	set	cone root NPC_STATE(3763) at m60_35_42_00.emevd.dcx.js:90005750 set by common.emevd.dcx.js:3779	questline_conditions	NPC224 Grandpa_Character state transition	NPC224爺や_キャラ状態遷移	emevd_event	4	extractor-cone-root-budget-capped	questline_conditions:400393:m60_35_42_00.emevd.dcx.js:90005750:0	unknown	world			Liurnia	unknown	7770616	Liurnia :: Dark Moon Greatsword - near Cathedral of Manus Celes, may be sweep-granted by Omenkiller (m60_35_42) [f400393]
3765	400393	set	cone root NPC_STATE(3765) at m60_35_42_00.emevd.dcx.js:90005750 set by common.emevd.dcx.js:3779	questline_conditions	NPC224 Grandpa_Character state transition	NPC224爺や_キャラ状態遷移	emevd_event	2	extractor-cone-root-budget-capped	questline_conditions:400393:m60_35_42_00.emevd.dcx.js:90005750:0	unknown	world			Liurnia	unknown	7770616	Liurnia :: Dark Moon Greatsword - near Cathedral of Manus Celes, may be sweep-granted by Omenkiller (m60_35_42) [f400393]
3766	400393	set	cone root NPC_STATE(3766) at m60_35_42_00.emevd.dcx.js:90005750 set by common.emevd.dcx.js:3779	questline_conditions	NPC224 Grandpa_Character state transition	NPC224爺や_キャラ状態遷移	emevd_event	2	extractor-cone-root-budget-capped	questline_conditions:400393:m60_35_42_00.emevd.dcx.js:90005750:0	unknown	world			Liurnia	unknown	7770616	Liurnia :: Dark Moon Greatsword - near Cathedral of Manus Celes, may be sweep-granted by Omenkiller (m60_35_42) [f400393]
3767	400393	set	cone root NPC_STATE(3767) at m60_35_42_00.emevd.dcx.js:90005750 set by common.emevd.dcx.js:3779	questline_conditions	NPC224 Grandpa_Character state transition	NPC224爺や_キャラ状態遷移	emevd_event	2	extractor-cone-root-budget-capped	questline_conditions:400393:m60_35_42_00.emevd.dcx.js:90005750:0	unknown	world			Liurnia	unknown	7770616	Liurnia :: Dark Moon Greatsword - near Cathedral of Manus Celes, may be sweep-granted by Omenkiller (m60_35_42) [f400393]
9130	400393	set	cone root BOSS_KILL(9130) at m60_35_42_00.emevd.dcx.js:90005750 set by m60_52_38_00.emevd.dcx.js:1252382800	questline_conditions	Defeat the boss	ボス撃破	emevd_event	1	extractor-cone-root-budget-capped	questline_conditions:400393:m60_35_42_00.emevd.dcx.js:90005750:0	unknown	world			Liurnia	unknown	7770616	Liurnia :: Dark Moon Greatsword - near Cathedral of Manus Celes, may be sweep-granted by Omenkiller (m60_35_42) [f400393]
9412	400393	set	cone root BOSS_KILL(9412) at m60_35_42_00.emevd.dcx.js:90005750 set by m60_52_38_00.emevd.dcx.js:1252382800	questline_conditions	Defeat the boss	ボス撃破	emevd_event	1	extractor-cone-root-budget-capped	questline_conditions:400393:m60_35_42_00.emevd.dcx.js:90005750:0	unknown	world			Liurnia	unknown	7770616	Liurnia :: Dark Moon Greatsword - near Cathedral of Manus Celes, may be sweep-granted by Omenkiller (m60_35_42) [f400393]
11109518	400393	set	cone root DIALOGUE_STEP(11109518) at m60_35_42_00.emevd.dcx.js:90005750 set by talk/m11_10_00_00-only/t325001110.py:t325001110_x31	questline_conditions	set by NPC talk 325001000 on m10_00_00_00		esd_talk	2	extractor-cone-root-budget-capped	questline_conditions:400393:m60_35_42_00.emevd.dcx.js:90005750:0	unknown	npc_state	Roundtable Hold	esd_talk_map	Liurnia	yes	7770616	Liurnia :: Dark Moon Greatsword - near Cathedral of Manus Celes, may be sweep-granted by Omenkiller (m60_35_42) [f400393]
12029155	400393	set	cone root DIALOGUE_STEP(12029155) at m60_35_42_00.emevd.dcx.js:90005750 set by talk/m12_02_00_00-only/t216001202.py:t216001202_x58	questline_conditions	set by NPC talk 216001202 on m12_02_00_00		esd_talk	2	extractor-cone-root-budget-capped	questline_conditions:400393:m60_35_42_00.emevd.dcx.js:90005750:0	unknown	npc_state	Siofra River	esd_talk_map	Liurnia	yes	7770616	Liurnia :: Dark Moon Greatsword - near Cathedral of Manus Celes, may be sweep-granted by Omenkiller (m60_35_42) [f400393]
12029156	400393	set	cone root DIALOGUE_STEP(12029156) at m60_35_42_00.emevd.dcx.js:90005750 set by talk/m12_02_00_00-only/t216001202.py:t216001202_x58	questline_conditions	set by NPC talk 216001202 on m12_02_00_00		esd_talk	2	extractor-cone-root-budget-capped	questline_conditions:400393:m60_35_42_00.emevd.dcx.js:90005750:0	unknown	npc_state	Siofra River	esd_talk_map	Liurnia	yes	7770616	Liurnia :: Dark Moon Greatsword - near Cathedral of Manus Celes, may be sweep-granted by Omenkiller (m60_35_42) [f400393]
12029157	400393	set	cone root DIALOGUE_STEP(12029157) at m60_35_42_00.emevd.dcx.js:90005750 set by talk/m12_02_00_00-only/t216001202.py:t216001202_x58	questline_conditions	set by NPC talk 216001202 on m12_02_00_00		esd_talk	2	extractor-cone-root-budget-capped	questline_conditions:400393:m60_35_42_00.emevd.dcx.js:90005750:0	unknown	npc_state	Siofra River	esd_talk_map	Liurnia	yes	7770616	Liurnia :: Dark Moon Greatsword - near Cathedral of Manus Celes, may be sweep-granted by Omenkiller (m60_35_42) [f400393]
1034499238	400393	set	cone root DIALOGUE_STEP(1034499238) at m60_35_42_00.emevd.dcx.js:90005750 set by talk/m60_00_00_00-only/t224006000.py:t224006000_x30	questline_conditions	set by NPC talk 224006000 on m60_00_00_00		esd_talk	1	extractor-cone-root-budget-capped	questline_conditions:400393:m60_35_42_00.emevd.dcx.js:90005750:0	unknown	npc_state	Liurnia	flag_decode	Liurnia	no	7770616	Liurnia :: Dark Moon Greatsword - near Cathedral of Manus Celes, may be sweep-granted by Omenkiller (m60_35_42) [f400393]
1034509310	400393	set	cone root DIALOGUE_STEP(1034509310) at m60_35_42_00.emevd.dcx.js:90005750 set by talk/m60_00_00_00-only/t307006000.py:t307006000_x71	questline_conditions	set by NPC talk 307006000 on m60_00_00_00		esd_talk	1	extractor-cone-root-budget-capped	questline_conditions:400393:m60_35_42_00.emevd.dcx.js:90005750:0	unknown	npc_state	Liurnia	flag_decode	Liurnia	no	7770616	Liurnia :: Dark Moon Greatsword - near Cathedral of Manus Celes, may be sweep-granted by Omenkiller (m60_35_42) [f400393]
1034509311	400393	set	cone root DIALOGUE_STEP(1034509311) at m60_35_42_00.emevd.dcx.js:90005750 set by talk/m60_00_00_00-only/t307006000.py:t307006000_x71	questline_conditions	set by NPC talk 307006000 on m60_00_00_00		esd_talk	1	extractor-cone-root-budget-capped	questline_conditions:400393:m60_35_42_00.emevd.dcx.js:90005750:0	unknown	npc_state	Liurnia	flag_decode	Liurnia	no	7770616	Liurnia :: Dark Moon Greatsword - near Cathedral of Manus Celes, may be sweep-granted by Omenkiller (m60_35_42) [f400393]
1034509312	400393	set	cone root DIALOGUE_STEP(1034509312) at m60_35_42_00.emevd.dcx.js:90005750 set by talk/m60_00_00_00-only/t307006000.py:t307006000_x71	questline_conditions	set by NPC talk 307006000 on m60_00_00_00		esd_talk	1	extractor-cone-root-budget-capped	questline_conditions:400393:m60_35_42_00.emevd.dcx.js:90005750:0	unknown	npc_state	Liurnia	flag_decode	Liurnia	no	7770616	Liurnia :: Dark Moon Greatsword - near Cathedral of Manus Celes, may be sweep-granted by Omenkiller (m60_35_42) [f400393]
1034509313	400393	set	cone root DIALOGUE_STEP(1034509313) at m60_35_42_00.emevd.dcx.js:90005750 set by talk/m60_00_00_00-only/t307006000.py:t307006000_x71	questline_conditions	set by NPC talk 307006000 on m60_00_00_00		esd_talk	1	extractor-cone-root-budget-capped	questline_conditions:400393:m60_35_42_00.emevd.dcx.js:90005750:0	unknown	npc_state	Liurnia	flag_decode	Liurnia	no	7770616	Liurnia :: Dark Moon Greatsword - near Cathedral of Manus Celes, may be sweep-granted by Omenkiller (m60_35_42) [f400393]
1034509315	400393	set	cone root DIALOGUE_STEP(1034509315) at m60_35_42_00.emevd.dcx.js:90005750 set by talk/m60_00_00_00-only/t307006000.py:t307006000_x71	questline_conditions	set by NPC talk 307006000 on m60_00_00_00		esd_talk	1	extractor-cone-root-budget-capped	questline_conditions:400393:m60_35_42_00.emevd.dcx.js:90005750:0	unknown	npc_state	Liurnia	flag_decode	Liurnia	no	7770616	Liurnia :: Dark Moon Greatsword - near Cathedral of Manus Celes, may be sweep-granted by Omenkiller (m60_35_42) [f400393]
1034509328	400393	set	cone root DIALOGUE_STEP(1034509328) at m60_35_42_00.emevd.dcx.js:90005750 set by talk/m60_00_00_00-only/t307006000.py:t307006000_x17	questline_conditions	set by NPC talk 307006000 on m60_00_00_00		esd_talk	1	extractor-cone-root-budget-capped	questline_conditions:400393:m60_35_42_00.emevd.dcx.js:90005750:0	unknown	npc_state	Liurnia	flag_decode	Liurnia	no	7770616	Liurnia :: Dark Moon Greatsword - near Cathedral of Manus Celes, may be sweep-granted by Omenkiller (m60_35_42) [f400393]
1034509335	400393	set	cone root DIALOGUE_STEP(1034509335) at m60_35_42_00.emevd.dcx.js:90005750 set by talk/m60_00_00_00-only/t307006000.py:t307006000_x70	questline_conditions	set by NPC talk 307006000 on m60_00_00_00		esd_talk	1	extractor-cone-root-budget-capped	questline_conditions:400393:m60_35_42_00.emevd.dcx.js:90005750:0	unknown	npc_state	Liurnia	flag_decode	Liurnia	no	7770616	Liurnia :: Dark Moon Greatsword - near Cathedral of Manus Celes, may be sweep-granted by Omenkiller (m60_35_42) [f400393]
1034509338	400393	set	cone root DIALOGUE_STEP(1034509338) at m60_35_42_00.emevd.dcx.js:90005750 set by talk/m60_00_00_00-only/t307006000.py:t307006000_x71	questline_conditions	set by NPC talk 307006000 on m60_00_00_00		esd_talk	1	extractor-cone-root-budget-capped	questline_conditions:400393:m60_35_42_00.emevd.dcx.js:90005750:0	unknown	npc_state	Liurnia	flag_decode	Liurnia	no	7770616	Liurnia :: Dark Moon Greatsword - near Cathedral of Manus Celes, may be sweep-granted by Omenkiller (m60_35_42) [f400393]
1034509405	400393	set	cone root DIALOGUE_STEP(1034509405) at m60_35_42_00.emevd.dcx.js:90005750 set by talk/m60_00_00_00-only/t106016000.py:t106016000_x12	questline_conditions	set by NPC talk 106016000 on m60_00_00_00		esd_talk	1	extractor-cone-root-budget-capped	questline_conditions:400393:m60_35_42_00.emevd.dcx.js:90005750:0	unknown	npc_state	Liurnia	flag_decode	Liurnia	no	7770616	Liurnia :: Dark Moon Greatsword - near Cathedral of Manus Celes, may be sweep-granted by Omenkiller (m60_35_42) [f400393]
1034509406	400393	set	cone root DIALOGUE_STEP(1034509406) at m60_35_42_00.emevd.dcx.js:90005750 set by talk/m60_00_00_00-only/t106026000.py:t106026000_x35	questline_conditions	set by NPC talk 106026000 on m60_00_00_00		esd_talk	1	extractor-cone-root-budget-capped	questline_conditions:400393:m60_35_42_00.emevd.dcx.js:90005750:0	unknown	npc_state	Liurnia	flag_decode	Liurnia	no	7770616	Liurnia :: Dark Moon Greatsword - near Cathedral of Manus Celes, may be sweep-granted by Omenkiller (m60_35_42) [f400393]
1034509410	400393	set	cone root DIALOGUE_STEP(1034509410) at m60_35_42_00.emevd.dcx.js:90005750 set by talk/m60_00_00_00-only/t106016000.py:t106016000_x64	questline_conditions	set by NPC talk 106016000 on m60_00_00_00		esd_talk	1	extractor-cone-root-budget-capped	questline_conditions:400393:m60_35_42_00.emevd.dcx.js:90005750:0	unknown	npc_state	Liurnia	flag_decode	Liurnia	no	7770616	Liurnia :: Dark Moon Greatsword - near Cathedral of Manus Celes, may be sweep-granted by Omenkiller (m60_35_42) [f400393]
1034509411	400393	set	cone root DIALOGUE_STEP(1034509411) at m60_35_42_00.emevd.dcx.js:90005750 set by talk/m60_00_00_00-only/t106016000.py:t106016000_x64	questline_conditions	set by NPC talk 106016000 on m60_00_00_00		esd_talk	1	extractor-cone-root-budget-capped	questline_conditions:400393:m60_35_42_00.emevd.dcx.js:90005750:0	unknown	npc_state	Liurnia	flag_decode	Liurnia	no	7770616	Liurnia :: Dark Moon Greatsword - near Cathedral of Manus Celes, may be sweep-granted by Omenkiller (m60_35_42) [f400393]
1034509420	400393	set	cone root DIALOGUE_STEP(1034509420) at m60_35_42_00.emevd.dcx.js:90005750 set by talk/m60_00_00_00-only/t106016000.py:t106016000_x64	questline_conditions	set by NPC talk 106016000 on m60_00_00_00		esd_talk	1	extractor-cone-root-budget-capped	questline_conditions:400393:m60_35_42_00.emevd.dcx.js:90005750:0	unknown	npc_state	Liurnia	flag_decode	Liurnia	no	7770616	Liurnia :: Dark Moon Greatsword - near Cathedral of Manus Celes, may be sweep-granted by Omenkiller (m60_35_42) [f400393]
1034509421	400393	set	cone root DIALOGUE_STEP(1034509421) at m60_35_42_00.emevd.dcx.js:90005750 set by talk/m60_00_00_00-only/t106016000.py:t106016000_x64	questline_conditions	set by NPC talk 106016000 on m60_00_00_00		esd_talk	1	extractor-cone-root-budget-capped	questline_conditions:400393:m60_35_42_00.emevd.dcx.js:90005750:0	unknown	npc_state	Liurnia	flag_decode	Liurnia	no	7770616	Liurnia :: Dark Moon Greatsword - near Cathedral of Manus Celes, may be sweep-granted by Omenkiller (m60_35_42) [f400393]
1034509422	400393	set	cone root DIALOGUE_STEP(1034509422) at m60_35_42_00.emevd.dcx.js:90005750 set by talk/m60_00_00_00-only/t106016000.py:t106016000_x21	questline_conditions	set by NPC talk 106016000 on m60_00_00_00		esd_talk	1	extractor-cone-root-budget-capped	questline_conditions:400393:m60_35_42_00.emevd.dcx.js:90005750:0	unknown	npc_state	Liurnia	flag_decode	Liurnia	no	7770616	Liurnia :: Dark Moon Greatsword - near Cathedral of Manus Celes, may be sweep-granted by Omenkiller (m60_35_42) [f400393]
1034509424	400393	set	cone root DIALOGUE_STEP(1034509424) at m60_35_42_00.emevd.dcx.js:90005750 set by talk/m60_00_00_00-only/t106016000.py:t106016000_x30	questline_conditions	set by NPC talk 106016000 on m60_00_00_00		esd_talk	1	extractor-cone-root-budget-capped	questline_conditions:400393:m60_35_42_00.emevd.dcx.js:90005750:0	unknown	npc_state	Liurnia	flag_decode	Liurnia	no	7770616	Liurnia :: Dark Moon Greatsword - near Cathedral of Manus Celes, may be sweep-granted by Omenkiller (m60_35_42) [f400393]
1034509425	400393	set	cone root DIALOGUE_STEP(1034509425) at m60_35_42_00.emevd.dcx.js:90005750 set by talk/m60_00_00_00-only/t106016000.py:t106016000_x30	questline_conditions	NPC106 Rani_Character state transition	NPC106ラニ_キャラ状態遷移	emevd_event	1	extractor-cone-root-budget-capped	questline_conditions:400393:m60_35_42_00.emevd.dcx.js:90005750:0	unknown	npc_state	Liurnia	flag_decode	Liurnia	no	7770616	Liurnia :: Dark Moon Greatsword - near Cathedral of Manus Celes, may be sweep-granted by Omenkiller (m60_35_42) [f400393]
1034509432	400393	set	cone root DIALOGUE_STEP(1034509432) at m60_35_42_00.emevd.dcx.js:90005750 set by talk/m60_00_00_00-only/t106016000.py:t106016000_x64	questline_conditions	set by NPC talk 106016000 on m60_00_00_00		esd_talk	1	extractor-cone-root-budget-capped	questline_conditions:400393:m60_35_42_00.emevd.dcx.js:90005750:0	unknown	npc_state	Liurnia	flag_decode	Liurnia	no	7770616	Liurnia :: Dark Moon Greatsword - near Cathedral of Manus Celes, may be sweep-granted by Omenkiller (m60_35_42) [f400393]
1037469289	400393	set	cone root DIALOGUE_STEP(1037469289) at m60_35_42_00.emevd.dcx.js:90005750 set by talk/m60_00_00_00-only/t330016000.py:t330016000_x3	questline_conditions	set by NPC talk 330016000 on m60_00_00_00		esd_talk	1	extractor-cone-root-budget-capped	questline_conditions:400393:m60_35_42_00.emevd.dcx.js:90005750:0	unknown	npc_state	Liurnia	flag_decode	Liurnia	no	7770616	Liurnia :: Dark Moon Greatsword - near Cathedral of Manus Celes, may be sweep-granted by Omenkiller (m60_35_42) [f400393]
1042369407	400393	set	cone root DIALOGUE_STEP(1042369407) at m60_35_42_00.emevd.dcx.js:90005750 set by talk/m60_00_00_00-only/t106006000.py:t106006000_x30	questline_conditions	set by NPC talk 106006000 on m60_00_00_00		esd_talk	1	extractor-cone-root-budget-capped	questline_conditions:400393:m60_35_42_00.emevd.dcx.js:90005750:0	unknown	npc_state	Limgrave	flag_decode	Liurnia	yes	7770616	Liurnia :: Dark Moon Greatsword - near Cathedral of Manus Celes, may be sweep-granted by Omenkiller (m60_35_42) [f400393]
1042369408	400393	set	cone root DIALOGUE_STEP(1042369408) at m60_35_42_00.emevd.dcx.js:90005750 set by talk/m60_00_00_00-only/t106006000.py:t106006000_x30	questline_conditions	set by NPC talk 106006000 on m60_00_00_00		esd_talk	1	extractor-cone-root-budget-capped	questline_conditions:400393:m60_35_42_00.emevd.dcx.js:90005750:0	unknown	npc_state	Limgrave	flag_decode	Liurnia	yes	7770616	Liurnia :: Dark Moon Greatsword - near Cathedral of Manus Celes, may be sweep-granted by Omenkiller (m60_35_42) [f400393]
1042369411	400393	set	cone root BOSS_KILL(1042369411) at m60_35_42_00.emevd.dcx.js:90005750 set by m60_42_36_00.emevd.dcx.js:1042360711	questline_conditions	NPC106_Rani_Church appearance monitoring event	NPC106_ラニ_教会出現監視イベント	emevd_event	2	extractor-cone-root-budget-capped	questline_conditions:400393:m60_35_42_00.emevd.dcx.js:90005750:0	unknown	world	Limgrave	flag_decode	Liurnia	yes	7770616	Liurnia :: Dark Moon Greatsword - near Cathedral of Manus Celes, may be sweep-granted by Omenkiller (m60_35_42) [f400393]
1044349255	400393	set	cone root DIALOGUE_STEP(1044349255) at m60_35_42_00.emevd.dcx.js:90005750 set by talk/m12_02_00_00-only/t216001202.py:t216001202_x58	questline_conditions	set by NPC talk 216001202 on m12_02_00_00		esd_talk	2	extractor-cone-root-budget-capped	questline_conditions:400393:m60_35_42_00.emevd.dcx.js:90005750:0	unknown	npc_state	Weeping	flag_decode	Liurnia	yes	7770616	Liurnia :: Dark Moon Greatsword - near Cathedral of Manus Celes, may be sweep-granted by Omenkiller (m60_35_42) [f400393]
1044350800	400393	set	cone root BOSS_KILL(1044350800) at m60_35_42_00.emevd.dcx.js:90005750 set by common_func.emevd.dcx.js:90005880	questline_conditions					extractor-cone-root-budget-capped	questline_conditions:400393:m60_35_42_00.emevd.dcx.js:90005750:0	unknown	world	Limgrave	flag_decode	Liurnia	yes	7770616	Liurnia :: Dark Moon Greatsword - near Cathedral of Manus Celes, may be sweep-granted by Omenkiller (m60_35_42) [f400393]
1044359256	400393	set	cone root DIALOGUE_STEP(1044359256) at m60_35_42_00.emevd.dcx.js:90005750 set by talk/m12_02_00_00-only/t216001202.py:t216001202_x58	questline_conditions	set by NPC talk 216001202 on m12_02_00_00		esd_talk	2	extractor-cone-root-budget-capped	questline_conditions:400393:m60_35_42_00.emevd.dcx.js:90005750:0	unknown	npc_state	Limgrave	flag_decode	Liurnia	yes	7770616	Liurnia :: Dark Moon Greatsword - near Cathedral of Manus Celes, may be sweep-granted by Omenkiller (m60_35_42) [f400393]
1045379205	400393	set	cone root DIALOGUE_STEP(1045379205) at m60_35_42_00.emevd.dcx.js:90005750 set by talk/m12_02_00_00-only/t216001202.py:t216001202_x58	questline_conditions	set by NPC talk 216001202 on m12_02_00_00		esd_talk	2	extractor-cone-root-budget-capped	questline_conditions:400393:m60_35_42_00.emevd.dcx.js:90005750:0	unknown	npc_state	Siofra River	esd_talk_map	Liurnia	yes	7770616	Liurnia :: Dark Moon Greatsword - near Cathedral of Manus Celes, may be sweep-granted by Omenkiller (m60_35_42) [f400393]
1052389305	400393	set	cone root DIALOGUE_STEP(1052389305) at m60_35_42_00.emevd.dcx.js:90005750 set by talk/m12_02_00_00-only/t216001202.py:t216001202_x58	questline_conditions	set by NPC talk 216001202 on m12_02_00_00		esd_talk	2	extractor-cone-root-budget-capped	questline_conditions:400393:m60_35_42_00.emevd.dcx.js:90005750:0	unknown	npc_state	Caelid	flag_decode	Liurnia	yes	7770616	Liurnia :: Dark Moon Greatsword - near Cathedral of Manus Celes, may be sweep-granted by Omenkiller (m60_35_42) [f400393]
1052389306	400393	set	cone root DIALOGUE_STEP(1052389306) at m60_35_42_00.emevd.dcx.js:90005750 set by talk/m12_02_00_00-only/t216001202.py:t216001202_x21	questline_conditions	set by NPC talk 216001202 on m12_02_00_00		esd_talk	2	extractor-cone-root-budget-capped	questline_conditions:400393:m60_35_42_00.emevd.dcx.js:90005750:0	unknown	npc_state	Caelid	flag_decode	Liurnia	yes	7770616	Liurnia :: Dark Moon Greatsword - near Cathedral of Manus Celes, may be sweep-granted by Omenkiller (m60_35_42) [f400393]
goods:2130	400393	set	cone root ITEM_POSSESSION(2130) at m60_35_42_00.emevd.dcx.js:90005750 set by m60_35_42_00.emevd.dcx.js	questline_conditions					extractor-cone-root-budget-capped	questline_conditions:400393:m60_35_42_00.emevd.dcx.js:90005750:0	unknown	item			Liurnia	unknown	7770616	Liurnia :: Dark Moon Greatsword - near Cathedral of Manus Celes, may be sweep-granted by Omenkiller (m60_35_42) [f400393]
goods:8142	400393	set	cone root ITEM_POSSESSION(8142) at m60_35_42_00.emevd.dcx.js:90005750 set by m60_35_42_00.emevd.dcx.js	questline_conditions					extractor-cone-root-budget-capped	questline_conditions:400393:m60_35_42_00.emevd.dcx.js:90005750:0	unknown	item			Liurnia	unknown	7770616	Liurnia :: Dark Moon Greatsword - near Cathedral of Manus Celes, may be sweep-granted by Omenkiller (m60_35_42) [f400393]
goods:8159	400393	set	cone root ITEM_POSSESSION(8159) at m60_35_42_00.emevd.dcx.js:90005750 set by m60_35_42_00.emevd.dcx.js	questline_conditions					extractor-cone-root-budget-capped	questline_conditions:400393:m60_35_42_00.emevd.dcx.js:90005750:0	unknown	item			Liurnia	unknown	7770616	Liurnia :: Dark Moon Greatsword - near Cathedral of Manus Celes, may be sweep-granted by Omenkiller (m60_35_42) [f400393]
goods:8164	400393	set	cone root ITEM_POSSESSION(8164) at m60_35_42_00.emevd.dcx.js:90005750 set by m60_35_42_00.emevd.dcx.js	questline_conditions					extractor-cone-root-budget-capped	questline_conditions:400393:m60_35_42_00.emevd.dcx.js:90005750:0	unknown	item			Liurnia	unknown	7770616	Liurnia :: Dark Moon Greatsword - near Cathedral of Manus Celes, may be sweep-granted by Omenkiller (m60_35_42) [f400393]
goods:8166	400393	set	cone root ITEM_POSSESSION(8166) at m60_35_42_00.emevd.dcx.js:90005750 set by m60_35_42_00.emevd.dcx.js	questline_conditions					extractor-cone-root-budget-capped	questline_conditions:400393:m60_35_42_00.emevd.dcx.js:90005750:0	unknown	item			Liurnia	unknown	7770616	Liurnia :: Dark Moon Greatsword - near Cathedral of Manus Celes, may be sweep-granted by Omenkiller (m60_35_42) [f400393]
map:m60_35	400393	set	cone root MAP_ACCESS(m60_35) at m60_35_42_00.emevd.dcx.js:90005750 set by m60_35_42_00.emevd.dcx.js	questline_conditions					extractor-cone-root-budget-capped	questline_conditions:400393:m60_35_42_00.emevd.dcx.js:90005750:0	unknown	map_access			Liurnia	unknown	7770616	Liurnia :: Dark Moon Greatsword - near Cathedral of Manus Celes, may be sweep-granted by Omenkiller (m60_35_42) [f400393]
map:m60_37	400393	set	cone root MAP_ACCESS(m60_37) at m60_35_42_00.emevd.dcx.js:90005750 set by m60_37_46_00.emevd.dcx.js	questline_conditions					extractor-cone-root-budget-capped	questline_conditions:400393:m60_35_42_00.emevd.dcx.js:90005750:0	unknown	map_access			Liurnia	unknown	7770616	Liurnia :: Dark Moon Greatsword - near Cathedral of Manus Celes, may be sweep-granted by Omenkiller (m60_35_42) [f400393]
1034509430	400394	set	$InitializeCommonEvent(90005750) arg5	lot_gates	NPC106 Rani_Character state transition	NPC106ラニ_キャラ状態遷移	emevd_event	1	commonarg-positive-by-construction	lot_gates:400394:90005750	single	world	Liurnia	flag_decode	Ainsel River	yes	7770617	Ainsel River :: Miniature Ranni - around Dragonkin Soldier of Nokstella, may be sweep-granted by Dragonkin Soldier (m12_01) [f400394]
3560	400394	set	cone root NPC_STATE(3560) at m12_01_00_00.emevd.dcx.js:90005750 set by common.emevd.dcx.js:3579	questline_conditions	NPC330_Atonement Priest_Performing absolution	NPC330_贖罪司祭_免罪実行	emevd_event	5	extractor-cone-root-budget-capped	questline_conditions:400394:m12_01_00_00.emevd.dcx.js:90005750:0	unknown	world			Ainsel River	unknown	7770617	Ainsel River :: Miniature Ranni - around Dragonkin Soldier of Nokstella, may be sweep-granted by Dragonkin Soldier (m12_01) [f400394]
3561	400394	set	cone root NPC_STATE(3561) at m12_01_00_00.emevd.dcx.js:90005750 set by common.emevd.dcx.js:3049	questline_conditions	Rani gang is hostile	ラニ一味敵対	emevd_event	4	extractor-cone-root-budget-capped	questline_conditions:400394:m12_01_00_00.emevd.dcx.js:90005750:0	unknown	world			Ainsel River	unknown	7770617	Ainsel River :: Miniature Ranni - around Dragonkin Soldier of Nokstella, may be sweep-granted by Dragonkin Soldier (m12_01) [f400394]
3565	400394	set	cone root NPC_STATE(3565) at m12_01_00_00.emevd.dcx.js:90005750 set by common.emevd.dcx.js:3579	questline_conditions	NPC307 Puppeteer_Character state transition	NPC307傀儡師_キャラ状態遷移	emevd_event	2	extractor-cone-root-budget-capped	questline_conditions:400394:m12_01_00_00.emevd.dcx.js:90005750:0	unknown	world			Ainsel River	unknown	7770617	Ainsel River :: Miniature Ranni - around Dragonkin Soldier of Nokstella, may be sweep-granted by Dragonkin Soldier (m12_01) [f400394]
3566	400394	set	cone root NPC_STATE(3566) at m12_01_00_00.emevd.dcx.js:90005750 set by common.emevd.dcx.js:3579	questline_conditions	NPC307 Puppeteer_Character state transition	NPC307傀儡師_キャラ状態遷移	emevd_event	2	extractor-cone-root-budget-capped	questline_conditions:400394:m12_01_00_00.emevd.dcx.js:90005750:0	unknown	world			Ainsel River	unknown	7770617	Ainsel River :: Miniature Ranni - around Dragonkin Soldier of Nokstella, may be sweep-granted by Dragonkin Soldier (m12_01) [f400394]
3567	400394	set	cone root NPC_STATE(3567) at m12_01_00_00.emevd.dcx.js:90005750 set by common.emevd.dcx.js:3579	questline_conditions	NPC307 Puppeteer_Character state transition	NPC307傀儡師_キャラ状態遷移	emevd_event	2	extractor-cone-root-budget-capped	questline_conditions:400394:m12_01_00_00.emevd.dcx.js:90005750:0	unknown	world			Ainsel River	unknown	7770617	Ainsel River :: Miniature Ranni - around Dragonkin Soldier of Nokstella, may be sweep-granted by Dragonkin Soldier (m12_01) [f400394]
3568	400394	set	cone root NPC_STATE(3568) at m12_01_00_00.emevd.dcx.js:90005750 set by common.emevd.dcx.js:3579	questline_conditions	NPC307 Puppeteer_Character state transition	NPC307傀儡師_キャラ状態遷移	emevd_event	2	extractor-cone-root-budget-capped	questline_conditions:400394:m12_01_00_00.emevd.dcx.js:90005750:0	unknown	world			Ainsel River	unknown	7770617	Ainsel River :: Miniature Ranni - around Dragonkin Soldier of Nokstella, may be sweep-granted by Dragonkin Soldier (m12_01) [f400394]
3600	400394	set	cone root NPC_STATE(3600) at m12_01_00_00.emevd.dcx.js:90005750 set by common.emevd.dcx.js:3619	questline_conditions	NPC330_Atonement Priest_Performing absolution	NPC330_贖罪司祭_免罪実行	emevd_event	5	extractor-cone-root-budget-capped	questline_conditions:400394:m12_01_00_00.emevd.dcx.js:90005750:0	unknown	world			Ainsel River	unknown	7770617	Ainsel River :: Miniature Ranni - around Dragonkin Soldier of Nokstella, may be sweep-granted by Dragonkin Soldier (m12_01) [f400394]
3601	400394	set	cone root NPC_STATE(3601) at m12_01_00_00.emevd.dcx.js:90005750 set by common.emevd.dcx.js:3049	questline_conditions	Rani gang is hostile	ラニ一味敵対	emevd_event	5	extractor-cone-root-budget-capped	questline_conditions:400394:m12_01_00_00.emevd.dcx.js:90005750:0	unknown	world			Ainsel River	unknown	7770617	Ainsel River :: Miniature Ranni - around Dragonkin Soldier of Nokstella, may be sweep-granted by Dragonkin Soldier (m12_01) [f400394]
3603	400394	set	cone root BOSS_KILL(3603) at m12_01_00_00.emevd.dcx.js:90005750 set by common_func.emevd.dcx.js:90005702	questline_conditions	NPC330_Atonement Priest_Performing absolution	NPC330_贖罪司祭_免罪実行	emevd_batch	3	extractor-cone-root-budget-capped	questline_conditions:400394:m12_01_00_00.emevd.dcx.js:90005750:0	unknown	world			Ainsel River	unknown	7770617	Ainsel River :: Miniature Ranni - around Dragonkin Soldier of Nokstella, may be sweep-granted by Dragonkin Soldier (m12_01) [f400394]
3605	400394	set	cone root NPC_STATE(3605) at m12_01_00_00.emevd.dcx.js:90005750 set by common.emevd.dcx.js:3619	questline_conditions	NPC216 Wolf-Headed Warrior_Character state transition	NPC216狼頭の戦士_キャラ状態遷移	emevd_event	2	extractor-cone-root-budget-capped	questline_conditions:400394:m12_01_00_00.emevd.dcx.js:90005750:0	unknown	world			Ainsel River	unknown	7770617	Ainsel River :: Miniature Ranni - around Dragonkin Soldier of Nokstella, may be sweep-granted by Dragonkin Soldier (m12_01) [f400394]
3606	400394	set	cone root NPC_STATE(3606) at m12_01_00_00.emevd.dcx.js:90005750 set by common.emevd.dcx.js:3619	questline_conditions	NPC216 Wolf-Headed Warrior_Character state transition	NPC216狼頭の戦士_キャラ状態遷移	emevd_event	2	extractor-cone-root-budget-capped	questline_conditions:400394:m12_01_00_00.emevd.dcx.js:90005750:0	unknown	world			Ainsel River	unknown	7770617	Ainsel River :: Miniature Ranni - around Dragonkin Soldier of Nokstella, may be sweep-granted by Dragonkin Soldier (m12_01) [f400394]
3607	400394	set	cone root NPC_STATE(3607) at m12_01_00_00.emevd.dcx.js:90005750 set by common.emevd.dcx.js:3619	questline_conditions	NPC216 Wolf-Headed Warrior_Character state transition	NPC216狼頭の戦士_キャラ状態遷移	emevd_event	2	extractor-cone-root-budget-capped	questline_conditions:400394:m12_01_00_00.emevd.dcx.js:90005750:0	unknown	world			Ainsel River	unknown	7770617	Ainsel River :: Miniature Ranni - around Dragonkin Soldier of Nokstella, may be sweep-granted by Dragonkin Soldier (m12_01) [f400394]
3608	400394	set	cone root NPC_STATE(3608) at m12_01_00_00.emevd.dcx.js:90005750 set by common.emevd.dcx.js:3619	questline_conditions	NPC216 Wolf-Headed Warrior_Character state transition	NPC216狼頭の戦士_キャラ状態遷移	emevd_event	2	extractor-cone-root-budget-capped	questline_conditions:400394:m12_01_00_00.emevd.dcx.js:90005750:0	unknown	world			Ainsel River	unknown	7770617	Ainsel River :: Miniature Ranni - around Dragonkin Soldier of Nokstella, may be sweep-granted by Dragonkin Soldier (m12_01) [f400394]
3609	400394	set	cone root NPC_STATE(3609) at m12_01_00_00.emevd.dcx.js:90005750 set by common.emevd.dcx.js:3619	questline_conditions	NPC216 Wolf-Headed Warrior_Character state transition	NPC216狼頭の戦士_キャラ状態遷移	emevd_event	2	extractor-cone-root-budget-capped	questline_conditions:400394:m12_01_00_00.emevd.dcx.js:90005750:0	unknown	world			Ainsel River	unknown	7770617	Ainsel River :: Miniature Ranni - around Dragonkin Soldier of Nokstella, may be sweep-granted by Dragonkin Soldier (m12_01) [f400394]
3610	400394	set	cone root NPC_STATE(3610) at m12_01_00_00.emevd.dcx.js:90005750 set by common.emevd.dcx.js:3619	questline_conditions	NPC216 Wolf-Headed Warrior_Character state transition	NPC216狼頭の戦士_キャラ状態遷移	emevd_event	2	extractor-cone-root-budget-capped	questline_conditions:400394:m12_01_00_00.emevd.dcx.js:90005750:0	unknown	world			Ainsel River	unknown	7770617	Ainsel River :: Miniature Ranni - around Dragonkin Soldier of Nokstella, may be sweep-granted by Dragonkin Soldier (m12_01) [f400394]
3611	400394	set	cone root NPC_STATE(3611) at m12_01_00_00.emevd.dcx.js:90005750 set by common.emevd.dcx.js:3619	questline_conditions	NPC216 Wolf-Headed Warrior_Character state transition	NPC216狼頭の戦士_キャラ状態遷移	emevd_event	2	extractor-cone-root-budget-capped	questline_conditions:400394:m12_01_00_00.emevd.dcx.js:90005750:0	unknown	world			Ainsel River	unknown	7770617	Ainsel River :: Miniature Ranni - around Dragonkin Soldier of Nokstella, may be sweep-granted by Dragonkin Soldier (m12_01) [f400394]
3612	400394	set	cone root NPC_STATE(3612) at m12_01_00_00.emevd.dcx.js:90005750 set by common.emevd.dcx.js:3619	questline_conditions	NPC216 Wolf-Headed Warrior_Character state transition	NPC216狼頭の戦士_キャラ状態遷移	emevd_event	2	extractor-cone-root-budget-capped	questline_conditions:400394:m12_01_00_00.emevd.dcx.js:90005750:0	unknown	world			Ainsel River	unknown	7770617	Ainsel River :: Miniature Ranni - around Dragonkin Soldier of Nokstella, may be sweep-granted by Dragonkin Soldier (m12_01) [f400394]
3613	400394	set	cone root NPC_STATE(3613) at m12_01_00_00.emevd.dcx.js:90005750 set by common.emevd.dcx.js:3619	questline_conditions	NPC216 Wolf-Headed Warrior_Character state transition	NPC216狼頭の戦士_キャラ状態遷移	emevd_event	2	extractor-cone-root-budget-capped	questline_conditions:400394:m12_01_00_00.emevd.dcx.js:90005750:0	unknown	world			Ainsel River	unknown	7770617	Ainsel River :: Miniature Ranni - around Dragonkin Soldier of Nokstella, may be sweep-granted by Dragonkin Soldier (m12_01) [f400394]
3614	400394	set	cone root NPC_STATE(3614) at m12_01_00_00.emevd.dcx.js:90005750 set by common.emevd.dcx.js:3619	questline_conditions	NPC216 Wolf-Headed Warrior_Character state transition	NPC216狼頭の戦士_キャラ状態遷移	emevd_event	2	extractor-cone-root-budget-capped	questline_conditions:400394:m12_01_00_00.emevd.dcx.js:90005750:0	unknown	world			Ainsel River	unknown	7770617	Ainsel River :: Miniature Ranni - around Dragonkin Soldier of Nokstella, may be sweep-granted by Dragonkin Soldier (m12_01) [f400394]
3615	400394	set	cone root NPC_STATE(3615) at m12_01_00_00.emevd.dcx.js:90005750 set by common.emevd.dcx.js:3619	questline_conditions	NPC216 Wolf-Headed Warrior_Character state transition	NPC216狼頭の戦士_キャラ状態遷移	emevd_event	2	extractor-cone-root-budget-capped	questline_conditions:400394:m12_01_00_00.emevd.dcx.js:90005750:0	unknown	world			Ainsel River	unknown	7770617	Ainsel River :: Miniature Ranni - around Dragonkin Soldier of Nokstella, may be sweep-granted by Dragonkin Soldier (m12_01) [f400394]
3616	400394	set	cone root NPC_STATE(3616) at m12_01_00_00.emevd.dcx.js:90005750 set by common.emevd.dcx.js:3619	questline_conditions	NPC216 Wolf-Headed Warrior_Character state transition	NPC216狼頭の戦士_キャラ状態遷移	emevd_event	2	extractor-cone-root-budget-capped	questline_conditions:400394:m12_01_00_00.emevd.dcx.js:90005750:0	unknown	world			Ainsel River	unknown	7770617	Ainsel River :: Miniature Ranni - around Dragonkin Soldier of Nokstella, may be sweep-granted by Dragonkin Soldier (m12_01) [f400394]
3740	400394	set	cone root NPC_STATE(3740) at m12_01_00_00.emevd.dcx.js:90005750 set by common.emevd.dcx.js:3759	questline_conditions	NPC330_Atonement Priest_Performing absolution	NPC330_贖罪司祭_免罪実行	emevd_event	5	extractor-cone-root-budget-capped	questline_conditions:400394:m12_01_00_00.emevd.dcx.js:90005750:0	unknown	world			Ainsel River	unknown	7770617	Ainsel River :: Miniature Ranni - around Dragonkin Soldier of Nokstella, may be sweep-granted by Dragonkin Soldier (m12_01) [f400394]
3741	400394	set	cone root NPC_STATE(3741) at m12_01_00_00.emevd.dcx.js:90005750 set by common.emevd.dcx.js:3049	questline_conditions	Rani gang is hostile	ラニ一味敵対	emevd_event	5	extractor-cone-root-budget-capped	questline_conditions:400394:m12_01_00_00.emevd.dcx.js:90005750:0	unknown	world			Ainsel River	unknown	7770617	Ainsel River :: Miniature Ranni - around Dragonkin Soldier of Nokstella, may be sweep-granted by Dragonkin Soldier (m12_01) [f400394]
3745	400394	set	cone root NPC_STATE(3745) at m12_01_00_00.emevd.dcx.js:90005750 set by common.emevd.dcx.js:3759	questline_conditions	NPC106 Rani_Character state transition	NPC106ラニ_キャラ状態遷移	emevd_event	2	extractor-cone-root-budget-capped	questline_conditions:400394:m12_01_00_00.emevd.dcx.js:90005750:0	unknown	world			Ainsel River	unknown	7770617	Ainsel River :: Miniature Ranni - around Dragonkin Soldier of Nokstella, may be sweep-granted by Dragonkin Soldier (m12_01) [f400394]
3746	400394	set	cone root NPC_STATE(3746) at m12_01_00_00.emevd.dcx.js:90005750 set by common.emevd.dcx.js:3759	questline_conditions	NPC106 Rani_Character state transition	NPC106ラニ_キャラ状態遷移	emevd_event	2	extractor-cone-root-budget-capped	questline_conditions:400394:m12_01_00_00.emevd.dcx.js:90005750:0	unknown	world			Ainsel River	unknown	7770617	Ainsel River :: Miniature Ranni - around Dragonkin Soldier of Nokstella, may be sweep-granted by Dragonkin Soldier (m12_01) [f400394]
3747	400394	set	cone root NPC_STATE(3747) at m12_01_00_00.emevd.dcx.js:90005750 set by common.emevd.dcx.js:3759	questline_conditions	NPC106 Rani_Character state transition	NPC106ラニ_キャラ状態遷移	emevd_event	2	extractor-cone-root-budget-capped	questline_conditions:400394:m12_01_00_00.emevd.dcx.js:90005750:0	unknown	world			Ainsel River	unknown	7770617	Ainsel River :: Miniature Ranni - around Dragonkin Soldier of Nokstella, may be sweep-granted by Dragonkin Soldier (m12_01) [f400394]
3748	400394	set	cone root NPC_STATE(3748) at m12_01_00_00.emevd.dcx.js:90005750 set by common.emevd.dcx.js:3759	questline_conditions	NPC106 Rani_Character state transition	NPC106ラニ_キャラ状態遷移	emevd_event	2	extractor-cone-root-budget-capped	questline_conditions:400394:m12_01_00_00.emevd.dcx.js:90005750:0	unknown	world			Ainsel River	unknown	7770617	Ainsel River :: Miniature Ranni - around Dragonkin Soldier of Nokstella, may be sweep-granted by Dragonkin Soldier (m12_01) [f400394]
3749	400394	set	cone root NPC_STATE(3749) at m12_01_00_00.emevd.dcx.js:90005750 set by common.emevd.dcx.js:3759	questline_conditions	NPC106 Rani_Character state transition	NPC106ラニ_キャラ状態遷移	emevd_event	2	extractor-cone-root-budget-capped	questline_conditions:400394:m12_01_00_00.emevd.dcx.js:90005750:0	unknown	world			Ainsel River	unknown	7770617	Ainsel River :: Miniature Ranni - around Dragonkin Soldier of Nokstella, may be sweep-granted by Dragonkin Soldier (m12_01) [f400394]
3760	400394	set	cone root NPC_STATE(3760) at m12_01_00_00.emevd.dcx.js:90005750 set by common.emevd.dcx.js:3779	questline_conditions	NPC330_Atonement Priest_Performing absolution	NPC330_贖罪司祭_免罪実行	emevd_event	5	extractor-cone-root-budget-capped	questline_conditions:400394:m12_01_00_00.emevd.dcx.js:90005750:0	unknown	world			Ainsel River	unknown	7770617	Ainsel River :: Miniature Ranni - around Dragonkin Soldier of Nokstella, may be sweep-granted by Dragonkin Soldier (m12_01) [f400394]
3761	400394	set	cone root NPC_STATE(3761) at m12_01_00_00.emevd.dcx.js:90005750 set by common.emevd.dcx.js:3049	questline_conditions	Rani gang is hostile	ラニ一味敵対	emevd_event	4	extractor-cone-root-budget-capped	questline_conditions:400394:m12_01_00_00.emevd.dcx.js:90005750:0	unknown	world			Ainsel River	unknown	7770617	Ainsel River :: Miniature Ranni - around Dragonkin Soldier of Nokstella, may be sweep-granted by Dragonkin Soldier (m12_01) [f400394]
3763	400394	set	cone root NPC_STATE(3763) at m12_01_00_00.emevd.dcx.js:90005750 set by common.emevd.dcx.js:3779	questline_conditions	NPC224 Grandpa_Character state transition	NPC224爺や_キャラ状態遷移	emevd_event	4	extractor-cone-root-budget-capped	questline_conditions:400394:m12_01_00_00.emevd.dcx.js:90005750:0	unknown	world			Ainsel River	unknown	7770617	Ainsel River :: Miniature Ranni - around Dragonkin Soldier of Nokstella, may be sweep-granted by Dragonkin Soldier (m12_01) [f400394]
3765	400394	set	cone root NPC_STATE(3765) at m12_01_00_00.emevd.dcx.js:90005750 set by common.emevd.dcx.js:3779	questline_conditions	NPC224 Grandpa_Character state transition	NPC224爺や_キャラ状態遷移	emevd_event	2	extractor-cone-root-budget-capped	questline_conditions:400394:m12_01_00_00.emevd.dcx.js:90005750:0	unknown	world			Ainsel River	unknown	7770617	Ainsel River :: Miniature Ranni - around Dragonkin Soldier of Nokstella, may be sweep-granted by Dragonkin Soldier (m12_01) [f400394]
3766	400394	set	cone root NPC_STATE(3766) at m12_01_00_00.emevd.dcx.js:90005750 set by common.emevd.dcx.js:3779	questline_conditions	NPC224 Grandpa_Character state transition	NPC224爺や_キャラ状態遷移	emevd_event	2	extractor-cone-root-budget-capped	questline_conditions:400394:m12_01_00_00.emevd.dcx.js:90005750:0	unknown	world			Ainsel River	unknown	7770617	Ainsel River :: Miniature Ranni - around Dragonkin Soldier of Nokstella, may be sweep-granted by Dragonkin Soldier (m12_01) [f400394]
3767	400394	set	cone root NPC_STATE(3767) at m12_01_00_00.emevd.dcx.js:90005750 set by common.emevd.dcx.js:3779	questline_conditions	NPC224 Grandpa_Character state transition	NPC224爺や_キャラ状態遷移	emevd_event	2	extractor-cone-root-budget-capped	questline_conditions:400394:m12_01_00_00.emevd.dcx.js:90005750:0	unknown	world			Ainsel River	unknown	7770617	Ainsel River :: Miniature Ranni - around Dragonkin Soldier of Nokstella, may be sweep-granted by Dragonkin Soldier (m12_01) [f400394]
9130	400394	set	cone root BOSS_KILL(9130) at m12_01_00_00.emevd.dcx.js:90005750 set by m60_52_38_00.emevd.dcx.js:1252382800	questline_conditions	Defeat the boss	ボス撃破	emevd_event	1	extractor-cone-root-budget-capped	questline_conditions:400394:m12_01_00_00.emevd.dcx.js:90005750:0	unknown	world			Ainsel River	unknown	7770617	Ainsel River :: Miniature Ranni - around Dragonkin Soldier of Nokstella, may be sweep-granted by Dragonkin Soldier (m12_01) [f400394]
9412	400394	set	cone root BOSS_KILL(9412) at m12_01_00_00.emevd.dcx.js:90005750 set by m60_52_38_00.emevd.dcx.js:1252382800	questline_conditions	Defeat the boss	ボス撃破	emevd_event	1	extractor-cone-root-budget-capped	questline_conditions:400394:m12_01_00_00.emevd.dcx.js:90005750:0	unknown	world			Ainsel River	unknown	7770617	Ainsel River :: Miniature Ranni - around Dragonkin Soldier of Nokstella, may be sweep-granted by Dragonkin Soldier (m12_01) [f400394]
11109518	400394	set	cone root DIALOGUE_STEP(11109518) at m12_01_00_00.emevd.dcx.js:90005750 set by talk/m11_10_00_00-only/t325001110.py:t325001110_x31	questline_conditions	set by NPC talk 325001000 on m10_00_00_00		esd_talk	2	extractor-cone-root-budget-capped	questline_conditions:400394:m12_01_00_00.emevd.dcx.js:90005750:0	unknown	npc_state	Roundtable Hold	esd_talk_map	Ainsel River	yes	7770617	Ainsel River :: Miniature Ranni - around Dragonkin Soldier of Nokstella, may be sweep-granted by Dragonkin Soldier (m12_01) [f400394]
12029155	400394	set	cone root DIALOGUE_STEP(12029155) at m12_01_00_00.emevd.dcx.js:90005750 set by talk/m12_02_00_00-only/t216001202.py:t216001202_x58	questline_conditions	set by NPC talk 216001202 on m12_02_00_00		esd_talk	2	extractor-cone-root-budget-capped	questline_conditions:400394:m12_01_00_00.emevd.dcx.js:90005750:0	unknown	npc_state	Siofra River	esd_talk_map	Ainsel River	yes	7770617	Ainsel River :: Miniature Ranni - around Dragonkin Soldier of Nokstella, may be sweep-granted by Dragonkin Soldier (m12_01) [f400394]
12029156	400394	set	cone root DIALOGUE_STEP(12029156) at m12_01_00_00.emevd.dcx.js:90005750 set by talk/m12_02_00_00-only/t216001202.py:t216001202_x58	questline_conditions	set by NPC talk 216001202 on m12_02_00_00		esd_talk	2	extractor-cone-root-budget-capped	questline_conditions:400394:m12_01_00_00.emevd.dcx.js:90005750:0	unknown	npc_state	Siofra River	esd_talk_map	Ainsel River	yes	7770617	Ainsel River :: Miniature Ranni - around Dragonkin Soldier of Nokstella, may be sweep-granted by Dragonkin Soldier (m12_01) [f400394]
12029157	400394	set	cone root DIALOGUE_STEP(12029157) at m12_01_00_00.emevd.dcx.js:90005750 set by talk/m12_02_00_00-only/t216001202.py:t216001202_x58	questline_conditions	set by NPC talk 216001202 on m12_02_00_00		esd_talk	2	extractor-cone-root-budget-capped	questline_conditions:400394:m12_01_00_00.emevd.dcx.js:90005750:0	unknown	npc_state	Siofra River	esd_talk_map	Ainsel River	yes	7770617	Ainsel River :: Miniature Ranni - around Dragonkin Soldier of Nokstella, may be sweep-granted by Dragonkin Soldier (m12_01) [f400394]
1034499209	400394	set	cone root DIALOGUE_STEP(1034499209) at m12_01_00_00.emevd.dcx.js:90005750 set by talk/m60_00_00_00-only/t224006000.py:t224006000_x44	questline_conditions	set by NPC talk 224006000 on m60_00_00_00		esd_talk	1	extractor-cone-root-budget-capped	questline_conditions:400394:m12_01_00_00.emevd.dcx.js:90005750:0	unknown	npc_state	Liurnia	flag_decode	Ainsel River	yes	7770617	Ainsel River :: Miniature Ranni - around Dragonkin Soldier of Nokstella, may be sweep-granted by Dragonkin Soldier (m12_01) [f400394]
1034499210	400394	set	cone root DIALOGUE_STEP(1034499210) at m12_01_00_00.emevd.dcx.js:90005750 set by talk/m60_00_00_00-only/t224006000.py:t224006000_x30	questline_conditions	set by NPC talk 224006000 on m60_00_00_00		esd_talk	1	extractor-cone-root-budget-capped	questline_conditions:400394:m12_01_00_00.emevd.dcx.js:90005750:0	unknown	npc_state	Liurnia	flag_decode	Ainsel River	yes	7770617	Ainsel River :: Miniature Ranni - around Dragonkin Soldier of Nokstella, may be sweep-granted by Dragonkin Soldier (m12_01) [f400394]
1034499238	400394	set	cone root DIALOGUE_STEP(1034499238) at m12_01_00_00.emevd.dcx.js:90005750 set by talk/m60_00_00_00-only/t224006000.py:t224006000_x30	questline_conditions	set by NPC talk 224006000 on m60_00_00_00		esd_talk	1	extractor-cone-root-budget-capped	questline_conditions:400394:m12_01_00_00.emevd.dcx.js:90005750:0	unknown	npc_state	Liurnia	flag_decode	Ainsel River	yes	7770617	Ainsel River :: Miniature Ranni - around Dragonkin Soldier of Nokstella, may be sweep-granted by Dragonkin Soldier (m12_01) [f400394]
1034509205	400394	set	cone root DIALOGUE_STEP(1034509205) at m12_01_00_00.emevd.dcx.js:90005750 set by talk/m60_00_00_00-only/t216016000.py:t216016000_x33	questline_conditions	set by NPC talk 216016000 on m60_00_00_00		esd_talk	1	extractor-cone-root-budget-capped	questline_conditions:400394:m12_01_00_00.emevd.dcx.js:90005750:0	unknown	npc_state	Liurnia	flag_decode	Ainsel River	yes	7770617	Ainsel River :: Miniature Ranni - around Dragonkin Soldier of Nokstella, may be sweep-granted by Dragonkin Soldier (m12_01) [f400394]
1034509305	400394	set	cone root DIALOGUE_STEP(1034509305) at m12_01_00_00.emevd.dcx.js:90005750 set by talk/m60_00_00_00-only/t307306000.py:t307306000_x32	questline_conditions	set by NPC talk 307306000 on m60_00_00_00		esd_talk	1	extractor-cone-root-budget-capped	questline_conditions:400394:m12_01_00_00.emevd.dcx.js:90005750:0	unknown	npc_state	Liurnia	flag_decode	Ainsel River	yes	7770617	Ainsel River :: Miniature Ranni - around Dragonkin Soldier of Nokstella, may be sweep-granted by Dragonkin Soldier (m12_01) [f400394]
1034509306	400394	set	cone root DIALOGUE_STEP(1034509306) at m12_01_00_00.emevd.dcx.js:90005750 set by talk/m60_00_00_00-only/t307306000.py:t307306000_x32	questline_conditions	set by NPC talk 307306000 on m60_00_00_00		esd_talk	1	extractor-cone-root-budget-capped	questline_conditions:400394:m12_01_00_00.emevd.dcx.js:90005750:0	unknown	npc_state	Liurnia	flag_decode	Ainsel River	yes	7770617	Ainsel River :: Miniature Ranni - around Dragonkin Soldier of Nokstella, may be sweep-granted by Dragonkin Soldier (m12_01) [f400394]
1034509310	400394	set	cone root DIALOGUE_STEP(1034509310) at m12_01_00_00.emevd.dcx.js:90005750 set by talk/m60_00_00_00-only/t307006000.py:t307006000_x71	questline_conditions	set by NPC talk 307006000 on m60_00_00_00		esd_talk	1	extractor-cone-root-budget-capped	questline_conditions:400394:m12_01_00_00.emevd.dcx.js:90005750:0	unknown	npc_state	Liurnia	flag_decode	Ainsel River	yes	7770617	Ainsel River :: Miniature Ranni - around Dragonkin Soldier of Nokstella, may be sweep-granted by Dragonkin Soldier (m12_01) [f400394]
1034509312	400394	set	cone root DIALOGUE_STEP(1034509312) at m12_01_00_00.emevd.dcx.js:90005750 set by talk/m60_00_00_00-only/t307006000.py:t307006000_x71	questline_conditions	set by NPC talk 307006000 on m60_00_00_00		esd_talk	1	extractor-cone-root-budget-capped	questline_conditions:400394:m12_01_00_00.emevd.dcx.js:90005750:0	unknown	npc_state	Liurnia	flag_decode	Ainsel River	yes	7770617	Ainsel River :: Miniature Ranni - around Dragonkin Soldier of Nokstella, may be sweep-granted by Dragonkin Soldier (m12_01) [f400394]
1034509313	400394	set	cone root DIALOGUE_STEP(1034509313) at m12_01_00_00.emevd.dcx.js:90005750 set by talk/m60_00_00_00-only/t307006000.py:t307006000_x71	questline_conditions	set by NPC talk 307006000 on m60_00_00_00		esd_talk	1	extractor-cone-root-budget-capped	questline_conditions:400394:m12_01_00_00.emevd.dcx.js:90005750:0	unknown	npc_state	Liurnia	flag_decode	Ainsel River	yes	7770617	Ainsel River :: Miniature Ranni - around Dragonkin Soldier of Nokstella, may be sweep-granted by Dragonkin Soldier (m12_01) [f400394]
1034509315	400394	set	cone root DIALOGUE_STEP(1034509315) at m12_01_00_00.emevd.dcx.js:90005750 set by talk/m60_00_00_00-only/t307006000.py:t307006000_x71	questline_conditions	set by NPC talk 307006000 on m60_00_00_00		esd_talk	1	extractor-cone-root-budget-capped	questline_conditions:400394:m12_01_00_00.emevd.dcx.js:90005750:0	unknown	npc_state	Liurnia	flag_decode	Ainsel River	yes	7770617	Ainsel River :: Miniature Ranni - around Dragonkin Soldier of Nokstella, may be sweep-granted by Dragonkin Soldier (m12_01) [f400394]
1034509335	400394	set	cone root DIALOGUE_STEP(1034509335) at m12_01_00_00.emevd.dcx.js:90005750 set by talk/m60_00_00_00-only/t307006000.py:t307006000_x70	questline_conditions	set by NPC talk 307006000 on m60_00_00_00		esd_talk	1	extractor-cone-root-budget-capped	questline_conditions:400394:m12_01_00_00.emevd.dcx.js:90005750:0	unknown	npc_state	Liurnia	flag_decode	Ainsel River	yes	7770617	Ainsel River :: Miniature Ranni - around Dragonkin Soldier of Nokstella, may be sweep-granted by Dragonkin Soldier (m12_01) [f400394]
1034509355	400394	set	cone root DIALOGUE_STEP(1034509355) at m12_01_00_00.emevd.dcx.js:90005750 set by talk/m60_00_00_00-only/t224206000.py:t224206000_x29	questline_conditions	set by NPC talk 224206000 on m60_00_00_00		esd_talk	1	extractor-cone-root-budget-capped	questline_conditions:400394:m12_01_00_00.emevd.dcx.js:90005750:0	unknown	npc_state	Liurnia	flag_decode	Ainsel River	yes	7770617	Ainsel River :: Miniature Ranni - around Dragonkin Soldier of Nokstella, may be sweep-granted by Dragonkin Soldier (m12_01) [f400394]
1034509358	400394	set	cone root DIALOGUE_STEP(1034509358) at m12_01_00_00.emevd.dcx.js:90005750 set by talk/m60_00_00_00-only/t224206000.py:t224206000_x37	questline_conditions	set by NPC talk 224206000 on m60_00_00_00		esd_talk	1	extractor-cone-root-budget-capped	questline_conditions:400394:m12_01_00_00.emevd.dcx.js:90005750:0	unknown	npc_state	Liurnia	flag_decode	Ainsel River	yes	7770617	Ainsel River :: Miniature Ranni - around Dragonkin Soldier of Nokstella, may be sweep-granted by Dragonkin Soldier (m12_01) [f400394]
1034509405	400394	set	cone root DIALOGUE_STEP(1034509405) at m12_01_00_00.emevd.dcx.js:90005750 set by talk/m60_00_00_00-only/t106016000.py:t106016000_x12	questline_conditions	set by NPC talk 106016000 on m60_00_00_00		esd_talk	1	extractor-cone-root-budget-capped	questline_conditions:400394:m12_01_00_00.emevd.dcx.js:90005750:0	unknown	npc_state	Liurnia	flag_decode	Ainsel River	yes	7770617	Ainsel River :: Miniature Ranni - around Dragonkin Soldier of Nokstella, may be sweep-granted by Dragonkin Soldier (m12_01) [f400394]
1034509410	400394	set	cone root DIALOGUE_STEP(1034509410) at m12_01_00_00.emevd.dcx.js:90005750 set by talk/m60_00_00_00-only/t106016000.py:t106016000_x64	questline_conditions	set by NPC talk 106016000 on m60_00_00_00		esd_talk	1	extractor-cone-root-budget-capped	questline_conditions:400394:m12_01_00_00.emevd.dcx.js:90005750:0	unknown	npc_state	Liurnia	flag_decode	Ainsel River	yes	7770617	Ainsel River :: Miniature Ranni - around Dragonkin Soldier of Nokstella, may be sweep-granted by Dragonkin Soldier (m12_01) [f400394]
1034509411	400394	set	cone root DIALOGUE_STEP(1034509411) at m12_01_00_00.emevd.dcx.js:90005750 set by talk/m60_00_00_00-only/t106016000.py:t106016000_x64	questline_conditions	set by NPC talk 106016000 on m60_00_00_00		esd_talk	1	extractor-cone-root-budget-capped	questline_conditions:400394:m12_01_00_00.emevd.dcx.js:90005750:0	unknown	npc_state	Liurnia	flag_decode	Ainsel River	yes	7770617	Ainsel River :: Miniature Ranni - around Dragonkin Soldier of Nokstella, may be sweep-granted by Dragonkin Soldier (m12_01) [f400394]
1034509420	400394	set	cone root DIALOGUE_STEP(1034509420) at m12_01_00_00.emevd.dcx.js:90005750 set by talk/m60_00_00_00-only/t106016000.py:t106016000_x64	questline_conditions	set by NPC talk 106016000 on m60_00_00_00		esd_talk	1	extractor-cone-root-budget-capped	questline_conditions:400394:m12_01_00_00.emevd.dcx.js:90005750:0	unknown	npc_state	Liurnia	flag_decode	Ainsel River	yes	7770617	Ainsel River :: Miniature Ranni - around Dragonkin Soldier of Nokstella, may be sweep-granted by Dragonkin Soldier (m12_01) [f400394]
1034509421	400394	set	cone root DIALOGUE_STEP(1034509421) at m12_01_00_00.emevd.dcx.js:90005750 set by talk/m60_00_00_00-only/t106016000.py:t106016000_x64	questline_conditions	set by NPC talk 106016000 on m60_00_00_00		esd_talk	1	extractor-cone-root-budget-capped	questline_conditions:400394:m12_01_00_00.emevd.dcx.js:90005750:0	unknown	npc_state	Liurnia	flag_decode	Ainsel River	yes	7770617	Ainsel River :: Miniature Ranni - around Dragonkin Soldier of Nokstella, may be sweep-granted by Dragonkin Soldier (m12_01) [f400394]
1034509422	400394	set	cone root DIALOGUE_STEP(1034509422) at m12_01_00_00.emevd.dcx.js:90005750 set by talk/m60_00_00_00-only/t106016000.py:t106016000_x21	questline_conditions	set by NPC talk 106016000 on m60_00_00_00		esd_talk	1	extractor-cone-root-budget-capped	questline_conditions:400394:m12_01_00_00.emevd.dcx.js:90005750:0	unknown	npc_state	Liurnia	flag_decode	Ainsel River	yes	7770617	Ainsel River :: Miniature Ranni - around Dragonkin Soldier of Nokstella, may be sweep-granted by Dragonkin Soldier (m12_01) [f400394]
1034509424	400394	set	cone root DIALOGUE_STEP(1034509424) at m12_01_00_00.emevd.dcx.js:90005750 set by talk/m60_00_00_00-only/t106016000.py:t106016000_x30	questline_conditions	set by NPC talk 106016000 on m60_00_00_00		esd_talk	1	extractor-cone-root-budget-capped	questline_conditions:400394:m12_01_00_00.emevd.dcx.js:90005750:0	unknown	npc_state	Liurnia	flag_decode	Ainsel River	yes	7770617	Ainsel River :: Miniature Ranni - around Dragonkin Soldier of Nokstella, may be sweep-granted by Dragonkin Soldier (m12_01) [f400394]
1034509425	400394	set	cone root DIALOGUE_STEP(1034509425) at m12_01_00_00.emevd.dcx.js:90005750 set by talk/m60_00_00_00-only/t106016000.py:t106016000_x30	questline_conditions	NPC106 Rani_Character state transition	NPC106ラニ_キャラ状態遷移	emevd_event	1	extractor-cone-root-budget-capped	questline_conditions:400394:m12_01_00_00.emevd.dcx.js:90005750:0	unknown	npc_state	Liurnia	flag_decode	Ainsel River	yes	7770617	Ainsel River :: Miniature Ranni - around Dragonkin Soldier of Nokstella, may be sweep-granted by Dragonkin Soldier (m12_01) [f400394]
1034509432	400394	set	cone root DIALOGUE_STEP(1034509432) at m12_01_00_00.emevd.dcx.js:90005750 set by talk/m60_00_00_00-only/t106016000.py:t106016000_x64	questline_conditions	set by NPC talk 106016000 on m60_00_00_00		esd_talk	1	extractor-cone-root-budget-capped	questline_conditions:400394:m12_01_00_00.emevd.dcx.js:90005750:0	unknown	npc_state	Liurnia	flag_decode	Ainsel River	yes	7770617	Ainsel River :: Miniature Ranni - around Dragonkin Soldier of Nokstella, may be sweep-granted by Dragonkin Soldier (m12_01) [f400394]
1037469289	400394	set	cone root DIALOGUE_STEP(1037469289) at m12_01_00_00.emevd.dcx.js:90005750 set by talk/m60_00_00_00-only/t330016000.py:t330016000_x3	questline_conditions	set by NPC talk 330016000 on m60_00_00_00		esd_talk	1	extractor-cone-root-budget-capped	questline_conditions:400394:m12_01_00_00.emevd.dcx.js:90005750:0	unknown	npc_state	Liurnia	flag_decode	Ainsel River	yes	7770617	Ainsel River :: Miniature Ranni - around Dragonkin Soldier of Nokstella, may be sweep-granted by Dragonkin Soldier (m12_01) [f400394]
1042369407	400394	set	cone root DIALOGUE_STEP(1042369407) at m12_01_00_00.emevd.dcx.js:90005750 set by talk/m60_00_00_00-only/t106006000.py:t106006000_x30	questline_conditions	set by NPC talk 106006000 on m60_00_00_00		esd_talk	1	extractor-cone-root-budget-capped	questline_conditions:400394:m12_01_00_00.emevd.dcx.js:90005750:0	unknown	npc_state	Limgrave	flag_decode	Ainsel River	yes	7770617	Ainsel River :: Miniature Ranni - around Dragonkin Soldier of Nokstella, may be sweep-granted by Dragonkin Soldier (m12_01) [f400394]
1042369408	400394	set	cone root DIALOGUE_STEP(1042369408) at m12_01_00_00.emevd.dcx.js:90005750 set by talk/m60_00_00_00-only/t106006000.py:t106006000_x30	questline_conditions	set by NPC talk 106006000 on m60_00_00_00		esd_talk	1	extractor-cone-root-budget-capped	questline_conditions:400394:m12_01_00_00.emevd.dcx.js:90005750:0	unknown	npc_state	Limgrave	flag_decode	Ainsel River	yes	7770617	Ainsel River :: Miniature Ranni - around Dragonkin Soldier of Nokstella, may be sweep-granted by Dragonkin Soldier (m12_01) [f400394]
1042369411	400394	set	cone root BOSS_KILL(1042369411) at m12_01_00_00.emevd.dcx.js:90005750 set by m60_42_36_00.emevd.dcx.js:1042360711	questline_conditions	NPC106_Rani_Church appearance monitoring event	NPC106_ラニ_教会出現監視イベント	emevd_event	2	extractor-cone-root-budget-capped	questline_conditions:400394:m12_01_00_00.emevd.dcx.js:90005750:0	unknown	world	Limgrave	flag_decode	Ainsel River	yes	7770617	Ainsel River :: Miniature Ranni - around Dragonkin Soldier of Nokstella, may be sweep-granted by Dragonkin Soldier (m12_01) [f400394]
1044349255	400394	set	cone root DIALOGUE_STEP(1044349255) at m12_01_00_00.emevd.dcx.js:90005750 set by talk/m12_02_00_00-only/t216001202.py:t216001202_x58	questline_conditions	set by NPC talk 216001202 on m12_02_00_00		esd_talk	2	extractor-cone-root-budget-capped	questline_conditions:400394:m12_01_00_00.emevd.dcx.js:90005750:0	unknown	npc_state	Weeping	flag_decode	Ainsel River	yes	7770617	Ainsel River :: Miniature Ranni - around Dragonkin Soldier of Nokstella, may be sweep-granted by Dragonkin Soldier (m12_01) [f400394]
1044350800	400394	set	cone root BOSS_KILL(1044350800) at m12_01_00_00.emevd.dcx.js:90005750 set by common_func.emevd.dcx.js:90005880	questline_conditions					extractor-cone-root-budget-capped	questline_conditions:400394:m12_01_00_00.emevd.dcx.js:90005750:0	unknown	world	Limgrave	flag_decode	Ainsel River	yes	7770617	Ainsel River :: Miniature Ranni - around Dragonkin Soldier of Nokstella, may be sweep-granted by Dragonkin Soldier (m12_01) [f400394]
1044359256	400394	set	cone root DIALOGUE_STEP(1044359256) at m12_01_00_00.emevd.dcx.js:90005750 set by talk/m12_02_00_00-only/t216001202.py:t216001202_x58	questline_conditions	set by NPC talk 216001202 on m12_02_00_00		esd_talk	2	extractor-cone-root-budget-capped	questline_conditions:400394:m12_01_00_00.emevd.dcx.js:90005750:0	unknown	npc_state	Limgrave	flag_decode	Ainsel River	yes	7770617	Ainsel River :: Miniature Ranni - around Dragonkin Soldier of Nokstella, may be sweep-granted by Dragonkin Soldier (m12_01) [f400394]
1045379205	400394	set	cone root DIALOGUE_STEP(1045379205) at m12_01_00_00.emevd.dcx.js:90005750 set by talk/m12_02_00_00-only/t216001202.py:t216001202_x58	questline_conditions	set by NPC talk 216001202 on m12_02_00_00		esd_talk	2	extractor-cone-root-budget-capped	questline_conditions:400394:m12_01_00_00.emevd.dcx.js:90005750:0	unknown	npc_state	Siofra River	esd_talk_map	Ainsel River	yes	7770617	Ainsel River :: Miniature Ranni - around Dragonkin Soldier of Nokstella, may be sweep-granted by Dragonkin Soldier (m12_01) [f400394]
1045379208	400394	set	cone root DIALOGUE_STEP(1045379208) at m12_01_00_00.emevd.dcx.js:90005750 set by talk/m12_02_00_00-only/t216001202.py:t216001202_x0	questline_conditions	set by NPC talk 216001202 on m12_02_00_00		esd_talk	4	extractor-cone-root-budget-capped	questline_conditions:400394:m12_01_00_00.emevd.dcx.js:90005750:0	unknown	npc_state	Siofra River	esd_talk_map	Ainsel River	yes	7770617	Ainsel River :: Miniature Ranni - around Dragonkin Soldier of Nokstella, may be sweep-granted by Dragonkin Soldier (m12_01) [f400394]
1052389305	400394	set	cone root DIALOGUE_STEP(1052389305) at m12_01_00_00.emevd.dcx.js:90005750 set by talk/m12_02_00_00-only/t216001202.py:t216001202_x58	questline_conditions	set by NPC talk 216001202 on m12_02_00_00		esd_talk	2	extractor-cone-root-budget-capped	questline_conditions:400394:m12_01_00_00.emevd.dcx.js:90005750:0	unknown	npc_state	Caelid	flag_decode	Ainsel River	yes	7770617	Ainsel River :: Miniature Ranni - around Dragonkin Soldier of Nokstella, may be sweep-granted by Dragonkin Soldier (m12_01) [f400394]
1052389306	400394	set	cone root DIALOGUE_STEP(1052389306) at m12_01_00_00.emevd.dcx.js:90005750 set by talk/m12_02_00_00-only/t216001202.py:t216001202_x21	questline_conditions	set by NPC talk 216001202 on m12_02_00_00		esd_talk	2	extractor-cone-root-budget-capped	questline_conditions:400394:m12_01_00_00.emevd.dcx.js:90005750:0	unknown	npc_state	Caelid	flag_decode	Ainsel River	yes	7770617	Ainsel River :: Miniature Ranni - around Dragonkin Soldier of Nokstella, may be sweep-granted by Dragonkin Soldier (m12_01) [f400394]
goods:2130	400394	set	cone root ITEM_POSSESSION(2130) at m12_01_00_00.emevd.dcx.js:90005750 set by m12_01_00_00.emevd.dcx.js	questline_conditions					extractor-cone-root-budget-capped	questline_conditions:400394:m12_01_00_00.emevd.dcx.js:90005750:0	unknown	item			Ainsel River	unknown	7770617	Ainsel River :: Miniature Ranni - around Dragonkin Soldier of Nokstella, may be sweep-granted by Dragonkin Soldier (m12_01) [f400394]
goods:8159	400394	set	cone root ITEM_POSSESSION(8159) at m12_01_00_00.emevd.dcx.js:90005750 set by m12_01_00_00.emevd.dcx.js	questline_conditions					extractor-cone-root-budget-capped	questline_conditions:400394:m12_01_00_00.emevd.dcx.js:90005750:0	unknown	item			Ainsel River	unknown	7770617	Ainsel River :: Miniature Ranni - around Dragonkin Soldier of Nokstella, may be sweep-granted by Dragonkin Soldier (m12_01) [f400394]
goods:8164	400394	set	cone root ITEM_POSSESSION(8164) at m12_01_00_00.emevd.dcx.js:90005750 set by m12_01_00_00.emevd.dcx.js	questline_conditions					extractor-cone-root-budget-capped	questline_conditions:400394:m12_01_00_00.emevd.dcx.js:90005750:0	unknown	item			Ainsel River	unknown	7770617	Ainsel River :: Miniature Ranni - around Dragonkin Soldier of Nokstella, may be sweep-granted by Dragonkin Soldier (m12_01) [f400394]
goods:8166	400394	set	cone root ITEM_POSSESSION(8166) at m12_01_00_00.emevd.dcx.js:90005750 set by m12_01_00_00.emevd.dcx.js	questline_conditions					extractor-cone-root-budget-capped	questline_conditions:400394:m12_01_00_00.emevd.dcx.js:90005750:0	unknown	item			Ainsel River	unknown	7770617	Ainsel River :: Miniature Ranni - around Dragonkin Soldier of Nokstella, may be sweep-granted by Dragonkin Soldier (m12_01) [f400394]
map:m12_01	400394	set	cone root MAP_ACCESS(m12_01) at m12_01_00_00.emevd.dcx.js:90005750 set by m12_01_00_00.emevd.dcx.js	questline_conditions					extractor-cone-root-budget-capped	questline_conditions:400394:m12_01_00_00.emevd.dcx.js:90005750:0	unknown	map_access	Ainsel River	map_id	Ainsel River	no	7770617	Ainsel River :: Miniature Ranni - around Dragonkin Soldier of Nokstella, may be sweep-granted by Dragonkin Soldier (m12_01) [f400394]
map:m60_37	400394	set	cone root MAP_ACCESS(m60_37) at m12_01_00_00.emevd.dcx.js:90005750 set by m60_37_46_00.emevd.dcx.js	questline_conditions					extractor-cone-root-budget-capped	questline_conditions:400394:m12_01_00_00.emevd.dcx.js:90005750:0	unknown	map_access			Ainsel River	unknown	7770617	Ainsel River :: Miniature Ranni - around Dragonkin Soldier of Nokstella, may be sweep-granted by Dragonkin Soldier (m12_01) [f400394]
3371	400400	set	talk 312001400 gate_sense=1 lot 104000	esd_gifts	NPC312 Lord of Plains Fort_Character state transition	NPC312平原砦の領主_キャラ状態遷移	emevd_event	2	esd-walk-gate-sense	esd_gifts:400400:312001400	single	world			Caelid	unknown	7773737	Caelid :: Ancient Dragon Smithing Stone - around Smoldering Church [f400400]
3371	400400	set	talk 312006000 gate_sense=1 lot 104000	esd_gifts	NPC312 Lord of Plains Fort_Character state transition	NPC312平原砦の領主_キャラ状態遷移	emevd_event	2	esd-walk-gate-sense	esd_gifts:400400:312006000	single	world			Caelid	unknown	7773737	Caelid :: Ancient Dragon Smithing Stone - around Smoldering Church [f400400]
3371	400400	set	talk 312026000 gate_sense=1 lot 104000	esd_gifts	NPC312 Lord of Plains Fort_Character state transition	NPC312平原砦の領主_キャラ状態遷移	emevd_event	2	esd-walk-gate-sense	esd_gifts:400400:312026000	single	world			Caelid	unknown	7773737	Caelid :: Ancient Dragon Smithing Stone - around Smoldering Church [f400400]
7609	400401	set	401)); WaitFor(ElapsedSeconds(2) && EventFlag(7609));	lot_gates					waitfor-blocks-until-set	lot_gates:400401:14000712	single	world			Raya Lucaria Academy	unknown	7900046	Raya Lucaria Academy :: Eccentric's Breeches - around Church of the Cuckoo, may be sweep-granted by Rennala, Queen of the Full Moon (m14_00) [f400401]
7609	400401	set	cone root BOSS_KILL(7609) at m14_00_00_00.emevd.dcx.js:14000712 set by m14_00_00_00.emevd.dcx.js:14002165	questline_conditions					extractor-cone-root	questline_conditions:400401:m14_00_00_00.emevd.dcx.js:14000712:	unknown	world	Raya Lucaria Academy	setter_map	Raya Lucaria Academy	no	7900046	Raya Lucaria Academy :: Eccentric's Breeches - around Church of the Cuckoo, may be sweep-granted by Rennala, Queen of the Full Moon (m14_00) [f400401]
map:m14_00	400401	set	cone root MAP_ACCESS(m14_00) at m14_00_00_00.emevd.dcx.js:14000712 set by m14_00_00_00.emevd.dcx.js	questline_conditions					extractor-cone-root	questline_conditions:400401:m14_00_00_00.emevd.dcx.js:14000712:	unknown	map_access	Raya Lucaria Academy	map_id	Raya Lucaria Academy	no	7900046	Raya Lucaria Academy :: Eccentric's Breeches - around Church of the Cuckoo, may be sweep-granted by Rennala, Queen of the Full Moon (m14_00) [f400401]
4103	400410	clear	EndIf(EventFlag(400410)); EndIf(EventFlag(4103)); Wai	lot_gates	NPC330_Atonement Priest_Performing absolution	NPC330_贖罪司祭_免罪実行	emevd_batch	2	endif-bailout-inverts	lot_gates:400410:3052	unknown	world	Liurnia	setter_map	Liurnia	no	7770619	Liurnia :: Latenna the Albinauric - around Slumbering Wolf's Shack, may be sweep-granted by Deathbird (m60_37_42) [f400410]
1036412703	400410	clear	; WaitFor(EventFlag(1036419209) && !EventFlag(1036412703)); Awa	lot_gates	set by NPC talk 228006000 on m60_00_00_00		esd_talk	1	waitfor-negated	lot_gates:400410:3052	unknown	npc_state	Liurnia	flag_decode	Liurnia	no	7770619	Liurnia :: Latenna the Albinauric - around Slumbering Wolf's Shack, may be sweep-granted by Deathbird (m60_37_42) [f400410]
1036419209	400410	set	EndIf(EventFlag(4103)); WaitFor(EventFlag(1036419209) && !Event	lot_gates	set by NPC talk 228006000 on m60_00_00_00		esd_talk	1	waitfor-blocks-until-set	lot_gates:400410:3052	unknown	npc_state	Liurnia	flag_decode	Liurnia	no	7770619	Liurnia :: Latenna the Albinauric - around Slumbering Wolf's Shack, may be sweep-granted by Deathbird (m60_37_42) [f400410]
1036419215	400410	set	$InitializeCommonEvent(90005750) arg5	lot_gates	NPC228 Wolf Rider_NPC initialization event_Initial state	NPC228ウルフライダー_NPC初期化イベント_初期状態	emevd_event	1	commonarg-positive-by-construction	lot_gates:400410:90005750	single	world	Liurnia	flag_decode	Liurnia	no	7770619	Liurnia :: Latenna the Albinauric - around Slumbering Wolf's Shack, may be sweep-granted by Deathbird (m60_37_42) [f400410]
4105	400410	set	cone root NPC_STATE(4105) at common.emevd.dcx.js:3052 set by common.emevd.dcx.js:4119	questline_conditions	NPC228 Wolf Rider_Character state transition	NPC228ウルフライダー_キャラ状態遷移	emevd_event	2	extractor-cone-root	questline_conditions:400410:common.emevd.dcx.js:3052:	unknown	world			Liurnia	unknown	7770619	Liurnia :: Latenna the Albinauric - around Slumbering Wolf's Shack, may be sweep-granted by Deathbird (m60_37_42) [f400410]
1036419208	400410	set	cone root DIALOGUE_STEP(1036419208) at common.emevd.dcx.js:3052 set by talk/m60_00_00_00-only/t228006000.py:t228006000_x44	questline_conditions	set by NPC talk 228006000 on m60_00_00_00		esd_talk	1	extractor-cone-root	questline_conditions:400410:common.emevd.dcx.js:3052:	unknown	npc_state	Liurnia	flag_decode	Liurnia	no	7770619	Liurnia :: Latenna the Albinauric - around Slumbering Wolf's Shack, may be sweep-granted by Deathbird (m60_37_42) [f400410]
1036419209	400410	set	cone root DIALOGUE_STEP(1036419209) at common.emevd.dcx.js:3052 set by talk/m60_00_00_00-only/t228006000.py:t228006000_x29	questline_conditions	set by NPC talk 228006000 on m60_00_00_00		esd_talk	1	extractor-cone-root	questline_conditions:400410:common.emevd.dcx.js:3052:	unknown	npc_state	Liurnia	flag_decode	Liurnia	no	7770619	Liurnia :: Latenna the Albinauric - around Slumbering Wolf's Shack, may be sweep-granted by Deathbird (m60_37_42) [f400410]
1047589206	400411	unknown	talk 228106000 gate_sense=0 lot 104110	esd_gifts	set by NPC talk 228106000 on m60_00_00_00		esd_talk	1	esd-received-memo	esd_gifts:400411:228106000	single	npc_state	Consecrated Snowfield	flag_decode	Consecrated Snowfield	no	7770620	Consecrated Snowfield :: Somber Ancient Dragon Smithing Stone - around Apostate Derelict, may be sweep-granted by Death Rite Bird (m60_48_57) [f400411]
1047589210	400411	set	$InitializeCommonEvent(90005750) arg5	lot_gates	NPC228 Wolf Rider_Waiting for extinction animation to play	NPC228ウルフライダー_消滅アニメ再生待ち	emevd_event	1	commonarg-positive-by-construction	lot_gates:400411:90005750	single	world	Consecrated Snowfield	flag_decode	Consecrated Snowfield	no	7770620	Consecrated Snowfield :: Somber Ancient Dragon Smithing Stone - around Apostate Derelict, may be sweep-granted by Death Rite Bird (m60_48_57) [f400411]
3000	400411	set	cone root DIALOGUE_STEP(3000) at m60_47_58_00.emevd.dcx.js:90005750 set by talk/m60_00_00_00-only/t900006000.py:t900006000_x3	questline_conditions	set by NPC talk 900006000 on m60_00_00_00		esd_talk	1	extractor-cone-root	questline_conditions:400411:m60_47_58_00.emevd.dcx.js:90005750:0	unknown	npc_state			Consecrated Snowfield	unknown	7770620	Consecrated Snowfield :: Somber Ancient Dragon Smithing Stone - around Apostate Derelict, may be sweep-granted by Death Rite Bird (m60_48_57) [f400411]
4100	400411	set	cone root NPC_STATE(4100) at m60_47_58_00.emevd.dcx.js:90005750 set by common.emevd.dcx.js:4119	questline_conditions	NPC330_Atonement Priest_Performing absolution	NPC330_贖罪司祭_免罪実行	emevd_event	4	extractor-cone-root	questline_conditions:400411:m60_47_58_00.emevd.dcx.js:90005750:0	unknown	world			Consecrated Snowfield	unknown	7770620	Consecrated Snowfield :: Somber Ancient Dragon Smithing Stone - around Apostate Derelict, may be sweep-granted by Death Rite Bird (m60_48_57) [f400411]
4105	400411	set	cone root NPC_STATE(4105) at m60_47_58_00.emevd.dcx.js:90005750 set by common.emevd.dcx.js:4119	questline_conditions	NPC228 Wolf Rider_Character state transition	NPC228ウルフライダー_キャラ状態遷移	emevd_event	2	extractor-cone-root	questline_conditions:400411:m60_47_58_00.emevd.dcx.js:90005750:0	unknown	world			Consecrated Snowfield	unknown	7770620	Consecrated Snowfield :: Somber Ancient Dragon Smithing Stone - around Apostate Derelict, may be sweep-granted by Death Rite Bird (m60_48_57) [f400411]
4106	400411	set	cone root NPC_STATE(4106) at m60_47_58_00.emevd.dcx.js:90005750 set by common.emevd.dcx.js:4119	questline_conditions	NPC228 Wolf Rider_Character state transition	NPC228ウルフライダー_キャラ状態遷移	emevd_event	2	extractor-cone-root	questline_conditions:400411:m60_47_58_00.emevd.dcx.js:90005750:0	unknown	world			Consecrated Snowfield	unknown	7770620	Consecrated Snowfield :: Somber Ancient Dragon Smithing Stone - around Apostate Derelict, may be sweep-granted by Death Rite Bird (m60_48_57) [f400411]
1036419208	400411	set	cone root DIALOGUE_STEP(1036419208) at m60_47_58_00.emevd.dcx.js:90005750 set by talk/m60_00_00_00-only/t228006000.py:t228006000_x44	questline_conditions	set by NPC talk 228006000 on m60_00_00_00		esd_talk	1	extractor-cone-root	questline_conditions:400411:m60_47_58_00.emevd.dcx.js:90005750:0	unknown	npc_state	Liurnia	flag_decode	Consecrated Snowfield	yes	7770620	Consecrated Snowfield :: Somber Ancient Dragon Smithing Stone - around Apostate Derelict, may be sweep-granted by Death Rite Bird (m60_48_57) [f400411]
1036419209	400411	set	cone root DIALOGUE_STEP(1036419209) at m60_47_58_00.emevd.dcx.js:90005750 set by talk/m60_00_00_00-only/t228006000.py:t228006000_x29	questline_conditions	set by NPC talk 228006000 on m60_00_00_00		esd_talk	1	extractor-cone-root	questline_conditions:400411:m60_47_58_00.emevd.dcx.js:90005750:0	unknown	npc_state	Liurnia	flag_decode	Consecrated Snowfield	yes	7770620	Consecrated Snowfield :: Somber Ancient Dragon Smithing Stone - around Apostate Derelict, may be sweep-granted by Death Rite Bird (m60_48_57) [f400411]
1037469289	400411	set	cone root DIALOGUE_STEP(1037469289) at m60_47_58_00.emevd.dcx.js:90005750 set by talk/m60_00_00_00-only/t330016000.py:t330016000_x3	questline_conditions	set by NPC talk 330016000 on m60_00_00_00		esd_talk	1	extractor-cone-root	questline_conditions:400411:m60_47_58_00.emevd.dcx.js:90005750:0	unknown	npc_state	Liurnia	flag_decode	Consecrated Snowfield	yes	7770620	Consecrated Snowfield :: Somber Ancient Dragon Smithing Stone - around Apostate Derelict, may be sweep-granted by Death Rite Bird (m60_48_57) [f400411]
1047589206	400411	set	cone root DIALOGUE_STEP(1047589206) at talk/m60_00_00_00-only/t228106000.py:t228106000_x3 set by talk/m60_00_00_00-only/t228106000.py:t228106000_x38	questline_conditions	set by NPC talk 228106000 on m60_00_00_00		esd_talk	1	extractor-cone-root	questline_conditions:400411:talk/m60_00_00_00-only/t228106000.py:t228106000_x3:	unknown	npc_state	Consecrated Snowfield	flag_decode	Consecrated Snowfield	no	7770620	Consecrated Snowfield :: Somber Ancient Dragon Smithing Stone - around Apostate Derelict, may be sweep-granted by Death Rite Bird (m60_48_57) [f400411]
1047589206	400411	set	cone root DIALOGUE_STEP(1047589206) at talk/m60_00_00_00-only/t228106000.py:t228106000_x38 set by talk/m60_00_00_00-only/t228106000.py:t228106000_x38	questline_conditions	set by NPC talk 228106000 on m60_00_00_00		esd_talk	1	extractor-cone-root	questline_conditions:400411:talk/m60_00_00_00-only/t228106000.py:t228106000_x38:	unknown	npc_state	Consecrated Snowfield	flag_decode	Consecrated Snowfield	no	7770620	Consecrated Snowfield :: Somber Ancient Dragon Smithing Stone - around Apostate Derelict, may be sweep-granted by Death Rite Bird (m60_48_57) [f400411]
goods:2130	400411	set	cone root ITEM_POSSESSION(2130) at m60_47_58_00.emevd.dcx.js:90005750 set by m60_47_58_00.emevd.dcx.js	questline_conditions					extractor-cone-root	questline_conditions:400411:m60_47_58_00.emevd.dcx.js:90005750:0	unknown	item			Consecrated Snowfield	unknown	7770620	Consecrated Snowfield :: Somber Ancient Dragon Smithing Stone - around Apostate Derelict, may be sweep-granted by Death Rite Bird (m60_48_57) [f400411]
map:m60_00	400411	set	cone root MAP_ACCESS(m60_00) at talk/m60_00_00_00-only/t228106000.py:t228106000_x3 set by talk/m60_00_00_00-only/t228106000.py	questline_conditions					extractor-cone-root	questline_conditions:400411:talk/m60_00_00_00-only/t228106000.py:t228106000_x3:	unknown	map_access			Consecrated Snowfield	unknown	7770620	Consecrated Snowfield :: Somber Ancient Dragon Smithing Stone - around Apostate Derelict, may be sweep-granted by Death Rite Bird (m60_48_57) [f400411]
map:m60_00	400411	set	cone root MAP_ACCESS(m60_00) at talk/m60_00_00_00-only/t228106000.py:t228106000_x38 set by talk/m60_00_00_00-only/t228106000.py	questline_conditions					extractor-cone-root	questline_conditions:400411:talk/m60_00_00_00-only/t228106000.py:t228106000_x38:	unknown	map_access			Consecrated Snowfield	unknown	7770620	Consecrated Snowfield :: Somber Ancient Dragon Smithing Stone - around Apostate Derelict, may be sweep-granted by Death Rite Bird (m60_48_57) [f400411]
map:m60_37	400411	set	cone root MAP_ACCESS(m60_37) at m60_47_58_00.emevd.dcx.js:90005750 set by m60_37_46_00.emevd.dcx.js	questline_conditions					extractor-cone-root	questline_conditions:400411:m60_47_58_00.emevd.dcx.js:90005750:0	unknown	map_access			Consecrated Snowfield	unknown	7770620	Consecrated Snowfield :: Somber Ancient Dragon Smithing Stone - around Apostate Derelict, may be sweep-granted by Death Rite Bird (m60_48_57) [f400411]
map:m60_47	400411	set	cone root MAP_ACCESS(m60_47) at m60_47_58_00.emevd.dcx.js:90005750 set by m60_47_58_00.emevd.dcx.js	questline_conditions					extractor-cone-root	questline_conditions:400411:m60_47_58_00.emevd.dcx.js:90005750:0	unknown	map_access			Consecrated Snowfield	unknown	7770620	Consecrated Snowfield :: Somber Ancient Dragon Smithing Stone - around Apostate Derelict, may be sweep-granted by Death Rite Bird (m60_48_57) [f400411]
map:m31_11	400430	set	cone root MAP_ACCESS(m31_11) at talk/m31_11_00_00-only/t110003111.py:t110003111_x2 set by talk/m31_11_00_00-only/t110003111.py	questline_conditions					extractor-cone-root	questline_conditions:400430:talk/m31_11_00_00-only/t110003111.py:t110003111_x2:	single	map_access	Caelid	map_id	Caelid	no	7773739	Caelid :: [Sorcery] Stars of Ruin - around Sellia Hideaway, may be sweep-granted by Putrid Crystalian (Spear) (m31_11) [f400430]
map:m31_11	400430	set	cone root MAP_ACCESS(m31_11) at talk/m31_11_00_00-only/t110003111.py:t110003111_x32 set by talk/m31_11_00_00-only/t110003111.py	questline_conditions					extractor-cone-root	questline_conditions:400430:talk/m31_11_00_00-only/t110003111.py:t110003111_x32:	single	map_access	Caelid	map_id	Caelid	no	7773739	Caelid :: [Sorcery] Stars of Ruin - around Sellia Hideaway, may be sweep-granted by Putrid Crystalian (Spear) (m31_11) [f400430]
map:m60_00	400440	set	cone root MAP_ACCESS(m60_00) at talk/m60_00_00_00-only/t111006000.py:t111006000_x2 set by talk/m60_00_00_00-only/t111006000.py	questline_conditions					extractor-cone-root	questline_conditions:400440:talk/m60_00_00_00-only/t111006000.py:t111006000_x2:	single	map_access			Mt. Gelmir	unknown	7773740	Mt. Gelmir :: [Sorcery] Comet Azur [f400440]
map:m60_00	400440	set	cone root MAP_ACCESS(m60_00) at talk/m60_00_00_00-only/t111006000.py:t111006000_x32 set by talk/m60_00_00_00-only/t111006000.py	questline_conditions					extractor-cone-root	questline_conditions:400440:talk/m60_00_00_00-only/t111006000.py:t111006000_x32:	single	map_access			Mt. Gelmir	unknown	7773740	Mt. Gelmir :: [Sorcery] Comet Azur [f400440]
3829	400460	set	$InitializeCommonEvent(90005750) arg5	lot_gates	NPC226 Living Small Pot_Character state transition	NPC226生きている小壺_キャラ状態遷移	emevd_event	2	commonarg-positive-by-construction	lot_gates:400460:90005750	single	world			Liurnia	unknown	7770623	Liurnia :: Companion Jar - near Jarburg, may be sweep-granted by Tibia Mariner (m60_39_44) [f400460]
1047419201	400470	set	talk 221006000 gate_sense=1 lot 104700	esd_gifts	Giant pot event_raise event end flag	巨大壺イベント_イベント終了フラグを立たせる	emevd_event	1	esd-walk-gate-sense	esd_gifts:400470:221006000	single	world			Caelid	unknown	7770624	Caelid :: Great-Jar's Arsenal - m60_47_41 (region unconfirmed), may be sweep-granted by Putrid Avatar (m60_47_40) [f400470]
1047419200	400470	set	cone root DIALOGUE_STEP(1047419200) at talk/m60_00_00_00-only/t221006000.py:t221006000_x3 set by talk/m60_00_00_00-only/t221006000.py:t221006000_x6	questline_conditions	set by NPC talk 221006000 on m60_00_00_00		esd_talk	1	extractor-cone-root	questline_conditions:400470:talk/m60_00_00_00-only/t221006000.py:t221006000_x3:	unknown	npc_state			Caelid	unknown	7770624	Caelid :: Great-Jar's Arsenal - m60_47_41 (region unconfirmed), may be sweep-granted by Putrid Avatar (m60_47_40) [f400470]
1047419200	400470	set	cone root DIALOGUE_STEP(1047419200) at talk/m60_00_00_00-only/t221006000.py:t221006000_x8 set by talk/m60_00_00_00-only/t221006000.py:t221006000_x6	questline_conditions	set by NPC talk 221006000 on m60_00_00_00		esd_talk	1	extractor-cone-root	questline_conditions:400470:talk/m60_00_00_00-only/t221006000.py:t221006000_x8:	unknown	npc_state			Caelid	unknown	7770624	Caelid :: Great-Jar's Arsenal - m60_47_41 (region unconfirmed), may be sweep-granted by Putrid Avatar (m60_47_40) [f400470]
1047419201	400470	set	cone root BOSS_KILL(1047419201) at talk/m60_00_00_00-only/t221006000.py:t221006000_x3 set by m60_47_41_00.emevd.dcx.js:1047412301	questline_conditions	Giant pot event_raise event end flag	巨大壺イベント_イベント終了フラグを立たせる	emevd_event	1	extractor-cone-root	questline_conditions:400470:talk/m60_00_00_00-only/t221006000.py:t221006000_x3:	unknown	world			Caelid	unknown	7770624	Caelid :: Great-Jar's Arsenal - m60_47_41 (region unconfirmed), may be sweep-granted by Putrid Avatar (m60_47_40) [f400470]
1047419201	400470	set	cone root BOSS_KILL(1047419201) at talk/m60_00_00_00-only/t221006000.py:t221006000_x8 set by m60_47_41_00.emevd.dcx.js:1047412301	questline_conditions	Giant pot event_raise event end flag	巨大壺イベント_イベント終了フラグを立たせる	emevd_event	1	extractor-cone-root	questline_conditions:400470:talk/m60_00_00_00-only/t221006000.py:t221006000_x8:	unknown	world			Caelid	unknown	7770624	Caelid :: Great-Jar's Arsenal - m60_47_41 (region unconfirmed), may be sweep-granted by Putrid Avatar (m60_47_40) [f400470]
map:m60_00	400470	set	cone root MAP_ACCESS(m60_00) at talk/m60_00_00_00-only/t221006000.py:t221006000_x3 set by talk/m60_00_00_00-only/t221006000.py	questline_conditions					extractor-cone-root	questline_conditions:400470:talk/m60_00_00_00-only/t221006000.py:t221006000_x3:	unknown	map_access			Caelid	unknown	7770624	Caelid :: Great-Jar's Arsenal - m60_47_41 (region unconfirmed), may be sweep-granted by Putrid Avatar (m60_47_40) [f400470]
map:m60_00	400470	set	cone root MAP_ACCESS(m60_00) at talk/m60_00_00_00-only/t221006000.py:t221006000_x8 set by talk/m60_00_00_00-only/t221006000.py	questline_conditions					extractor-cone-root	questline_conditions:400470:talk/m60_00_00_00-only/t221006000.py:t221006000_x8:	unknown	map_access			Caelid	unknown	7770624	Caelid :: Great-Jar's Arsenal - m60_47_41 (region unconfirmed), may be sweep-granted by Putrid Avatar (m60_47_40) [f400470]
map:m60_47	400470	set	cone root MAP_ACCESS(m60_47) at talk/m60_00_00_00-only/t221006000.py:t221006000_x3 set by m60_47_41_00.emevd.dcx.js	questline_conditions					extractor-cone-root	questline_conditions:400470:talk/m60_00_00_00-only/t221006000.py:t221006000_x3:	unknown	map_access			Caelid	unknown	7770624	Caelid :: Great-Jar's Arsenal - m60_47_41 (region unconfirmed), may be sweep-granted by Putrid Avatar (m60_47_40) [f400470]
map:m60_47	400470	set	cone root MAP_ACCESS(m60_47) at talk/m60_00_00_00-only/t221006000.py:t221006000_x8 set by m60_47_41_00.emevd.dcx.js	questline_conditions					extractor-cone-root	questline_conditions:400470:talk/m60_00_00_00-only/t221006000.py:t221006000_x8:	unknown	map_access			Caelid	unknown	7770624	Caelid :: Great-Jar's Arsenal - m60_47_41 (region unconfirmed), may be sweep-granted by Putrid Avatar (m60_47_40) [f400470]
7610	400480	set	$InitializeCommonEvent(90005774) arg0	lot_gates					commonarg-positive-by-construction	lot_gates:400480:90005774	single	world			Haligtree	unknown	7770625	Haligtree :: Rotten Winged Sword Insignia - around Prayer Room, may be sweep-granted by Loretta, Knight of the Haligtree (m15_00) [f400480]
7610	400480	set	cone root BOSS_KILL(7610) at m15_00_00_00.emevd.dcx.js:90005774 set by common_func.emevd.dcx.js:90005797	questline_conditions					extractor-cone-root	questline_conditions:400480:m15_00_00_00.emevd.dcx.js:90005774:0	unknown	world			Haligtree	unknown	7770625	Haligtree :: Rotten Winged Sword Insignia - around Prayer Room, may be sweep-granted by Loretta, Knight of the Haligtree (m15_00) [f400480]
map:m15_00	400480	set	cone root MAP_ACCESS(m15_00) at m15_00_00_00.emevd.dcx.js:90005774 set by m15_00_00_00.emevd.dcx.js	questline_conditions					extractor-cone-root	questline_conditions:400480:m15_00_00_00.emevd.dcx.js:90005774:0	unknown	map_access	Haligtree	map_id	Haligtree	no	7770625	Haligtree :: Rotten Winged Sword Insignia - around Prayer Room, may be sweep-granted by Loretta, Knight of the Haligtree (m15_00) [f400480]
11109656	400490	set	$InitializeCommonEvent(90005750) arg5	lot_gates	Dark Round Table Space_Dark Hours	暗黒円卓空間_暗黒時	emevd_event	1	commonarg-positive-by-construction	lot_gates:400490:90005750	single	world	Roundtable Hold	setter_map	Roundtable Hold	no	7900057	Roundtable Hold :: Royal Remains Greaves - around Table of Lost Grace [f400490]
11059305	400500	set	$InitializeCommonEvent(90005750) arg5	lot_gates	NPC112 Golden Masked Seeker_Item Light_Revisited	NPC112金仮面の探究者_アイテム光_再訪	emevd_event	1	commonarg-positive-by-construction	lot_gates:400500:90005750	single	world	Leyndell	setter_map	Ashen Capital	yes	7900059	Ashen Capital :: Gold Waistwrap - around Elden Throne, may be sweep-granted by Sir Gideon Ofnir, the All-Knowing (m11_05) [f400500]
7612	400510	set	$InitializeCommonEvent(90005774) arg0	lot_gates					commonarg-positive-by-construction	lot_gates:400510:90005774	single	world			Altus	unknown	7770628	Altus :: Great Stars - around Bower of Bounty, may be sweep-granted by Sanguine Noble (m60_40_53) [f400510]
7612	400510	set	cone root BOSS_KILL(7612) at m60_40_53_00.emevd.dcx.js:90005774 set by common_func.emevd.dcx.js:90005796	questline_conditions					extractor-cone-root	questline_conditions:400510:m60_40_53_00.emevd.dcx.js:90005774:0	unknown	world			Altus	unknown	7770628	Altus :: Great Stars - around Bower of Bounty, may be sweep-granted by Sanguine Noble (m60_40_53) [f400510]
map:m60_40	400510	set	cone root MAP_ACCESS(m60_40) at m60_40_53_00.emevd.dcx.js:90005774 set by m60_40_53_00.emevd.dcx.js	questline_conditions					extractor-cone-root	questline_conditions:400510:m60_40_53_00.emevd.dcx.js:90005774:0	unknown	map_access			Altus	unknown	7770628	Altus :: Great Stars - around Bower of Bounty, may be sweep-granted by Sanguine Noble (m60_40_53) [f400510]
4927	400590	set	talk 418001205 gate_sense=1 lot 105900	esd_gifts					esd-walk-gate-sense	esd_gifts:400590:418001205	single	world			Scadu Altus	unknown	7773741	Scadu Altus :: Lacerating Crossed-Tree - around Highroad Cross, may be sweep-granted by Black Knight Garrew (m61_47_45) [f400590]
4927	400590	set	talk 418006100 gate_sense=1 lot 105900	esd_gifts					esd-walk-gate-sense	esd_gifts:400590:418006100	single	world			Scadu Altus	unknown	7773741	Scadu Altus :: Lacerating Crossed-Tree - around Highroad Cross, may be sweep-granted by Black Knight Garrew (m61_47_45) [f400590]
map:m61_48	400590	set	cone root MAP_ACCESS(m61_48) at m61_48_45_00.emevd.dcx.js:2048450708 set by m61_48_45_00.emevd.dcx.js	questline_conditions					extractor-cone-root	questline_conditions:400590:m61_48_45_00.emevd.dcx.js:2048450708:0	single	map_access			Scadu Altus	unknown	7773741	Scadu Altus :: Lacerating Crossed-Tree - around Highroad Cross, may be sweep-granted by Black Knight Garrew (m61_47_45) [f400590]
4927	400592	set	talk 418001205 gate_sense=1 lot 105910	esd_gifts					esd-walk-gate-sense	esd_gifts:400592:418001205	single	world			Scadu Altus	unknown	7773742	Scadu Altus :: Retaliatory Crossed-Tree - around Highroad Cross, may be sweep-granted by Dryleaf Dane (m61_49_44) [f400592]
4927	400592	set	talk 418006100 gate_sense=1 lot 105910	esd_gifts					esd-walk-gate-sense	esd_gifts:400592:418006100	single	world			Scadu Altus	unknown	7773742	Scadu Altus :: Retaliatory Crossed-Tree - around Highroad Cross, may be sweep-granted by Dryleaf Dane (m61_49_44) [f400592]
map:m61_48	400592	set	cone root MAP_ACCESS(m61_48) at m61_48_45_00.emevd.dcx.js:2048450708 set by m61_48_45_00.emevd.dcx.js	questline_conditions					extractor-cone-root	questline_conditions:400592:m61_48_45_00.emevd.dcx.js:2048450708:0	single	map_access			Scadu Altus	unknown	7773742	Scadu Altus :: Retaliatory Crossed-Tree - around Highroad Cross, may be sweep-granted by Dryleaf Dane (m61_49_44) [f400592]
7624	400594	set	$InitializeCommonEvent(90005776) arg1	lot_gates					commonarg-positive-by-construction	lot_gates:400594:90005776	single	world			Scadu Altus	unknown	7770629	Scadu Altus :: Ash of War: Swift Slash - around Shadow Keep Main Gate, may be sweep-granted by Golden Hippopotamus (m21_00) [f400594]
7624	400594	set	cone root BOSS_KILL(7624) at m21_00_00_00.emevd.dcx.js:90005776 set by common_func.emevd.dcx.js:90005798	questline_conditions					extractor-cone-root	questline_conditions:400594:m21_00_00_00.emevd.dcx.js:90005776:0	unknown	world			Scadu Altus	unknown	7770629	Scadu Altus :: Ash of War: Swift Slash - around Shadow Keep Main Gate, may be sweep-granted by Golden Hippopotamus (m21_00) [f400594]
map:m21_00	400594	set	cone root MAP_ACCESS(m21_00) at m21_00_00_00.emevd.dcx.js:90005776 set by m21_00_00_00.emevd.dcx.js	questline_conditions					extractor-cone-root	questline_conditions:400594:m21_00_00_00.emevd.dcx.js:90005776:0	unknown	map_access	Shadow Keep	map_id	Scadu Altus	yes	7770629	Scadu Altus :: Ash of War: Swift Slash - around Shadow Keep Main Gate, may be sweep-granted by Golden Hippopotamus (m21_00) [f400594]
7622	400595	set	$InitializeCommonEvent(90005776) arg1	lot_gates					commonarg-positive-by-construction	lot_gates:400595:90005776	single	world			Shadow Keep	unknown	7770630	Shadow Keep :: Ansbach's Longbow - around Storehouse, First Floor (1), may be sweep-granted by Base Serpent Messmer (m21_01) [f400595]
7622	400595	set	cone root BOSS_KILL(7622) at m21_01_00_00.emevd.dcx.js:90005776 set by common_func.emevd.dcx.js:90005798	questline_conditions					extractor-cone-root	questline_conditions:400595:m21_01_00_00.emevd.dcx.js:90005776:0	unknown	world			Shadow Keep	unknown	7770630	Shadow Keep :: Ansbach's Longbow - around Storehouse, First Floor (1), may be sweep-granted by Base Serpent Messmer (m21_01) [f400595]
map:m21_01	400595	set	cone root MAP_ACCESS(m21_01) at m21_01_00_00.emevd.dcx.js:90005776 set by m21_01_00_00.emevd.dcx.js	questline_conditions					extractor-cone-root	questline_conditions:400595:m21_01_00_00.emevd.dcx.js:90005776:0	unknown	map_access	Shadow Keep	map_id	Shadow Keep	no	7770630	Shadow Keep :: Ansbach's Longbow - around Storehouse, First Floor (1), may be sweep-granted by Base Serpent Messmer (m21_01) [f400595]
4448	400598	set	$InitializeCommonEvent(90005750) arg5	lot_gates					commonarg-positive-by-construction	lot_gates:400598:90005750	single	world			Enir Ilim	unknown	7770631	Enir Ilim :: Leda's Armor - near Gate of Divinity, may be sweep-granted by Radahn, Consort of Miquella (m20_01) [f400598]
21019365	400600	unknown	talk 417002101 gate_sense=0 lot 106000	esd_gifts	set by NPC talk 417002101 on m21_01_00_00		esd_talk	2	esd-received-memo	esd_gifts:400600:417002101	single	npc_state	Shadow Keep	esd_talk_map	Enir Ilim	yes	7773744	Enir Ilim :: Golden Lion Shield - m60_49_40 (region unconfirmed) [f400600]
21019365	400600	unknown	talk 417006100 gate_sense=0 lot 106000	esd_gifts	set by NPC talk 417002101 on m21_01_00_00		esd_talk	2	esd-received-memo	esd_gifts:400600:417006100	single	npc_state	Shadow Keep	esd_talk_map	Enir Ilim	yes	7773744	Enir Ilim :: Golden Lion Shield - m60_49_40 (region unconfirmed) [f400600]
4427	400602	set	$InitializeCommonEvent(90005750) arg5	lot_gates					commonarg-positive-by-construction	lot_gates:400602:90005750	any	world			Enir Ilim	unknown	7900063	Enir Ilim :: Freyja's Greaves - near Cleansing Chamber Anteroom, may be sweep-granted by Radahn, Consort of Miquella (m20_01) [f400602]
2046429375	400602	set	$InitializeCommonEvent(90005750) arg5	lot_gates					commonarg-positive-by-construction	lot_gates:400602:90005750	any	world	Gravesite	flag_decode	Enir Ilim	yes	7900063	Enir Ilim :: Freyja's Greaves - near Cleansing Chamber Anteroom, may be sweep-granted by Radahn, Consort of Miquella (m20_01) [f400602]
2046429206	400610	unknown	talk 414002101 gate_sense=0 lot 106100	esd_gifts	set by NPC talk 414002101 on m21_01_00_00		esd_talk	2	esd-received-memo	esd_gifts:400610:414002101	unknown	npc_state	Gravesite	flag_decode	Gravesite	no	7773745	Gravesite :: Cross Map - around Altar South [f400610]
2046429206	400610	unknown	talk 414006100 gate_sense=0 lot 106100	esd_gifts	set by NPC talk 414002101 on m21_01_00_00		esd_talk	2	esd-received-memo	esd_gifts:400610:414006100	unknown	npc_state	Gravesite	flag_decode	Gravesite	no	7773745	Gravesite :: Cross Map - around Altar South [f400610]
2046429210	400610	unknown	talk 414002101 gate_sense=1 lot 106120	esd_gifts	set by NPC talk 414002101 on m21_01_00_00		esd_talk	2	esd-received-memo	esd_gifts:400610:414002101	unknown	npc_state	Gravesite	flag_decode	Gravesite	no	7773745	Gravesite :: Cross Map - around Altar South [f400610]
2046429210	400610	unknown	talk 414006100 gate_sense=1 lot 106120	esd_gifts	set by NPC talk 414002101 on m21_01_00_00		esd_talk	2	esd-received-memo	esd_gifts:400610:414006100	unknown	npc_state	Gravesite	flag_decode	Gravesite	no	7773745	Gravesite :: Cross Map - around Altar South [f400610]
2048459205	400610	unknown	talk 414002101 gate_sense=0 lot 106120	esd_gifts	set by NPC talk 414002101 on m21_01_00_00		esd_talk	2	esd-received-memo	esd_gifts:400610:414002101	unknown	npc_state	Scadu Altus	flag_decode	Gravesite	yes	7773745	Gravesite :: Cross Map - around Altar South [f400610]
2048459205	400610	unknown	talk 414006100 gate_sense=0 lot 106120	esd_gifts	set by NPC talk 414002101 on m21_01_00_00		esd_talk	2	esd-received-memo	esd_gifts:400610:414006100	unknown	npc_state	Scadu Altus	flag_decode	Gravesite	yes	7773745	Gravesite :: Cross Map - around Altar South [f400610]
4365	400610	set	cone root NPC_STATE(4365) at talk/m21_01_00_00-only/t414002101.py:t414002101_x41 set by common.emevd.dcx.js:4379	questline_conditions					extractor-cone-root	questline_conditions:400610:talk/m21_01_00_00-only/t414002101.py:t414002101_x41:	unknown	world			Gravesite	unknown	7773745	Gravesite :: Cross Map - around Altar South [f400610]
4365	400610	set	cone root NPC_STATE(4365) at talk/m61_00_00_00-only/t414006100.py:t414006100_x41 set by common.emevd.dcx.js:4379	questline_conditions					extractor-cone-root	questline_conditions:400610:talk/m61_00_00_00-only/t414006100.py:t414006100_x41:	unknown	world			Gravesite	unknown	7773745	Gravesite :: Cross Map - around Altar South [f400610]
2046429206	400610	set	cone root DIALOGUE_STEP(2046429206) at talk/m21_01_00_00-only/t414002101.py:t414002101_x41 set by talk/m61_00_00_00-only/t414006100.py:t414006100_x31	questline_conditions	set by NPC talk 414002101 on m21_01_00_00		esd_talk	2	extractor-cone-root	questline_conditions:400610:talk/m21_01_00_00-only/t414002101.py:t414002101_x41:	unknown	npc_state	Gravesite	flag_decode	Gravesite	no	7773745	Gravesite :: Cross Map - around Altar South [f400610]
2046429206	400610	set	cone root DIALOGUE_STEP(2046429206) at talk/m61_00_00_00-only/t414006100.py:t414006100_x41 set by talk/m61_00_00_00-only/t414006100.py:t414006100_x31	questline_conditions	set by NPC talk 414002101 on m21_01_00_00		esd_talk	2	extractor-cone-root	questline_conditions:400610:talk/m61_00_00_00-only/t414006100.py:t414006100_x41:	unknown	npc_state	Gravesite	flag_decode	Gravesite	no	7773745	Gravesite :: Cross Map - around Altar South [f400610]
map:m21_01	400610	set	cone root MAP_ACCESS(m21_01) at talk/m21_01_00_00-only/t414002101.py:t414002101_x41 set by talk/m21_01_00_00-only/t414002101.py	questline_conditions					extractor-cone-root	questline_conditions:400610:talk/m21_01_00_00-only/t414002101.py:t414002101_x41:	unknown	map_access	Shadow Keep	map_id	Gravesite	yes	7773745	Gravesite :: Cross Map - around Altar South [f400610]
map:m61_00	400610	set	cone root MAP_ACCESS(m61_00) at talk/m61_00_00_00-only/t414006100.py:t414006100_x41 set by talk/m61_00_00_00-only/t414006100.py	questline_conditions					extractor-cone-root	questline_conditions:400610:talk/m61_00_00_00-only/t414006100.py:t414006100_x41:	unknown	map_access			Gravesite	unknown	7773745	Gravesite :: Cross Map - around Altar South [f400610]
2046422700	400612	unknown	talk 414002101 gate_sense=1 lot 106110	esd_gifts	set by NPC talk 414002101 on m21_01_00_00		esd_talk	2	esd-received-memo	esd_gifts:400612:414002101	unknown	npc_state	Gravesite	flag_decode	Shadow Keep	yes	7773747	Shadow Keep :: Furnace Visage - around Storehouse, First Floor, may be sweep-granted by Base Serpent Messmer (m21_01) [f400612]
2046422700	400612	unknown	talk 414006100 gate_sense=1 lot 106110	esd_gifts	set by NPC talk 414002101 on m21_01_00_00		esd_talk	2	esd-received-memo	esd_gifts:400612:414006100	unknown	npc_state	Gravesite	flag_decode	Shadow Keep	yes	7773747	Shadow Keep :: Furnace Visage - around Storehouse, First Floor, may be sweep-granted by Base Serpent Messmer (m21_01) [f400612]
2048452700	400612	unknown	talk 414002101 gate_sense=1 lot 106110	esd_gifts	set by NPC talk 414002101 on m21_01_00_00		esd_talk	2	esd-received-memo	esd_gifts:400612:414002101	unknown	npc_state	Scadu Altus	flag_decode	Shadow Keep	yes	7773747	Shadow Keep :: Furnace Visage - around Storehouse, First Floor, may be sweep-granted by Base Serpent Messmer (m21_01) [f400612]
2048452700	400612	unknown	talk 414006100 gate_sense=1 lot 106110	esd_gifts	set by NPC talk 414002101 on m21_01_00_00		esd_talk	2	esd-received-memo	esd_gifts:400612:414006100	unknown	npc_state	Scadu Altus	flag_decode	Shadow Keep	yes	7773747	Shadow Keep :: Furnace Visage - around Storehouse, First Floor, may be sweep-granted by Base Serpent Messmer (m21_01) [f400612]
4365	400612	set	cone root NPC_STATE(4365) at talk/m21_01_00_00-only/t414002101.py:t414002101_x47 set by common.emevd.dcx.js:4379	questline_conditions					extractor-cone-root	questline_conditions:400612:talk/m21_01_00_00-only/t414002101.py:t414002101_x47:	unknown	world			Shadow Keep	unknown	7773747	Shadow Keep :: Furnace Visage - around Storehouse, First Floor, may be sweep-granted by Base Serpent Messmer (m21_01) [f400612]
4365	400612	set	cone root NPC_STATE(4365) at talk/m61_00_00_00-only/t414006100.py:t414006100_x47 set by common.emevd.dcx.js:4379	questline_conditions					extractor-cone-root	questline_conditions:400612:talk/m61_00_00_00-only/t414006100.py:t414006100_x47:	unknown	world			Shadow Keep	unknown	7773747	Shadow Keep :: Furnace Visage - around Storehouse, First Floor, may be sweep-granted by Base Serpent Messmer (m21_01) [f400612]
2046422700	400612	set	cone root DIALOGUE_STEP(2046422700) at talk/m21_01_00_00-only/t414002101.py:t414002101_x47 set by talk/m61_00_00_00-only/t414006100.py:t414006100_x48	questline_conditions	set by NPC talk 414002101 on m21_01_00_00		esd_talk	2	extractor-cone-root	questline_conditions:400612:talk/m21_01_00_00-only/t414002101.py:t414002101_x47:	unknown	npc_state	Gravesite	flag_decode	Shadow Keep	yes	7773747	Shadow Keep :: Furnace Visage - around Storehouse, First Floor, may be sweep-granted by Base Serpent Messmer (m21_01) [f400612]
2046422700	400612	set	cone root DIALOGUE_STEP(2046422700) at talk/m61_00_00_00-only/t414006100.py:t414006100_x47 set by talk/m61_00_00_00-only/t414006100.py:t414006100_x48	questline_conditions	set by NPC talk 414002101 on m21_01_00_00		esd_talk	2	extractor-cone-root	questline_conditions:400612:talk/m61_00_00_00-only/t414006100.py:t414006100_x47:	unknown	npc_state	Gravesite	flag_decode	Shadow Keep	yes	7773747	Shadow Keep :: Furnace Visage - around Storehouse, First Floor, may be sweep-granted by Base Serpent Messmer (m21_01) [f400612]
2046429217	400612	set	cone root DIALOGUE_STEP(2046429217) at talk/m21_01_00_00-only/t414002101.py:t414002101_x47 set by talk/m61_00_00_00-only/t414006100.py:t414006100_x31	questline_conditions	set by NPC talk 414002101 on m21_01_00_00		esd_talk	2	extractor-cone-root	questline_conditions:400612:talk/m21_01_00_00-only/t414002101.py:t414002101_x47:	unknown	npc_state	Gravesite	flag_decode	Shadow Keep	yes	7773747	Shadow Keep :: Furnace Visage - around Storehouse, First Floor, may be sweep-granted by Base Serpent Messmer (m21_01) [f400612]
2046429217	400612	set	cone root DIALOGUE_STEP(2046429217) at talk/m61_00_00_00-only/t414006100.py:t414006100_x47 set by talk/m61_00_00_00-only/t414006100.py:t414006100_x31	questline_conditions	set by NPC talk 414002101 on m21_01_00_00		esd_talk	2	extractor-cone-root	questline_conditions:400612:talk/m61_00_00_00-only/t414006100.py:t414006100_x47:	unknown	npc_state	Gravesite	flag_decode	Shadow Keep	yes	7773747	Shadow Keep :: Furnace Visage - around Storehouse, First Floor, may be sweep-granted by Base Serpent Messmer (m21_01) [f400612]
2046429219	400612	set	cone root DIALOGUE_STEP(2046429219) at talk/m21_01_00_00-only/t414002101.py:t414002101_x47 set by talk/m61_00_00_00-only/t414006100.py:t414006100_x31	questline_conditions	set by NPC talk 414002101 on m21_01_00_00		esd_talk	2	extractor-cone-root	questline_conditions:400612:talk/m21_01_00_00-only/t414002101.py:t414002101_x47:	unknown	npc_state	Gravesite	flag_decode	Shadow Keep	yes	7773747	Shadow Keep :: Furnace Visage - around Storehouse, First Floor, may be sweep-granted by Base Serpent Messmer (m21_01) [f400612]
2046429219	400612	set	cone root DIALOGUE_STEP(2046429219) at talk/m61_00_00_00-only/t414006100.py:t414006100_x47 set by talk/m61_00_00_00-only/t414006100.py:t414006100_x31	questline_conditions	set by NPC talk 414002101 on m21_01_00_00		esd_talk	2	extractor-cone-root	questline_conditions:400612:talk/m61_00_00_00-only/t414006100.py:t414006100_x47:	unknown	npc_state	Gravesite	flag_decode	Shadow Keep	yes	7773747	Shadow Keep :: Furnace Visage - around Storehouse, First Floor, may be sweep-granted by Base Serpent Messmer (m21_01) [f400612]
map:m21_01	400612	set	cone root MAP_ACCESS(m21_01) at talk/m21_01_00_00-only/t414002101.py:t414002101_x47 set by talk/m21_01_00_00-only/t414002101.py	questline_conditions					extractor-cone-root	questline_conditions:400612:talk/m21_01_00_00-only/t414002101.py:t414002101_x47:	unknown	map_access	Shadow Keep	map_id	Shadow Keep	no	7773747	Shadow Keep :: Furnace Visage - around Storehouse, First Floor, may be sweep-granted by Base Serpent Messmer (m21_01) [f400612]
map:m61_00	400612	set	cone root MAP_ACCESS(m61_00) at talk/m61_00_00_00-only/t414006100.py:t414006100_x47 set by talk/m61_00_00_00-only/t414006100.py	questline_conditions					extractor-cone-root	questline_conditions:400612:talk/m61_00_00_00-only/t414006100.py:t414006100_x47:	unknown	map_access			Shadow Keep	unknown	7773747	Shadow Keep :: Furnace Visage - around Storehouse, First Floor, may be sweep-granted by Base Serpent Messmer (m21_01) [f400612]
4370	400614	set	$InitializeCommonEvent(90005750) arg5	lot_gates					commonarg-positive-by-construction	lot_gates:400614:90005750	single	world			Enir Ilim	unknown	7900067	Enir Ilim :: Soiled Loincloth - around Gate of Divinity, may be sweep-granted by Radahn, Consort of Miquella (m20_01) [f400614]
7623	400614	set	$InitializeCommonEvent(90005776) arg1	lot_gates					commonarg-positive-by-construction	lot_gates:400614:90005776	single	world	Scadu Altus	test_map	Enir Ilim	yes	7900067	Enir Ilim :: Soiled Loincloth - around Gate of Divinity, may be sweep-granted by Radahn, Consort of Miquella (m20_01) [f400614]
2044460180	400614	set	$InitializeCommonEvent(90005774) arg0	lot_gates					commonarg-positive-by-construction	lot_gates:400614:90005774	any	world	Ancient Ruins	flag_decode	Enir Ilim	yes	7900067	Enir Ilim :: Soiled Loincloth - around Gate of Divinity, may be sweep-granted by Radahn, Consort of Miquella (m20_01) [f400614]
7623	400614	set	cone root BOSS_KILL(7623) at m21_00_00_00.emevd.dcx.js:90005776 set by common_func.emevd.dcx.js:90005799	questline_conditions					extractor-cone-root	questline_conditions:400614:m21_00_00_00.emevd.dcx.js:90005776:0	unknown	world			Enir Ilim	unknown	7900067	Enir Ilim :: Soiled Loincloth - around Gate of Divinity, may be sweep-granted by Radahn, Consort of Miquella (m20_01) [f400614]
map:m21_00	400614	set	cone root MAP_ACCESS(m21_00) at m21_00_00_00.emevd.dcx.js:90005776 set by m21_00_00_00.emevd.dcx.js	questline_conditions					extractor-cone-root	questline_conditions:400614:m21_00_00_00.emevd.dcx.js:90005776:0	unknown	map_access	Shadow Keep	map_id	Enir Ilim	yes	7900067	Enir Ilim :: Soiled Loincloth - around Gate of Divinity, may be sweep-granted by Radahn, Consort of Miquella (m20_01) [f400614]
21019316	400620	unknown	talk 416002101 gate_sense=0 lot 106200	esd_gifts	set by NPC talk 416002101 on m21_01_00_00		esd_talk	1	esd-received-memo	esd_gifts:400620:416002101	unknown	npc_state	Shadow Keep	esd_talk_map	Shadow Keep	no	7770634	Shadow Keep :: Letter for Freyja - around Storehouse, First Floor, may be sweep-granted by Base Serpent Messmer (m21_01) [f400620]
21019317	400620	unknown	talk 416002101 gate_sense=0 lot 106200	esd_gifts	set by NPC talk 416002101 on m21_01_00_00		esd_talk	1	esd-received-memo	esd_gifts:400620:416002101	unknown	npc_state	Shadow Keep	esd_talk_map	Shadow Keep	no	7770634	Shadow Keep :: Letter for Freyja - around Storehouse, First Floor, may be sweep-granted by Base Serpent Messmer (m21_01) [f400620]
21019328	400620	set	$InitializeCommonEvent(90005750) arg5	lot_gates					commonarg-positive-by-construction	lot_gates:400620:90005750	single	world			Shadow Keep	unknown	7770634	Shadow Keep :: Letter for Freyja - around Storehouse, First Floor, may be sweep-granted by Base Serpent Messmer (m21_01) [f400620]
7621	400620	set	cone root BOSS_KILL(7621) at m21_01_00_00.emevd.dcx.js:90005750 set by common_func.emevd.dcx.js:90005799	questline_conditions					extractor-cone-root	questline_conditions:400620:m21_01_00_00.emevd.dcx.js:90005750:0	unknown	world			Shadow Keep	unknown	7770634	Shadow Keep :: Letter for Freyja - around Storehouse, First Floor, may be sweep-granted by Base Serpent Messmer (m21_01) [f400620]
map:m21_01	400620	set	cone root MAP_ACCESS(m21_01) at m21_01_00_00.emevd.dcx.js:90005750 set by m21_01_00_00.emevd.dcx.js	questline_conditions					extractor-cone-root	questline_conditions:400620:m21_01_00_00.emevd.dcx.js:90005750:0	unknown	map_access	Shadow Keep	map_id	Shadow Keep	no	7770634	Shadow Keep :: Letter for Freyja - around Storehouse, First Floor, may be sweep-granted by Base Serpent Messmer (m21_01) [f400620]
7621	400622	set	$InitializeCommonEvent(90005776) arg1	lot_gates					commonarg-positive-by-construction	lot_gates:400622:90005776	single	world	Scadu Altus	test_map	Shadow Keep	yes	7900070	Shadow Keep :: Ansbach's Boots - around Storehouse, First Floor, may be sweep-granted by Base Serpent Messmer (m21_01) [f400622]
21019331	400622	set	$InitializeCommonEvent(90005750) arg5	lot_gates					commonarg-positive-by-construction	lot_gates:400622:90005750	single	world			Shadow Keep	unknown	7900070	Shadow Keep :: Ansbach's Boots - around Storehouse, First Floor, may be sweep-granted by Base Serpent Messmer (m21_01) [f400622]
7621	400622	set	cone root BOSS_KILL(7621) at m21_01_00_00.emevd.dcx.js:90005750 set by common_func.emevd.dcx.js:90005799	questline_conditions					extractor-cone-root	questline_conditions:400622:m21_01_00_00.emevd.dcx.js:90005750:0	unknown	world			Shadow Keep	unknown	7900070	Shadow Keep :: Ansbach's Boots - around Storehouse, First Floor, may be sweep-granted by Base Serpent Messmer (m21_01) [f400622]
7621	400622	set	cone root BOSS_KILL(7621) at m21_01_00_00.emevd.dcx.js:90005776 set by common_func.emevd.dcx.js:90005799	questline_conditions					extractor-cone-root	questline_conditions:400622:m21_01_00_00.emevd.dcx.js:90005776:0	unknown	world			Shadow Keep	unknown	7900070	Shadow Keep :: Ansbach's Boots - around Storehouse, First Floor, may be sweep-granted by Base Serpent Messmer (m21_01) [f400622]
21019329	400622	set	cone root DIALOGUE_STEP(21019329) at m21_01_00_00.emevd.dcx.js:90005750 set by talk/m21_01_00_00-only/t416002101.py:t416002101_x39	questline_conditions	set by NPC talk 416002101 on m21_01_00_00		esd_talk	1	extractor-cone-root	questline_conditions:400622:m21_01_00_00.emevd.dcx.js:90005750:0	unknown	npc_state	Shadow Keep	esd_talk_map	Shadow Keep	no	7900070	Shadow Keep :: Ansbach's Boots - around Storehouse, First Floor, may be sweep-granted by Base Serpent Messmer (m21_01) [f400622]
21019331	400622	set	cone root BOSS_KILL(21019331) at m21_01_00_00.emevd.dcx.js:90005750 set by m21_01_00_00.emevd.dcx.js:21010716	questline_conditions					extractor-cone-root	questline_conditions:400622:m21_01_00_00.emevd.dcx.js:90005750:0	unknown	world	Shadow Keep	setter_map	Shadow Keep	no	7900070	Shadow Keep :: Ansbach's Boots - around Storehouse, First Floor, may be sweep-granted by Base Serpent Messmer (m21_01) [f400622]
map:m21_01	400622	set	cone root MAP_ACCESS(m21_01) at m21_01_00_00.emevd.dcx.js:90005750 set by m21_01_00_00.emevd.dcx.js	questline_conditions					extractor-cone-root	questline_conditions:400622:m21_01_00_00.emevd.dcx.js:90005750:0	unknown	map_access	Shadow Keep	map_id	Shadow Keep	no	7900070	Shadow Keep :: Ansbach's Boots - around Storehouse, First Floor, may be sweep-granted by Base Serpent Messmer (m21_01) [f400622]
map:m21_01	400622	set	cone root MAP_ACCESS(m21_01) at m21_01_00_00.emevd.dcx.js:90005776 set by m21_01_00_00.emevd.dcx.js	questline_conditions					extractor-cone-root	questline_conditions:400622:m21_01_00_00.emevd.dcx.js:90005776:0	unknown	map_access	Shadow Keep	map_id	Shadow Keep	no	7900070	Shadow Keep :: Ansbach's Boots - around Storehouse, First Floor, may be sweep-granted by Base Serpent Messmer (m21_01) [f400622]
4408	400624	set	$InitializeCommonEvent(90005750) arg5	lot_gates					commonarg-positive-by-construction	lot_gates:400624:90005750	single	world			Enir Ilim	unknown	7900075	Enir Ilim :: Furious Blade of Ansbach - near Gate of Divinity, may be sweep-granted by Needle Knight Leda (m20_01) [f400624]
21019332	400625	set	$InitializeCommonEvent(90005750) arg5	lot_gates					commonarg-positive-by-construction	lot_gates:400625:90005750	single	world			Shadow Keep	unknown	7900080	Shadow Keep :: Letter for Freyja - around Storehouse, First Floor, may be sweep-granted by Base Serpent Messmer (m21_01) [f400625]
7621	400625	set	cone root BOSS_KILL(7621) at m21_01_00_00.emevd.dcx.js:90005750 set by common_func.emevd.dcx.js:90005799	questline_conditions					extractor-cone-root	questline_conditions:400625:m21_01_00_00.emevd.dcx.js:90005750:0	unknown	world			Shadow Keep	unknown	7900080	Shadow Keep :: Letter for Freyja - around Storehouse, First Floor, may be sweep-granted by Base Serpent Messmer (m21_01) [f400625]
21019329	400625	set	cone root DIALOGUE_STEP(21019329) at m21_01_00_00.emevd.dcx.js:90005750 set by talk/m21_01_00_00-only/t416002101.py:t416002101_x39	questline_conditions	set by NPC talk 416002101 on m21_01_00_00		esd_talk	1	extractor-cone-root	questline_conditions:400625:m21_01_00_00.emevd.dcx.js:90005750:0	unknown	npc_state	Shadow Keep	esd_talk_map	Shadow Keep	no	7900080	Shadow Keep :: Letter for Freyja - around Storehouse, First Floor, may be sweep-granted by Base Serpent Messmer (m21_01) [f400625]
21019332	400625	set	cone root BOSS_KILL(21019332) at m21_01_00_00.emevd.dcx.js:90005750 set by m21_01_00_00.emevd.dcx.js:21010716	questline_conditions					extractor-cone-root	questline_conditions:400625:m21_01_00_00.emevd.dcx.js:90005750:0	unknown	world	Shadow Keep	setter_map	Shadow Keep	no	7900080	Shadow Keep :: Letter for Freyja - around Storehouse, First Floor, may be sweep-granted by Base Serpent Messmer (m21_01) [f400625]
map:m21_01	400625	set	cone root MAP_ACCESS(m21_01) at m21_01_00_00.emevd.dcx.js:90005750 set by m21_01_00_00.emevd.dcx.js	questline_conditions					extractor-cone-root	questline_conditions:400625:m21_01_00_00.emevd.dcx.js:90005750:0	unknown	map_access	Shadow Keep	map_id	Shadow Keep	no	7900080	Shadow Keep :: Letter for Freyja - around Storehouse, First Floor, may be sweep-granted by Base Serpent Messmer (m21_01) [f400625]
2048439206	400630	unknown	talk 419006100 gate_sense=1 lot 106300	esd_gifts	set by NPC talk 419002200 on m22_00_00_00		esd_talk	2	esd-received-memo	esd_gifts:400630:419006100	unknown	npc_state	Gravesite	flag_decode	Gravesite	no	7773749	Gravesite :: Thiollier's Concoction [f400630]
2048439207	400630	set	talk 419006100 gate_sense=1 lot 106300	esd_gifts					esd-walk-gate-sense	esd_gifts:400630:419006100	unknown	world	Gravesite	flag_decode	Gravesite	no	7773749	Gravesite :: Thiollier's Concoction [f400630]
2048439225	400630	unknown	talk 419006100 gate_sense=1 lot 106300	esd_gifts	set by NPC talk 419002200 on m22_00_00_00		esd_talk	2	esd-received-memo	esd_gifts:400630:419006100	unknown	npc_state	Gravesite	flag_decode	Gravesite	no	7773749	Gravesite :: Thiollier's Concoction [f400630]
2048439228	400630	unknown	talk 419006100 gate_sense=1 lot 106300	esd_gifts	set by NPC talk 419002200 on m22_00_00_00		esd_talk	2	esd-received-memo	esd_gifts:400630:419006100	unknown	npc_state	Gravesite	flag_decode	Gravesite	no	7773749	Gravesite :: Thiollier's Concoction [f400630]
22000496	400632	set	$InitializeCommonEvent(90005774) arg0	lot_gates					commonarg-positive-by-construction	lot_gates:400632:90005774	single	world	Cerulean	setter_map	Cerulean	no	7770639	Cerulean :: St. Trina's Smile - near Garden of Deep Purple, may be sweep-granted by Putrescent Knight (m22_00) [f400632]
4469	400634	set	$InitializeCommonEvent(90005750) arg5	lot_gates					commonarg-positive-by-construction	lot_gates:400634:90005750	single	world			Enir Ilim	unknown	7900088	Enir Ilim :: Thiollier's Trousers - near Gate of Divinity, may be sweep-granted by Needle Knight Leda (m20_01) [f400634]
4385	400642	set	talk 415006100 gate_sense=1 lot 106410	esd_gifts					esd-walk-gate-sense	esd_gifts:400642:415006100	single	world			Gravesite	unknown	7773751	Gravesite :: Black Syrup [f400642]
4385	400642	set	cone root NPC_STATE(4385) at talk/m61_00_00_00-only/t415006100.py:t415006100_x43 set by common.emevd.dcx.js:4399	questline_conditions					extractor-cone-root	questline_conditions:400642:talk/m61_00_00_00-only/t415006100.py:t415006100_x43:	unknown	world			Gravesite	unknown	7773751	Gravesite :: Black Syrup [f400642]
map:m61_00	400642	set	cone root MAP_ACCESS(m61_00) at talk/m61_00_00_00-only/t415006100.py:t415006100_x43 set by talk/m61_00_00_00-only/t415006100.py	questline_conditions					extractor-cone-root	questline_conditions:400642:talk/m61_00_00_00-only/t415006100.py:t415006100_x43:	unknown	map_access			Gravesite	unknown	7773751	Gravesite :: Black Syrup [f400642]
4386	400644	set	$InitializeCommonEvent(90005750) arg5	lot_gates					commonarg-positive-by-construction	lot_gates:400644:90005750	any	world			Enir Ilim	unknown	7770641	Enir Ilim :: Moore's Bell Bearing - near Cleansing Chamber Anteroom, may be sweep-granted by Needle Knight Leda (m20_01) [f400644]
4387	400644	set	$InitializeCommonEvent(90005750) arg5	lot_gates					commonarg-positive-by-construction	lot_gates:400644:90005750	any	world			Enir Ilim	unknown	7770641	Enir Ilim :: Moore's Bell Bearing - near Cleansing Chamber Anteroom, may be sweep-granted by Needle Knight Leda (m20_01) [f400644]
2045429280	400644	set	$InitializeCommonEvent(90005750) arg5	lot_gates					commonarg-positive-by-construction	lot_gates:400644:90005750	any	world	Gravesite	flag_decode	Enir Ilim	yes	7770641	Enir Ilim :: Moore's Bell Bearing - near Cleansing Chamber Anteroom, may be sweep-granted by Needle Knight Leda (m20_01) [f400644]
2045429280	400644	set	cone root BOSS_KILL(2045429280) at m61_45_42_00.emevd.dcx.js:90005750 set by common_func.emevd.dcx.js:90005767	questline_conditions					extractor-cone-root	questline_conditions:400644:m61_45_42_00.emevd.dcx.js:90005750:0	unknown	world	Gravesite	flag_decode	Enir Ilim	yes	7770641	Enir Ilim :: Moore's Bell Bearing - near Cleansing Chamber Anteroom, may be sweep-granted by Needle Knight Leda (m20_01) [f400644]
map:m61_45	400644	set	cone root MAP_ACCESS(m61_45) at m61_45_42_00.emevd.dcx.js:90005750 set by m61_45_42_00.emevd.dcx.js	questline_conditions					extractor-cone-root	questline_conditions:400644:m61_45_42_00.emevd.dcx.js:90005750:0	unknown	map_access			Enir Ilim	unknown	7770641	Enir Ilim :: Moore's Bell Bearing - near Cleansing Chamber Anteroom, may be sweep-granted by Needle Knight Leda (m20_01) [f400644]
2045410180	400645	set	$InitializeCommonEvent(90005774) arg0	lot_gates					commonarg-positive-by-construction	lot_gates:400645:90005774	any	world	Gravesite	flag_decode	Enir Ilim	yes	7900095	Enir Ilim :: Verdigris Greaves - around Gate of Divinity, may be sweep-granted by Needle Knight Leda (m20_01) [f400645]
2045429297	400645	set	$InitializeCommonEvent(90005774) arg0	lot_gates					commonarg-positive-by-construction	lot_gates:400645:90005774	any	world	Gravesite	flag_decode	Enir Ilim	yes	7900095	Enir Ilim :: Verdigris Greaves - around Gate of Divinity, may be sweep-granted by Needle Knight Leda (m20_01) [f400645]
2047460184	400645	set	$InitializeCommonEvent(90005774) arg0	lot_gates					commonarg-positive-by-construction	lot_gates:400645:90005774	any	world			Enir Ilim	unknown	7900095	Enir Ilim :: Verdigris Greaves - around Gate of Divinity, may be sweep-granted by Needle Knight Leda (m20_01) [f400645]
2048400180	400645	set	$InitializeCommonEvent(90005774) arg0	lot_gates					commonarg-positive-by-construction	lot_gates:400645:90005774	any	world			Enir Ilim	unknown	7900095	Enir Ilim :: Verdigris Greaves - around Gate of Divinity, may be sweep-granted by Needle Knight Leda (m20_01) [f400645]
2048440180	400645	set	$InitializeCommonEvent(90005774) arg0	lot_gates					commonarg-positive-by-construction	lot_gates:400645:90005774	any	world	Ensis	flag_decode	Enir Ilim	yes	7900095	Enir Ilim :: Verdigris Greaves - around Gate of Divinity, may be sweep-granted by Needle Knight Leda (m20_01) [f400645]
2049460180	400645	set	$InitializeCommonEvent(90005774) arg0	lot_gates					commonarg-positive-by-construction	lot_gates:400645:90005774	any	world			Enir Ilim	unknown	7900095	Enir Ilim :: Verdigris Greaves - around Gate of Divinity, may be sweep-granted by Needle Knight Leda (m20_01) [f400645]
2050470180	400645	set	$InitializeCommonEvent(90005774) arg0	lot_gates					commonarg-positive-by-construction	lot_gates:400645:90005774	any	world			Enir Ilim	unknown	7900095	Enir Ilim :: Verdigris Greaves - around Gate of Divinity, may be sweep-granted by Needle Knight Leda (m20_01) [f400645]
2051459220	400660	unknown	talk 420006100 gate_sense=0 lot 106600	esd_gifts	set by NPC talk 420006100 on m61_00_00_00		esd_talk	1	esd-received-memo	esd_gifts:400660:420006100	single	npc_state	Scadu Altus	flag_decode	Scadu Altus	no	7773752	Scadu Altus :: Hole-Laden Necklace [f400660]
2051459208	400661	unknown	talk 420006100 gate_sense=0 lot 106630	esd_gifts	set by NPC talk 420006100 on m61_00_00_00		esd_talk	1	esd-received-memo	esd_gifts:400661:420006100	unknown	npc_state	Scadu Altus	flag_decode	Scadu Altus	no	7900096	Scadu Altus :: Beloved Stardust [f400661]
2051459217	400661	clear	talk 420006100 gate_sense=0 lot 106610	esd_gifts					esd-walk-gate-sense	esd_gifts:400661:420006100	unknown	world	Scadu Altus	flag_decode	Scadu Altus	no	7900096	Scadu Altus :: Beloved Stardust [f400661]
2051459208	400662	unknown	talk 420006100 gate_sense=1 lot 106620	esd_gifts	set by NPC talk 420006100 on m61_00_00_00		esd_talk	1	esd-received-memo	esd_gifts:400662:420006100	single	npc_state	Scadu Altus	flag_decode	Scadu Altus	no	7773754	Scadu Altus :: Ruins Map (3rd) [f400662]
2051450800	400666	set	$InitializeCommonEvent(90005750) arg5	lot_gates					commonarg-positive-by-construction	lot_gates:400666:90005750	single	world	Scadu Altus	flag_decode	Scadu Altus	no	7773756	Scadu Altus :: [Sorcery] Cherishing Fingers - around Recluses' River Upstream, may be sweep-granted by Dryleaf Dane (m61_49_44) [f400666]
2051459742	400671	set	$InitializeCommonEvent(90005750) arg5	lot_gates	set by NPC talk 409006100 on m61_00_00_00		esd_talk	1	commonarg-positive-by-construction	lot_gates:400671:90005750	single	npc_state	Scadu Altus	flag_decode	Scadu Altus	no	7773758	Scadu Altus :: Sword of Night - near Cathedral of Manus Metyr, may be sweep-granted by Rakshasa (m61_51_44) [f400671]
2051450180	400672	set	$InitializeCommonEvent(90005774) arg0	lot_gates					commonarg-positive-by-construction	lot_gates:400672:90005774	single	world	Scadu Altus	flag_decode	Scadu Altus	no	7773759	Scadu Altus :: Claws of Night - near Cathedral of Manus Metyr, may be sweep-granted by Rakshasa (m61_51_44) [f400672]
21009210	400690	unknown	!EventFlag(21009214))); GotoIf(L1, EventFlag(21009210)); Got	lot_gates	set by NPC talk 413002100 on m21_00_00_00		esd_talk	1	context-branch-unresolved	lot_gates:400690:4931	unknown	npc_state			Scadu Altus	unknown	7770643	Scadu Altus :: Fire Knight Queelign - around Shadow Keep Main Gate, may be sweep-granted by Golden Hippopotamus (m21_00) [f400690]
21009211	400690	unknown	1, EventFlag(21009210)); GotoIf(L2, EventFlag(21009211)); End	lot_gates	set by NPC talk 413002100 on m21_00_00_00		esd_talk	1	context-branch-unresolved	lot_gates:400690:4931	unknown	npc_state			Scadu Altus	unknown	7770643	Scadu Altus :: Fire Knight Queelign - around Shadow Keep Main Gate, may be sweep-granted by Golden Hippopotamus (m21_00) [f400690]
21009214	400690	set	)); EndIf(!(EventFlag(21009240) && !EventFlag(21009214))); Go	lot_gates	set by NPC talk 413002100 on m21_00_00_00		esd_talk	1	endif-negated-bailout	lot_gates:400690:4931	unknown	npc_state			Scadu Altus	unknown	7770643	Scadu Altus :: Fire Knight Queelign - around Shadow Keep Main Gate, may be sweep-granted by Golden Hippopotamus (m21_00) [f400690]
21009240	400690	clear	dIf(!PlayerIsInOwnWorld()); EndIf(!(EventFlag(21009240) && !Event	lot_gates	set by NPC talk 413002100 on m21_00_00_00		esd_talk	1	endif-bailout-inverts	lot_gates:400690:4931	unknown	npc_state			Scadu Altus	unknown	7770643	Scadu Altus :: Fire Knight Queelign - around Shadow Keep Main Gate, may be sweep-granted by Golden Hippopotamus (m21_00) [f400690]
21009213	400692	set	$InitializeCommonEvent(90005750) arg5	lot_gates					commonarg-positive-by-construction	lot_gates:400692:90005750	single	world			Scadu Altus	unknown	7770644	Scadu Altus :: Queelign's Greatsword - around Shadow Keep Main Gate, may be sweep-granted by Golden Hippopotamus (m21_00) [f400692]
2049399741	400702	unknown	talk 406006100 gate_sense=0 lot 107020	esd_gifts	set by NPC talk 406006100 on m61_00_00_00		esd_talk	1	esd-received-memo	esd_gifts:400702:406006100	single	npc_state	Jagged Peak	flag_decode	Jagged Peak	no	7773761	Jagged Peak :: [Incantation] Dragonbolt of Florissax [f400702]
2049399729	400704	set	$InitializeCommonEvent(90005750) arg5	lot_gates					commonarg-positive-by-construction	lot_gates:400704:90005750	single	world	Jagged Peak	flag_decode	Jagged Peak	no	7900102	Jagged Peak :: Flowerstone Gavel - near Rest of the Dread Dragon, may be sweep-granted by Jagged Peak Drake (m61_49_41) [f400704]
4305	400704	set	cone root NPC_STATE(4305) at m61_49_39_00.emevd.dcx.js:90005750 set by common.emevd.dcx.js:4319	questline_conditions					extractor-cone-root	questline_conditions:400704:m61_49_39_00.emevd.dcx.js:90005750:0	unknown	world			Jagged Peak	unknown	7900102	Jagged Peak :: Flowerstone Gavel - near Rest of the Dread Dragon, may be sweep-granted by Jagged Peak Drake (m61_49_41) [f400704]
2054390800	400704	set	cone root BOSS_KILL(2054390800) at m61_49_39_00.emevd.dcx.js:90005750 set by m61_54_39_00.emevd.dcx.js:2054392800	questline_conditions					extractor-cone-root	questline_conditions:400704:m61_49_39_00.emevd.dcx.js:90005750:0	unknown	world	Jagged Peak	flag_decode	Jagged Peak	no	7900102	Jagged Peak :: Flowerstone Gavel - near Rest of the Dread Dragon, may be sweep-granted by Jagged Peak Drake (m61_49_41) [f400704]
map:m61_49	400704	set	cone root MAP_ACCESS(m61_49) at m61_49_39_00.emevd.dcx.js:90005750 set by m61_49_39_00.emevd.dcx.js	questline_conditions					extractor-cone-root	questline_conditions:400704:m61_49_39_00.emevd.dcx.js:90005750:0	unknown	map_access			Jagged Peak	unknown	7900102	Jagged Peak :: Flowerstone Gavel - near Rest of the Dread Dragon, may be sweep-granted by Jagged Peak Drake (m61_49_41) [f400704]
4267	400710	set	talk 403006100 gate_sense=1 lot 107100	esd_gifts					esd-walk-gate-sense	esd_gifts:400710:403006100	unknown	world			Jagged Peak	unknown	7773763	Jagged Peak :: Igon's Furled Finger - around Foot of the Jagged Peak, may be sweep-granted by Ancient Dragon Senessax (m61_54_39) [f400710]
2052409207	400710	unknown	talk 403006100 gate_sense=0 lot 107100	esd_gifts	set by NPC talk 403006100 on m61_00_00_00		esd_talk	1	esd-received-memo	esd_gifts:400710:403006100	unknown	npc_state	Jagged Peak	flag_decode	Jagged Peak	no	7773763	Jagged Peak :: Igon's Furled Finger - around Foot of the Jagged Peak, may be sweep-granted by Ancient Dragon Senessax (m61_54_39) [f400710]
3000	400710	set	cone root DIALOGUE_STEP(3000) at talk/m61_00_00_00-only/t403006100.py:t403006100_x3 set by talk/m60_00_00_00-only/t900006000.py:t900006000_x3	questline_conditions	set by NPC talk 900006000 on m60_00_00_00		esd_talk	1	extractor-cone-root	questline_conditions:400710:talk/m61_00_00_00-only/t403006100.py:t403006100_x3:	unknown	npc_state			Jagged Peak	unknown	7773763	Jagged Peak :: Igon's Furled Finger - around Foot of the Jagged Peak, may be sweep-granted by Ancient Dragon Senessax (m61_54_39) [f400710]
3000	400710	set	cone root DIALOGUE_STEP(3000) at talk/m61_00_00_00-only/t403006100.py:t403006100_x51 set by talk/m60_00_00_00-only/t900006000.py:t900006000_x3	questline_conditions	set by NPC talk 900006000 on m60_00_00_00		esd_talk	1	extractor-cone-root	questline_conditions:400710:talk/m61_00_00_00-only/t403006100.py:t403006100_x51:	unknown	npc_state			Jagged Peak	unknown	7773763	Jagged Peak :: Igon's Furled Finger - around Foot of the Jagged Peak, may be sweep-granted by Ancient Dragon Senessax (m61_54_39) [f400710]
3000	400710	set	cone root DIALOGUE_STEP(3000) at talk/m61_00_00_00-only/t403006100.py:t403006100_x53 set by talk/m60_00_00_00-only/t900006000.py:t900006000_x3	questline_conditions	set by NPC talk 900006000 on m60_00_00_00		esd_talk	1	extractor-cone-root	questline_conditions:400710:talk/m61_00_00_00-only/t403006100.py:t403006100_x53:	unknown	npc_state			Jagged Peak	unknown	7773763	Jagged Peak :: Igon's Furled Finger - around Foot of the Jagged Peak, may be sweep-granted by Ancient Dragon Senessax (m61_54_39) [f400710]
4260	400710	set	cone root NPC_STATE(4260) at talk/m61_00_00_00-only/t403006100.py:t403006100_x3 set by common.emevd.dcx.js:4279	questline_conditions	NPC330_Atonement Priest_Performing absolution	NPC330_贖罪司祭_免罪実行	emevd_event	2	extractor-cone-root	questline_conditions:400710:talk/m61_00_00_00-only/t403006100.py:t403006100_x3:	unknown	world			Jagged Peak	unknown	7773763	Jagged Peak :: Igon's Furled Finger - around Foot of the Jagged Peak, may be sweep-granted by Ancient Dragon Senessax (m61_54_39) [f400710]
4260	400710	set	cone root NPC_STATE(4260) at talk/m61_00_00_00-only/t403006100.py:t403006100_x51 set by common.emevd.dcx.js:4279	questline_conditions	NPC330_Atonement Priest_Performing absolution	NPC330_贖罪司祭_免罪実行	emevd_event	2	extractor-cone-root	questline_conditions:400710:talk/m61_00_00_00-only/t403006100.py:t403006100_x51:	unknown	world			Jagged Peak	unknown	7773763	Jagged Peak :: Igon's Furled Finger - around Foot of the Jagged Peak, may be sweep-granted by Ancient Dragon Senessax (m61_54_39) [f400710]
4260	400710	set	cone root NPC_STATE(4260) at talk/m61_00_00_00-only/t403006100.py:t403006100_x53 set by common.emevd.dcx.js:4279	questline_conditions	NPC330_Atonement Priest_Performing absolution	NPC330_贖罪司祭_免罪実行	emevd_event	2	extractor-cone-root	questline_conditions:400710:talk/m61_00_00_00-only/t403006100.py:t403006100_x53:	unknown	world			Jagged Peak	unknown	7773763	Jagged Peak :: Igon's Furled Finger - around Foot of the Jagged Peak, may be sweep-granted by Ancient Dragon Senessax (m61_54_39) [f400710]
4263	400710	set	cone root BOSS_KILL(4263) at talk/m61_00_00_00-only/t403006100.py:t403006100_x3 set by common.emevd.dcx.js:4279	questline_conditions	NPC330_Atonement Priest_Performing absolution	NPC330_贖罪司祭_免罪実行	emevd_batch	1	extractor-cone-root	questline_conditions:400710:talk/m61_00_00_00-only/t403006100.py:t403006100_x3:	unknown	world			Jagged Peak	unknown	7773763	Jagged Peak :: Igon's Furled Finger - around Foot of the Jagged Peak, may be sweep-granted by Ancient Dragon Senessax (m61_54_39) [f400710]
4263	400710	set	cone root BOSS_KILL(4263) at talk/m61_00_00_00-only/t403006100.py:t403006100_x51 set by common.emevd.dcx.js:4279	questline_conditions	NPC330_Atonement Priest_Performing absolution	NPC330_贖罪司祭_免罪実行	emevd_batch	1	extractor-cone-root	questline_conditions:400710:talk/m61_00_00_00-only/t403006100.py:t403006100_x51:	unknown	world			Jagged Peak	unknown	7773763	Jagged Peak :: Igon's Furled Finger - around Foot of the Jagged Peak, may be sweep-granted by Ancient Dragon Senessax (m61_54_39) [f400710]
4263	400710	set	cone root BOSS_KILL(4263) at talk/m61_00_00_00-only/t403006100.py:t403006100_x53 set by common.emevd.dcx.js:4279	questline_conditions	NPC330_Atonement Priest_Performing absolution	NPC330_贖罪司祭_免罪実行	emevd_batch	1	extractor-cone-root	questline_conditions:400710:talk/m61_00_00_00-only/t403006100.py:t403006100_x53:	unknown	world			Jagged Peak	unknown	7773763	Jagged Peak :: Igon's Furled Finger - around Foot of the Jagged Peak, may be sweep-granted by Ancient Dragon Senessax (m61_54_39) [f400710]
4265	400710	set	cone root NPC_STATE(4265) at talk/m61_00_00_00-only/t403006100.py:t403006100_x3 set by common.emevd.dcx.js:4279	questline_conditions					extractor-cone-root	questline_conditions:400710:talk/m61_00_00_00-only/t403006100.py:t403006100_x3:	unknown	world			Jagged Peak	unknown	7773763	Jagged Peak :: Igon's Furled Finger - around Foot of the Jagged Peak, may be sweep-granted by Ancient Dragon Senessax (m61_54_39) [f400710]
4265	400710	set	cone root NPC_STATE(4265) at talk/m61_00_00_00-only/t403006100.py:t403006100_x51 set by common.emevd.dcx.js:4279	questline_conditions					extractor-cone-root	questline_conditions:400710:talk/m61_00_00_00-only/t403006100.py:t403006100_x51:	unknown	world			Jagged Peak	unknown	7773763	Jagged Peak :: Igon's Furled Finger - around Foot of the Jagged Peak, may be sweep-granted by Ancient Dragon Senessax (m61_54_39) [f400710]
4265	400710	set	cone root NPC_STATE(4265) at talk/m61_00_00_00-only/t403006100.py:t403006100_x53 set by common.emevd.dcx.js:4279	questline_conditions					extractor-cone-root	questline_conditions:400710:talk/m61_00_00_00-only/t403006100.py:t403006100_x53:	unknown	world			Jagged Peak	unknown	7773763	Jagged Peak :: Igon's Furled Finger - around Foot of the Jagged Peak, may be sweep-granted by Ancient Dragon Senessax (m61_54_39) [f400710]
4267	400710	set	cone root NPC_STATE(4267) at talk/m61_00_00_00-only/t403006100.py:t403006100_x3 set by common.emevd.dcx.js:4279	questline_conditions					extractor-cone-root	questline_conditions:400710:talk/m61_00_00_00-only/t403006100.py:t403006100_x3:	unknown	world			Jagged Peak	unknown	7773763	Jagged Peak :: Igon's Furled Finger - around Foot of the Jagged Peak, may be sweep-granted by Ancient Dragon Senessax (m61_54_39) [f400710]
4267	400710	set	cone root NPC_STATE(4267) at talk/m61_00_00_00-only/t403006100.py:t403006100_x51 set by common.emevd.dcx.js:4279	questline_conditions					extractor-cone-root	questline_conditions:400710:talk/m61_00_00_00-only/t403006100.py:t403006100_x51:	unknown	world			Jagged Peak	unknown	7773763	Jagged Peak :: Igon's Furled Finger - around Foot of the Jagged Peak, may be sweep-granted by Ancient Dragon Senessax (m61_54_39) [f400710]
4267	400710	set	cone root NPC_STATE(4267) at talk/m61_00_00_00-only/t403006100.py:t403006100_x53 set by common.emevd.dcx.js:4279	questline_conditions					extractor-cone-root	questline_conditions:400710:talk/m61_00_00_00-only/t403006100.py:t403006100_x53:	unknown	world			Jagged Peak	unknown	7773763	Jagged Peak :: Igon's Furled Finger - around Foot of the Jagged Peak, may be sweep-granted by Ancient Dragon Senessax (m61_54_39) [f400710]
2052400800	400710	set	cone root BOSS_KILL(2052400800) at talk/m61_00_00_00-only/t403006100.py:t403006100_x3 set by common_func.emevd.dcx.js:90005860	questline_conditions					extractor-cone-root	questline_conditions:400710:talk/m61_00_00_00-only/t403006100.py:t403006100_x3:	unknown	world	Jagged Peak	flag_decode	Jagged Peak	no	7773763	Jagged Peak :: Igon's Furled Finger - around Foot of the Jagged Peak, may be sweep-granted by Ancient Dragon Senessax (m61_54_39) [f400710]
2052400800	400710	set	cone root BOSS_KILL(2052400800) at talk/m61_00_00_00-only/t403006100.py:t403006100_x51 set by common_func.emevd.dcx.js:90005860	questline_conditions					extractor-cone-root	questline_conditions:400710:talk/m61_00_00_00-only/t403006100.py:t403006100_x51:	unknown	world	Jagged Peak	flag_decode	Jagged Peak	no	7773763	Jagged Peak :: Igon's Furled Finger - around Foot of the Jagged Peak, may be sweep-granted by Ancient Dragon Senessax (m61_54_39) [f400710]
2052400800	400710	set	cone root BOSS_KILL(2052400800) at talk/m61_00_00_00-only/t403006100.py:t403006100_x53 set by common_func.emevd.dcx.js:90005860	questline_conditions					extractor-cone-root	questline_conditions:400710:talk/m61_00_00_00-only/t403006100.py:t403006100_x53:	unknown	world	Jagged Peak	flag_decode	Jagged Peak	no	7773763	Jagged Peak :: Igon's Furled Finger - around Foot of the Jagged Peak, may be sweep-granted by Ancient Dragon Senessax (m61_54_39) [f400710]
2052402701	400710	set	cone root DIALOGUE_STEP(2052402701) at talk/m61_00_00_00-only/t403006100.py:t403006100_x3 set by talk/m61_00_00_00-only/t403006100.py:t403006100_x39	questline_conditions	set by NPC talk 403006100 on m61_00_00_00		esd_talk	1	extractor-cone-root	questline_conditions:400710:talk/m61_00_00_00-only/t403006100.py:t403006100_x3:	unknown	npc_state	Jagged Peak	flag_decode	Jagged Peak	no	7773763	Jagged Peak :: Igon's Furled Finger - around Foot of the Jagged Peak, may be sweep-granted by Ancient Dragon Senessax (m61_54_39) [f400710]
2052402701	400710	set	cone root DIALOGUE_STEP(2052402701) at talk/m61_00_00_00-only/t403006100.py:t403006100_x51 set by talk/m61_00_00_00-only/t403006100.py:t403006100_x39	questline_conditions	set by NPC talk 403006100 on m61_00_00_00		esd_talk	1	extractor-cone-root	questline_conditions:400710:talk/m61_00_00_00-only/t403006100.py:t403006100_x51:	unknown	npc_state	Jagged Peak	flag_decode	Jagged Peak	no	7773763	Jagged Peak :: Igon's Furled Finger - around Foot of the Jagged Peak, may be sweep-granted by Ancient Dragon Senessax (m61_54_39) [f400710]
2052402701	400710	set	cone root DIALOGUE_STEP(2052402701) at talk/m61_00_00_00-only/t403006100.py:t403006100_x53 set by talk/m61_00_00_00-only/t403006100.py:t403006100_x39	questline_conditions	set by NPC talk 403006100 on m61_00_00_00		esd_talk	1	extractor-cone-root	questline_conditions:400710:talk/m61_00_00_00-only/t403006100.py:t403006100_x53:	unknown	npc_state	Jagged Peak	flag_decode	Jagged Peak	no	7773763	Jagged Peak :: Igon's Furled Finger - around Foot of the Jagged Peak, may be sweep-granted by Ancient Dragon Senessax (m61_54_39) [f400710]
2052402702	400710	set	cone root DIALOGUE_STEP(2052402702) at talk/m61_00_00_00-only/t403006100.py:t403006100_x3 set by talk/m61_00_00_00-only/t403006100.py:t403006100_x39	questline_conditions	set by NPC talk 403006100 on m61_00_00_00		esd_talk	1	extractor-cone-root	questline_conditions:400710:talk/m61_00_00_00-only/t403006100.py:t403006100_x3:	unknown	npc_state	Jagged Peak	flag_decode	Jagged Peak	no	7773763	Jagged Peak :: Igon's Furled Finger - around Foot of the Jagged Peak, may be sweep-granted by Ancient Dragon Senessax (m61_54_39) [f400710]
2052402702	400710	set	cone root DIALOGUE_STEP(2052402702) at talk/m61_00_00_00-only/t403006100.py:t403006100_x51 set by talk/m61_00_00_00-only/t403006100.py:t403006100_x39	questline_conditions	set by NPC talk 403006100 on m61_00_00_00		esd_talk	1	extractor-cone-root	questline_conditions:400710:talk/m61_00_00_00-only/t403006100.py:t403006100_x51:	unknown	npc_state	Jagged Peak	flag_decode	Jagged Peak	no	7773763	Jagged Peak :: Igon's Furled Finger - around Foot of the Jagged Peak, may be sweep-granted by Ancient Dragon Senessax (m61_54_39) [f400710]
2052402702	400710	set	cone root DIALOGUE_STEP(2052402702) at talk/m61_00_00_00-only/t403006100.py:t403006100_x53 set by talk/m61_00_00_00-only/t403006100.py:t403006100_x39	questline_conditions	set by NPC talk 403006100 on m61_00_00_00		esd_talk	1	extractor-cone-root	questline_conditions:400710:talk/m61_00_00_00-only/t403006100.py:t403006100_x53:	unknown	npc_state	Jagged Peak	flag_decode	Jagged Peak	no	7773763	Jagged Peak :: Igon's Furled Finger - around Foot of the Jagged Peak, may be sweep-granted by Ancient Dragon Senessax (m61_54_39) [f400710]
2052402703	400710	set	cone root DIALOGUE_STEP(2052402703) at talk/m61_00_00_00-only/t403006100.py:t403006100_x3 set by talk/m61_00_00_00-only/t403006100.py:t403006100_x54	questline_conditions	set by NPC talk 403006100 on m61_00_00_00		esd_talk	1	extractor-cone-root	questline_conditions:400710:talk/m61_00_00_00-only/t403006100.py:t403006100_x3:	unknown	npc_state	Jagged Peak	flag_decode	Jagged Peak	no	7773763	Jagged Peak :: Igon's Furled Finger - around Foot of the Jagged Peak, may be sweep-granted by Ancient Dragon Senessax (m61_54_39) [f400710]
2052402703	400710	set	cone root DIALOGUE_STEP(2052402703) at talk/m61_00_00_00-only/t403006100.py:t403006100_x51 set by talk/m61_00_00_00-only/t403006100.py:t403006100_x54	questline_conditions	set by NPC talk 403006100 on m61_00_00_00		esd_talk	1	extractor-cone-root	questline_conditions:400710:talk/m61_00_00_00-only/t403006100.py:t403006100_x51:	unknown	npc_state	Jagged Peak	flag_decode	Jagged Peak	no	7773763	Jagged Peak :: Igon's Furled Finger - around Foot of the Jagged Peak, may be sweep-granted by Ancient Dragon Senessax (m61_54_39) [f400710]
2052402703	400710	set	cone root DIALOGUE_STEP(2052402703) at talk/m61_00_00_00-only/t403006100.py:t403006100_x53 set by talk/m61_00_00_00-only/t403006100.py:t403006100_x54	questline_conditions	set by NPC talk 403006100 on m61_00_00_00		esd_talk	1	extractor-cone-root	questline_conditions:400710:talk/m61_00_00_00-only/t403006100.py:t403006100_x53:	unknown	npc_state	Jagged Peak	flag_decode	Jagged Peak	no	7773763	Jagged Peak :: Igon's Furled Finger - around Foot of the Jagged Peak, may be sweep-granted by Ancient Dragon Senessax (m61_54_39) [f400710]
2052402706	400710	set	cone root DIALOGUE_STEP(2052402706) at talk/m61_00_00_00-only/t403006100.py:t403006100_x3 set by talk/m61_00_00_00-only/t403006100.py:t403006100_x54	questline_conditions	set by NPC talk 403006100 on m61_00_00_00		esd_talk	1	extractor-cone-root	questline_conditions:400710:talk/m61_00_00_00-only/t403006100.py:t403006100_x3:	unknown	npc_state	Jagged Peak	flag_decode	Jagged Peak	no	7773763	Jagged Peak :: Igon's Furled Finger - around Foot of the Jagged Peak, may be sweep-granted by Ancient Dragon Senessax (m61_54_39) [f400710]
2052402706	400710	set	cone root DIALOGUE_STEP(2052402706) at talk/m61_00_00_00-only/t403006100.py:t403006100_x51 set by talk/m61_00_00_00-only/t403006100.py:t403006100_x54	questline_conditions	set by NPC talk 403006100 on m61_00_00_00		esd_talk	1	extractor-cone-root	questline_conditions:400710:talk/m61_00_00_00-only/t403006100.py:t403006100_x51:	unknown	npc_state	Jagged Peak	flag_decode	Jagged Peak	no	7773763	Jagged Peak :: Igon's Furled Finger - around Foot of the Jagged Peak, may be sweep-granted by Ancient Dragon Senessax (m61_54_39) [f400710]
2052402706	400710	set	cone root DIALOGUE_STEP(2052402706) at talk/m61_00_00_00-only/t403006100.py:t403006100_x53 set by talk/m61_00_00_00-only/t403006100.py:t403006100_x54	questline_conditions	set by NPC talk 403006100 on m61_00_00_00		esd_talk	1	extractor-cone-root	questline_conditions:400710:talk/m61_00_00_00-only/t403006100.py:t403006100_x53:	unknown	npc_state	Jagged Peak	flag_decode	Jagged Peak	no	7773763	Jagged Peak :: Igon's Furled Finger - around Foot of the Jagged Peak, may be sweep-granted by Ancient Dragon Senessax (m61_54_39) [f400710]
2052402707	400710	set	cone root DIALOGUE_STEP(2052402707) at talk/m61_00_00_00-only/t403006100.py:t403006100_x3 set by talk/m61_00_00_00-only/t403006100.py:t403006100_x51	questline_conditions	set by NPC talk 403006100 on m61_00_00_00		esd_talk	1	extractor-cone-root	questline_conditions:400710:talk/m61_00_00_00-only/t403006100.py:t403006100_x3:	unknown	npc_state	Jagged Peak	flag_decode	Jagged Peak	no	7773763	Jagged Peak :: Igon's Furled Finger - around Foot of the Jagged Peak, may be sweep-granted by Ancient Dragon Senessax (m61_54_39) [f400710]
2052402707	400710	set	cone root DIALOGUE_STEP(2052402707) at talk/m61_00_00_00-only/t403006100.py:t403006100_x51 set by talk/m61_00_00_00-only/t403006100.py:t403006100_x51	questline_conditions	set by NPC talk 403006100 on m61_00_00_00		esd_talk	1	extractor-cone-root	questline_conditions:400710:talk/m61_00_00_00-only/t403006100.py:t403006100_x51:	unknown	npc_state	Jagged Peak	flag_decode	Jagged Peak	no	7773763	Jagged Peak :: Igon's Furled Finger - around Foot of the Jagged Peak, may be sweep-granted by Ancient Dragon Senessax (m61_54_39) [f400710]
2052402707	400710	set	cone root DIALOGUE_STEP(2052402707) at talk/m61_00_00_00-only/t403006100.py:t403006100_x53 set by talk/m61_00_00_00-only/t403006100.py:t403006100_x51	questline_conditions	set by NPC talk 403006100 on m61_00_00_00		esd_talk	1	extractor-cone-root	questline_conditions:400710:talk/m61_00_00_00-only/t403006100.py:t403006100_x53:	unknown	npc_state	Jagged Peak	flag_decode	Jagged Peak	no	7773763	Jagged Peak :: Igon's Furled Finger - around Foot of the Jagged Peak, may be sweep-granted by Ancient Dragon Senessax (m61_54_39) [f400710]
2052409207	400710	set	cone root DIALOGUE_STEP(2052409207) at talk/m61_00_00_00-only/t403006100.py:t403006100_x3 set by talk/m61_00_00_00-only/t403006100.py:t403006100_x30	questline_conditions	set by NPC talk 403006100 on m61_00_00_00		esd_talk	1	extractor-cone-root	questline_conditions:400710:talk/m61_00_00_00-only/t403006100.py:t403006100_x3:	unknown	npc_state	Jagged Peak	flag_decode	Jagged Peak	no	7773763	Jagged Peak :: Igon's Furled Finger - around Foot of the Jagged Peak, may be sweep-granted by Ancient Dragon Senessax (m61_54_39) [f400710]
2052409207	400710	set	cone root DIALOGUE_STEP(2052409207) at talk/m61_00_00_00-only/t403006100.py:t403006100_x51 set by talk/m61_00_00_00-only/t403006100.py:t403006100_x30	questline_conditions	set by NPC talk 403006100 on m61_00_00_00		esd_talk	1	extractor-cone-root	questline_conditions:400710:talk/m61_00_00_00-only/t403006100.py:t403006100_x51:	unknown	npc_state	Jagged Peak	flag_decode	Jagged Peak	no	7773763	Jagged Peak :: Igon's Furled Finger - around Foot of the Jagged Peak, may be sweep-granted by Ancient Dragon Senessax (m61_54_39) [f400710]
2052409207	400710	set	cone root DIALOGUE_STEP(2052409207) at talk/m61_00_00_00-only/t403006100.py:t403006100_x53 set by talk/m61_00_00_00-only/t403006100.py:t403006100_x30	questline_conditions	set by NPC talk 403006100 on m61_00_00_00		esd_talk	1	extractor-cone-root	questline_conditions:400710:talk/m61_00_00_00-only/t403006100.py:t403006100_x53:	unknown	npc_state	Jagged Peak	flag_decode	Jagged Peak	no	7773763	Jagged Peak :: Igon's Furled Finger - around Foot of the Jagged Peak, may be sweep-granted by Ancient Dragon Senessax (m61_54_39) [f400710]
2052409209	400710	set	cone root DIALOGUE_STEP(2052409209) at talk/m61_00_00_00-only/t403006100.py:t403006100_x3 set by talk/m61_00_00_00-only/t403006100.py:t403006100_x51	questline_conditions	set by NPC talk 403006100 on m61_00_00_00		esd_talk	1	extractor-cone-root	questline_conditions:400710:talk/m61_00_00_00-only/t403006100.py:t403006100_x3:	unknown	npc_state	Jagged Peak	flag_decode	Jagged Peak	no	7773763	Jagged Peak :: Igon's Furled Finger - around Foot of the Jagged Peak, may be sweep-granted by Ancient Dragon Senessax (m61_54_39) [f400710]
2052409209	400710	set	cone root DIALOGUE_STEP(2052409209) at talk/m61_00_00_00-only/t403006100.py:t403006100_x51 set by talk/m61_00_00_00-only/t403006100.py:t403006100_x51	questline_conditions	set by NPC talk 403006100 on m61_00_00_00		esd_talk	1	extractor-cone-root	questline_conditions:400710:talk/m61_00_00_00-only/t403006100.py:t403006100_x51:	unknown	npc_state	Jagged Peak	flag_decode	Jagged Peak	no	7773763	Jagged Peak :: Igon's Furled Finger - around Foot of the Jagged Peak, may be sweep-granted by Ancient Dragon Senessax (m61_54_39) [f400710]
2052409209	400710	set	cone root DIALOGUE_STEP(2052409209) at talk/m61_00_00_00-only/t403006100.py:t403006100_x53 set by talk/m61_00_00_00-only/t403006100.py:t403006100_x51	questline_conditions	set by NPC talk 403006100 on m61_00_00_00		esd_talk	1	extractor-cone-root	questline_conditions:400710:talk/m61_00_00_00-only/t403006100.py:t403006100_x53:	unknown	npc_state	Jagged Peak	flag_decode	Jagged Peak	no	7773763	Jagged Peak :: Igon's Furled Finger - around Foot of the Jagged Peak, may be sweep-granted by Ancient Dragon Senessax (m61_54_39) [f400710]
2054390800	400710	set	cone root BOSS_KILL(2054390800) at talk/m61_00_00_00-only/t403006100.py:t403006100_x3 set by m61_54_39_00.emevd.dcx.js:2054392800	questline_conditions					extractor-cone-root	questline_conditions:400710:talk/m61_00_00_00-only/t403006100.py:t403006100_x3:	unknown	world	Jagged Peak	flag_decode	Jagged Peak	no	7773763	Jagged Peak :: Igon's Furled Finger - around Foot of the Jagged Peak, may be sweep-granted by Ancient Dragon Senessax (m61_54_39) [f400710]
2054390800	400710	set	cone root BOSS_KILL(2054390800) at talk/m61_00_00_00-only/t403006100.py:t403006100_x51 set by m61_54_39_00.emevd.dcx.js:2054392800	questline_conditions					extractor-cone-root	questline_conditions:400710:talk/m61_00_00_00-only/t403006100.py:t403006100_x51:	unknown	world	Jagged Peak	flag_decode	Jagged Peak	no	7773763	Jagged Peak :: Igon's Furled Finger - around Foot of the Jagged Peak, may be sweep-granted by Ancient Dragon Senessax (m61_54_39) [f400710]
2054390800	400710	set	cone root BOSS_KILL(2054390800) at talk/m61_00_00_00-only/t403006100.py:t403006100_x53 set by m61_54_39_00.emevd.dcx.js:2054392800	questline_conditions					extractor-cone-root	questline_conditions:400710:talk/m61_00_00_00-only/t403006100.py:t403006100_x53:	unknown	world	Jagged Peak	flag_decode	Jagged Peak	no	7773763	Jagged Peak :: Igon's Furled Finger - around Foot of the Jagged Peak, may be sweep-granted by Ancient Dragon Senessax (m61_54_39) [f400710]
goods:2130	400710	set	cone root ITEM_POSSESSION(2130) at talk/m61_00_00_00-only/t403006100.py:t403006100_x3 set by talk/m61_00_00_00-only/t403006100.py	questline_conditions					extractor-cone-root	questline_conditions:400710:talk/m61_00_00_00-only/t403006100.py:t403006100_x3:	unknown	item			Jagged Peak	unknown	7773763	Jagged Peak :: Igon's Furled Finger - around Foot of the Jagged Peak, may be sweep-granted by Ancient Dragon Senessax (m61_54_39) [f400710]
goods:2130	400710	set	cone root ITEM_POSSESSION(2130) at talk/m61_00_00_00-only/t403006100.py:t403006100_x51 set by talk/m61_00_00_00-only/t403006100.py	questline_conditions					extractor-cone-root	questline_conditions:400710:talk/m61_00_00_00-only/t403006100.py:t403006100_x51:	unknown	item			Jagged Peak	unknown	7773763	Jagged Peak :: Igon's Furled Finger - around Foot of the Jagged Peak, may be sweep-granted by Ancient Dragon Senessax (m61_54_39) [f400710]
goods:2130	400710	set	cone root ITEM_POSSESSION(2130) at talk/m61_00_00_00-only/t403006100.py:t403006100_x53 set by talk/m61_00_00_00-only/t403006100.py	questline_conditions					extractor-cone-root	questline_conditions:400710:talk/m61_00_00_00-only/t403006100.py:t403006100_x53:	unknown	item			Jagged Peak	unknown	7773763	Jagged Peak :: Igon's Furled Finger - around Foot of the Jagged Peak, may be sweep-granted by Ancient Dragon Senessax (m61_54_39) [f400710]
map:m61_00	400710	set	cone root MAP_ACCESS(m61_00) at talk/m61_00_00_00-only/t403006100.py:t403006100_x3 set by talk/m61_00_00_00-only/t403006100.py	questline_conditions					extractor-cone-root	questline_conditions:400710:talk/m61_00_00_00-only/t403006100.py:t403006100_x3:	unknown	map_access			Jagged Peak	unknown	7773763	Jagged Peak :: Igon's Furled Finger - around Foot of the Jagged Peak, may be sweep-granted by Ancient Dragon Senessax (m61_54_39) [f400710]
map:m61_00	400710	set	cone root MAP_ACCESS(m61_00) at talk/m61_00_00_00-only/t403006100.py:t403006100_x51 set by talk/m61_00_00_00-only/t403006100.py	questline_conditions					extractor-cone-root	questline_conditions:400710:talk/m61_00_00_00-only/t403006100.py:t403006100_x51:	unknown	map_access			Jagged Peak	unknown	7773763	Jagged Peak :: Igon's Furled Finger - around Foot of the Jagged Peak, may be sweep-granted by Ancient Dragon Senessax (m61_54_39) [f400710]
map:m61_00	400710	set	cone root MAP_ACCESS(m61_00) at talk/m61_00_00_00-only/t403006100.py:t403006100_x53 set by talk/m61_00_00_00-only/t403006100.py	questline_conditions					extractor-cone-root	questline_conditions:400710:talk/m61_00_00_00-only/t403006100.py:t403006100_x53:	unknown	map_access			Jagged Peak	unknown	7773763	Jagged Peak :: Igon's Furled Finger - around Foot of the Jagged Peak, may be sweep-granted by Ancient Dragon Senessax (m61_54_39) [f400710]
map:m61_52	400710	set	cone root MAP_ACCESS(m61_52) at talk/m61_00_00_00-only/t403006100.py:t403006100_x53 set by m61_52_40_00.emevd.dcx.js	questline_conditions					extractor-cone-root	questline_conditions:400710:talk/m61_00_00_00-only/t403006100.py:t403006100_x53:	unknown	map_access			Jagged Peak	unknown	7773763	Jagged Peak :: Igon's Furled Finger - around Foot of the Jagged Peak, may be sweep-granted by Ancient Dragon Senessax (m61_54_39) [f400710]
2052409211	400712	set	$InitializeCommonEvent(90005750) arg5	lot_gates					commonarg-positive-by-construction	lot_gates:400712:90005750	single	world	Jagged Peak	flag_decode	Jagged Peak	no	7773765	Jagged Peak :: Igon's Greatbow with Ash of War: Igon's Drake Hunt - near Foot of the Jagged Peak, may be sweep-granted by Ancient Dragon Senessax (m61_54_39) [f400712]
3000	400712	set	cone root DIALOGUE_STEP(3000) at m61_52_40_00.emevd.dcx.js:90005750 set by talk/m60_00_00_00-only/t900006000.py:t900006000_x3	questline_conditions	set by NPC talk 900006000 on m60_00_00_00		esd_talk	1	extractor-cone-root	questline_conditions:400712:m61_52_40_00.emevd.dcx.js:90005750:0	unknown	npc_state			Jagged Peak	unknown	7773765	Jagged Peak :: Igon's Greatbow with Ash of War: Igon's Drake Hunt - near Foot of the Jagged Peak, may be sweep-granted by Ancient Dragon Senessax (m61_54_39) [f400712]
4260	400712	set	cone root NPC_STATE(4260) at m61_52_40_00.emevd.dcx.js:90005750 set by common.emevd.dcx.js:4279	questline_conditions	NPC330_Atonement Priest_Performing absolution	NPC330_贖罪司祭_免罪実行	emevd_event	2	extractor-cone-root	questline_conditions:400712:m61_52_40_00.emevd.dcx.js:90005750:0	unknown	world			Jagged Peak	unknown	7773765	Jagged Peak :: Igon's Greatbow with Ash of War: Igon's Drake Hunt - near Foot of the Jagged Peak, may be sweep-granted by Ancient Dragon Senessax (m61_54_39) [f400712]
4263	400712	set	cone root BOSS_KILL(4263) at m61_52_40_00.emevd.dcx.js:90005750 set by common.emevd.dcx.js:4279	questline_conditions	NPC330_Atonement Priest_Performing absolution	NPC330_贖罪司祭_免罪実行	emevd_batch	1	extractor-cone-root	questline_conditions:400712:m61_52_40_00.emevd.dcx.js:90005750:0	unknown	world			Jagged Peak	unknown	7773765	Jagged Peak :: Igon's Greatbow with Ash of War: Igon's Drake Hunt - near Foot of the Jagged Peak, may be sweep-granted by Ancient Dragon Senessax (m61_54_39) [f400712]
4265	400712	set	cone root NPC_STATE(4265) at m61_52_40_00.emevd.dcx.js:90005750 set by common.emevd.dcx.js:4279	questline_conditions					extractor-cone-root	questline_conditions:400712:m61_52_40_00.emevd.dcx.js:90005750:0	unknown	world			Jagged Peak	unknown	7773765	Jagged Peak :: Igon's Greatbow with Ash of War: Igon's Drake Hunt - near Foot of the Jagged Peak, may be sweep-granted by Ancient Dragon Senessax (m61_54_39) [f400712]
4267	400712	set	cone root NPC_STATE(4267) at m61_52_40_00.emevd.dcx.js:90005750 set by common.emevd.dcx.js:4279	questline_conditions					extractor-cone-root	questline_conditions:400712:m61_52_40_00.emevd.dcx.js:90005750:0	unknown	world			Jagged Peak	unknown	7773765	Jagged Peak :: Igon's Greatbow with Ash of War: Igon's Drake Hunt - near Foot of the Jagged Peak, may be sweep-granted by Ancient Dragon Senessax (m61_54_39) [f400712]
2052400800	400712	set	cone root BOSS_KILL(2052400800) at m61_52_40_00.emevd.dcx.js:90005750 set by common_func.emevd.dcx.js:90005860	questline_conditions					extractor-cone-root	questline_conditions:400712:m61_52_40_00.emevd.dcx.js:90005750:0	unknown	world	Jagged Peak	flag_decode	Jagged Peak	no	7773765	Jagged Peak :: Igon's Greatbow with Ash of War: Igon's Drake Hunt - near Foot of the Jagged Peak, may be sweep-granted by Ancient Dragon Senessax (m61_54_39) [f400712]
2052402701	400712	set	cone root DIALOGUE_STEP(2052402701) at m61_52_40_00.emevd.dcx.js:90005750 set by talk/m61_00_00_00-only/t403006100.py:t403006100_x39	questline_conditions	set by NPC talk 403006100 on m61_00_00_00		esd_talk	1	extractor-cone-root	questline_conditions:400712:m61_52_40_00.emevd.dcx.js:90005750:0	unknown	npc_state	Jagged Peak	flag_decode	Jagged Peak	no	7773765	Jagged Peak :: Igon's Greatbow with Ash of War: Igon's Drake Hunt - near Foot of the Jagged Peak, may be sweep-granted by Ancient Dragon Senessax (m61_54_39) [f400712]
2052402702	400712	set	cone root DIALOGUE_STEP(2052402702) at m61_52_40_00.emevd.dcx.js:90005750 set by talk/m61_00_00_00-only/t403006100.py:t403006100_x39	questline_conditions	set by NPC talk 403006100 on m61_00_00_00		esd_talk	1	extractor-cone-root	questline_conditions:400712:m61_52_40_00.emevd.dcx.js:90005750:0	unknown	npc_state	Jagged Peak	flag_decode	Jagged Peak	no	7773765	Jagged Peak :: Igon's Greatbow with Ash of War: Igon's Drake Hunt - near Foot of the Jagged Peak, may be sweep-granted by Ancient Dragon Senessax (m61_54_39) [f400712]
2052402703	400712	set	cone root DIALOGUE_STEP(2052402703) at m61_52_40_00.emevd.dcx.js:90005750 set by talk/m61_00_00_00-only/t403006100.py:t403006100_x54	questline_conditions	set by NPC talk 403006100 on m61_00_00_00		esd_talk	1	extractor-cone-root	questline_conditions:400712:m61_52_40_00.emevd.dcx.js:90005750:0	unknown	npc_state	Jagged Peak	flag_decode	Jagged Peak	no	7773765	Jagged Peak :: Igon's Greatbow with Ash of War: Igon's Drake Hunt - near Foot of the Jagged Peak, may be sweep-granted by Ancient Dragon Senessax (m61_54_39) [f400712]
2052402706	400712	set	cone root DIALOGUE_STEP(2052402706) at m61_52_40_00.emevd.dcx.js:90005750 set by talk/m61_00_00_00-only/t403006100.py:t403006100_x54	questline_conditions	set by NPC talk 403006100 on m61_00_00_00		esd_talk	1	extractor-cone-root	questline_conditions:400712:m61_52_40_00.emevd.dcx.js:90005750:0	unknown	npc_state	Jagged Peak	flag_decode	Jagged Peak	no	7773765	Jagged Peak :: Igon's Greatbow with Ash of War: Igon's Drake Hunt - near Foot of the Jagged Peak, may be sweep-granted by Ancient Dragon Senessax (m61_54_39) [f400712]
2052402707	400712	set	cone root DIALOGUE_STEP(2052402707) at m61_52_40_00.emevd.dcx.js:90005750 set by talk/m61_00_00_00-only/t403006100.py:t403006100_x51	questline_conditions	set by NPC talk 403006100 on m61_00_00_00		esd_talk	1	extractor-cone-root	questline_conditions:400712:m61_52_40_00.emevd.dcx.js:90005750:0	unknown	npc_state	Jagged Peak	flag_decode	Jagged Peak	no	7773765	Jagged Peak :: Igon's Greatbow with Ash of War: Igon's Drake Hunt - near Foot of the Jagged Peak, may be sweep-granted by Ancient Dragon Senessax (m61_54_39) [f400712]
2052409207	400712	set	cone root DIALOGUE_STEP(2052409207) at m61_52_40_00.emevd.dcx.js:90005750 set by talk/m61_00_00_00-only/t403006100.py:t403006100_x30	questline_conditions	set by NPC talk 403006100 on m61_00_00_00		esd_talk	1	extractor-cone-root	questline_conditions:400712:m61_52_40_00.emevd.dcx.js:90005750:0	unknown	npc_state	Jagged Peak	flag_decode	Jagged Peak	no	7773765	Jagged Peak :: Igon's Greatbow with Ash of War: Igon's Drake Hunt - near Foot of the Jagged Peak, may be sweep-granted by Ancient Dragon Senessax (m61_54_39) [f400712]
2052409209	400712	set	cone root DIALOGUE_STEP(2052409209) at m61_52_40_00.emevd.dcx.js:90005750 set by talk/m61_00_00_00-only/t403006100.py:t403006100_x51	questline_conditions	set by NPC talk 403006100 on m61_00_00_00		esd_talk	1	extractor-cone-root	questline_conditions:400712:m61_52_40_00.emevd.dcx.js:90005750:0	unknown	npc_state	Jagged Peak	flag_decode	Jagged Peak	no	7773765	Jagged Peak :: Igon's Greatbow with Ash of War: Igon's Drake Hunt - near Foot of the Jagged Peak, may be sweep-granted by Ancient Dragon Senessax (m61_54_39) [f400712]
2054390800	400712	set	cone root BOSS_KILL(2054390800) at m61_52_40_00.emevd.dcx.js:90005750 set by m61_54_39_00.emevd.dcx.js:2054392800	questline_conditions					extractor-cone-root	questline_conditions:400712:m61_52_40_00.emevd.dcx.js:90005750:0	unknown	world	Jagged Peak	flag_decode	Jagged Peak	no	7773765	Jagged Peak :: Igon's Greatbow with Ash of War: Igon's Drake Hunt - near Foot of the Jagged Peak, may be sweep-granted by Ancient Dragon Senessax (m61_54_39) [f400712]
goods:2130	400712	set	cone root ITEM_POSSESSION(2130) at m61_52_40_00.emevd.dcx.js:90005750 set by m61_52_40_00.emevd.dcx.js	questline_conditions					extractor-cone-root	questline_conditions:400712:m61_52_40_00.emevd.dcx.js:90005750:0	unknown	item			Jagged Peak	unknown	7773765	Jagged Peak :: Igon's Greatbow with Ash of War: Igon's Drake Hunt - near Foot of the Jagged Peak, may be sweep-granted by Ancient Dragon Senessax (m61_54_39) [f400712]
map:m61_52	400712	set	cone root MAP_ACCESS(m61_52) at m61_52_40_00.emevd.dcx.js:90005750 set by m61_52_40_00.emevd.dcx.js	questline_conditions					extractor-cone-root	questline_conditions:400712:m61_52_40_00.emevd.dcx.js:90005750:0	unknown	map_access			Jagged Peak	unknown	7773765	Jagged Peak :: Igon's Greatbow with Ash of War: Igon's Drake Hunt - near Foot of the Jagged Peak, may be sweep-granted by Ancient Dragon Senessax (m61_54_39) [f400712]
2052409212	400714	set	$InitializeCommonEvent(90005750) arg5	lot_gates					commonarg-positive-by-construction	lot_gates:400714:90005750	single	world	Jagged Peak	flag_decode	Jagged Peak	no	7900112	Jagged Peak :: Igon's Bell Bearing - near Foot of the Jagged Peak, may be sweep-granted by Bayle the Dread (m61_54_39) [f400714]
3000	400714	set	cone root DIALOGUE_STEP(3000) at m61_52_40_00.emevd.dcx.js:90005750 set by talk/m60_00_00_00-only/t900006000.py:t900006000_x3	questline_conditions	set by NPC talk 900006000 on m60_00_00_00		esd_talk	1	extractor-cone-root	questline_conditions:400714:m61_52_40_00.emevd.dcx.js:90005750:0	unknown	npc_state			Jagged Peak	unknown	7900112	Jagged Peak :: Igon's Bell Bearing - near Foot of the Jagged Peak, may be sweep-granted by Bayle the Dread (m61_54_39) [f400714]
4260	400714	set	cone root NPC_STATE(4260) at m61_52_40_00.emevd.dcx.js:90005750 set by common.emevd.dcx.js:4279	questline_conditions	NPC330_Atonement Priest_Performing absolution	NPC330_贖罪司祭_免罪実行	emevd_event	2	extractor-cone-root	questline_conditions:400714:m61_52_40_00.emevd.dcx.js:90005750:0	unknown	world			Jagged Peak	unknown	7900112	Jagged Peak :: Igon's Bell Bearing - near Foot of the Jagged Peak, may be sweep-granted by Bayle the Dread (m61_54_39) [f400714]
4263	400714	set	cone root BOSS_KILL(4263) at m61_52_40_00.emevd.dcx.js:90005750 set by common.emevd.dcx.js:4279	questline_conditions	NPC330_Atonement Priest_Performing absolution	NPC330_贖罪司祭_免罪実行	emevd_batch	1	extractor-cone-root	questline_conditions:400714:m61_52_40_00.emevd.dcx.js:90005750:0	unknown	world			Jagged Peak	unknown	7900112	Jagged Peak :: Igon's Bell Bearing - near Foot of the Jagged Peak, may be sweep-granted by Bayle the Dread (m61_54_39) [f400714]
4265	400714	set	cone root NPC_STATE(4265) at m61_52_40_00.emevd.dcx.js:90005750 set by common.emevd.dcx.js:4279	questline_conditions					extractor-cone-root	questline_conditions:400714:m61_52_40_00.emevd.dcx.js:90005750:0	unknown	world			Jagged Peak	unknown	7900112	Jagged Peak :: Igon's Bell Bearing - near Foot of the Jagged Peak, may be sweep-granted by Bayle the Dread (m61_54_39) [f400714]
4267	400714	set	cone root NPC_STATE(4267) at m61_52_40_00.emevd.dcx.js:90005750 set by common.emevd.dcx.js:4279	questline_conditions					extractor-cone-root	questline_conditions:400714:m61_52_40_00.emevd.dcx.js:90005750:0	unknown	world			Jagged Peak	unknown	7900112	Jagged Peak :: Igon's Bell Bearing - near Foot of the Jagged Peak, may be sweep-granted by Bayle the Dread (m61_54_39) [f400714]
2052400800	400714	set	cone root BOSS_KILL(2052400800) at m61_52_40_00.emevd.dcx.js:90005750 set by common_func.emevd.dcx.js:90005860	questline_conditions					extractor-cone-root	questline_conditions:400714:m61_52_40_00.emevd.dcx.js:90005750:0	unknown	world	Jagged Peak	flag_decode	Jagged Peak	no	7900112	Jagged Peak :: Igon's Bell Bearing - near Foot of the Jagged Peak, may be sweep-granted by Bayle the Dread (m61_54_39) [f400714]
2052402701	400714	set	cone root DIALOGUE_STEP(2052402701) at m61_52_40_00.emevd.dcx.js:90005750 set by talk/m61_00_00_00-only/t403006100.py:t403006100_x39	questline_conditions	set by NPC talk 403006100 on m61_00_00_00		esd_talk	1	extractor-cone-root	questline_conditions:400714:m61_52_40_00.emevd.dcx.js:90005750:0	unknown	npc_state	Jagged Peak	flag_decode	Jagged Peak	no	7900112	Jagged Peak :: Igon's Bell Bearing - near Foot of the Jagged Peak, may be sweep-granted by Bayle the Dread (m61_54_39) [f400714]
2052402702	400714	set	cone root DIALOGUE_STEP(2052402702) at m61_52_40_00.emevd.dcx.js:90005750 set by talk/m61_00_00_00-only/t403006100.py:t403006100_x39	questline_conditions	set by NPC talk 403006100 on m61_00_00_00		esd_talk	1	extractor-cone-root	questline_conditions:400714:m61_52_40_00.emevd.dcx.js:90005750:0	unknown	npc_state	Jagged Peak	flag_decode	Jagged Peak	no	7900112	Jagged Peak :: Igon's Bell Bearing - near Foot of the Jagged Peak, may be sweep-granted by Bayle the Dread (m61_54_39) [f400714]
2052402703	400714	set	cone root DIALOGUE_STEP(2052402703) at m61_52_40_00.emevd.dcx.js:90005750 set by talk/m61_00_00_00-only/t403006100.py:t403006100_x54	questline_conditions	set by NPC talk 403006100 on m61_00_00_00		esd_talk	1	extractor-cone-root	questline_conditions:400714:m61_52_40_00.emevd.dcx.js:90005750:0	unknown	npc_state	Jagged Peak	flag_decode	Jagged Peak	no	7900112	Jagged Peak :: Igon's Bell Bearing - near Foot of the Jagged Peak, may be sweep-granted by Bayle the Dread (m61_54_39) [f400714]
2052402706	400714	set	cone root DIALOGUE_STEP(2052402706) at m61_52_40_00.emevd.dcx.js:90005750 set by talk/m61_00_00_00-only/t403006100.py:t403006100_x54	questline_conditions	set by NPC talk 403006100 on m61_00_00_00		esd_talk	1	extractor-cone-root	questline_conditions:400714:m61_52_40_00.emevd.dcx.js:90005750:0	unknown	npc_state	Jagged Peak	flag_decode	Jagged Peak	no	7900112	Jagged Peak :: Igon's Bell Bearing - near Foot of the Jagged Peak, may be sweep-granted by Bayle the Dread (m61_54_39) [f400714]
2052402707	400714	set	cone root DIALOGUE_STEP(2052402707) at m61_52_40_00.emevd.dcx.js:90005750 set by talk/m61_00_00_00-only/t403006100.py:t403006100_x51	questline_conditions	set by NPC talk 403006100 on m61_00_00_00		esd_talk	1	extractor-cone-root	questline_conditions:400714:m61_52_40_00.emevd.dcx.js:90005750:0	unknown	npc_state	Jagged Peak	flag_decode	Jagged Peak	no	7900112	Jagged Peak :: Igon's Bell Bearing - near Foot of the Jagged Peak, may be sweep-granted by Bayle the Dread (m61_54_39) [f400714]
2052409207	400714	set	cone root DIALOGUE_STEP(2052409207) at m61_52_40_00.emevd.dcx.js:90005750 set by talk/m61_00_00_00-only/t403006100.py:t403006100_x30	questline_conditions	set by NPC talk 403006100 on m61_00_00_00		esd_talk	1	extractor-cone-root	questline_conditions:400714:m61_52_40_00.emevd.dcx.js:90005750:0	unknown	npc_state	Jagged Peak	flag_decode	Jagged Peak	no	7900112	Jagged Peak :: Igon's Bell Bearing - near Foot of the Jagged Peak, may be sweep-granted by Bayle the Dread (m61_54_39) [f400714]
2052409209	400714	set	cone root DIALOGUE_STEP(2052409209) at m61_52_40_00.emevd.dcx.js:90005750 set by talk/m61_00_00_00-only/t403006100.py:t403006100_x51	questline_conditions	set by NPC talk 403006100 on m61_00_00_00		esd_talk	1	extractor-cone-root	questline_conditions:400714:m61_52_40_00.emevd.dcx.js:90005750:0	unknown	npc_state	Jagged Peak	flag_decode	Jagged Peak	no	7900112	Jagged Peak :: Igon's Bell Bearing - near Foot of the Jagged Peak, may be sweep-granted by Bayle the Dread (m61_54_39) [f400714]
2054390800	400714	set	cone root BOSS_KILL(2054390800) at m61_52_40_00.emevd.dcx.js:90005750 set by m61_54_39_00.emevd.dcx.js:2054392800	questline_conditions					extractor-cone-root	questline_conditions:400714:m61_52_40_00.emevd.dcx.js:90005750:0	unknown	world	Jagged Peak	flag_decode	Jagged Peak	no	7900112	Jagged Peak :: Igon's Bell Bearing - near Foot of the Jagged Peak, may be sweep-granted by Bayle the Dread (m61_54_39) [f400714]
goods:2130	400714	set	cone root ITEM_POSSESSION(2130) at m61_52_40_00.emevd.dcx.js:90005750 set by m61_52_40_00.emevd.dcx.js	questline_conditions					extractor-cone-root	questline_conditions:400714:m61_52_40_00.emevd.dcx.js:90005750:0	unknown	item			Jagged Peak	unknown	7900112	Jagged Peak :: Igon's Bell Bearing - near Foot of the Jagged Peak, may be sweep-granted by Bayle the Dread (m61_54_39) [f400714]
map:m61_52	400714	set	cone root MAP_ACCESS(m61_52) at m61_52_40_00.emevd.dcx.js:90005750 set by m61_52_40_00.emevd.dcx.js	questline_conditions					extractor-cone-root	questline_conditions:400714:m61_52_40_00.emevd.dcx.js:90005750:0	unknown	map_access			Jagged Peak	unknown	7900112	Jagged Peak :: Igon's Bell Bearing - near Foot of the Jagged Peak, may be sweep-granted by Bayle the Dread (m61_54_39) [f400714]
20009263	400721	unknown	talk 402002000 gate_sense=0 lot 107211	esd_gifts	set by NPC talk 402002000 on m20_00_00_00		esd_talk	1	esd-received-memo	esd_gifts:400721:402002000	single	npc_state	Belurat	esd_talk_map	Belurat	no	7770648	Belurat :: [Sorcery] Watchful Spirit - around Belurat, Tower Settlement, may be sweep-granted by Divine Beast Dancing Lion (m20_00) [f400721]
20009272	400722	unknown	talk 402002000 gate_sense=0 lot 107220	esd_gifts	set by NPC talk 402002000 on m20_00_00_00		esd_talk	1	esd-received-memo	esd_gifts:400722:402002000	single	npc_state	Belurat	esd_talk_map	Gravesite	yes	7770649	Gravesite :: Gourmet Scorpion Stew [f400722]
20009272	400722	set	cone root DIALOGUE_STEP(20009272) at talk/m20_00_00_00-only/t402002000.py:t402002000_x48 set by talk/m20_00_00_00-only/t402002000.py:t402002000_x30	questline_conditions	set by NPC talk 402002000 on m20_00_00_00		esd_talk	1	extractor-cone-root	questline_conditions:400722:talk/m20_00_00_00-only/t402002000.py:t402002000_x48:	unknown	npc_state	Belurat	esd_talk_map	Gravesite	yes	7770649	Gravesite :: Gourmet Scorpion Stew [f400722]
map:m20_00	400722	set	cone root MAP_ACCESS(m20_00) at talk/m20_00_00_00-only/t402002000.py:t402002000_x48 set by talk/m20_00_00_00-only/t402002000.py	questline_conditions					extractor-cone-root	questline_conditions:400722:talk/m20_00_00_00-only/t402002000.py:t402002000_x48:	unknown	map_access	Belurat	map_id	Gravesite	yes	7770649	Gravesite :: Gourmet Scorpion Stew [f400722]
20009293	400723	set	$InitializeCommonEvent(90005750) arg5	lot_gates					commonarg-positive-by-construction	lot_gates:400723:90005750	single	world			Belurat	unknown	7770650	Belurat :: Gourmet Scorpion Stew - near Theatre of the Divine Beast, may be sweep-granted by Divine Beast Dancing Lion (m20_00) [f400723]
2049449211	400730	set	$InitializeCommonEvent(90005750) arg5	lot_gates					commonarg-positive-by-construction	lot_gates:400730:90005750	single	world	Scadu Altus	flag_decode	Scadu Altus	no	7773767	Scadu Altus :: Dryleaf Arts with Ash of War: Palm Blast - around Moorth Ruins, may be sweep-granted by Dryleaf Dane (m61_49_44) [f400730]
2049440800	400730	set	cone root BOSS_KILL(2049440800) at m61_49_44_00.emevd.dcx.js:90005750 set by m61_49_44_00.emevd.dcx.js:2049442800	questline_conditions					extractor-cone-root	questline_conditions:400730:m61_49_44_00.emevd.dcx.js:90005750:0	unknown	world	Scadu Altus	flag_decode	Scadu Altus	no	7773767	Scadu Altus :: Dryleaf Arts with Ash of War: Palm Blast - around Moorth Ruins, may be sweep-granted by Dryleaf Dane (m61_49_44) [f400730]
map:m61_49	400730	set	cone root MAP_ACCESS(m61_49) at m61_49_44_00.emevd.dcx.js:90005750 set by m61_49_44_00.emevd.dcx.js	questline_conditions					extractor-cone-root	questline_conditions:400730:m61_49_44_00.emevd.dcx.js:90005750:0	unknown	map_access			Scadu Altus	unknown	7773767	Scadu Altus :: Dryleaf Arts with Ash of War: Palm Blast - around Moorth Ruins, may be sweep-granted by Dryleaf Dane (m61_49_44) [f400730]
4566	400732	set	$InitializeCommonEvent(90005750) arg5	lot_gates					commonarg-positive-by-construction	lot_gates:400732:90005750	single	world			Enir Ilim	unknown	7770651	Enir Ilim :: Dane's Footwork - near Gate of Divinity, may be sweep-granted by Needle Knight Leda (m20_01) [f400732]
4286	400740	set	$InitializeCommonEvent(90005750) arg5	lot_gates					commonarg-positive-by-construction	lot_gates:400740:90005750	single	world			Cerulean	unknown	7770652	Cerulean :: St. Trina's Blossom - near Garden of Deep Purple, may be sweep-granted by Putrescent Knight (m22_00) [f400740]
9103	510030	set	cone root BOSS_KILL(9103) at common.emevd.dcx.js:1100 set by m10_01_00_00.emevd.dcx.js:10012800	questline_conditions	Defeat the tutorial boss	チュートリアルボス撃破	emevd_event	1	extractor-cone-root	questline_conditions:510030:common.emevd.dcx.js:1100:0	unknown	world			Liurnia	unknown	7900113	Liurnia :: Golden Beast Crest Shield - m10_01 [f510030]
map:m10_01	510030	set	cone root MAP_ACCESS(m10_01) at common.emevd.dcx.js:1100 set by m10_01_00_00.emevd.dcx.js	questline_conditions					extractor-cone-root	questline_conditions:510030:common.emevd.dcx.js:1100:0	unknown	map_access			Liurnia	unknown	7900113	Liurnia :: Golden Beast Crest Shield - m10_01 [f510030]
9104	510040	set	cone root BOSS_KILL(9104) at common.emevd.dcx.js:1100 set by m11_00_00_00.emevd.dcx.js:11002800	questline_conditions	Defeat Margit	マルギット撃破	emevd_event	1	extractor-cone-root	questline_conditions:510040:common.emevd.dcx.js:1100:0	unknown	world	Leyndell	setter_map	Leyndell	no	7770654	Leyndell :: Remembrance of the Omen King - Morgott [f510040]
map:m11_00	510040	set	cone root MAP_ACCESS(m11_00) at common.emevd.dcx.js:1100 set by m11_00_00_00.emevd.dcx.js	questline_conditions					extractor-cone-root	questline_conditions:510040:common.emevd.dcx.js:1100:0	unknown	map_access	Leyndell	map_id	Leyndell	no	7770654	Leyndell :: Remembrance of the Omen King - Morgott [f510040]
9106	510060	set	cone root BOSS_KILL(9106) at common.emevd.dcx.js:1100 set by m11_05_00_00.emevd.dcx.js:11052850	questline_conditions	Defeat Lord Hyakuchi	百智卿撃破	emevd_event	1	extractor-cone-root	questline_conditions:510060:common.emevd.dcx.js:1100:0	unknown	world	Leyndell	setter_map	Ashen Capital	yes	7900117	Ashen Capital :: All-Knowing Greaves - around Elden Throne [f510060]
11050850	510060	set	cone root BOSS_KILL(11050850) at common.emevd.dcx.js:1100 set by m11_05_00_00.emevd.dcx.js:11052850	questline_conditions	Defeat Lord Hyakuchi	百智卿撃破	emevd_event	1	extractor-cone-root	questline_conditions:510060:common.emevd.dcx.js:1100:0	unknown	world	Leyndell	setter_map	Ashen Capital	yes	7900117	Ashen Capital :: All-Knowing Greaves - around Elden Throne [f510060]
map:m11_05	510060	set	cone root MAP_ACCESS(m11_05) at common.emevd.dcx.js:1100 set by m11_05_00_00.emevd.dcx.js	questline_conditions					extractor-cone-root	questline_conditions:510060:common.emevd.dcx.js:1100:0	unknown	map_access	Leyndell	map_id	Ashen Capital	yes	7900117	Ashen Capital :: All-Knowing Greaves - around Elden Throne [f510060]
9107	510070	set	cone root BOSS_KILL(9107) at common.emevd.dcx.js:1100 set by m11_05_00_00.emevd.dcx.js:11052800	questline_conditions	Defeat Godfrey	ゴッドフレイ撃破	emevd_event	1	extractor-cone-root	questline_conditions:510070:common.emevd.dcx.js:1100:0	unknown	world	Leyndell	setter_map	Ashen Capital	yes	7770655	Ashen Capital :: Remembrance of Hoarah Loux - Hoarah Loux [f510070]
11050800	510070	set	cone root BOSS_KILL(11050800) at common.emevd.dcx.js:1100 set by m11_05_00_00.emevd.dcx.js:11052800	questline_conditions	Defeat Godfrey	ゴッドフレイ撃破	emevd_event	1	extractor-cone-root	questline_conditions:510070:common.emevd.dcx.js:1100:0	unknown	world	Leyndell	setter_map	Ashen Capital	yes	7770655	Ashen Capital :: Remembrance of Hoarah Loux - Hoarah Loux [f510070]
map:m11_05	510070	set	cone root MAP_ACCESS(m11_05) at common.emevd.dcx.js:1100 set by m11_05_00_00.emevd.dcx.js	questline_conditions					extractor-cone-root	questline_conditions:510070:common.emevd.dcx.js:1100:0	unknown	map_access	Leyndell	map_id	Ashen Capital	yes	7770655	Ashen Capital :: Remembrance of Hoarah Loux - Hoarah Loux [f510070]
9109	510090	set	cone root BOSS_KILL(9109) at common.emevd.dcx.js:1100 set by m12_01_00_00.emevd.dcx.js:12012800	questline_conditions	Defeat the boss	ボス撃破	emevd_event	1	extractor-cone-root	questline_conditions:510090:common.emevd.dcx.js:1100:0	unknown	world	Ainsel River	setter_map	Ainsel River	no	7773788	Ainsel River :: [Incantation] Frozen Lightning Spear - around Dragonkin Soldier of Nokstella [f510090]
map:m12_01	510090	set	cone root MAP_ACCESS(m12_01) at common.emevd.dcx.js:1100 set by m12_01_00_00.emevd.dcx.js	questline_conditions					extractor-cone-root	questline_conditions:510090:common.emevd.dcx.js:1100:0	unknown	map_access	Ainsel River	map_id	Ainsel River	no	7773788	Ainsel River :: [Incantation] Frozen Lightning Spear - around Dragonkin Soldier of Nokstella [f510090]
9110	510100	set	cone root BOSS_KILL(9110) at common.emevd.dcx.js:1100 set by m12_02_00_00.emevd.dcx.js:12022800	questline_conditions	Defeat the main boss	本ボス撃破	emevd_event	1	extractor-cone-root	questline_conditions:510100:common.emevd.dcx.js:1100:0	unknown	world	Siofra River	setter_map	Siofra River	no	7900118	Siofra River :: Gargoyle's Twinblade - around Underground Roadside [f510100]
map:m12_02	510100	set	cone root MAP_ACCESS(m12_02) at common.emevd.dcx.js:1100 set by m12_02_00_00.emevd.dcx.js	questline_conditions					extractor-cone-root	questline_conditions:510100:common.emevd.dcx.js:1100:0	unknown	map_access	Siofra River	map_id	Siofra River	no	7900118	Siofra River :: Gargoyle's Twinblade - around Underground Roadside [f510100]
3465	510110	set	cone root NPC_STATE(3465) at common.emevd.dcx.js:1100 set by common.emevd.dcx.js:3479	questline_conditions	NPC316 Academy Female Magician_Character state transition	NPC316学院の女魔術師_キャラ状態遷移	emevd_event	2	extractor-cone-root-budget-capped	questline_conditions:510110:common.emevd.dcx.js:1100:0	unknown	world			Deeproot Depths	unknown	7770658	Deeproot Depths :: Remembrance of the Lichdragon - Fortissax [f510110]
3468	510110	set	cone root NPC_STATE(3468) at common.emevd.dcx.js:1100 set by common.emevd.dcx.js:3479	questline_conditions	NPC316 Academy Female Magician_Character state transition	NPC316学院の女魔術師_キャラ状態遷移	emevd_event	2	extractor-cone-root-budget-capped	questline_conditions:510110:common.emevd.dcx.js:1100:0	unknown	world			Deeproot Depths	unknown	7770658	Deeproot Depths :: Remembrance of the Lichdragon - Fortissax [f510110]
3766	510110	set	cone root NPC_STATE(3766) at common.emevd.dcx.js:1100 set by common.emevd.dcx.js:3779	questline_conditions	NPC224 Grandpa_Character state transition	NPC224爺や_キャラ状態遷移	emevd_event	2	extractor-cone-root-budget-capped	questline_conditions:510110:common.emevd.dcx.js:1100:0	unknown	world			Deeproot Depths	unknown	7770658	Deeproot Depths :: Remembrance of the Lichdragon - Fortissax [f510110]
3767	510110	set	cone root NPC_STATE(3767) at common.emevd.dcx.js:1100 set by common.emevd.dcx.js:3779	questline_conditions	NPC224 Grandpa_Character state transition	NPC224爺や_キャラ状態遷移	emevd_event	2	extractor-cone-root-budget-capped	questline_conditions:510110:common.emevd.dcx.js:1100:0	unknown	world			Deeproot Depths	unknown	7770658	Deeproot Depths :: Remembrance of the Lichdragon - Fortissax [f510110]
4043	510110	set	cone root BOSS_KILL(4043) at common.emevd.dcx.js:1100 set by common.emevd.dcx.js:4139	questline_conditions	NPC322 Yuria_Character state transition	NPC322ユリア_キャラ状態遷移	emevd_event	4	extractor-cone-root-budget-capped	questline_conditions:510110:common.emevd.dcx.js:1100:0	unknown	world			Deeproot Depths	unknown	7770658	Deeproot Depths :: Remembrance of the Lichdragon - Fortissax [f510110]
4047	510110	set	cone root NPC_STATE(4047) at common.emevd.dcx.js:1100 set by common.emevd.dcx.js:4059	questline_conditions	NPC319 David_Character state transition	NPC319ダヴィド_キャラ状態遷移	emevd_event	3	extractor-cone-root-budget-capped	questline_conditions:510110:common.emevd.dcx.js:1100:0	unknown	world			Deeproot Depths	unknown	7770658	Deeproot Depths :: Remembrance of the Lichdragon - Fortissax [f510110]
4120	510110	set	cone root NPC_STATE(4120) at common.emevd.dcx.js:1100 set by common.emevd.dcx.js:4139	questline_conditions	NPC330_Atonement Priest_Performing absolution	NPC330_贖罪司祭_免罪実行	emevd_event	7	extractor-cone-root-budget-capped	questline_conditions:510110:common.emevd.dcx.js:1100:0	unknown	world			Deeproot Depths	unknown	7770658	Deeproot Depths :: Remembrance of the Lichdragon - Fortissax [f510110]
4125	510110	set	cone root NPC_STATE(4125) at common.emevd.dcx.js:1100 set by common.emevd.dcx.js:4139	questline_conditions	NPC322 Yuria_Character state transition	NPC322ユリア_キャラ状態遷移	emevd_event	4	extractor-cone-root-budget-capped	questline_conditions:510110:common.emevd.dcx.js:1100:0	unknown	world			Deeproot Depths	unknown	7770658	Deeproot Depths :: Remembrance of the Lichdragon - Fortissax [f510110]
4126	510110	set	cone root NPC_STATE(4126) at common.emevd.dcx.js:1100 set by common.emevd.dcx.js:4139	questline_conditions	NPC322 Yuria_Character state transition	NPC322ユリア_キャラ状態遷移	emevd_event	4	extractor-cone-root-budget-capped	questline_conditions:510110:common.emevd.dcx.js:1100:0	unknown	world			Deeproot Depths	unknown	7770658	Deeproot Depths :: Remembrance of the Lichdragon - Fortissax [f510110]
4127	510110	set	cone root NPC_STATE(4127) at common.emevd.dcx.js:1100 set by common.emevd.dcx.js:4139	questline_conditions	NPC322 Yuria_Character state transition	NPC322ユリア_キャラ状態遷移	emevd_event	4	extractor-cone-root-budget-capped	questline_conditions:510110:common.emevd.dcx.js:1100:0	unknown	world			Deeproot Depths	unknown	7770658	Deeproot Depths :: Remembrance of the Lichdragon - Fortissax [f510110]
4128	510110	set	cone root NPC_STATE(4128) at common.emevd.dcx.js:1100 set by common.emevd.dcx.js:4139	questline_conditions	NPC322 Yuria_Character state transition	NPC322ユリア_キャラ状態遷移	emevd_event	4	extractor-cone-root-budget-capped	questline_conditions:510110:common.emevd.dcx.js:1100:0	unknown	world			Deeproot Depths	unknown	7770658	Deeproot Depths :: Remembrance of the Lichdragon - Fortissax [f510110]
4129	510110	set	cone root NPC_STATE(4129) at common.emevd.dcx.js:1100 set by common.emevd.dcx.js:4139	questline_conditions	NPC322 Yuria_Character state transition	NPC322ユリア_キャラ状態遷移	emevd_event	4	extractor-cone-root-budget-capped	questline_conditions:510110:common.emevd.dcx.js:1100:0	unknown	world			Deeproot Depths	unknown	7770658	Deeproot Depths :: Remembrance of the Lichdragon - Fortissax [f510110]
4130	510110	set	cone root NPC_STATE(4130) at common.emevd.dcx.js:1100 set by common.emevd.dcx.js:4139	questline_conditions	NPC322 Yuria_Boss battle debugging flag setup	NPC322ユリア_ボス戦デバッグ用フラグセットアップ	emevd_event	5	extractor-cone-root-budget-capped	questline_conditions:510110:common.emevd.dcx.js:1100:0	unknown	world			Deeproot Depths	unknown	7770658	Deeproot Depths :: Remembrance of the Lichdragon - Fortissax [f510110]
4137	510110	set	cone root NPC_STATE(4137) at common.emevd.dcx.js:1100 set by common.emevd.dcx.js:4139	questline_conditions	NPC322 Yuria_Character state transition	NPC322ユリア_キャラ状態遷移	emevd_event	4	extractor-cone-root-budget-capped	questline_conditions:510110:common.emevd.dcx.js:1100:0	unknown	world			Deeproot Depths	unknown	7770658	Deeproot Depths :: Remembrance of the Lichdragon - Fortissax [f510110]
4651	510110	set	cone root DIALOGUE_STEP(4651) at common.emevd.dcx.js:1100 set by talk/m00_00_00_00-only/t000001000.py:t000001000_x35	questline_conditions	set by NPC talk 000001000 on m00_00_00_00		esd_talk	1	extractor-cone-root-budget-capped	questline_conditions:510110:common.emevd.dcx.js:1100:0	unknown	npc_state			Deeproot Depths	unknown	7770658	Deeproot Depths :: Remembrance of the Lichdragon - Fortissax [f510110]
4652	510110	set	cone root DIALOGUE_STEP(4652) at common.emevd.dcx.js:1100 set by talk/m00_00_00_00-only/t000001000.py:t000001000_x34	questline_conditions	set by NPC talk 000001000 on m00_00_00_00		esd_talk	2	extractor-cone-root-budget-capped	questline_conditions:510110:common.emevd.dcx.js:1100:0	unknown	npc_state			Deeproot Depths	unknown	7770658	Deeproot Depths :: Remembrance of the Lichdragon - Fortissax [f510110]
4653	510110	set	cone root DIALOGUE_STEP(4653) at common.emevd.dcx.js:1100 set by talk/m00_00_00_00-only/t000001000.py:t000001000_x59	questline_conditions	set by NPC talk 000001000 on m00_00_00_00		esd_talk	2	extractor-cone-root-budget-capped	questline_conditions:510110:common.emevd.dcx.js:1100:0	unknown	npc_state			Deeproot Depths	unknown	7770658	Deeproot Depths :: Remembrance of the Lichdragon - Fortissax [f510110]
9001	510110	set	cone root BOSS_KILL(9001) at common.emevd.dcx.js:1100 set by common.emevd.dcx.js:901	questline_conditions	Michaela cutscene playback	ミケラカットシーン再生	emevd_event	6	extractor-cone-root-budget-capped	questline_conditions:510110:common.emevd.dcx.js:1100:0	unknown	world			Deeproot Depths	unknown	7770658	Deeproot Depths :: Remembrance of the Lichdragon - Fortissax [f510110]
9111	510110	set	cone root BOSS_KILL(9111) at common.emevd.dcx.js:1100 set by m12_03_00_00.emevd.dcx.js:12032850	questline_conditions	Defeat the main boss	本ボス撃破	emevd_event	1	extractor-cone-root-budget-capped	questline_conditions:510110:common.emevd.dcx.js:1100:0	unknown	world	Deeproot Depths	setter_map	Deeproot Depths	no	7770658	Deeproot Depths :: Remembrance of the Lichdragon - Fortissax [f510110]
11102845	510110	set	cone root DIALOGUE_STEP(11102845) at common.emevd.dcx.js:1100 set by talk/m11_10_00_00-only/t322001110.py:t322001110_x12	questline_conditions	set by NPC talk 322001110 on m11_10_00_00		esd_talk	3	extractor-cone-root-budget-capped	questline_conditions:510110:common.emevd.dcx.js:1100:0	unknown	npc_state	Roundtable Hold	esd_talk_map	Deeproot Depths	yes	7770658	Deeproot Depths :: Remembrance of the Lichdragon - Fortissax [f510110]
11102848	510110	set	cone root DIALOGUE_STEP(11102848) at common.emevd.dcx.js:1100 set by talk/m11_10_00_00-only/t322001110.py:t322001110_x12	questline_conditions	set by NPC talk 322001110 on m11_10_00_00		esd_talk	3	extractor-cone-root-budget-capped	questline_conditions:510110:common.emevd.dcx.js:1100:0	unknown	npc_state	Roundtable Hold	esd_talk_map	Deeproot Depths	yes	7770658	Deeproot Depths :: Remembrance of the Lichdragon - Fortissax [f510110]
11109006	510110	set	cone root DIALOGUE_STEP(11109006) at common.emevd.dcx.js:1100 set by talk/m11_10_00_00-only/t322001110.py:t322001110_x87	questline_conditions	set by NPC talk 322001110 on m11_10_00_00		esd_talk	3	extractor-cone-root-budget-capped	questline_conditions:510110:common.emevd.dcx.js:1100:0	unknown	npc_state	Roundtable Hold	esd_talk_map	Deeproot Depths	yes	7770658	Deeproot Depths :: Remembrance of the Lichdragon - Fortissax [f510110]
11109015	510110	set	cone root DIALOGUE_STEP(11109015) at common.emevd.dcx.js:1100 set by talk/m11_10_00_00-only/t322001110.py:t322001110_x87	questline_conditions	set by NPC talk 322001110 on m11_10_00_00		esd_talk	3	extractor-cone-root-budget-capped	questline_conditions:510110:common.emevd.dcx.js:1100:0	unknown	npc_state	Roundtable Hold	esd_talk_map	Deeproot Depths	yes	7770658	Deeproot Depths :: Remembrance of the Lichdragon - Fortissax [f510110]
11109625	510110	set	cone root DIALOGUE_STEP(11109625) at common.emevd.dcx.js:1100 set by talk/m11_10_00_00-only/t319001110.py:t319001110_x67	questline_conditions	set by NPC talk 319001110 on m11_10_00_00		esd_talk	2	extractor-cone-root-budget-capped	questline_conditions:510110:common.emevd.dcx.js:1100:0	unknown	npc_state	Roundtable Hold	esd_talk_map	Deeproot Depths	yes	7770658	Deeproot Depths :: Remembrance of the Lichdragon - Fortissax [f510110]
12030800	510110	set	cone root BOSS_KILL(12030800) at common.emevd.dcx.js:1100 set by m12_03_00_00.emevd.dcx.js:12032800	questline_conditions	Defeat the boss	ボス撃破	emevd_event	1	extractor-cone-root-budget-capped	questline_conditions:510110:common.emevd.dcx.js:1100:0	unknown	world	Deeproot Depths	setter_map	Deeproot Depths	no	7770658	Deeproot Depths :: Remembrance of the Lichdragon - Fortissax [f510110]
12032715	510110	set	cone root DIALOGUE_STEP(12032715) at common.emevd.dcx.js:1100 set by talk/m11_10_00_00-only/t322001110.py:t322001110_x12	questline_conditions	set by NPC talk 322001110 on m11_10_00_00		esd_talk	3	extractor-cone-root-budget-capped	questline_conditions:510110:common.emevd.dcx.js:1100:0	unknown	npc_state	Roundtable Hold	esd_talk_map	Deeproot Depths	yes	7770658	Deeproot Depths :: Remembrance of the Lichdragon - Fortissax [f510110]
12032718	510110	set	cone root DIALOGUE_STEP(12032718) at common.emevd.dcx.js:1100 set by talk/m11_10_00_00-only/t322001110.py:t322001110_x12	questline_conditions	set by NPC talk 322001110 on m11_10_00_00		esd_talk	3	extractor-cone-root-budget-capped	questline_conditions:510110:common.emevd.dcx.js:1100:0	unknown	npc_state	Roundtable Hold	esd_talk_map	Deeproot Depths	yes	7770658	Deeproot Depths :: Remembrance of the Lichdragon - Fortissax [f510110]
12032725	510110	set	cone root DIALOGUE_STEP(12032725) at common.emevd.dcx.js:1100 set by talk/m11_10_00_00-only/t322001110.py:t322001110_x51	questline_conditions	set by NPC talk 322001110 on m11_10_00_00		esd_talk	3	extractor-cone-root-budget-capped	questline_conditions:510110:common.emevd.dcx.js:1100:0	unknown	npc_state	Roundtable Hold	esd_talk_map	Deeproot Depths	yes	7770658	Deeproot Depths :: Remembrance of the Lichdragon - Fortissax [f510110]
12032859	510110	set	cone root DIALOGUE_STEP(12032859) at common.emevd.dcx.js:1100 set by talk/m11_10_00_00-only/t322001110.py:t322001110_x52	questline_conditions	set by NPC talk 322001110 on m11_10_00_00		esd_talk	3	extractor-cone-root-budget-capped	questline_conditions:510110:common.emevd.dcx.js:1100:0	unknown	npc_state	Roundtable Hold	esd_talk_map	Deeproot Depths	yes	7770658	Deeproot Depths :: Remembrance of the Lichdragon - Fortissax [f510110]
12039156	510110	set	cone root DIALOGUE_STEP(12039156) at common.emevd.dcx.js:1100 set by talk/m11_10_00_00-only/t322001110.py:t322001110_x87	questline_conditions	set by NPC talk 322001110 on m11_10_00_00		esd_talk	3	extractor-cone-root-budget-capped	questline_conditions:510110:common.emevd.dcx.js:1100:0	unknown	npc_state	Roundtable Hold	esd_talk_map	Deeproot Depths	yes	7770658	Deeproot Depths :: Remembrance of the Lichdragon - Fortissax [f510110]
12039157	510110	set	cone root DIALOGUE_STEP(12039157) at common.emevd.dcx.js:1100 set by talk/m11_10_00_00-only/t322001110.py:t322001110_x87	questline_conditions	set by NPC talk 322001110 on m11_10_00_00		esd_talk	3	extractor-cone-root-budget-capped	questline_conditions:510110:common.emevd.dcx.js:1100:0	unknown	npc_state	Roundtable Hold	esd_talk_map	Deeproot Depths	yes	7770658	Deeproot Depths :: Remembrance of the Lichdragon - Fortissax [f510110]
12039158	510110	set	cone root DIALOGUE_STEP(12039158) at common.emevd.dcx.js:1100 set by talk/m11_10_00_00-only/t322001110.py:t322001110_x87	questline_conditions	set by NPC talk 322001110 on m11_10_00_00		esd_talk	3	extractor-cone-root-budget-capped	questline_conditions:510110:common.emevd.dcx.js:1100:0	unknown	npc_state	Roundtable Hold	esd_talk_map	Deeproot Depths	yes	7770658	Deeproot Depths :: Remembrance of the Lichdragon - Fortissax [f510110]
12039159	510110	set	cone root DIALOGUE_STEP(12039159) at common.emevd.dcx.js:1100 set by talk/m11_10_00_00-only/t322001110.py:t322001110_x87	questline_conditions	set by NPC talk 322001110 on m11_10_00_00		esd_talk	3	extractor-cone-root-budget-capped	questline_conditions:510110:common.emevd.dcx.js:1100:0	unknown	npc_state	Roundtable Hold	esd_talk_map	Deeproot Depths	yes	7770658	Deeproot Depths :: Remembrance of the Lichdragon - Fortissax [f510110]
12039160	510110	set	cone root DIALOGUE_STEP(12039160) at common.emevd.dcx.js:1100 set by talk/m11_10_00_00-only/t322001110.py:t322001110_x87	questline_conditions	set by NPC talk 322001110 on m11_10_00_00		esd_talk	3	extractor-cone-root-budget-capped	questline_conditions:510110:common.emevd.dcx.js:1100:0	unknown	npc_state	Roundtable Hold	esd_talk_map	Deeproot Depths	yes	7770658	Deeproot Depths :: Remembrance of the Lichdragon - Fortissax [f510110]
12039161	510110	set	cone root DIALOGUE_STEP(12039161) at common.emevd.dcx.js:1100 set by talk/m11_10_00_00-only/t322001110.py:t322001110_x41	questline_conditions	set by NPC talk 322001110 on m11_10_00_00		esd_talk	3	extractor-cone-root-budget-capped	questline_conditions:510110:common.emevd.dcx.js:1100:0	unknown	npc_state	Roundtable Hold	esd_talk_map	Deeproot Depths	yes	7770658	Deeproot Depths :: Remembrance of the Lichdragon - Fortissax [f510110]
14009262	510110	set	cone root DIALOGUE_STEP(14009262) at common.emevd.dcx.js:1100 set by talk/m60_00_00_00-only/t316206000.py:t316206000_x51	questline_conditions	set by NPC talk 316206000 on m60_00_00_00		esd_talk	2	extractor-cone-root-budget-capped	questline_conditions:510110:common.emevd.dcx.js:1100:0	unknown	npc_state			Deeproot Depths	unknown	7770658	Deeproot Depths :: Remembrance of the Lichdragon - Fortissax [f510110]
14009265	510110	set	cone root DIALOGUE_STEP(14009265) at common.emevd.dcx.js:1100 set by talk/m60_00_00_00-only/t316206000.py:t316206000_x48	questline_conditions	set by NPC talk 316206000 on m60_00_00_00		esd_talk	2	extractor-cone-root-budget-capped	questline_conditions:510110:common.emevd.dcx.js:1100:0	unknown	npc_state			Deeproot Depths	unknown	7770658	Deeproot Depths :: Remembrance of the Lichdragon - Fortissax [f510110]
1037469289	510110	set	cone root DIALOGUE_STEP(1037469289) at common.emevd.dcx.js:1100 set by talk/m60_00_00_00-only/t330016000.py:t330016000_x3	questline_conditions	set by NPC talk 330016000 on m60_00_00_00		esd_talk	1	extractor-cone-root-budget-capped	questline_conditions:510110:common.emevd.dcx.js:1100:0	unknown	npc_state	Liurnia	flag_decode	Deeproot Depths	yes	7770658	Deeproot Depths :: Remembrance of the Lichdragon - Fortissax [f510110]
1044369209	510110	set	cone root DIALOGUE_STEP(1044369209) at common.emevd.dcx.js:1100 set by talk/m60_00_00_00-only/t316006000.py:t316006000_x42	questline_conditions	set by NPC talk 316006000 on m60_00_00_00		esd_talk	1	extractor-cone-root-budget-capped	questline_conditions:510110:common.emevd.dcx.js:1100:0	unknown	npc_state	Limgrave	flag_decode	Deeproot Depths	yes	7770658	Deeproot Depths :: Remembrance of the Lichdragon - Fortissax [f510110]
1044369221	510110	set	cone root DIALOGUE_STEP(1044369221) at common.emevd.dcx.js:1100 set by talk/m60_00_00_00-only/t316006000.py:t316006000_x51	questline_conditions	set by NPC talk 316006000 on m60_00_00_00		esd_talk	1	extractor-cone-root-budget-capped	questline_conditions:510110:common.emevd.dcx.js:1100:0	unknown	npc_state	Limgrave	flag_decode	Deeproot Depths	yes	7770658	Deeproot Depths :: Remembrance of the Lichdragon - Fortissax [f510110]
1044369224	510110	set	cone root DIALOGUE_STEP(1044369224) at common.emevd.dcx.js:1100 set by talk/m60_00_00_00-only/t316006000.py:t316006000_x44	questline_conditions	set by NPC talk 316006000 on m60_00_00_00		esd_talk	1	extractor-cone-root-budget-capped	questline_conditions:510110:common.emevd.dcx.js:1100:0	unknown	npc_state	Limgrave	flag_decode	Deeproot Depths	yes	7770658	Deeproot Depths :: Remembrance of the Lichdragon - Fortissax [f510110]
1044369225	510110	set	cone root DIALOGUE_STEP(1044369225) at common.emevd.dcx.js:1100 set by talk/m60_00_00_00-only/t316006000.py:t316006000_x54	questline_conditions	set by NPC talk 316006000 on m60_00_00_00		esd_talk	1	extractor-cone-root-budget-capped	questline_conditions:510110:common.emevd.dcx.js:1100:0	unknown	npc_state	Limgrave	flag_decode	Deeproot Depths	yes	7770658	Deeproot Depths :: Remembrance of the Lichdragon - Fortissax [f510110]
1044369226	510110	set	cone root DIALOGUE_STEP(1044369226) at common.emevd.dcx.js:1100 set by talk/m60_00_00_00-only/t316006000.py:t316006000_x54	questline_conditions	set by NPC talk 316006000 on m60_00_00_00		esd_talk	1	extractor-cone-root-budget-capped	questline_conditions:510110:common.emevd.dcx.js:1100:0	unknown	npc_state	Limgrave	flag_decode	Deeproot Depths	yes	7770658	Deeproot Depths :: Remembrance of the Lichdragon - Fortissax [f510110]
1044369227	510110	set	cone root DIALOGUE_STEP(1044369227) at common.emevd.dcx.js:1100 set by talk/m60_00_00_00-only/t316006000.py:t316006000_x55	questline_conditions	set by NPC talk 316006000 on m60_00_00_00		esd_talk	1	extractor-cone-root-budget-capped	questline_conditions:510110:common.emevd.dcx.js:1100:0	unknown	npc_state	Limgrave	flag_decode	Deeproot Depths	yes	7770658	Deeproot Depths :: Remembrance of the Lichdragon - Fortissax [f510110]
1044369228	510110	set	cone root DIALOGUE_STEP(1044369228) at common.emevd.dcx.js:1100 set by talk/m60_00_00_00-only/t316006000.py:t316006000_x45	questline_conditions	set by NPC talk 316006000 on m60_00_00_00		esd_talk	1	extractor-cone-root-budget-capped	questline_conditions:510110:common.emevd.dcx.js:1100:0	unknown	npc_state	Limgrave	flag_decode	Deeproot Depths	yes	7770658	Deeproot Depths :: Remembrance of the Lichdragon - Fortissax [f510110]
1044369229	510110	set	cone root DIALOGUE_STEP(1044369229) at common.emevd.dcx.js:1100 set by talk/m60_00_00_00-only/t316006000.py:t316006000_x56	questline_conditions	set by NPC talk 316006000 on m60_00_00_00		esd_talk	1	extractor-cone-root-budget-capped	questline_conditions:510110:common.emevd.dcx.js:1100:0	unknown	npc_state	Limgrave	flag_decode	Deeproot Depths	yes	7770658	Deeproot Depths :: Remembrance of the Lichdragon - Fortissax [f510110]
1044369230	510110	set	cone root DIALOGUE_STEP(1044369230) at common.emevd.dcx.js:1100 set by talk/m60_00_00_00-only/t316006000.py:t316006000_x57	questline_conditions	set by NPC talk 316006000 on m60_00_00_00		esd_talk	1	extractor-cone-root-budget-capped	questline_conditions:510110:common.emevd.dcx.js:1100:0	unknown	npc_state	Limgrave	flag_decode	Deeproot Depths	yes	7770658	Deeproot Depths :: Remembrance of the Lichdragon - Fortissax [f510110]
1044399206	510110	set	cone root DIALOGUE_STEP(1044399206) at common.emevd.dcx.js:1100 set by talk/m11_10_00_00-only/t319001110.py:t319001110_x6	questline_conditions	set by NPC talk 319001110 on m11_10_00_00		esd_talk	2	extractor-cone-root-budget-capped	questline_conditions:510110:common.emevd.dcx.js:1100:0	unknown	npc_state	Limgrave	flag_decode	Deeproot Depths	yes	7770658	Deeproot Depths :: Remembrance of the Lichdragon - Fortissax [f510110]
1051369210	510110	set	cone root DIALOGUE_STEP(1051369210) at common.emevd.dcx.js:1100 set by talk/m60_00_00_00-only/t312006000.py:t312006000_x30	questline_conditions	set by NPC talk 312001400 on m14_00_00_00		esd_talk	3	extractor-cone-root-budget-capped	questline_conditions:510110:common.emevd.dcx.js:1100:0	unknown	npc_state	Caelid	flag_decode	Deeproot Depths	yes	7770658	Deeproot Depths :: Remembrance of the Lichdragon - Fortissax [f510110]
1054539200	510110	set	cone root DIALOGUE_STEP(1054539200) at common.emevd.dcx.js:1100 set by talk/m00_00_00_00-only/t000001000.py:t000001000_x37	questline_conditions	Daughter Marika_Cutscene explosion prevention	娘マリカ_カットシーン暴発防止	emevd_event	1	extractor-cone-root-budget-capped	questline_conditions:510110:common.emevd.dcx.js:1100:0	unknown	npc_state	Mountaintops of the Giants	flag_decode	Deeproot Depths	yes	7770658	Deeproot Depths :: Remembrance of the Lichdragon - Fortissax [f510110]
1054539201	510110	set	cone root DIALOGUE_STEP(1054539201) at common.emevd.dcx.js:1100 set by talk/m00_00_00_00-only/t000001000.py:t000001000_x38	questline_conditions	Daughter Marika_Cutscene explosion prevention	娘マリカ_カットシーン暴発防止	emevd_event	1	extractor-cone-root-budget-capped	questline_conditions:510110:common.emevd.dcx.js:1100:0	unknown	npc_state	Mountaintops of the Giants	flag_decode	Deeproot Depths	yes	7770658	Deeproot Depths :: Remembrance of the Lichdragon - Fortissax [f510110]
1054539205	510110	set	cone root DIALOGUE_STEP(1054539205) at common.emevd.dcx.js:1100 set by talk/m00_00_00_00-only/t000001000.py:t000001000_x38	questline_conditions	Daughter Marika_Cutscene explosion prevention	娘マリカ_カットシーン暴発防止	emevd_event	1	extractor-cone-root-budget-capped	questline_conditions:510110:common.emevd.dcx.js:1100:0	unknown	npc_state	Mountaintops of the Giants	flag_decode	Deeproot Depths	yes	7770658	Deeproot Depths :: Remembrance of the Lichdragon - Fortissax [f510110]
1054539215	510110	set	cone root DIALOGUE_STEP(1054539215) at common.emevd.dcx.js:1100 set by talk/m00_00_00_00-only/t000001000.py:t000001000_x57	questline_conditions	set by NPC talk 000001000 on m00_00_00_00		esd_talk	1	extractor-cone-root-budget-capped	questline_conditions:510110:common.emevd.dcx.js:1100:0	unknown	npc_state	Mountaintops of the Giants	flag_decode	Deeproot Depths	yes	7770658	Deeproot Depths :: Remembrance of the Lichdragon - Fortissax [f510110]
goods:2130	510110	set	cone root ITEM_POSSESSION(2130) at common.emevd.dcx.js:1100 set by common.emevd.dcx.js	questline_conditions					extractor-cone-root-budget-capped	questline_conditions:510110:common.emevd.dcx.js:1100:0	unknown	item			Deeproot Depths	unknown	7770658	Deeproot Depths :: Remembrance of the Lichdragon - Fortissax [f510110]
goods:8143	510110	set	cone root ITEM_POSSESSION(8143) at common.emevd.dcx.js:1100 set by common.emevd.dcx.js	questline_conditions					extractor-cone-root-budget-capped	questline_conditions:510110:common.emevd.dcx.js:1100:0	unknown	item			Deeproot Depths	unknown	7770658	Deeproot Depths :: Remembrance of the Lichdragon - Fortissax [f510110]
goods:8191	510110	set	cone root ITEM_POSSESSION(8191) at common.emevd.dcx.js:1100 set by common.emevd.dcx.js	questline_conditions					extractor-cone-root-budget-capped	questline_conditions:510110:common.emevd.dcx.js:1100:0	unknown	item			Deeproot Depths	unknown	7770658	Deeproot Depths :: Remembrance of the Lichdragon - Fortissax [f510110]
goods:8980	510110	set	cone root ITEM_POSSESSION(8980) at common.emevd.dcx.js:1100 set by common.emevd.dcx.js	questline_conditions					extractor-cone-root-budget-capped	questline_conditions:510110:common.emevd.dcx.js:1100:0	unknown	item			Deeproot Depths	unknown	7770658	Deeproot Depths :: Remembrance of the Lichdragon - Fortissax [f510110]
map:m12_03	510110	set	cone root MAP_ACCESS(m12_03) at common.emevd.dcx.js:1100 set by m12_03_00_00.emevd.dcx.js	questline_conditions					extractor-cone-root-budget-capped	questline_conditions:510110:common.emevd.dcx.js:1100:0	unknown	map_access	Deeproot Depths	map_id	Deeproot Depths	no	7770658	Deeproot Depths :: Remembrance of the Lichdragon - Fortissax [f510110]
9112	510120	set	cone root BOSS_KILL(9112) at common.emevd.dcx.js:1100 set by m12_05_00_00.emevd.dcx.js:12052800	questline_conditions	Defeat the boss	ボス撃破	emevd_event	1	extractor-cone-root	questline_conditions:510120:common.emevd.dcx.js:1100:0	unknown	world	Mohgwyn	setter_map	Mohgwyn	no	7770659	Mohgwyn :: Remembrance of the Blood Lord - Mohg [f510120]
12050800	510120	set	cone root BOSS_KILL(12050800) at common.emevd.dcx.js:1100 set by m12_05_00_00.emevd.dcx.js:12052800	questline_conditions	Defeat the boss	ボス撃破	emevd_event	1	extractor-cone-root	questline_conditions:510120:common.emevd.dcx.js:1100:0	unknown	world	Mohgwyn	setter_map	Mohgwyn	no	7770659	Mohgwyn :: Remembrance of the Blood Lord - Mohg [f510120]
map:m12_05	510120	set	cone root MAP_ACCESS(m12_05) at common.emevd.dcx.js:1100 set by m12_05_00_00.emevd.dcx.js	questline_conditions					extractor-cone-root	questline_conditions:510120:common.emevd.dcx.js:1100:0	unknown	map_access	Mohgwyn	map_id	Mohgwyn	no	7770659	Mohgwyn :: Remembrance of the Blood Lord - Mohg [f510120]
9114	510140	set	cone root BOSS_KILL(9114) at common.emevd.dcx.js:1100 set by m13_00_00_00.emevd.dcx.js:13002850	questline_conditions	Defeat God's skin	神肌撃破	emevd_event	1	extractor-cone-root	questline_conditions:510140:common.emevd.dcx.js:1100:0	unknown	world	Farum Azula	setter_map	Farum Azula	no	7900119	Farum Azula :: Ash of War: Black Flame Tornado - around Crumbling Beast Grave [f510140]
map:m13_00	510140	set	cone root MAP_ACCESS(m13_00) at common.emevd.dcx.js:1100 set by m13_00_00_00.emevd.dcx.js	questline_conditions					extractor-cone-root	questline_conditions:510140:common.emevd.dcx.js:1100:0	unknown	map_access	Farum Azula	map_id	Farum Azula	no	7900119	Farum Azula :: Ash of War: Black Flame Tornado - around Crumbling Beast Grave [f510140]
9115	510150	set	cone root BOSS_KILL(9115) at common.emevd.dcx.js:1100 set by m13_00_00_00.emevd.dcx.js:13002830	questline_conditions	Defeat the ancient dragon	古龍撃破	emevd_event	1	extractor-cone-root	questline_conditions:510150:common.emevd.dcx.js:1100:0	unknown	world	Farum Azula	setter_map	Farum Azula	no	7770660	Farum Azula :: Remembrance of the Dragonlord - Placidusax [f510150]
map:m13_00	510150	set	cone root MAP_ACCESS(m13_00) at common.emevd.dcx.js:1100 set by m13_00_00_00.emevd.dcx.js	questline_conditions					extractor-cone-root	questline_conditions:510150:common.emevd.dcx.js:1100:0	unknown	map_access	Farum Azula	map_id	Farum Azula	no	7770660	Farum Azula :: Remembrance of the Dragonlord - Placidusax [f510150]
9116	510160	set	cone root BOSS_KILL(9116) at common.emevd.dcx.js:1100 set by m13_00_00_00.emevd.dcx.js:13002800	questline_conditions	Defeat Mariquez	マリケス撃破	emevd_event	1	extractor-cone-root	questline_conditions:510160:common.emevd.dcx.js:1100:0	unknown	world	Farum Azula	setter_map	Farum Azula	no	7770661	Farum Azula :: Remembrance of the Black Blade - Maliketh [f510160]
13000800	510160	set	cone root BOSS_KILL(13000800) at common.emevd.dcx.js:1100 set by m13_00_00_00.emevd.dcx.js:13002800	questline_conditions	Defeat Mariquez	マリケス撃破	emevd_event	1	extractor-cone-root	questline_conditions:510160:common.emevd.dcx.js:1100:0	unknown	world	Farum Azula	setter_map	Farum Azula	no	7770661	Farum Azula :: Remembrance of the Black Blade - Maliketh [f510160]
map:m13_00	510160	set	cone root MAP_ACCESS(m13_00) at common.emevd.dcx.js:1100 set by m13_00_00_00.emevd.dcx.js	questline_conditions					extractor-cone-root	questline_conditions:510160:common.emevd.dcx.js:1100:0	unknown	map_access	Farum Azula	map_id	Farum Azula	no	7770661	Farum Azula :: Remembrance of the Black Blade - Maliketh [f510160]
9119	510190	set	cone root BOSS_KILL(9119) at common.emevd.dcx.js:1100 set by m15_00_00_00.emevd.dcx.js:15002850	questline_conditions	Defeat Tree Guard	ツリーガード撃破	emevd_event	1	extractor-cone-root	questline_conditions:510190:common.emevd.dcx.js:1100:0	unknown	world	Haligtree	setter_map	Haligtree	no	7900120	Haligtree :: Loretta's War Sickle - Loretta (real) [f510190]
map:m15_00	510190	set	cone root MAP_ACCESS(m15_00) at common.emevd.dcx.js:1100 set by m15_00_00_00.emevd.dcx.js	questline_conditions					extractor-cone-root	questline_conditions:510190:common.emevd.dcx.js:1100:0	unknown	map_access	Haligtree	map_id	Haligtree	no	7900120	Haligtree :: Loretta's War Sickle - Loretta (real) [f510190]
9120	510200	set	cone root BOSS_KILL(9120) at common.emevd.dcx.js:1100 set by m15_00_00_00.emevd.dcx.js:15002800	questline_conditions	Defeat Arbitrator Marenia	調停者マレニア撃破	emevd_event	1	extractor-cone-root	questline_conditions:510200:common.emevd.dcx.js:1100:0	unknown	world	Haligtree	setter_map	Haligtree	no	7770662	Haligtree :: Remembrance of the Rot Goddess - Malenia [f510200]
15000800	510200	set	cone root BOSS_KILL(15000800) at common.emevd.dcx.js:1100 set by m15_00_00_00.emevd.dcx.js:15002800	questline_conditions	Defeat Arbitrator Marenia	調停者マレニア撃破	emevd_event	1	extractor-cone-root	questline_conditions:510200:common.emevd.dcx.js:1100:0	unknown	world	Haligtree	setter_map	Haligtree	no	7770662	Haligtree :: Remembrance of the Rot Goddess - Malenia [f510200]
map:m15_00	510200	set	cone root MAP_ACCESS(m15_00) at common.emevd.dcx.js:1100 set by m15_00_00_00.emevd.dcx.js	questline_conditions					extractor-cone-root	questline_conditions:510200:common.emevd.dcx.js:1100:0	unknown	map_access	Haligtree	map_id	Haligtree	no	7770662	Haligtree :: Remembrance of the Rot Goddess - Malenia [f510200]
9121	510210	set	cone root BOSS_KILL(9121) at common.emevd.dcx.js:1100 set by m16_00_00_00.emevd.dcx.js:16002850	questline_conditions	Defeat mid-boss	中ボス撃破	emevd_event	1	extractor-cone-root	questline_conditions:510210:common.emevd.dcx.js:1100:0	unknown	world	Mt. Gelmir	setter_map	Mt. Gelmir	no	7900121	Mt. Gelmir :: Noble Presence - around Volcano Manor [f510210]
map:m16_00	510210	set	cone root MAP_ACCESS(m16_00) at common.emevd.dcx.js:1100 set by m16_00_00_00.emevd.dcx.js	questline_conditions					extractor-cone-root	questline_conditions:510210:common.emevd.dcx.js:1100:0	unknown	map_access	Mt. Gelmir	map_id	Mt. Gelmir	no	7900121	Mt. Gelmir :: Noble Presence - around Volcano Manor [f510210]
9122	510220	set	cone root BOSS_KILL(9122) at common.emevd.dcx.js:1100 set by m16_00_00_00.emevd.dcx.js:16002800	questline_conditions	Defeat the Ghoul King	グールの王撃破	emevd_event	1	extractor-cone-root	questline_conditions:510220:common.emevd.dcx.js:1100:0	unknown	world	Mt. Gelmir	setter_map	Mt. Gelmir	no	7770663	Mt. Gelmir :: Remembrance of the Blasphemous - Rykard [f510220]
map:m16_00	510220	set	cone root MAP_ACCESS(m16_00) at common.emevd.dcx.js:1100 set by m16_00_00_00.emevd.dcx.js	questline_conditions					extractor-cone-root	questline_conditions:510220:common.emevd.dcx.js:1100:0	unknown	map_access	Mt. Gelmir	map_id	Mt. Gelmir	no	7770663	Mt. Gelmir :: Remembrance of the Blasphemous - Rykard [f510220]
9123	510230	set	cone root BOSS_KILL(9123) at common.emevd.dcx.js:1100 set by m19_00_00_00.emevd.dcx.js:19002800	questline_conditions	Defeat the final boss	ラスボス撃破	emevd_event	1	extractor-cone-root	questline_conditions:510230:common.emevd.dcx.js:1100:0	unknown	world	Leyndell	setter_map	Ashen Capital	yes	7770664	Ashen Capital :: Elden Remembrance - Elden Beast [f510230]
19000804	510230	set	cone root BOSS_KILL(19000804) at common.emevd.dcx.js:1100 set by m19_00_00_00.emevd.dcx.js:19002800	questline_conditions	Defeat the final boss	ラスボス撃破	emevd_event	1	extractor-cone-root	questline_conditions:510230:common.emevd.dcx.js:1100:0	unknown	world	Leyndell	setter_map	Ashen Capital	yes	7770664	Ashen Capital :: Elden Remembrance - Elden Beast [f510230]
map:m19_00	510230	set	cone root MAP_ACCESS(m19_00) at common.emevd.dcx.js:1100 set by m19_00_00_00.emevd.dcx.js	questline_conditions					extractor-cone-root	questline_conditions:510230:common.emevd.dcx.js:1100:0	unknown	map_access	Leyndell	map_id	Ashen Capital	yes	7770664	Ashen Capital :: Elden Remembrance - Elden Beast [f510230]
9125	510250	set	cone root BOSS_KILL(9125) at common.emevd.dcx.js:1100 set by m35_00_00_00.emevd.dcx.js:35002800	questline_conditions	Phantom Greater_Defeated	幻影グレーター_撃破	emevd_event	1	extractor-cone-root	questline_conditions:510250:common.emevd.dcx.js:1100:0	unknown	world	Leyndell	setter_map	Leyndell	no	7773792	Leyndell :: [Incantation] Bloodflame Talons - Sewer Mohg [f510250]
map:m35_00	510250	set	cone root MAP_ACCESS(m35_00) at common.emevd.dcx.js:1100 set by m35_00_00_00.emevd.dcx.js	questline_conditions					extractor-cone-root	questline_conditions:510250:common.emevd.dcx.js:1100:0	unknown	map_access	Leyndell	map_id	Leyndell	no	7773792	Leyndell :: [Incantation] Bloodflame Talons - Sewer Mohg [f510250]
9126	510260	set	cone root BOSS_KILL(9126) at common.emevd.dcx.js:1100 set by m39_20_00_00.emevd.dcx.js:39202800	questline_conditions	King's Earth Dragon_Defeated	王の土竜_撃破	emevd_event	1	extractor-cone-root	questline_conditions:510260:common.emevd.dcx.js:1100:0	unknown	world	Liurnia	setter_map	Liurnia	no	7900122	Liurnia :: Dragon Heart - Makkar [f510260]
map:m39_20	510260	set	cone root MAP_ACCESS(m39_20) at common.emevd.dcx.js:1100 set by m39_20_00_00.emevd.dcx.js	questline_conditions					extractor-cone-root	questline_conditions:510260:common.emevd.dcx.js:1100:0	unknown	map_access	Liurnia	map_id	Liurnia	no	7900122	Liurnia :: Dragon Heart - Makkar [f510260]
9128	510280	set	cone root BOSS_KILL(9128) at common.emevd.dcx.js:1100 set by m18_00_00_00.emevd.dcx.js:18002800	questline_conditions	Defeat the boss	ボス撃破	emevd_event	1	extractor-cone-root	questline_conditions:510280:common.emevd.dcx.js:1100:0	unknown	world	Limgrave	setter_map	Limgrave	no	7773794	Limgrave :: Golden Seed - Ulcerated Tree Spirit in Fringefolk Hero's Grave [f510280]
map:m18_00	510280	set	cone root MAP_ACCESS(m18_00) at common.emevd.dcx.js:1100 set by m18_00_00_00.emevd.dcx.js	questline_conditions					extractor-cone-root	questline_conditions:510280:common.emevd.dcx.js:1100:0	unknown	map_access	Limgrave	map_id	Limgrave	no	7773794	Limgrave :: Golden Seed - Ulcerated Tree Spirit in Fringefolk Hero's Grave [f510280]
9129	510290	set	cone root BOSS_KILL(9129) at common.emevd.dcx.js:1100 set by m16_00_00_00.emevd.dcx.js:16002860	questline_conditions	Defeat the boss while escaping the cave	洞窟脱出中ボス撃破	emevd_event	1	extractor-cone-root	questline_conditions:510290:common.emevd.dcx.js:1100:0	unknown	world	Mt. Gelmir	setter_map	Mt. Gelmir	no	7773795	Mt. Gelmir :: Inquisitor's Girandole - around Volcano Manor [f510290]
map:m16_00	510290	set	cone root MAP_ACCESS(m16_00) at common.emevd.dcx.js:1100 set by m16_00_00_00.emevd.dcx.js	questline_conditions					extractor-cone-root	questline_conditions:510290:common.emevd.dcx.js:1100:0	unknown	map_access	Mt. Gelmir	map_id	Mt. Gelmir	no	7773795	Mt. Gelmir :: Inquisitor's Girandole - around Volcano Manor [f510290]
9130	510300	set	cone root BOSS_KILL(9130) at common.emevd.dcx.js:1100 set by m60_52_38_00.emevd.dcx.js:1252382800	questline_conditions	Defeat the boss	ボス撃破	emevd_event	1	extractor-cone-root	questline_conditions:510300:common.emevd.dcx.js:1100:0	unknown	world			Caelid	unknown	7770665	Caelid :: Remembrance of the Starscourge - Starscourge Radahn [f510300]
map:m60_52	510300	set	cone root MAP_ACCESS(m60_52) at common.emevd.dcx.js:1100 set by m60_52_38_00.emevd.dcx.js	questline_conditions					extractor-cone-root	questline_conditions:510300:common.emevd.dcx.js:1100:0	unknown	map_access			Caelid	unknown	7770665	Caelid :: Remembrance of the Starscourge - Starscourge Radahn [f510300]
9131	510310	set	cone root BOSS_KILL(9131) at common.emevd.dcx.js:1100 set by m60_52_52_00.emevd.dcx.js:1052520800	questline_conditions	Giant defeat event	巨人撃破イベント	emevd_event	1	extractor-cone-root	questline_conditions:510310:common.emevd.dcx.js:1100:0	unknown	world			Mountaintops of the Giants	unknown	7770666	Mountaintops of the Giants :: Remembrance of the Fire Giant - Fire Giant (region unconfirmed) [f510310]
map:m60_52	510310	set	cone root MAP_ACCESS(m60_52) at common.emevd.dcx.js:1100 set by m60_52_52_00.emevd.dcx.js	questline_conditions					extractor-cone-root	questline_conditions:510310:common.emevd.dcx.js:1100:0	unknown	map_access			Mountaintops of the Giants	unknown	7770666	Mountaintops of the Giants :: Remembrance of the Fire Giant - Fire Giant (region unconfirmed) [f510310]
9134	510340	set	cone root BOSS_KILL(9134) at common.emevd.dcx.js:1100 set by m12_02_00_00.emevd.dcx.js:12022850	questline_conditions	Defeat the undercard boss	前座ボス撃破	emevd_event	1	extractor-cone-root	questline_conditions:510340:common.emevd.dcx.js:1100:0	unknown	world	Siofra River	setter_map	Siofra River	no	7900123	Siofra River :: Silver Tear Mask - around Siofra River Bank [f510340]
map:m12_02	510340	set	cone root MAP_ACCESS(m12_02) at common.emevd.dcx.js:1100 set by m12_02_00_00.emevd.dcx.js	questline_conditions					extractor-cone-root	questline_conditions:510340:common.emevd.dcx.js:1100:0	unknown	map_access	Siofra River	map_id	Siofra River	no	7900123	Siofra River :: Silver Tear Mask - around Siofra River Bank [f510340]
9135	510350	set	cone root BOSS_KILL(9135) at common.emevd.dcx.js:1100 set by m12_03_00_00.emevd.dcx.js:12032800	questline_conditions	Defeat the boss	ボス撃破	emevd_event	1	extractor-cone-root	questline_conditions:510350:common.emevd.dcx.js:1100:0	unknown	world	Deeproot Depths	setter_map	Deeproot Depths	no	7773798	Deeproot Depths :: [Sorcery] Fia's Mist - around Root-Facing Cliffs [f510350]
map:m12_03	510350	set	cone root MAP_ACCESS(m12_03) at common.emevd.dcx.js:1100 set by m12_03_00_00.emevd.dcx.js	questline_conditions					extractor-cone-root	questline_conditions:510350:common.emevd.dcx.js:1100:0	unknown	map_access	Deeproot Depths	map_id	Deeproot Depths	no	7773798	Deeproot Depths :: [Sorcery] Fia's Mist - around Root-Facing Cliffs [f510350]
9140	510400	set	cone root BOSS_KILL(9140) at common.emevd.dcx.js:1100 set by m20_00_00_00.emevd.dcx.js:20002800	questline_conditions					extractor-cone-root	questline_conditions:510400:common.emevd.dcx.js:1100:0	unknown	world	Belurat	setter_map	Belurat	no	7770668	Belurat :: Remembrance of the Dancing Lion - Divine Beast Dancing Lion [f510400]
20000800	510400	set	cone root BOSS_KILL(20000800) at common.emevd.dcx.js:1100 set by m20_00_00_00.emevd.dcx.js:20002800	questline_conditions					extractor-cone-root	questline_conditions:510400:common.emevd.dcx.js:1100:0	unknown	world	Belurat	setter_map	Belurat	no	7770668	Belurat :: Remembrance of the Dancing Lion - Divine Beast Dancing Lion [f510400]
map:m20_00	510400	set	cone root MAP_ACCESS(m20_00) at common.emevd.dcx.js:1100 set by m20_00_00_00.emevd.dcx.js	questline_conditions					extractor-cone-root	questline_conditions:510400:common.emevd.dcx.js:1100:0	unknown	map_access	Belurat	map_id	Belurat	no	7770668	Belurat :: Remembrance of the Dancing Lion - Divine Beast Dancing Lion [f510400]
9143	510430	set	cone root BOSS_KILL(9143) at common.emevd.dcx.js:1100 set by m20_01_00_00.emevd.dcx.js:20012800	questline_conditions					extractor-cone-root	questline_conditions:510430:common.emevd.dcx.js:1100:0	unknown	world	Enir Ilim	setter_map	Enir Ilim	no	7770670	Enir Ilim :: Remembrance of a God and a Lord - Promised Consort Radahn [f510430]
20010800	510430	set	cone root BOSS_KILL(20010800) at common.emevd.dcx.js:1100 set by m20_01_00_00.emevd.dcx.js:20012800	questline_conditions					extractor-cone-root	questline_conditions:510430:common.emevd.dcx.js:1100:0	unknown	world	Enir Ilim	setter_map	Enir Ilim	no	7770670	Enir Ilim :: Remembrance of a God and a Lord - Promised Consort Radahn [f510430]
map:m20_01	510430	set	cone root MAP_ACCESS(m20_01) at common.emevd.dcx.js:1100 set by m20_01_00_00.emevd.dcx.js	questline_conditions					extractor-cone-root	questline_conditions:510430:common.emevd.dcx.js:1100:0	unknown	map_access	Enir Ilim	map_id	Enir Ilim	no	7770670	Enir Ilim :: Remembrance of a God and a Lord - Promised Consort Radahn [f510430]
9144	510440	set	cone root BOSS_KILL(9144) at common.emevd.dcx.js:1100 set by m21_00_00_00.emevd.dcx.js:21002850	questline_conditions					extractor-cone-root	questline_conditions:510440:common.emevd.dcx.js:1100:0	unknown	world	Shadow Keep	setter_map	Scadu Altus	yes	7900001	Scadu Altus :: Scadutree Fragment - Hippo [f510440]
map:m21_00	510440	set	cone root MAP_ACCESS(m21_00) at common.emevd.dcx.js:1100 set by m21_00_00_00.emevd.dcx.js	questline_conditions					extractor-cone-root	questline_conditions:510440:common.emevd.dcx.js:1100:0	unknown	map_access	Shadow Keep	map_id	Scadu Altus	yes	7900001	Scadu Altus :: Scadutree Fragment - Hippo [f510440]
9146	510460	set	cone root BOSS_KILL(9146) at common.emevd.dcx.js:1100 set by m21_01_00_00.emevd.dcx.js:21012800	questline_conditions					extractor-cone-root	questline_conditions:510460:common.emevd.dcx.js:1100:0	unknown	world	Shadow Keep	setter_map	Shadow Keep	no	7900002	Shadow Keep :: Messmer's Kindling - Messmer [f510460]
map:m21_01	510460	set	cone root MAP_ACCESS(m21_01) at common.emevd.dcx.js:1100 set by m21_01_00_00.emevd.dcx.js	questline_conditions					extractor-cone-root	questline_conditions:510460:common.emevd.dcx.js:1100:0	unknown	map_access	Shadow Keep	map_id	Shadow Keep	no	7900002	Shadow Keep :: Messmer's Kindling - Messmer [f510460]
9148	510480	set	cone root BOSS_KILL(9148) at common.emevd.dcx.js:1100 set by m22_00_00_00.emevd.dcx.js:22000800	questline_conditions					extractor-cone-root	questline_conditions:510480:common.emevd.dcx.js:1100:0	unknown	world	Cerulean	setter_map	Cerulean	no	7770672	Cerulean :: Remembrance of Putrescence - Putrescent Knight [f510480]
map:m22_00	510480	set	cone root MAP_ACCESS(m22_00) at common.emevd.dcx.js:1100 set by m22_00_00_00.emevd.dcx.js	questline_conditions					extractor-cone-root	questline_conditions:510480:common.emevd.dcx.js:1100:0	unknown	map_access	Cerulean	map_id	Cerulean	no	7770672	Cerulean :: Remembrance of Putrescence - Putrescent Knight [f510480]
9155	510550	set	cone root BOSS_KILL(9155) at common.emevd.dcx.js:1100 set by m25_00_00_00.emevd.dcx.js:25002800	questline_conditions					extractor-cone-root	questline_conditions:510550:common.emevd.dcx.js:1100:0	unknown	world	Scadu Altus	setter_map	Scadu Altus	no	7770673	Scadu Altus :: Remembrance of the Mother of Fingers - Metyr [f510550]
map:m25_00	510550	set	cone root MAP_ACCESS(m25_00) at common.emevd.dcx.js:1100 set by m25_00_00_00.emevd.dcx.js	questline_conditions					extractor-cone-root	questline_conditions:510550:common.emevd.dcx.js:1100:0	unknown	map_access	Scadu Altus	map_id	Scadu Altus	no	7770673	Scadu Altus :: Remembrance of the Mother of Fingers - Metyr [f510550]
9156	510560	set	cone root BOSS_KILL(9156) at common.emevd.dcx.js:1100 set by m28_00_00_00.emevd.dcx.js:28000800	questline_conditions					extractor-cone-root	questline_conditions:510560:common.emevd.dcx.js:1100:0	unknown	world	Abyssal	setter_map	Abyssal	no	7770674	Abyssal :: Remembrance of the Lord of Frenzied Flame - Midra [f510560]
map:m28_00	510560	set	cone root MAP_ACCESS(m28_00) at common.emevd.dcx.js:1100 set by m28_00_00_00.emevd.dcx.js	questline_conditions					extractor-cone-root	questline_conditions:510560:common.emevd.dcx.js:1100:0	unknown	map_access	Abyssal	map_id	Abyssal	no	7770674	Abyssal :: Remembrance of the Lord of Frenzied Flame - Midra [f510560]
9160	510600	set	cone root BOSS_KILL(9160) at common.emevd.dcx.js:1100 set by m61_44_45_00.emevd.dcx.js:2044450800	questline_conditions					extractor-cone-root	questline_conditions:510600:common.emevd.dcx.js:1100:0	unknown	world			Ancient Ruins	unknown	7770675	Ancient Ruins :: Remembrance of the Saint of the Bud - Romina [f510600]
2044450800	510600	set	cone root BOSS_KILL(2044450800) at common.emevd.dcx.js:1100 set by m61_44_45_00.emevd.dcx.js:2044450800	questline_conditions					extractor-cone-root	questline_conditions:510600:common.emevd.dcx.js:1100:0	unknown	world	Ancient Ruins	flag_decode	Ancient Ruins	no	7770675	Ancient Ruins :: Remembrance of the Saint of the Bud - Romina [f510600]
map:m61_44	510600	set	cone root MAP_ACCESS(m61_44) at common.emevd.dcx.js:1100 set by m61_44_45_00.emevd.dcx.js	questline_conditions					extractor-cone-root	questline_conditions:510600:common.emevd.dcx.js:1100:0	unknown	map_access			Ancient Ruins	unknown	7770675	Ancient Ruins :: Remembrance of the Saint of the Bud - Romina [f510600]
9161	510610	set	cone root BOSS_KILL(9161) at common.emevd.dcx.js:1100 set by m40_02_00_00.emevd.dcx.js:2052432845	questline_conditions					extractor-cone-root	questline_conditions:510610:common.emevd.dcx.js:1100:0	unknown	world	Scadu Altus	setter_map	Scadu Altus	no	7773800	Scadu Altus :: Barbed Staff-Spear [f510610]
2052432848	510610	set	cone root BOSS_KILL(2052432848) at common.emevd.dcx.js:1100 set by m61_52_43_00.emevd.dcx.js:2052432800	questline_conditions					extractor-cone-root	questline_conditions:510610:common.emevd.dcx.js:1100:0	unknown	world	Abyssal	flag_decode	Scadu Altus	yes	7773800	Scadu Altus :: Barbed Staff-Spear [f510610]
map:m40_02	510610	set	cone root MAP_ACCESS(m40_02) at common.emevd.dcx.js:1100 set by m40_02_00_00.emevd.dcx.js	questline_conditions					extractor-cone-root	questline_conditions:510610:common.emevd.dcx.js:1100:0	unknown	map_access	Scadu Altus	map_id	Scadu Altus	no	7773800	Scadu Altus :: Barbed Staff-Spear [f510610]
map:m61_52	510610	set	cone root MAP_ACCESS(m61_52) at common.emevd.dcx.js:1100 set by m61_52_43_00.emevd.dcx.js	questline_conditions					extractor-cone-root	questline_conditions:510610:common.emevd.dcx.js:1100:0	unknown	map_access			Scadu Altus	unknown	7773800	Scadu Altus :: Barbed Staff-Spear [f510610]
9162	510620	set	cone root BOSS_KILL(9162) at common.emevd.dcx.js:1100 set by m61_50_48_00.emevd.dcx.js:2050480800	questline_conditions					extractor-cone-root	questline_conditions:510620:common.emevd.dcx.js:1100:0	unknown	world			Shadow Keep	unknown	7770676	Shadow Keep :: Remembrance of the Shadow Sunflower - Scadutree Avatar [f510620]
2050480800	510620	set	cone root BOSS_KILL(2050480800) at common.emevd.dcx.js:1100 set by m61_50_48_00.emevd.dcx.js:2050480800	questline_conditions					extractor-cone-root	questline_conditions:510620:common.emevd.dcx.js:1100:0	unknown	world	Shadow Keep	flag_decode	Shadow Keep	no	7770676	Shadow Keep :: Remembrance of the Shadow Sunflower - Scadutree Avatar [f510620]
map:m61_50	510620	set	cone root MAP_ACCESS(m61_50) at common.emevd.dcx.js:1100 set by m61_50_48_00.emevd.dcx.js	questline_conditions					extractor-cone-root	questline_conditions:510620:common.emevd.dcx.js:1100:0	unknown	map_access			Shadow Keep	unknown	7770676	Shadow Keep :: Remembrance of the Shadow Sunflower - Scadutree Avatar [f510620]
9163	510630	set	cone root BOSS_KILL(9163) at common.emevd.dcx.js:1100 set by m61_54_39_00.emevd.dcx.js:2054392800	questline_conditions					extractor-cone-root	questline_conditions:510630:common.emevd.dcx.js:1100:0	unknown	world			Jagged Peak	unknown	7770677	Jagged Peak :: Heart of Bayle - BAYLE [f510630]
map:m61_54	510630	set	cone root MAP_ACCESS(m61_54) at common.emevd.dcx.js:1100 set by m61_54_39_00.emevd.dcx.js	questline_conditions					extractor-cone-root	questline_conditions:510630:common.emevd.dcx.js:1100:0	unknown	map_access			Jagged Peak	unknown	7770677	Jagged Peak :: Heart of Bayle - BAYLE [f510630]
9164	510640	set	cone root BOSS_KILL(9164) at common.emevd.dcx.js:1100 set by m61_49_48_00.emevd.dcx.js:2049482800	questline_conditions					extractor-cone-root	questline_conditions:510640:common.emevd.dcx.js:1100:0	unknown	world			Shadow Keep	unknown	7770678	Shadow Keep :: Remembrance of the Wild Boar Rider - Gaius [f510640]
map:m61_49	510640	set	cone root MAP_ACCESS(m61_49) at common.emevd.dcx.js:1100 set by m61_49_48_00.emevd.dcx.js	questline_conditions					extractor-cone-root	questline_conditions:510640:common.emevd.dcx.js:1100:0	unknown	map_access			Shadow Keep	unknown	7770678	Shadow Keep :: Remembrance of the Wild Boar Rider - Gaius [f510640]
9173	510730	set	cone root BOSS_KILL(9173) at common.emevd.dcx.js:1100 set by m34_13_00_00.emevd.dcx.js:34132800	questline_conditions	Defeat the boss	ボス撃破	emevd_event	1	extractor-cone-root	questline_conditions:510730:common.emevd.dcx.js:1100:0	unknown	world	Caelid	setter_map	Caelid	no	7900126	Caelid :: Godskin Apostle Trousers - around Divine Tower of Caelid: Basement [f510730]
map:m34_13	510730	set	cone root MAP_ACCESS(m34_13) at common.emevd.dcx.js:1100 set by m34_13_00_00.emevd.dcx.js	questline_conditions					extractor-cone-root	questline_conditions:510730:common.emevd.dcx.js:1100:0	unknown	map_access	Caelid	map_id	Caelid	no	7900126	Caelid :: Godskin Apostle Trousers - around Divine Tower of Caelid: Basement [f510730]
9174	510740	set	cone root BOSS_KILL(9174) at common.emevd.dcx.js:1100 set by m34_14_00_00.emevd.dcx.js:34142850	questline_conditions	Defeat the Abominable Tag Team	忌み子タッグ撃破	emevd_event	1	extractor-cone-root	questline_conditions:510740:common.emevd.dcx.js:1100:0	unknown	world	Altus	setter_map	Altus	no	7770679	Altus :: Omenkiller Rollo - around Divine Tower of East Altus: Gate, may be sweep-granted by Fell Twin (m34_14) [f510740]
map:m34_14	510740	set	cone root MAP_ACCESS(m34_14) at common.emevd.dcx.js:1100 set by m34_14_00_00.emevd.dcx.js	questline_conditions					extractor-cone-root	questline_conditions:510740:common.emevd.dcx.js:1100:0	unknown	map_access	Altus	map_id	Altus	no	7770679	Altus :: Omenkiller Rollo - around Divine Tower of East Altus: Gate, may be sweep-granted by Fell Twin (m34_14) [f510740]
9180	510800	set	cone root BOSS_KILL(9180) at common.emevd.dcx.js:1100 set by m60_43_30_00.emevd.dcx.js:1043302800	questline_conditions	Defeat the boss	ボス撃破	emevd_event	1	extractor-cone-root	questline_conditions:510800:common.emevd.dcx.js:1100:0	unknown	world			Weeping	unknown	7773802	Weeping :: Grafted Blade Greatsword - Leonine Misbegotten, Castle Morne Boss [f510800]
map:m60_43	510800	set	cone root MAP_ACCESS(m60_43) at common.emevd.dcx.js:1100 set by m60_43_30_00.emevd.dcx.js	questline_conditions					extractor-cone-root	questline_conditions:510800:common.emevd.dcx.js:1100:0	unknown	map_access			Weeping	unknown	7773802	Weeping :: Grafted Blade Greatsword - Leonine Misbegotten, Castle Morne Boss [f510800]
9181	510810	set	cone root BOSS_KILL(9181) at common.emevd.dcx.js:1100 set by m60_35_50_00.emevd.dcx.js:1035500800	questline_conditions	Defeat the boss	ボス撃破	emevd_event	1	extractor-cone-root	questline_conditions:510810:common.emevd.dcx.js:1100:0	unknown	world			Liurnia	unknown	7900127	Liurnia :: Ash of War: Loretta's Slash - around Main Caria Manor Gate [f510810]
map:m60_35	510810	set	cone root MAP_ACCESS(m60_35) at common.emevd.dcx.js:1100 set by m60_35_50_00.emevd.dcx.js	questline_conditions					extractor-cone-root	questline_conditions:510810:common.emevd.dcx.js:1100:0	unknown	map_access			Liurnia	unknown	7900127	Liurnia :: Ash of War: Loretta's Slash - around Main Caria Manor Gate [f510810]
310	510830	set	cone root BOSS_KILL(310) at common.emevd.dcx.js:1100 set by common.emevd.dcx.js:910	questline_conditions	Natural disaster_Giant star falls	天変地異_巨星墜つ	emevd_event	1	extractor-cone-root-budget-capped	questline_conditions:510830:common.emevd.dcx.js:1100:0	unknown	world			Caelid	unknown	7773805	Caelid :: Ruins Greatsword - around Chamber Outside the Plaza [f510830]
3000	510830	set	cone root DIALOGUE_STEP(3000) at common.emevd.dcx.js:1100 set by talk/m60_00_00_00-only/t900006000.py:t900006000_x3	questline_conditions	set by NPC talk 900006000 on m60_00_00_00		esd_talk	1	extractor-cone-root-budget-capped	questline_conditions:510830:common.emevd.dcx.js:1100:0	unknown	npc_state			Caelid	unknown	7773805	Caelid :: Ruins Greatsword - around Chamber Outside the Plaza [f510830]
3360	510830	set	cone root NPC_STATE(3360) at common.emevd.dcx.js:1100 set by common.emevd.dcx.js:3379	questline_conditions	NPC330_Atonement Priest_Performing absolution	NPC330_贖罪司祭_免罪実行	emevd_event	4	extractor-cone-root-budget-capped	questline_conditions:510830:common.emevd.dcx.js:1100:0	unknown	world			Caelid	unknown	7773805	Caelid :: Ruins Greatsword - around Chamber Outside the Plaza [f510830]
3363	510830	set	cone root BOSS_KILL(3363) at common.emevd.dcx.js:1100 set by common.emevd.dcx.js:3379	questline_conditions	NPC312 Lord of Plains Fort_Character state transition	NPC312平原砦の領主_キャラ状態遷移	emevd_event	3	extractor-cone-root-budget-capped	questline_conditions:510830:common.emevd.dcx.js:1100:0	unknown	world			Caelid	unknown	7773805	Caelid :: Ruins Greatsword - around Chamber Outside the Plaza [f510830]
3365	510830	set	cone root NPC_STATE(3365) at common.emevd.dcx.js:1100 set by common.emevd.dcx.js:3379	questline_conditions	NPC312 Lord of Plains Fort_Character state transition	NPC312平原砦の領主_キャラ状態遷移	emevd_event	2	extractor-cone-root-budget-capped	questline_conditions:510830:common.emevd.dcx.js:1100:0	unknown	world			Caelid	unknown	7773805	Caelid :: Ruins Greatsword - around Chamber Outside the Plaza [f510830]
3366	510830	set	cone root NPC_STATE(3366) at common.emevd.dcx.js:1100 set by common.emevd.dcx.js:3379	questline_conditions	NPC312 Lord of Plains Fort_Character state transition	NPC312平原砦の領主_キャラ状態遷移	emevd_event	2	extractor-cone-root-budget-capped	questline_conditions:510830:common.emevd.dcx.js:1100:0	unknown	world			Caelid	unknown	7773805	Caelid :: Ruins Greatsword - around Chamber Outside the Plaza [f510830]
3369	510830	set	cone root NPC_STATE(3369) at common.emevd.dcx.js:1100 set by common.emevd.dcx.js:3379	questline_conditions	NPC312 Lord of Plains Fort_Character state transition	NPC312平原砦の領主_キャラ状態遷移	emevd_event	2	extractor-cone-root-budget-capped	questline_conditions:510830:common.emevd.dcx.js:1100:0	unknown	world			Caelid	unknown	7773805	Caelid :: Ruins Greatsword - around Chamber Outside the Plaza [f510830]
3460	510830	set	cone root NPC_STATE(3460) at common.emevd.dcx.js:1100 set by common.emevd.dcx.js:3479	questline_conditions	NPC316 Female magician of the academy_NPC type switching	NPC316学院の女魔術師_NPCタイプ切替	emevd_event	6	extractor-cone-root-budget-capped	questline_conditions:510830:common.emevd.dcx.js:1100:0	unknown	world			Caelid	unknown	7773805	Caelid :: Ruins Greatsword - around Chamber Outside the Plaza [f510830]
3465	510830	set	cone root NPC_STATE(3465) at common.emevd.dcx.js:1100 set by common.emevd.dcx.js:3479	questline_conditions	NPC316 Academy Female Magician_Character state transition	NPC316学院の女魔術師_キャラ状態遷移	emevd_event	2	extractor-cone-root-budget-capped	questline_conditions:510830:common.emevd.dcx.js:1100:0	unknown	world			Caelid	unknown	7773805	Caelid :: Ruins Greatsword - around Chamber Outside the Plaza [f510830]
3466	510830	set	cone root NPC_STATE(3466) at common.emevd.dcx.js:1100 set by common.emevd.dcx.js:3479	questline_conditions	NPC316 Academy Female Magician_Character state transition	NPC316学院の女魔術師_キャラ状態遷移	emevd_event	2	extractor-cone-root-budget-capped	questline_conditions:510830:common.emevd.dcx.js:1100:0	unknown	world			Caelid	unknown	7773805	Caelid :: Ruins Greatsword - around Chamber Outside the Plaza [f510830]
3468	510830	set	cone root NPC_STATE(3468) at common.emevd.dcx.js:1100 set by common.emevd.dcx.js:3479	questline_conditions	NPC316 Academy Female Magician_Character state transition	NPC316学院の女魔術師_キャラ状態遷移	emevd_event	2	extractor-cone-root-budget-capped	questline_conditions:510830:common.emevd.dcx.js:1100:0	unknown	world			Caelid	unknown	7773805	Caelid :: Ruins Greatsword - around Chamber Outside the Plaza [f510830]
3561	510830	set	cone root NPC_STATE(3561) at common.emevd.dcx.js:1100 set by common.emevd.dcx.js:3049	questline_conditions	Rani gang is hostile	ラニ一味敵対	emevd_event	4	extractor-cone-root-budget-capped	questline_conditions:510830:common.emevd.dcx.js:1100:0	unknown	world			Caelid	unknown	7773805	Caelid :: Ruins Greatsword - around Chamber Outside the Plaza [f510830]
3565	510830	set	cone root NPC_STATE(3565) at common.emevd.dcx.js:1100 set by common.emevd.dcx.js:3579	questline_conditions	NPC307 Puppeteer_Character state transition	NPC307傀儡師_キャラ状態遷移	emevd_event	2	extractor-cone-root-budget-capped	questline_conditions:510830:common.emevd.dcx.js:1100:0	unknown	world			Caelid	unknown	7773805	Caelid :: Ruins Greatsword - around Chamber Outside the Plaza [f510830]
3566	510830	set	cone root NPC_STATE(3566) at common.emevd.dcx.js:1100 set by common.emevd.dcx.js:3579	questline_conditions	NPC307 Puppeteer_Character state transition	NPC307傀儡師_キャラ状態遷移	emevd_event	2	extractor-cone-root-budget-capped	questline_conditions:510830:common.emevd.dcx.js:1100:0	unknown	world			Caelid	unknown	7773805	Caelid :: Ruins Greatsword - around Chamber Outside the Plaza [f510830]
3567	510830	set	cone root NPC_STATE(3567) at common.emevd.dcx.js:1100 set by common.emevd.dcx.js:3579	questline_conditions	NPC307 Puppeteer_Character state transition	NPC307傀儡師_キャラ状態遷移	emevd_event	2	extractor-cone-root-budget-capped	questline_conditions:510830:common.emevd.dcx.js:1100:0	unknown	world			Caelid	unknown	7773805	Caelid :: Ruins Greatsword - around Chamber Outside the Plaza [f510830]
3568	510830	set	cone root NPC_STATE(3568) at common.emevd.dcx.js:1100 set by common.emevd.dcx.js:3579	questline_conditions	NPC307 Puppeteer_Character state transition	NPC307傀儡師_キャラ状態遷移	emevd_event	2	extractor-cone-root-budget-capped	questline_conditions:510830:common.emevd.dcx.js:1100:0	unknown	world			Caelid	unknown	7773805	Caelid :: Ruins Greatsword - around Chamber Outside the Plaza [f510830]
3605	510830	set	cone root NPC_STATE(3605) at common.emevd.dcx.js:1100 set by common.emevd.dcx.js:3619	questline_conditions	NPC216 Wolf-Headed Warrior_Character state transition	NPC216狼頭の戦士_キャラ状態遷移	emevd_event	2	extractor-cone-root-budget-capped	questline_conditions:510830:common.emevd.dcx.js:1100:0	unknown	world			Caelid	unknown	7773805	Caelid :: Ruins Greatsword - around Chamber Outside the Plaza [f510830]
3606	510830	set	cone root NPC_STATE(3606) at common.emevd.dcx.js:1100 set by common.emevd.dcx.js:3619	questline_conditions	NPC216 Wolf-Headed Warrior_Character state transition	NPC216狼頭の戦士_キャラ状態遷移	emevd_event	2	extractor-cone-root-budget-capped	questline_conditions:510830:common.emevd.dcx.js:1100:0	unknown	world			Caelid	unknown	7773805	Caelid :: Ruins Greatsword - around Chamber Outside the Plaza [f510830]
3607	510830	set	cone root NPC_STATE(3607) at common.emevd.dcx.js:1100 set by common.emevd.dcx.js:3619	questline_conditions	NPC216 Wolf-Headed Warrior_Character state transition	NPC216狼頭の戦士_キャラ状態遷移	emevd_event	2	extractor-cone-root-budget-capped	questline_conditions:510830:common.emevd.dcx.js:1100:0	unknown	world			Caelid	unknown	7773805	Caelid :: Ruins Greatsword - around Chamber Outside the Plaza [f510830]
3608	510830	set	cone root NPC_STATE(3608) at common.emevd.dcx.js:1100 set by common.emevd.dcx.js:3619	questline_conditions	NPC216 Wolf-Headed Warrior_Character state transition	NPC216狼頭の戦士_キャラ状態遷移	emevd_event	2	extractor-cone-root-budget-capped	questline_conditions:510830:common.emevd.dcx.js:1100:0	unknown	world			Caelid	unknown	7773805	Caelid :: Ruins Greatsword - around Chamber Outside the Plaza [f510830]
3609	510830	set	cone root NPC_STATE(3609) at common.emevd.dcx.js:1100 set by common.emevd.dcx.js:3619	questline_conditions	NPC216 Wolf-Headed Warrior_Character state transition	NPC216狼頭の戦士_キャラ状態遷移	emevd_event	2	extractor-cone-root-budget-capped	questline_conditions:510830:common.emevd.dcx.js:1100:0	unknown	world			Caelid	unknown	7773805	Caelid :: Ruins Greatsword - around Chamber Outside the Plaza [f510830]
3610	510830	set	cone root NPC_STATE(3610) at common.emevd.dcx.js:1100 set by common.emevd.dcx.js:3619	questline_conditions	NPC216 Wolf-Headed Warrior_Character state transition	NPC216狼頭の戦士_キャラ状態遷移	emevd_event	2	extractor-cone-root-budget-capped	questline_conditions:510830:common.emevd.dcx.js:1100:0	unknown	world			Caelid	unknown	7773805	Caelid :: Ruins Greatsword - around Chamber Outside the Plaza [f510830]
3611	510830	set	cone root NPC_STATE(3611) at common.emevd.dcx.js:1100 set by common.emevd.dcx.js:3619	questline_conditions	NPC216 Wolf-Headed Warrior_Character state transition	NPC216狼頭の戦士_キャラ状態遷移	emevd_event	2	extractor-cone-root-budget-capped	questline_conditions:510830:common.emevd.dcx.js:1100:0	unknown	world			Caelid	unknown	7773805	Caelid :: Ruins Greatsword - around Chamber Outside the Plaza [f510830]
3612	510830	set	cone root NPC_STATE(3612) at common.emevd.dcx.js:1100 set by common.emevd.dcx.js:3619	questline_conditions	NPC216 Wolf-Headed Warrior_Character state transition	NPC216狼頭の戦士_キャラ状態遷移	emevd_event	2	extractor-cone-root-budget-capped	questline_conditions:510830:common.emevd.dcx.js:1100:0	unknown	world			Caelid	unknown	7773805	Caelid :: Ruins Greatsword - around Chamber Outside the Plaza [f510830]
3613	510830	set	cone root NPC_STATE(3613) at common.emevd.dcx.js:1100 set by common.emevd.dcx.js:3619	questline_conditions	NPC216 Wolf-Headed Warrior_Character state transition	NPC216狼頭の戦士_キャラ状態遷移	emevd_event	2	extractor-cone-root-budget-capped	questline_conditions:510830:common.emevd.dcx.js:1100:0	unknown	world			Caelid	unknown	7773805	Caelid :: Ruins Greatsword - around Chamber Outside the Plaza [f510830]
3740	510830	set	cone root NPC_STATE(3740) at common.emevd.dcx.js:1100 set by common.emevd.dcx.js:3759	questline_conditions	NPC330_Atonement Priest_Performing absolution	NPC330_贖罪司祭_免罪実行	emevd_event	5	extractor-cone-root-budget-capped	questline_conditions:510830:common.emevd.dcx.js:1100:0	unknown	world			Caelid	unknown	7773805	Caelid :: Ruins Greatsword - around Chamber Outside the Plaza [f510830]
3741	510830	set	cone root NPC_STATE(3741) at common.emevd.dcx.js:1100 set by common.emevd.dcx.js:3049	questline_conditions	Rani gang is hostile	ラニ一味敵対	emevd_event	5	extractor-cone-root-budget-capped	questline_conditions:510830:common.emevd.dcx.js:1100:0	unknown	world			Caelid	unknown	7773805	Caelid :: Ruins Greatsword - around Chamber Outside the Plaza [f510830]
3745	510830	set	cone root NPC_STATE(3745) at common.emevd.dcx.js:1100 set by common.emevd.dcx.js:3759	questline_conditions	NPC106 Rani_Character state transition	NPC106ラニ_キャラ状態遷移	emevd_event	2	extractor-cone-root-budget-capped	questline_conditions:510830:common.emevd.dcx.js:1100:0	unknown	world			Caelid	unknown	7773805	Caelid :: Ruins Greatsword - around Chamber Outside the Plaza [f510830]
3746	510830	set	cone root NPC_STATE(3746) at common.emevd.dcx.js:1100 set by common.emevd.dcx.js:3759	questline_conditions	NPC106 Rani_Character state transition	NPC106ラニ_キャラ状態遷移	emevd_event	2	extractor-cone-root-budget-capped	questline_conditions:510830:common.emevd.dcx.js:1100:0	unknown	world			Caelid	unknown	7773805	Caelid :: Ruins Greatsword - around Chamber Outside the Plaza [f510830]
3747	510830	set	cone root NPC_STATE(3747) at common.emevd.dcx.js:1100 set by common.emevd.dcx.js:3759	questline_conditions	NPC106 Rani_Character state transition	NPC106ラニ_キャラ状態遷移	emevd_event	2	extractor-cone-root-budget-capped	questline_conditions:510830:common.emevd.dcx.js:1100:0	unknown	world			Caelid	unknown	7773805	Caelid :: Ruins Greatsword - around Chamber Outside the Plaza [f510830]
3748	510830	set	cone root NPC_STATE(3748) at common.emevd.dcx.js:1100 set by common.emevd.dcx.js:3759	questline_conditions	NPC106 Rani_Character state transition	NPC106ラニ_キャラ状態遷移	emevd_event	2	extractor-cone-root-budget-capped	questline_conditions:510830:common.emevd.dcx.js:1100:0	unknown	world			Caelid	unknown	7773805	Caelid :: Ruins Greatsword - around Chamber Outside the Plaza [f510830]
3760	510830	set	cone root NPC_STATE(3760) at common.emevd.dcx.js:1100 set by common.emevd.dcx.js:3779	questline_conditions	NPC330_Atonement Priest_Performing absolution	NPC330_贖罪司祭_免罪実行	emevd_event	5	extractor-cone-root-budget-capped	questline_conditions:510830:common.emevd.dcx.js:1100:0	unknown	world			Caelid	unknown	7773805	Caelid :: Ruins Greatsword - around Chamber Outside the Plaza [f510830]
3761	510830	set	cone root NPC_STATE(3761) at common.emevd.dcx.js:1100 set by common.emevd.dcx.js:3049	questline_conditions	Rani gang is hostile	ラニ一味敵対	emevd_event	4	extractor-cone-root-budget-capped	questline_conditions:510830:common.emevd.dcx.js:1100:0	unknown	world			Caelid	unknown	7773805	Caelid :: Ruins Greatsword - around Chamber Outside the Plaza [f510830]
3765	510830	set	cone root NPC_STATE(3765) at common.emevd.dcx.js:1100 set by common.emevd.dcx.js:3779	questline_conditions	NPC224 Grandpa_Character state transition	NPC224爺や_キャラ状態遷移	emevd_event	2	extractor-cone-root-budget-capped	questline_conditions:510830:common.emevd.dcx.js:1100:0	unknown	world			Caelid	unknown	7773805	Caelid :: Ruins Greatsword - around Chamber Outside the Plaza [f510830]
3766	510830	set	cone root NPC_STATE(3766) at common.emevd.dcx.js:1100 set by common.emevd.dcx.js:3779	questline_conditions	NPC224 Grandpa_Character state transition	NPC224爺や_キャラ状態遷移	emevd_event	2	extractor-cone-root-budget-capped	questline_conditions:510830:common.emevd.dcx.js:1100:0	unknown	world			Caelid	unknown	7773805	Caelid :: Ruins Greatsword - around Chamber Outside the Plaza [f510830]
3767	510830	set	cone root NPC_STATE(3767) at common.emevd.dcx.js:1100 set by common.emevd.dcx.js:3779	questline_conditions	NPC224 Grandpa_Character state transition	NPC224爺や_キャラ状態遷移	emevd_event	2	extractor-cone-root-budget-capped	questline_conditions:510830:common.emevd.dcx.js:1100:0	unknown	world			Caelid	unknown	7773805	Caelid :: Ruins Greatsword - around Chamber Outside the Plaza [f510830]
7609	510830	set	cone root BOSS_KILL(7609) at common.emevd.dcx.js:1100 set by m14_00_00_00.emevd.dcx.js:14002165	questline_conditions					extractor-cone-root-budget-capped	questline_conditions:510830:common.emevd.dcx.js:1100:0	unknown	world	Raya Lucaria Academy	setter_map	Caelid	yes	7773805	Caelid :: Ruins Greatsword - around Chamber Outside the Plaza [f510830]
9118	510830	set	cone root BOSS_KILL(9118) at common.emevd.dcx.js:1100 set by m14_00_00_00.emevd.dcx.js:14002800	questline_conditions	Defeat Renara	レナラ撃破	emevd_event	1	extractor-cone-root-budget-capped	questline_conditions:510830:common.emevd.dcx.js:1100:0	unknown	world	Raya Lucaria Academy	setter_map	Caelid	yes	7773805	Caelid :: Ruins Greatsword - around Chamber Outside the Plaza [f510830]
9130	510830	set	cone root BOSS_KILL(9130) at common.emevd.dcx.js:1100 set by m60_52_38_00.emevd.dcx.js:1252382800	questline_conditions	Defeat the boss	ボス撃破	emevd_event	1	extractor-cone-root-budget-capped	questline_conditions:510830:common.emevd.dcx.js:1100:0	unknown	world			Caelid	unknown	7773805	Caelid :: Ruins Greatsword - around Chamber Outside the Plaza [f510830]
9183	510830	set	cone root BOSS_KILL(9183) at common.emevd.dcx.js:1100 set by m60_51_36_00.emevd.dcx.js:1051362800	questline_conditions	Defeat the boss	ボス撃破	emevd_event	1	extractor-cone-root-budget-capped	questline_conditions:510830:common.emevd.dcx.js:1100:0	unknown	world			Caelid	unknown	7773805	Caelid :: Ruins Greatsword - around Chamber Outside the Plaza [f510830]
11109518	510830	set	cone root DIALOGUE_STEP(11109518) at common.emevd.dcx.js:1100 set by talk/m11_10_00_00-only/t325001110.py:t325001110_x31	questline_conditions	set by NPC talk 325001000 on m10_00_00_00		esd_talk	2	extractor-cone-root-budget-capped	questline_conditions:510830:common.emevd.dcx.js:1100:0	unknown	npc_state	Roundtable Hold	esd_talk_map	Caelid	yes	7773805	Caelid :: Ruins Greatsword - around Chamber Outside the Plaza [f510830]
14009262	510830	set	cone root DIALOGUE_STEP(14009262) at common.emevd.dcx.js:1100 set by talk/m60_00_00_00-only/t316206000.py:t316206000_x51	questline_conditions	set by NPC talk 316206000 on m60_00_00_00		esd_talk	2	extractor-cone-root-budget-capped	questline_conditions:510830:common.emevd.dcx.js:1100:0	unknown	npc_state			Caelid	unknown	7773805	Caelid :: Ruins Greatsword - around Chamber Outside the Plaza [f510830]
14009265	510830	set	cone root DIALOGUE_STEP(14009265) at common.emevd.dcx.js:1100 set by talk/m60_00_00_00-only/t316206000.py:t316206000_x48	questline_conditions	set by NPC talk 316206000 on m60_00_00_00		esd_talk	2	extractor-cone-root-budget-capped	questline_conditions:510830:common.emevd.dcx.js:1100:0	unknown	npc_state			Caelid	unknown	7773805	Caelid :: Ruins Greatsword - around Chamber Outside the Plaza [f510830]
1034509256	510830	set	cone root DIALOGUE_STEP(1034509256) at common.emevd.dcx.js:1100 set by talk/m60_00_00_00-only/t316206000.py:t316206000_x53	questline_conditions	set by NPC talk 316206000 on m60_00_00_00		esd_talk	1	extractor-cone-root-budget-capped	questline_conditions:510830:common.emevd.dcx.js:1100:0	unknown	npc_state	Liurnia	flag_decode	Caelid	yes	7773805	Caelid :: Ruins Greatsword - around Chamber Outside the Plaza [f510830]
1034509405	510830	set	cone root DIALOGUE_STEP(1034509405) at common.emevd.dcx.js:1100 set by talk/m60_00_00_00-only/t106016000.py:t106016000_x12	questline_conditions	set by NPC talk 106016000 on m60_00_00_00		esd_talk	1	extractor-cone-root-budget-capped	questline_conditions:510830:common.emevd.dcx.js:1100:0	unknown	npc_state	Liurnia	flag_decode	Caelid	yes	7773805	Caelid :: Ruins Greatsword - around Chamber Outside the Plaza [f510830]
1034509410	510830	set	cone root DIALOGUE_STEP(1034509410) at common.emevd.dcx.js:1100 set by talk/m60_00_00_00-only/t106016000.py:t106016000_x64	questline_conditions	set by NPC talk 106016000 on m60_00_00_00		esd_talk	1	extractor-cone-root-budget-capped	questline_conditions:510830:common.emevd.dcx.js:1100:0	unknown	npc_state	Liurnia	flag_decode	Caelid	yes	7773805	Caelid :: Ruins Greatsword - around Chamber Outside the Plaza [f510830]
1034509411	510830	set	cone root DIALOGUE_STEP(1034509411) at common.emevd.dcx.js:1100 set by talk/m60_00_00_00-only/t106016000.py:t106016000_x64	questline_conditions	set by NPC talk 106016000 on m60_00_00_00		esd_talk	1	extractor-cone-root-budget-capped	questline_conditions:510830:common.emevd.dcx.js:1100:0	unknown	npc_state	Liurnia	flag_decode	Caelid	yes	7773805	Caelid :: Ruins Greatsword - around Chamber Outside the Plaza [f510830]
1034509432	510830	set	cone root DIALOGUE_STEP(1034509432) at common.emevd.dcx.js:1100 set by talk/m60_00_00_00-only/t106016000.py:t106016000_x64	questline_conditions	set by NPC talk 106016000 on m60_00_00_00		esd_talk	1	extractor-cone-root-budget-capped	questline_conditions:510830:common.emevd.dcx.js:1100:0	unknown	npc_state	Liurnia	flag_decode	Caelid	yes	7773805	Caelid :: Ruins Greatsword - around Chamber Outside the Plaza [f510830]
1037469289	510830	set	cone root DIALOGUE_STEP(1037469289) at common.emevd.dcx.js:1100 set by talk/m60_00_00_00-only/t330016000.py:t330016000_x3	questline_conditions	set by NPC talk 330016000 on m60_00_00_00		esd_talk	1	extractor-cone-root-budget-capped	questline_conditions:510830:common.emevd.dcx.js:1100:0	unknown	npc_state	Liurnia	flag_decode	Caelid	yes	7773805	Caelid :: Ruins Greatsword - around Chamber Outside the Plaza [f510830]
1044369209	510830	set	cone root DIALOGUE_STEP(1044369209) at common.emevd.dcx.js:1100 set by talk/m60_00_00_00-only/t316006000.py:t316006000_x42	questline_conditions	set by NPC talk 316006000 on m60_00_00_00		esd_talk	1	extractor-cone-root-budget-capped	questline_conditions:510830:common.emevd.dcx.js:1100:0	unknown	npc_state	Limgrave	flag_decode	Caelid	yes	7773805	Caelid :: Ruins Greatsword - around Chamber Outside the Plaza [f510830]
1044369221	510830	set	cone root DIALOGUE_STEP(1044369221) at common.emevd.dcx.js:1100 set by talk/m60_00_00_00-only/t316006000.py:t316006000_x51	questline_conditions	set by NPC talk 316006000 on m60_00_00_00		esd_talk	1	extractor-cone-root-budget-capped	questline_conditions:510830:common.emevd.dcx.js:1100:0	unknown	npc_state	Limgrave	flag_decode	Caelid	yes	7773805	Caelid :: Ruins Greatsword - around Chamber Outside the Plaza [f510830]
1044369224	510830	set	cone root DIALOGUE_STEP(1044369224) at common.emevd.dcx.js:1100 set by talk/m60_00_00_00-only/t316006000.py:t316006000_x44	questline_conditions	set by NPC talk 316006000 on m60_00_00_00		esd_talk	1	extractor-cone-root-budget-capped	questline_conditions:510830:common.emevd.dcx.js:1100:0	unknown	npc_state	Limgrave	flag_decode	Caelid	yes	7773805	Caelid :: Ruins Greatsword - around Chamber Outside the Plaza [f510830]
1044369225	510830	set	cone root DIALOGUE_STEP(1044369225) at common.emevd.dcx.js:1100 set by talk/m60_00_00_00-only/t316006000.py:t316006000_x54	questline_conditions	set by NPC talk 316006000 on m60_00_00_00		esd_talk	1	extractor-cone-root-budget-capped	questline_conditions:510830:common.emevd.dcx.js:1100:0	unknown	npc_state	Limgrave	flag_decode	Caelid	yes	7773805	Caelid :: Ruins Greatsword - around Chamber Outside the Plaza [f510830]
1044369226	510830	set	cone root DIALOGUE_STEP(1044369226) at common.emevd.dcx.js:1100 set by talk/m60_00_00_00-only/t316006000.py:t316006000_x54	questline_conditions	set by NPC talk 316006000 on m60_00_00_00		esd_talk	1	extractor-cone-root-budget-capped	questline_conditions:510830:common.emevd.dcx.js:1100:0	unknown	npc_state	Limgrave	flag_decode	Caelid	yes	7773805	Caelid :: Ruins Greatsword - around Chamber Outside the Plaza [f510830]
1044369227	510830	set	cone root DIALOGUE_STEP(1044369227) at common.emevd.dcx.js:1100 set by talk/m60_00_00_00-only/t316006000.py:t316006000_x55	questline_conditions	set by NPC talk 316006000 on m60_00_00_00		esd_talk	1	extractor-cone-root-budget-capped	questline_conditions:510830:common.emevd.dcx.js:1100:0	unknown	npc_state	Limgrave	flag_decode	Caelid	yes	7773805	Caelid :: Ruins Greatsword - around Chamber Outside the Plaza [f510830]
1044369228	510830	set	cone root DIALOGUE_STEP(1044369228) at common.emevd.dcx.js:1100 set by talk/m60_00_00_00-only/t316006000.py:t316006000_x45	questline_conditions	set by NPC talk 316006000 on m60_00_00_00		esd_talk	1	extractor-cone-root-budget-capped	questline_conditions:510830:common.emevd.dcx.js:1100:0	unknown	npc_state	Limgrave	flag_decode	Caelid	yes	7773805	Caelid :: Ruins Greatsword - around Chamber Outside the Plaza [f510830]
1044369229	510830	set	cone root DIALOGUE_STEP(1044369229) at common.emevd.dcx.js:1100 set by talk/m60_00_00_00-only/t316006000.py:t316006000_x56	questline_conditions	set by NPC talk 316006000 on m60_00_00_00		esd_talk	1	extractor-cone-root-budget-capped	questline_conditions:510830:common.emevd.dcx.js:1100:0	unknown	npc_state	Limgrave	flag_decode	Caelid	yes	7773805	Caelid :: Ruins Greatsword - around Chamber Outside the Plaza [f510830]
1044369230	510830	set	cone root DIALOGUE_STEP(1044369230) at common.emevd.dcx.js:1100 set by talk/m60_00_00_00-only/t316006000.py:t316006000_x57	questline_conditions	set by NPC talk 316006000 on m60_00_00_00		esd_talk	1	extractor-cone-root-budget-capped	questline_conditions:510830:common.emevd.dcx.js:1100:0	unknown	npc_state	Limgrave	flag_decode	Caelid	yes	7773805	Caelid :: Ruins Greatsword - around Chamber Outside the Plaza [f510830]
1044369236	510830	set	cone root DIALOGUE_STEP(1044369236) at common.emevd.dcx.js:1100 set by talk/m60_00_00_00-only/t316006000.py:t316006000_x30	questline_conditions	set by NPC talk 316006000 on m60_00_00_00		esd_talk	1	extractor-cone-root-budget-capped	questline_conditions:510830:common.emevd.dcx.js:1100:0	unknown	npc_state	Limgrave	flag_decode	Caelid	yes	7773805	Caelid :: Ruins Greatsword - around Chamber Outside the Plaza [f510830]
1051362702	510830	set	cone root DIALOGUE_STEP(1051362702) at common.emevd.dcx.js:1100 set by talk/m60_00_00_00-only/t312006000.py:t312006000_x45	questline_conditions	Ladhan festival status management	ラダーン祭り状態管理	emevd_event	1	extractor-cone-root-budget-capped	questline_conditions:510830:common.emevd.dcx.js:1100:0	unknown	npc_state	Caelid	flag_decode	Caelid	no	7773805	Caelid :: Ruins Greatsword - around Chamber Outside the Plaza [f510830]
1051369210	510830	set	cone root DIALOGUE_STEP(1051369210) at common.emevd.dcx.js:1100 set by talk/m60_00_00_00-only/t312006000.py:t312006000_x30	questline_conditions	set by NPC talk 312001400 on m14_00_00_00		esd_talk	3	extractor-cone-root-budget-capped	questline_conditions:510830:common.emevd.dcx.js:1100:0	unknown	npc_state	Caelid	flag_decode	Caelid	no	7773805	Caelid :: Ruins Greatsword - around Chamber Outside the Plaza [f510830]
goods:2130	510830	set	cone root ITEM_POSSESSION(2130) at common.emevd.dcx.js:1100 set by common.emevd.dcx.js	questline_conditions					extractor-cone-root-budget-capped	questline_conditions:510830:common.emevd.dcx.js:1100:0	unknown	item			Caelid	unknown	7773805	Caelid :: Ruins Greatsword - around Chamber Outside the Plaza [f510830]
goods:8143	510830	set	cone root ITEM_POSSESSION(8143) at common.emevd.dcx.js:1100 set by common.emevd.dcx.js	questline_conditions					extractor-cone-root-budget-capped	questline_conditions:510830:common.emevd.dcx.js:1100:0	unknown	item			Caelid	unknown	7773805	Caelid :: Ruins Greatsword - around Chamber Outside the Plaza [f510830]
goods:8144	510830	set	cone root ITEM_POSSESSION(8144) at common.emevd.dcx.js:1100 set by common.emevd.dcx.js	questline_conditions					extractor-cone-root-budget-capped	questline_conditions:510830:common.emevd.dcx.js:1100:0	unknown	item			Caelid	unknown	7773805	Caelid :: Ruins Greatsword - around Chamber Outside the Plaza [f510830]
map:m60_51	510830	set	cone root MAP_ACCESS(m60_51) at common.emevd.dcx.js:1100 set by m60_51_36_00.emevd.dcx.js	questline_conditions					extractor-cone-root-budget-capped	questline_conditions:510830:common.emevd.dcx.js:1100:0	unknown	map_access			Caelid	unknown	7773805	Caelid :: Ruins Greatsword - around Chamber Outside the Plaza [f510830]
9190	510900	set	cone root BOSS_KILL(9190) at common.emevd.dcx.js:1100 set by m61_48_44_00.emevd.dcx.js:2048442800	questline_conditions					extractor-cone-root	questline_conditions:510900:common.emevd.dcx.js:1100:0	unknown	world			Ensis	unknown	7770680	Ensis :: Remembrance of the Twin Moon Knight - Rellana [f510900]
map:m61_48	510900	set	cone root MAP_ACCESS(m61_48) at common.emevd.dcx.js:1100 set by m61_48_44_00.emevd.dcx.js	questline_conditions					extractor-cone-root	questline_conditions:510900:common.emevd.dcx.js:1100:0	unknown	map_access			Ensis	unknown	7770680	Ensis :: Remembrance of the Twin Moon Knight - Rellana [f510900]
9200	520000	set	cone root BOSS_KILL(9200) at common.emevd.dcx.js:1200 set by m30_00_00_00.emevd.dcx.js:30002800	questline_conditions	m30_00 boss defeated	m30_00ボス撃破	emevd_event	1	extractor-cone-root	questline_conditions:520000:common.emevd.dcx.js:1200:0	unknown	world	Weeping	setter_map	Weeping	no	7770681	Weeping :: Lhutel the Headless - around Castleward Tunnel [f520000]
map:m30_00	520000	set	cone root MAP_ACCESS(m30_00) at common.emevd.dcx.js:1200 set by m30_00_00_00.emevd.dcx.js	questline_conditions					extractor-cone-root	questline_conditions:520000:common.emevd.dcx.js:1200:0	unknown	map_access	Weeping	map_id	Weeping	no	7770681	Weeping :: Lhutel the Headless - around Castleward Tunnel [f520000]
9201	520010	set	cone root BOSS_KILL(9201) at common.emevd.dcx.js:1200 set by m30_01_00_00.emevd.dcx.js:30012800	questline_conditions	Defeat m30_01 boss	m30_01ボス撃破	emevd_event	1	extractor-cone-root	questline_conditions:520010:common.emevd.dcx.js:1200:0	unknown	world	Weeping	setter_map	Weeping	no	7770682	Weeping :: Demi-Human Ashes - around Castleward Tunnel [f520010]
map:m30_01	520010	set	cone root MAP_ACCESS(m30_01) at common.emevd.dcx.js:1200 set by m30_01_00_00.emevd.dcx.js	questline_conditions					extractor-cone-root	questline_conditions:520010:common.emevd.dcx.js:1200:0	unknown	map_access	Weeping	map_id	Weeping	no	7770682	Weeping :: Demi-Human Ashes - around Castleward Tunnel [f520010]
9202	520020	set	cone root BOSS_KILL(9202) at common.emevd.dcx.js:1200 set by m30_02_00_00.emevd.dcx.js:30022800	questline_conditions	Defeat m30_02 boss	m30_02ボス撃破	emevd_event	1	extractor-cone-root	questline_conditions:520020:common.emevd.dcx.js:1200:0	unknown	world	Limgrave	setter_map	Limgrave	no	7770683	Limgrave :: Noble Sorcerer Ashes - around Elden Throne [f520020]
map:m30_02	520020	set	cone root MAP_ACCESS(m30_02) at common.emevd.dcx.js:1200 set by m30_02_00_00.emevd.dcx.js	questline_conditions					extractor-cone-root	questline_conditions:520020:common.emevd.dcx.js:1200:0	unknown	map_access	Limgrave	map_id	Limgrave	no	7770683	Limgrave :: Noble Sorcerer Ashes - around Elden Throne [f520020]
9203	520030	set	cone root BOSS_KILL(9203) at common.emevd.dcx.js:1200 set by m30_11_00_00.emevd.dcx.js:30112800	questline_conditions	m30_11 boss defeated	m30_11ボス撃破	emevd_event	1	extractor-cone-root	questline_conditions:520030:common.emevd.dcx.js:1200:0	unknown	world	Limgrave	setter_map	Limgrave	no	7770684	Limgrave :: Assassin's Crimson Dagger - around South Raya Lucaria Gate [f520030]
map:m30_11	520030	set	cone root MAP_ACCESS(m30_11) at common.emevd.dcx.js:1200 set by m30_11_00_00.emevd.dcx.js	questline_conditions					extractor-cone-root	questline_conditions:520030:common.emevd.dcx.js:1200:0	unknown	map_access	Limgrave	map_id	Limgrave	no	7770684	Limgrave :: Assassin's Crimson Dagger - around South Raya Lucaria Gate [f520030]
9204	520040	set	cone root BOSS_KILL(9204) at common.emevd.dcx.js:1200 set by m30_04_00_00.emevd.dcx.js:30042800	questline_conditions	Defeat the boss	ボス撃破	emevd_event	1	extractor-cone-root	questline_conditions:520040:common.emevd.dcx.js:1200:0	unknown	world	Limgrave	setter_map	Limgrave	no	7770685	Limgrave :: Banished Knight Engvall - around Study Hall Entrance [f520040]
map:m30_04	520040	set	cone root MAP_ACCESS(m30_04) at common.emevd.dcx.js:1200 set by m30_04_00_00.emevd.dcx.js	questline_conditions					extractor-cone-root	questline_conditions:520040:common.emevd.dcx.js:1200:0	unknown	map_access	Limgrave	map_id	Limgrave	no	7770685	Limgrave :: Banished Knight Engvall - around Study Hall Entrance [f520040]
9205	520050	set	cone root BOSS_KILL(9205) at common.emevd.dcx.js:1200 set by m30_05_00_00.emevd.dcx.js:30052800	questline_conditions	Defeat the boss	ボス撃破	emevd_event	1	extractor-cone-root	questline_conditions:520050:common.emevd.dcx.js:1200:0	unknown	world	Liurnia	setter_map	Liurnia	no	7773807	Liurnia :: Twinsage Sorcerer Ashes - around Black Knife Catacombs [f520050]
map:m30_05	520050	set	cone root MAP_ACCESS(m30_05) at common.emevd.dcx.js:1200 set by m30_05_00_00.emevd.dcx.js	questline_conditions					extractor-cone-root	questline_conditions:520050:common.emevd.dcx.js:1200:0	unknown	map_access	Liurnia	map_id	Liurnia	no	7773807	Liurnia :: Twinsage Sorcerer Ashes - around Black Knife Catacombs [f520050]
9206	520060	set	cone root BOSS_KILL(9206) at common.emevd.dcx.js:1200 set by m30_03_00_00.emevd.dcx.js:30032800	questline_conditions	Tsumuri White Snake_Defeat the boss	白蛇つむり_ボス撃破	emevd_event	1	extractor-cone-root	questline_conditions:520060:common.emevd.dcx.js:1200:0	unknown	world	Liurnia	setter_map	Liurnia	no	7773808	Liurnia :: Glintstone Sorcerer Ashes - around Road's End Catacombs [f520060]
map:m30_03	520060	set	cone root MAP_ACCESS(m30_03) at common.emevd.dcx.js:1200 set by m30_03_00_00.emevd.dcx.js	questline_conditions					extractor-cone-root	questline_conditions:520060:common.emevd.dcx.js:1200:0	unknown	map_access	Liurnia	map_id	Liurnia	no	7773808	Liurnia :: Glintstone Sorcerer Ashes - around Road's End Catacombs [f520060]
9207	520070	set	cone root BOSS_KILL(9207) at common.emevd.dcx.js:1200 set by m30_06_00_00.emevd.dcx.js:30062800	questline_conditions	Defeat the boss	ボス撃破	emevd_event	1	extractor-cone-root	questline_conditions:520070:common.emevd.dcx.js:1200:0	unknown	world	Liurnia	setter_map	Liurnia	no	7773809	Liurnia :: Kaiden Sellsword Ashes - around Cliffbottom Catacombs [f520070]
map:m30_06	520070	set	cone root MAP_ACCESS(m30_06) at common.emevd.dcx.js:1200 set by m30_06_00_00.emevd.dcx.js	questline_conditions					extractor-cone-root	questline_conditions:520070:common.emevd.dcx.js:1200:0	unknown	map_access	Liurnia	map_id	Liurnia	no	7773809	Liurnia :: Kaiden Sellsword Ashes - around Cliffbottom Catacombs [f520070]
9208	520080	set	cone root BOSS_KILL(9208) at common.emevd.dcx.js:1200 set by m30_08_00_00.emevd.dcx.js:30082800	questline_conditions	Defeat the boss	ボス撃破	emevd_event	1	extractor-cone-root	questline_conditions:520080:common.emevd.dcx.js:1200:0	unknown	world	Altus	setter_map	Altus	no	7773810	Altus :: Ancient Dragon Knight Kristoff - around Sainted Hero's Grave [f520080]
map:m30_08	520080	set	cone root MAP_ACCESS(m30_08) at common.emevd.dcx.js:1200 set by m30_08_00_00.emevd.dcx.js	questline_conditions					extractor-cone-root	questline_conditions:520080:common.emevd.dcx.js:1200:0	unknown	map_access	Altus	map_id	Altus	no	7773810	Altus :: Ancient Dragon Knight Kristoff - around Sainted Hero's Grave [f520080]
9209	520090	set	cone root BOSS_KILL(9209) at common.emevd.dcx.js:1200 set by m30_09_00_00.emevd.dcx.js:30092800	questline_conditions	Defeat the boss	ボス撃破	emevd_event	1	extractor-cone-root	questline_conditions:520090:common.emevd.dcx.js:1200:0	unknown	world	Mt. Gelmir	setter_map	Mt. Gelmir	no	7773811	Mt. Gelmir :: Bloodhound Knight Floh - around Gelmir Hero's Grave [f520090]
map:m30_09	520090	set	cone root MAP_ACCESS(m30_09) at common.emevd.dcx.js:1200 set by m30_09_00_00.emevd.dcx.js	questline_conditions					extractor-cone-root	questline_conditions:520090:common.emevd.dcx.js:1200:0	unknown	map_access	Mt. Gelmir	map_id	Mt. Gelmir	no	7773811	Mt. Gelmir :: Bloodhound Knight Floh - around Gelmir Hero's Grave [f520090]
9210	520100	set	cone root BOSS_KILL(9210) at common.emevd.dcx.js:1200 set by m30_10_00_00.emevd.dcx.js:30102800	questline_conditions	Defeat the boss	ボス撃破	emevd_event	1	extractor-cone-root	questline_conditions:520100:common.emevd.dcx.js:1200:0	unknown	world	Altus	setter_map	Altus	no	7900132	Altus :: Crucible Greaves - around Auriza Hero's Grave [f520100]
map:m30_10	520100	set	cone root MAP_ACCESS(m30_10) at common.emevd.dcx.js:1200 set by m30_10_00_00.emevd.dcx.js	questline_conditions					extractor-cone-root	questline_conditions:520100:common.emevd.dcx.js:1200:0	unknown	map_access	Altus	map_id	Altus	no	7900132	Altus :: Crucible Greaves - around Auriza Hero's Grave [f520100]
9211	520110	set	cone root BOSS_KILL(9211) at common.emevd.dcx.js:1200 set by m30_12_00_00.emevd.dcx.js:30122800	questline_conditions	Defeat the boss	ボス撃破	emevd_event	1	extractor-cone-root	questline_conditions:520110:common.emevd.dcx.js:1200:0	unknown	world	Altus	setter_map	Altus	no	7773813	Altus :: Perfumer Tricia - around Unsightly Catacombs [f520110]
map:m30_12	520110	set	cone root MAP_ACCESS(m30_12) at common.emevd.dcx.js:1200 set by m30_12_00_00.emevd.dcx.js	questline_conditions					extractor-cone-root	questline_conditions:520110:common.emevd.dcx.js:1200:0	unknown	map_access	Altus	map_id	Altus	no	7773813	Altus :: Perfumer Tricia - around Unsightly Catacombs [f520110]
9212	520120	set	cone root BOSS_KILL(9212) at common.emevd.dcx.js:1200 set by m30_07_00_00.emevd.dcx.js:30072800	questline_conditions	Defeat the boss	ボス撃破	emevd_event	1	extractor-cone-root	questline_conditions:520120:common.emevd.dcx.js:1200:0	unknown	world	Mt. Gelmir	setter_map	Altus	yes	7773814	Altus :: Glovewort Picker's Bell Bearing [1] - around Wyndham Catacombs [f520120]
map:m30_07	520120	set	cone root MAP_ACCESS(m30_07) at common.emevd.dcx.js:1200 set by m30_07_00_00.emevd.dcx.js	questline_conditions					extractor-cone-root	questline_conditions:520120:common.emevd.dcx.js:1200:0	unknown	map_access	Mt. Gelmir	map_id	Altus	yes	7773814	Altus :: Glovewort Picker's Bell Bearing [1] - around Wyndham Catacombs [f520120]
9213	520130	set	cone root BOSS_KILL(9213) at common.emevd.dcx.js:1200 set by m30_13_00_00.emevd.dcx.js:30132800	questline_conditions	Defeat the boss	ボス撃破	emevd_event	1	extractor-cone-root	questline_conditions:520130:common.emevd.dcx.js:1200:0	unknown	world	Altus	setter_map	Altus	no	7773815	Altus :: Soldjars of Fortune Ashes - around Auriza Side Tomb [f520130]
map:m30_13	520130	set	cone root MAP_ACCESS(m30_13) at common.emevd.dcx.js:1200 set by m30_13_00_00.emevd.dcx.js	questline_conditions					extractor-cone-root	questline_conditions:520130:common.emevd.dcx.js:1200:0	unknown	map_access	Altus	map_id	Altus	no	7773815	Altus :: Soldjars of Fortune Ashes - around Auriza Side Tomb [f520130]
9214	520140	set	cone root BOSS_KILL(9214) at common.emevd.dcx.js:1200 set by m30_14_00_00.emevd.dcx.js:30142800	questline_conditions	Defeat the boss	ボス撃破	emevd_event	1	extractor-cone-root	questline_conditions:520140:common.emevd.dcx.js:1200:0	unknown	world	Caelid	setter_map	Caelid	no	7773816	Caelid :: Mad Pumpkin Head Ashes - around Minor Erdtree Catacombs [f520140]
map:m30_14	520140	set	cone root MAP_ACCESS(m30_14) at common.emevd.dcx.js:1200 set by m30_14_00_00.emevd.dcx.js	questline_conditions					extractor-cone-root	questline_conditions:520140:common.emevd.dcx.js:1200:0	unknown	map_access	Caelid	map_id	Caelid	no	7773816	Caelid :: Mad Pumpkin Head Ashes - around Minor Erdtree Catacombs [f520140]
9215	520150	set	cone root BOSS_KILL(9215) at common.emevd.dcx.js:1200 set by m30_15_00_00.emevd.dcx.js:30152800	questline_conditions	Defeat the boss	ボス撃破	emevd_event	1	extractor-cone-root	questline_conditions:520150:common.emevd.dcx.js:1200:0	unknown	world	Caelid	setter_map	Caelid	no	7773817	Caelid :: Kindred of Rot Ashes - around Caelid Catacombs [f520150]
map:m30_15	520150	set	cone root MAP_ACCESS(m30_15) at common.emevd.dcx.js:1200 set by m30_15_00_00.emevd.dcx.js	questline_conditions					extractor-cone-root	questline_conditions:520150:common.emevd.dcx.js:1200:0	unknown	map_access	Caelid	map_id	Caelid	no	7773817	Caelid :: Kindred of Rot Ashes - around Caelid Catacombs [f520150]
9216	520160	set	cone root BOSS_KILL(9216) at common.emevd.dcx.js:1200 set by m30_16_00_00.emevd.dcx.js:30162800	questline_conditions	Defeat the boss	ボス撃破	emevd_event	1	extractor-cone-root	questline_conditions:520160:common.emevd.dcx.js:1200:0	unknown	world	Caelid	setter_map	Caelid	no	7900003	Caelid :: Golden Seed - Putrid Tree-Spirit drop in War-Dead Catacombs [f520160]
map:m30_16	520160	set	cone root MAP_ACCESS(m30_16) at common.emevd.dcx.js:1200 set by m30_16_00_00.emevd.dcx.js	questline_conditions					extractor-cone-root	questline_conditions:520160:common.emevd.dcx.js:1200:0	unknown	map_access	Caelid	map_id	Caelid	no	7900003	Caelid :: Golden Seed - Putrid Tree-Spirit drop in War-Dead Catacombs [f520160]
9217	520170	set	cone root BOSS_KILL(9217) at common.emevd.dcx.js:1200 set by m30_17_00_00.emevd.dcx.js:30172800	questline_conditions	Defeat the boss	ボス撃破	emevd_event	1	extractor-cone-root	questline_conditions:520170:common.emevd.dcx.js:1200:0	unknown	world	Mountaintops of the Giants	setter_map	Mountaintops of the Giants	no	7900136	Mountaintops of the Giants :: Zamor Legwraps - m30_17 [f520170]
map:m30_17	520170	set	cone root MAP_ACCESS(m30_17) at common.emevd.dcx.js:1200 set by m30_17_00_00.emevd.dcx.js	questline_conditions					extractor-cone-root	questline_conditions:520170:common.emevd.dcx.js:1200:0	unknown	map_access	Mountaintops of the Giants	map_id	Mountaintops of the Giants	no	7900136	Mountaintops of the Giants :: Zamor Legwraps - m30_17 [f520170]
9218	520180	set	cone root BOSS_KILL(9218) at common.emevd.dcx.js:1200 set by m30_18_00_00.emevd.dcx.js:30182800	questline_conditions	Defeat the boss	ボス撃破	emevd_event	1	extractor-cone-root	questline_conditions:520180:common.emevd.dcx.js:1200:0	unknown	world	Mountaintops of the Giants	setter_map	Mountaintops of the Giants	no	7900137	Mountaintops of the Giants :: Glovewort Picker's Bell Bearing [2] - Ulcerated Tree Spirit, Giant's Mountaintop Catacombs [f520180]
map:m30_18	520180	set	cone root MAP_ACCESS(m30_18) at common.emevd.dcx.js:1200 set by m30_18_00_00.emevd.dcx.js	questline_conditions					extractor-cone-root	questline_conditions:520180:common.emevd.dcx.js:1200:0	unknown	map_access	Mountaintops of the Giants	map_id	Mountaintops of the Giants	no	7900137	Mountaintops of the Giants :: Glovewort Picker's Bell Bearing [2] - Ulcerated Tree Spirit, Giant's Mountaintop Catacombs [f520180]
9219	520190	set	cone root BOSS_KILL(9219) at common.emevd.dcx.js:1200 set by m30_19_00_00.emevd.dcx.js:30192800	questline_conditions	Defeat the boss	ボス撃破	emevd_event	1	extractor-cone-root	questline_conditions:520190:common.emevd.dcx.js:1200:0	unknown	world	Consecrated Snowfield	setter_map	Consecrated Snowfield	no	7900138	Consecrated Snowfield :: Rotten Gravekeeper Cloak - m30_19 [f520190]
map:m30_19	520190	set	cone root MAP_ACCESS(m30_19) at common.emevd.dcx.js:1200 set by m30_19_00_00.emevd.dcx.js	questline_conditions					extractor-cone-root	questline_conditions:520190:common.emevd.dcx.js:1200:0	unknown	map_access	Consecrated Snowfield	map_id	Consecrated Snowfield	no	7900138	Consecrated Snowfield :: Rotten Gravekeeper Cloak - m30_19 [f520190]
9220	520200	set	cone root BOSS_KILL(9220) at common.emevd.dcx.js:1200 set by m30_20_00_00.emevd.dcx.js:30202800	questline_conditions	m30_20 boss defeated	m30_20ボス撃破	emevd_event	1	extractor-cone-root	questline_conditions:520200:common.emevd.dcx.js:1200:0	unknown	world	Consecrated Snowfield	setter_map	Consecrated Snowfield	no	7770686	Consecrated Snowfield :: Blackflame Monk Amon - around Altar South [f520200]
map:m30_20	520200	set	cone root MAP_ACCESS(m30_20) at common.emevd.dcx.js:1200 set by m30_20_00_00.emevd.dcx.js	questline_conditions					extractor-cone-root	questline_conditions:520200:common.emevd.dcx.js:1200:0	unknown	map_access	Consecrated Snowfield	map_id	Consecrated Snowfield	no	7770686	Consecrated Snowfield :: Blackflame Monk Amon - around Altar South [f520200]
9221	520210	set	cone root BOSS_KILL(9221) at common.emevd.dcx.js:1200 set by m30_05_00_00.emevd.dcx.js:30052850	questline_conditions	Hidden boss_defeat boss	隠しボス_ボス撃破	emevd_event	1	extractor-cone-root	questline_conditions:520210:common.emevd.dcx.js:1200:0	unknown	world	Liurnia	setter_map	Liurnia	no	7900139	Liurnia :: Black Knifeprint - around Altar South [f520210]
map:m30_05	520210	set	cone root MAP_ACCESS(m30_05) at common.emevd.dcx.js:1200 set by m30_05_00_00.emevd.dcx.js	questline_conditions					extractor-cone-root	questline_conditions:520210:common.emevd.dcx.js:1200:0	unknown	map_access	Liurnia	map_id	Liurnia	no	7900139	Liurnia :: Black Knifeprint - around Altar South [f520210]
9222	520220	set	cone root BOSS_KILL(9222) at common.emevd.dcx.js:1200 set by m35_00_00_00.emevd.dcx.js:35002850	questline_conditions	Defeat the catacomb boss	地下墓地ボス撃破	emevd_event	1	extractor-cone-root	questline_conditions:520220:common.emevd.dcx.js:1200:0	unknown	world	Leyndell	setter_map	Leyndell	no	7773822	Leyndell :: Lord of Blood's Exultation - around Underground Roadside [f520220]
map:m35_00	520220	set	cone root MAP_ACCESS(m35_00) at common.emevd.dcx.js:1200 set by m35_00_00_00.emevd.dcx.js	questline_conditions					extractor-cone-root	questline_conditions:520220:common.emevd.dcx.js:1200:0	unknown	map_access	Leyndell	map_id	Leyndell	no	7773822	Leyndell :: Lord of Blood's Exultation - around Underground Roadside [f520220]
9230	520300	set	cone root BOSS_KILL(9230) at common.emevd.dcx.js:1200 set by m31_02_00_00.emevd.dcx.js:31022800	questline_conditions	Defeat the boss	ボス撃破	emevd_event	1	extractor-cone-root	questline_conditions:520300:common.emevd.dcx.js:1200:0	unknown	world	Weeping	setter_map	Weeping	no	7770688	Weeping :: Viridian Amber Medallion - m60_33_42 (region unconfirmed) [f520300]
map:m31_02	520300	set	cone root MAP_ACCESS(m31_02) at common.emevd.dcx.js:1200 set by m31_02_00_00.emevd.dcx.js	questline_conditions					extractor-cone-root	questline_conditions:520300:common.emevd.dcx.js:1200:0	unknown	map_access	Weeping	map_id	Weeping	no	7770688	Weeping :: Viridian Amber Medallion - m60_33_42 (region unconfirmed) [f520300]
9231	520310	set	cone root BOSS_KILL(9231) at common.emevd.dcx.js:1200 set by m31_01_00_00.emevd.dcx.js:31012800	questline_conditions	Defeat the boss	ボス撃破	emevd_event	1	extractor-cone-root	questline_conditions:520310:common.emevd.dcx.js:1200:0	unknown	world	Weeping	setter_map	Weeping	no	7773823	Weeping :: Spelldrake Talisman - around Earthbore Cave [f520310]
map:m31_01	520310	set	cone root MAP_ACCESS(m31_01) at common.emevd.dcx.js:1200 set by m31_01_00_00.emevd.dcx.js	questline_conditions					extractor-cone-root	questline_conditions:520310:common.emevd.dcx.js:1200:0	unknown	map_access	Weeping	map_id	Weeping	no	7773823	Weeping :: Spelldrake Talisman - around Earthbore Cave [f520310]
9233	520330	set	cone root BOSS_KILL(9233) at common.emevd.dcx.js:1200 set by m31_03_00_00.emevd.dcx.js:31032800	questline_conditions	Defeat the boss	ボス撃破	emevd_event	1	extractor-cone-root	questline_conditions:520330:common.emevd.dcx.js:1200:0	unknown	world	Limgrave	setter_map	Limgrave	no	7770689	Limgrave :: Flamedrake Talisman - around Groveside Cave, may be sweep-granted by Beastman of Farum Azula (m31_03) [f520330]
map:m31_03	520330	set	cone root MAP_ACCESS(m31_03) at common.emevd.dcx.js:1200 set by m31_03_00_00.emevd.dcx.js	questline_conditions					extractor-cone-root	questline_conditions:520330:common.emevd.dcx.js:1200:0	unknown	map_access	Limgrave	map_id	Limgrave	no	7770689	Limgrave :: Flamedrake Talisman - around Groveside Cave, may be sweep-granted by Beastman of Farum Azula (m31_03) [f520330]
map:m31_03	520330	set	cone root MAP_ACCESS(m31_03) at m31_03_00_00.emevd.dcx.js:31032800 set by m31_03_00_00.emevd.dcx.js	questline_conditions					extractor-cone-root	questline_conditions:520330:m31_03_00_00.emevd.dcx.js:31032800:	single	map_access	Limgrave	map_id	Limgrave	no	7770689	Limgrave :: Flamedrake Talisman - around Groveside Cave, may be sweep-granted by Beastman of Farum Azula (m31_03) [f520330]
9234	520340	set	cone root BOSS_KILL(9234) at common.emevd.dcx.js:1200 set by m31_15_00_00.emevd.dcx.js:31152800	questline_conditions	Defeat the boss	ボス撃破	emevd_event	1	extractor-cone-root	questline_conditions:520340:common.emevd.dcx.js:1200:0	unknown	world	Limgrave	setter_map	Limgrave	no	7770690	Limgrave :: Sewing Needle - around Coastal Cave, may be sweep-granted by Demi-Human Chief (m31_15) [f520340]
map:m31_15	520340	set	cone root MAP_ACCESS(m31_15) at common.emevd.dcx.js:1200 set by m31_15_00_00.emevd.dcx.js	questline_conditions					extractor-cone-root	questline_conditions:520340:common.emevd.dcx.js:1200:0	unknown	map_access	Limgrave	map_id	Limgrave	no	7770690	Limgrave :: Sewing Needle - around Coastal Cave, may be sweep-granted by Demi-Human Chief (m31_15) [f520340]
map:m31_15	520340	set	cone root MAP_ACCESS(m31_15) at m31_15_00_00.emevd.dcx.js:31152800 set by m31_15_00_00.emevd.dcx.js	questline_conditions					extractor-cone-root	questline_conditions:520340:m31_15_00_00.emevd.dcx.js:31152800:	single	map_access	Limgrave	map_id	Limgrave	no	7770690	Limgrave :: Sewing Needle - around Coastal Cave, may be sweep-granted by Demi-Human Chief (m31_15) [f520340]
9235	520350	set	cone root BOSS_KILL(9235) at common.emevd.dcx.js:1200 set by m31_17_00_00.emevd.dcx.js:31172800	questline_conditions	Defeat the boss	ボス撃破	emevd_event	1	extractor-cone-root	questline_conditions:520350:common.emevd.dcx.js:1200:0	unknown	world	Limgrave	setter_map	Limgrave	no	7773824	Limgrave :: Blue Dancer Charm - around Highroad Cave [f520350]
map:m31_17	520350	set	cone root MAP_ACCESS(m31_17) at common.emevd.dcx.js:1200 set by m31_17_00_00.emevd.dcx.js	questline_conditions					extractor-cone-root	questline_conditions:520350:common.emevd.dcx.js:1200:0	unknown	map_access	Limgrave	map_id	Limgrave	no	7773824	Limgrave :: Blue Dancer Charm - around Highroad Cave [f520350]
9236	520360	set	cone root BOSS_KILL(9236) at common.emevd.dcx.js:1200 set by m31_04_00_00.emevd.dcx.js:31042800	questline_conditions	Defeat the boss	ボス撃破	emevd_event	1	extractor-cone-root	questline_conditions:520360:common.emevd.dcx.js:1200:0	unknown	world	Liurnia	setter_map	Liurnia	no	7773825	Liurnia :: Winged Sword Insignia - around Stillwater Cave [f520360]
map:m31_04	520360	set	cone root MAP_ACCESS(m31_04) at common.emevd.dcx.js:1200 set by m31_04_00_00.emevd.dcx.js	questline_conditions					extractor-cone-root	questline_conditions:520360:common.emevd.dcx.js:1200:0	unknown	map_access	Liurnia	map_id	Liurnia	no	7773825	Liurnia :: Winged Sword Insignia - around Stillwater Cave [f520360]
9237	520370	set	cone root BOSS_KILL(9237) at common.emevd.dcx.js:1200 set by m31_05_00_00.emevd.dcx.js:31052800	questline_conditions	Defeat the boss	ボス撃破	emevd_event	1	extractor-cone-root	questline_conditions:520370:common.emevd.dcx.js:1200:0	unknown	world	Liurnia	setter_map	Liurnia	no	7773826	Liurnia :: Cerulean Amber Medallion - around Lakeside Crystal Cave [f520370]
map:m31_05	520370	set	cone root MAP_ACCESS(m31_05) at common.emevd.dcx.js:1200 set by m31_05_00_00.emevd.dcx.js	questline_conditions					extractor-cone-root	questline_conditions:520370:common.emevd.dcx.js:1200:0	unknown	map_access	Liurnia	map_id	Liurnia	no	7773826	Liurnia :: Cerulean Amber Medallion - around Lakeside Crystal Cave [f520370]
9238	520380	set	cone root BOSS_KILL(9238) at common.emevd.dcx.js:1200 set by m31_06_00_00.emevd.dcx.js:31062800	questline_conditions	Defeat the boss	ボス撃破	emevd_event	1	extractor-cone-root	questline_conditions:520380:common.emevd.dcx.js:1200:0	unknown	world	Liurnia	setter_map	Liurnia	no	7773827	Liurnia :: [Sorcery] Crystal Release - around Academy Crystal Cave [f520380]
map:m31_06	520380	set	cone root MAP_ACCESS(m31_06) at common.emevd.dcx.js:1200 set by m31_06_00_00.emevd.dcx.js	questline_conditions					extractor-cone-root	questline_conditions:520380:common.emevd.dcx.js:1200:0	unknown	map_access	Liurnia	map_id	Liurnia	no	7773827	Liurnia :: [Sorcery] Crystal Release - around Academy Crystal Cave [f520380]
9239	520390	set	cone root BOSS_KILL(9239) at common.emevd.dcx.js:1200 set by m31_07_00_00.emevd.dcx.js:31072800	questline_conditions	Defeat the boss	ボス撃破	emevd_event	1	extractor-cone-root	questline_conditions:520390:common.emevd.dcx.js:1200:0	unknown	world	Mt. Gelmir	setter_map	Mt. Gelmir	no	7773828	Mt. Gelmir :: Kindred of Rot's Exultation - around Seethewater Cave [f520390]
map:m31_07	520390	set	cone root MAP_ACCESS(m31_07) at common.emevd.dcx.js:1200 set by m31_07_00_00.emevd.dcx.js	questline_conditions					extractor-cone-root	questline_conditions:520390:common.emevd.dcx.js:1200:0	unknown	map_access	Mt. Gelmir	map_id	Mt. Gelmir	no	7773828	Mt. Gelmir :: Kindred of Rot's Exultation - around Seethewater Cave [f520390]
9240	520400	set	cone root BOSS_KILL(9240) at common.emevd.dcx.js:1200 set by m31_09_00_00.emevd.dcx.js:31092800	questline_conditions	Defeat the boss	ボス撃破	emevd_event	1	extractor-cone-root	questline_conditions:520400:common.emevd.dcx.js:1200:0	unknown	world	Mt. Gelmir	setter_map	Mt. Gelmir	no	7773829	Mt. Gelmir :: Jar Cannon - around Volcano Cave [f520400]
map:m31_09	520400	set	cone root MAP_ACCESS(m31_09) at common.emevd.dcx.js:1200 set by m31_09_00_00.emevd.dcx.js	questline_conditions					extractor-cone-root	questline_conditions:520400:common.emevd.dcx.js:1200:0	unknown	map_access	Mt. Gelmir	map_id	Mt. Gelmir	no	7773829	Mt. Gelmir :: Jar Cannon - around Volcano Cave [f520400]
9241	520410	set	cone root BOSS_KILL(9241) at common.emevd.dcx.js:1200 set by m31_18_00_00.emevd.dcx.js:31182800	questline_conditions	Defeat the boss	ボス撃破	emevd_event	1	extractor-cone-root	questline_conditions:520410:common.emevd.dcx.js:1200:0	unknown	world	Altus	setter_map	Altus	no	7773830	Altus :: Great Omenkiller Cleaver - around Perfumer's Grotto [f520410]
map:m31_18	520410	set	cone root MAP_ACCESS(m31_18) at common.emevd.dcx.js:1200 set by m31_18_00_00.emevd.dcx.js	questline_conditions					extractor-cone-root	questline_conditions:520410:common.emevd.dcx.js:1200:0	unknown	map_access	Altus	map_id	Altus	no	7773830	Altus :: Great Omenkiller Cleaver - around Perfumer's Grotto [f520410]
9242	520420	set	cone root BOSS_KILL(9242) at common.emevd.dcx.js:1200 set by m31_19_00_00.emevd.dcx.js:31192800	questline_conditions	Defeat the boss	ボス撃破	emevd_event	1	extractor-cone-root	questline_conditions:520420:common.emevd.dcx.js:1200:0	unknown	world	Altus	setter_map	Altus	no	7773831	Altus :: Concealing Veil - around Sage's Cave [f520420]
map:m31_19	520420	set	cone root MAP_ACCESS(m31_19) at common.emevd.dcx.js:1200 set by m31_19_00_00.emevd.dcx.js	questline_conditions					extractor-cone-root	questline_conditions:520420:common.emevd.dcx.js:1200:0	unknown	map_access	Altus	map_id	Altus	no	7773831	Altus :: Concealing Veil - around Sage's Cave [f520420]
9243	520430	set	cone root BOSS_KILL(9243) at common.emevd.dcx.js:1200 set by m31_21_00_00.emevd.dcx.js:31212800	questline_conditions	Defeat the boss	ボス撃破	emevd_event	1	extractor-cone-root	questline_conditions:520430:common.emevd.dcx.js:1200:0	unknown	world	Caelid	setter_map	Caelid	no	7773832	Caelid :: Putrid Corpse Ashes - around Gaol Cave [f520430]
map:m31_21	520430	set	cone root MAP_ACCESS(m31_21) at common.emevd.dcx.js:1200 set by m31_21_00_00.emevd.dcx.js	questline_conditions					extractor-cone-root	questline_conditions:520430:common.emevd.dcx.js:1200:0	unknown	map_access	Caelid	map_id	Caelid	no	7773832	Caelid :: Putrid Corpse Ashes - around Gaol Cave [f520430]
9244	520440	set	cone root BOSS_KILL(9244) at common.emevd.dcx.js:1200 set by m31_10_00_00.emevd.dcx.js:31102800	questline_conditions	Defeat the boss	ボス撃破	emevd_event	1	extractor-cone-root	questline_conditions:520440:common.emevd.dcx.js:1200:0	unknown	world	Caelid	setter_map	Caelid	no	7773833	Caelid :: Flamedrake Talisman +2 - around Dragonbarrow Cave [f520440]
map:m31_10	520440	set	cone root MAP_ACCESS(m31_10) at common.emevd.dcx.js:1200 set by m31_10_00_00.emevd.dcx.js	questline_conditions					extractor-cone-root	questline_conditions:520440:common.emevd.dcx.js:1200:0	unknown	map_access	Caelid	map_id	Caelid	no	7773833	Caelid :: Flamedrake Talisman +2 - around Dragonbarrow Cave [f520440]
9245	520450	set	cone root BOSS_KILL(9245) at common.emevd.dcx.js:1200 set by m31_20_00_00.emevd.dcx.js:31202800	questline_conditions	Defeat the boss	ボス撃破	emevd_event	1	extractor-cone-root	questline_conditions:520450:common.emevd.dcx.js:1200:0	unknown	world	Caelid	setter_map	Caelid	no	7773834	Caelid :: Gold Scarab - around Abandoned Cave [f520450]
map:m31_20	520450	set	cone root MAP_ACCESS(m31_20) at common.emevd.dcx.js:1200 set by m31_20_00_00.emevd.dcx.js	questline_conditions					extractor-cone-root	questline_conditions:520450:common.emevd.dcx.js:1200:0	unknown	map_access	Caelid	map_id	Caelid	no	7773834	Caelid :: Gold Scarab - around Abandoned Cave [f520450]
9246	520460	set	cone root BOSS_KILL(9246) at common.emevd.dcx.js:1200 set by m31_11_00_00.emevd.dcx.js:31112800	questline_conditions	Defeat the boss	ボス撃破	emevd_event	1	extractor-cone-root	questline_conditions:520460:common.emevd.dcx.js:1200:0	unknown	world	Caelid	setter_map	Caelid	no	7773835	Caelid :: [Sorcery] Crystal Torrent - around Sellia Hideaway [f520460]
map:m31_11	520460	set	cone root MAP_ACCESS(m31_11) at common.emevd.dcx.js:1200 set by m31_11_00_00.emevd.dcx.js	questline_conditions					extractor-cone-root	questline_conditions:520460:common.emevd.dcx.js:1200:0	unknown	map_access	Caelid	map_id	Caelid	no	7773835	Caelid :: [Sorcery] Crystal Torrent - around Sellia Hideaway [f520460]
9247	520470	set	cone root BOSS_KILL(9247) at common.emevd.dcx.js:1200 set by m31_12_00_00.emevd.dcx.js:31122800	questline_conditions	Defeat the boss	ボス撃破	emevd_event	1	extractor-cone-root	questline_conditions:520470:common.emevd.dcx.js:1200:0	unknown	world	Consecrated Snowfield	setter_map	Consecrated Snowfield	no	7773836	Consecrated Snowfield :: Golden Order Greatsword - around Cave of the Forlorn [f520470]
map:m31_12	520470	set	cone root MAP_ACCESS(m31_12) at common.emevd.dcx.js:1200 set by m31_12_00_00.emevd.dcx.js	questline_conditions					extractor-cone-root	questline_conditions:520470:common.emevd.dcx.js:1200:0	unknown	map_access	Consecrated Snowfield	map_id	Consecrated Snowfield	no	7773836	Consecrated Snowfield :: Golden Order Greatsword - around Cave of the Forlorn [f520470]
9248	520480	set	cone root BOSS_KILL(9248) at common.emevd.dcx.js:1200 set by m31_22_00_00.emevd.dcx.js:31222800	questline_conditions	Defeat the boss	ボス撃破	emevd_event	1	extractor-cone-root	questline_conditions:520480:common.emevd.dcx.js:1200:0	unknown	world	Mountaintops of the Giants	setter_map	Mountaintops of the Giants	no	7900140	Mountaintops of the Giants :: Black Flame Ritual - Spiritcaller Cave [f520480]
map:m31_22	520480	set	cone root MAP_ACCESS(m31_22) at common.emevd.dcx.js:1200 set by m31_22_00_00.emevd.dcx.js	questline_conditions					extractor-cone-root	questline_conditions:520480:common.emevd.dcx.js:1200:0	unknown	map_access	Mountaintops of the Giants	map_id	Mountaintops of the Giants	no	7900140	Mountaintops of the Giants :: Black Flame Ritual - Spiritcaller Cave [f520480]
9249	520490	set	cone root BOSS_KILL(9249) at common.emevd.dcx.js:1200 set by m31_19_00_00.emevd.dcx.js:31192850	questline_conditions	Hidden boss_defeat boss	隠しボス_ボス撃破	emevd_event	1	extractor-cone-root	questline_conditions:520490:common.emevd.dcx.js:1200:0	unknown	world	Altus	setter_map	Altus	no	7773838	Altus :: Family Heads - around Sage's Cave [f520490]
map:m31_19	520490	set	cone root MAP_ACCESS(m31_19) at common.emevd.dcx.js:1200 set by m31_19_00_00.emevd.dcx.js	questline_conditions					extractor-cone-root	questline_conditions:520490:common.emevd.dcx.js:1200:0	unknown	map_access	Altus	map_id	Altus	no	7773838	Altus :: Family Heads - around Sage's Cave [f520490]
9260	520600	set	cone root BOSS_KILL(9260) at common.emevd.dcx.js:1200 set by m32_00_00_00.emevd.dcx.js:32002800	questline_conditions	Defeat the boss	ボス撃破	emevd_event	1	extractor-cone-root	questline_conditions:520600:common.emevd.dcx.js:1200:0	unknown	world	Weeping	setter_map	Weeping	no	7773839	Weeping :: Rusted Anchor - around Morne Tunnel [f520600]
map:m32_00	520600	set	cone root MAP_ACCESS(m32_00) at common.emevd.dcx.js:1200 set by m32_00_00_00.emevd.dcx.js	questline_conditions					extractor-cone-root	questline_conditions:520600:common.emevd.dcx.js:1200:0	unknown	map_access	Weeping	map_id	Weeping	no	7773839	Weeping :: Rusted Anchor - around Morne Tunnel [f520600]
9261	520610	set	cone root BOSS_KILL(9261) at common.emevd.dcx.js:1200 set by m32_01_00_00.emevd.dcx.js:32012800	questline_conditions	Defeat the boss	ボス撃破	emevd_event	1	extractor-cone-root	questline_conditions:520610:common.emevd.dcx.js:1200:0	unknown	world	Limgrave	setter_map	Limgrave	no	7773840	Limgrave :: Roar Medallion - Limgrave Tunnels [f520610]
map:m32_01	520610	set	cone root MAP_ACCESS(m32_01) at common.emevd.dcx.js:1200 set by m32_01_00_00.emevd.dcx.js	questline_conditions					extractor-cone-root	questline_conditions:520610:common.emevd.dcx.js:1200:0	unknown	map_access	Limgrave	map_id	Limgrave	no	7773840	Limgrave :: Roar Medallion - Limgrave Tunnels [f520610]
9262	520620	set	cone root BOSS_KILL(9262) at common.emevd.dcx.js:1200 set by m32_02_00_00.emevd.dcx.js:32022800	questline_conditions	Defeat the boss	ボス撃破	emevd_event	1	extractor-cone-root	questline_conditions:520620:common.emevd.dcx.js:1200:0	unknown	world	Liurnia	setter_map	Liurnia	no	7773841	Liurnia :: Smithing-Stone Miner's Bell Bearing [1] - Raya Lucaria Crystal Tunnel [f520620]
map:m32_02	520620	set	cone root MAP_ACCESS(m32_02) at common.emevd.dcx.js:1200 set by m32_02_00_00.emevd.dcx.js	questline_conditions					extractor-cone-root	questline_conditions:520620:common.emevd.dcx.js:1200:0	unknown	map_access	Liurnia	map_id	Liurnia	no	7773841	Liurnia :: Smithing-Stone Miner's Bell Bearing [1] - Raya Lucaria Crystal Tunnel [f520620]
9263	520630	set	cone root BOSS_KILL(9263) at common.emevd.dcx.js:1200 set by m32_04_00_00.emevd.dcx.js:32042800	questline_conditions	Defeat the boss	ボス撃破	emevd_event	1	extractor-cone-root	questline_conditions:520630:common.emevd.dcx.js:1200:0	unknown	world	Mt. Gelmir	setter_map	Altus	yes	7773842	Altus :: Great Club - Old Altus Tunnel [f520630]
map:m32_04	520630	set	cone root MAP_ACCESS(m32_04) at common.emevd.dcx.js:1200 set by m32_04_00_00.emevd.dcx.js	questline_conditions					extractor-cone-root	questline_conditions:520630:common.emevd.dcx.js:1200:0	unknown	map_access	Mt. Gelmir	map_id	Altus	yes	7773842	Altus :: Great Club - Old Altus Tunnel [f520630]
9264	520640	set	cone root BOSS_KILL(9264) at common.emevd.dcx.js:1200 set by m34_12_00_00.emevd.dcx.js:34122800	questline_conditions	Defeat the boss	ボス撃破	emevd_event	1	extractor-cone-root	questline_conditions:520640:common.emevd.dcx.js:1200:0	unknown	world	Altus	setter_map	Altus	no	7773843	Altus :: Onyx Lord's Greatsword - around Divine Tower of West Altus [f520640]
map:m34_12	520640	set	cone root MAP_ACCESS(m34_12) at common.emevd.dcx.js:1200 set by m34_12_00_00.emevd.dcx.js	questline_conditions					extractor-cone-root	questline_conditions:520640:common.emevd.dcx.js:1200:0	unknown	map_access	Altus	map_id	Altus	no	7773843	Altus :: Onyx Lord's Greatsword - around Divine Tower of West Altus [f520640]
9265	520650	set	cone root BOSS_KILL(9265) at common.emevd.dcx.js:1200 set by m32_05_00_00.emevd.dcx.js:32052800	questline_conditions	Defeat the boss	ボス撃破	emevd_event	1	extractor-cone-root	questline_conditions:520650:common.emevd.dcx.js:1200:0	unknown	world	Altus	setter_map	Altus	no	7773844	Altus :: Somberstone Miner's Bell Bearing [2] - around Altus Tunnel [f520650]
map:m32_05	520650	set	cone root MAP_ACCESS(m32_05) at common.emevd.dcx.js:1200 set by m32_05_00_00.emevd.dcx.js	questline_conditions					extractor-cone-root	questline_conditions:520650:common.emevd.dcx.js:1200:0	unknown	map_access	Altus	map_id	Altus	no	7773844	Altus :: Somberstone Miner's Bell Bearing [2] - around Altus Tunnel [f520650]
9266	520660	set	cone root BOSS_KILL(9266) at common.emevd.dcx.js:1200 set by m32_07_00_00.emevd.dcx.js:32072800	questline_conditions	Defeat the boss	ボス撃破	emevd_event	1	extractor-cone-root	questline_conditions:520660:common.emevd.dcx.js:1200:0	unknown	world	Caelid	setter_map	Caelid	no	7900141	Caelid :: Moonveil - around Rear Gael Tunnel Entrance [f520660]
map:m32_07	520660	set	cone root MAP_ACCESS(m32_07) at common.emevd.dcx.js:1200 set by m32_07_00_00.emevd.dcx.js	questline_conditions					extractor-cone-root	questline_conditions:520660:common.emevd.dcx.js:1200:0	unknown	map_access	Caelid	map_id	Caelid	no	7900141	Caelid :: Moonveil - around Rear Gael Tunnel Entrance [f520660]
9267	520670	set	cone root BOSS_KILL(9267) at common.emevd.dcx.js:1200 set by m32_08_00_00.emevd.dcx.js:32082800	questline_conditions	Defeat the boss	ボス撃破	emevd_event	1	extractor-cone-root	questline_conditions:520670:common.emevd.dcx.js:1200:0	unknown	world	Caelid	setter_map	Caelid	no	7900142	Caelid :: Somberstone Miner's Bell Bearing [1] - around Sellia Crystal Tunnel [f520670]
map:m32_08	520670	set	cone root MAP_ACCESS(m32_08) at common.emevd.dcx.js:1200 set by m32_08_00_00.emevd.dcx.js	questline_conditions					extractor-cone-root	questline_conditions:520670:common.emevd.dcx.js:1200:0	unknown	map_access	Caelid	map_id	Caelid	no	7900142	Caelid :: Somberstone Miner's Bell Bearing [1] - around Sellia Crystal Tunnel [f520670]
9268	520680	set	cone root BOSS_KILL(9268) at common.emevd.dcx.js:1200 set by m32_11_00_00.emevd.dcx.js:32112800	questline_conditions	Defeat the boss	ボス撃破	emevd_event	1	extractor-cone-root	questline_conditions:520680:common.emevd.dcx.js:1200:0	unknown	world	Consecrated Snowfield	setter_map	Consecrated Snowfield	no	7773847	Consecrated Snowfield :: [Sorcery] Meteorite of Astel - Yelough Anix Tunnel [f520680]
map:m32_11	520680	set	cone root MAP_ACCESS(m32_11) at common.emevd.dcx.js:1200 set by m32_11_00_00.emevd.dcx.js	questline_conditions					extractor-cone-root	questline_conditions:520680:common.emevd.dcx.js:1200:0	unknown	map_access	Consecrated Snowfield	map_id	Consecrated Snowfield	no	7773847	Consecrated Snowfield :: [Sorcery] Meteorite of Astel - Yelough Anix Tunnel [f520680]
9270	520700	set	cone root BOSS_KILL(9270) at common.emevd.dcx.js:1200 set by m40_00_00_00.emevd.dcx.js:40002800	questline_conditions					extractor-cone-root	questline_conditions:520700:common.emevd.dcx.js:1200:0	unknown	world	Gravesite	setter_map	Gravesite	no	7900143	Gravesite :: Crimson Amber Medallion +3 - around Auriza Side Tomb [f520700]
map:m40_00	520700	set	cone root MAP_ACCESS(m40_00) at common.emevd.dcx.js:1200 set by m40_00_00_00.emevd.dcx.js	questline_conditions					extractor-cone-root	questline_conditions:520700:common.emevd.dcx.js:1200:0	unknown	map_access	Gravesite	map_id	Gravesite	no	7900143	Gravesite :: Crimson Amber Medallion +3 - around Auriza Side Tomb [f520700]
9271	520710	set	cone root BOSS_KILL(9271) at common.emevd.dcx.js:1200 set by m40_01_00_00.emevd.dcx.js:40012800	questline_conditions					extractor-cone-root	questline_conditions:520710:common.emevd.dcx.js:1200:0	unknown	world	Rauh Base	setter_map	Rauh Base	no	7773848	Rauh Base :: Death Knight's Longhaft Axe - around Scorpion River Catacombs [f520710]
map:m40_01	520710	set	cone root MAP_ACCESS(m40_01) at common.emevd.dcx.js:1200 set by m40_01_00_00.emevd.dcx.js	questline_conditions					extractor-cone-root	questline_conditions:520710:common.emevd.dcx.js:1200:0	unknown	map_access	Rauh Base	map_id	Rauh Base	no	7773848	Rauh Base :: Death Knight's Longhaft Axe - around Scorpion River Catacombs [f520710]
9275	520750	set	cone root BOSS_KILL(9275) at common.emevd.dcx.js:1200 set by m41_00_00_00.emevd.dcx.js:41000800	questline_conditions					extractor-cone-root	questline_conditions:520750:common.emevd.dcx.js:1200:0	unknown	world	Gravesite	setter_map	Gravesite	no	7773850	Gravesite :: Demi-Human Swordsman Yosh - around Belurat Gaol [f520750]
map:m41_00	520750	set	cone root MAP_ACCESS(m41_00) at common.emevd.dcx.js:1200 set by m41_00_00_00.emevd.dcx.js	questline_conditions					extractor-cone-root	questline_conditions:520750:common.emevd.dcx.js:1200:0	unknown	map_access	Gravesite	map_id	Gravesite	no	7773850	Gravesite :: Demi-Human Swordsman Yosh - around Belurat Gaol [f520750]
9276	520760	set	cone root BOSS_KILL(9276) at common.emevd.dcx.js:1200 set by m41_01_00_00.emevd.dcx.js:41012800	questline_conditions					extractor-cone-root	questline_conditions:520760:common.emevd.dcx.js:1200:0	unknown	world	Scadu Altus	setter_map	Scadu Altus	no	7773851	Scadu Altus :: Curseblade Meera - around Bonny Gaol [f520760]
map:m41_01	520760	set	cone root MAP_ACCESS(m41_01) at common.emevd.dcx.js:1200 set by m41_01_00_00.emevd.dcx.js	questline_conditions					extractor-cone-root	questline_conditions:520760:common.emevd.dcx.js:1200:0	unknown	map_access	Scadu Altus	map_id	Scadu Altus	no	7773851	Scadu Altus :: Curseblade Meera - around Bonny Gaol [f520760]
9277	520770	set	cone root BOSS_KILL(9277) at common.emevd.dcx.js:1200 set by m41_02_00_00.emevd.dcx.js:41022800	questline_conditions					extractor-cone-root	questline_conditions:520770:common.emevd.dcx.js:1200:0	unknown	world	Cerulean	setter_map	Cerulean	no	7773852	Cerulean :: Lamenter's Mask - Lamenter, boss of Gaol [f520770]
map:m41_02	520770	set	cone root MAP_ACCESS(m41_02) at common.emevd.dcx.js:1200 set by m41_02_00_00.emevd.dcx.js	questline_conditions					extractor-cone-root	questline_conditions:520770:common.emevd.dcx.js:1200:0	unknown	map_access	Cerulean	map_id	Cerulean	no	7773852	Cerulean :: Lamenter's Mask - Lamenter, boss of Gaol [f520770]
9280	520800	set	cone root BOSS_KILL(9280) at common.emevd.dcx.js:1200 set by m34_10_00_00.emevd.dcx.js:34102800	questline_conditions	Defeat the boss	ボス撃破	emevd_event	1	extractor-cone-root	questline_conditions:520800:common.emevd.dcx.js:1200:0	unknown	world	Stormveil	setter_map	Roundtable Hold	yes	7773853	Roundtable Hold :: Bloodfiend Hexer's Ashes (region unconfirmed) [f520800]
map:m34_10	520800	set	cone root MAP_ACCESS(m34_10) at common.emevd.dcx.js:1200 set by m34_10_00_00.emevd.dcx.js	questline_conditions					extractor-cone-root	questline_conditions:520800:common.emevd.dcx.js:1200:0	unknown	map_access	Stormveil	map_id	Roundtable Hold	yes	7773853	Roundtable Hold :: Bloodfiend Hexer's Ashes (region unconfirmed) [f520800]
map:m43_00	520800	set	cone root MAP_ACCESS(m43_00) at common.emevd.dcx.js:1200 set by m43_00_00_00.emevd.dcx.js	questline_conditions					extractor-cone-root	questline_conditions:520800:common.emevd.dcx.js:1200:0	unknown	map_access	Gravesite	map_id	Roundtable Hold	yes	7773853	Roundtable Hold :: Bloodfiend Hexer's Ashes (region unconfirmed) [f520800]
9281	520810	set	cone root BOSS_KILL(9281) at common.emevd.dcx.js:1200 set by m43_01_00_00.emevd.dcx.js:43012800	questline_conditions					extractor-cone-root	questline_conditions:520810:common.emevd.dcx.js:1200:0	unknown	world	Gravesite	setter_map	Gravesite	no	7773854	Gravesite :: Dragon-Hunter's Great Katana - around Dragon's Pit [f520810]
map:m43_01	520810	set	cone root MAP_ACCESS(m43_01) at common.emevd.dcx.js:1200 set by m43_01_00_00.emevd.dcx.js	questline_conditions					extractor-cone-root	questline_conditions:520810:common.emevd.dcx.js:1200:0	unknown	map_access	Gravesite	map_id	Gravesite	no	7773854	Gravesite :: Dragon-Hunter's Great Katana - around Dragon's Pit [f520810]
1042360800	530100	set	cone root BOSS_KILL(1042360800) at m60_42_36_00.emevd.dcx.js:90005860 set by common_func.emevd.dcx.js:90005860	questline_conditions					extractor-cone-root	questline_conditions:530100:m60_42_36_00.emevd.dcx.js:90005860:0	unknown	world	Limgrave	flag_decode	Limgrave	no	7770692	Limgrave :: Golden Halberd - Tree Sentinel, may be sweep-granted by Tree Sentinel (m60_42_36) [f530100]
map:m60_42	530100	set	cone root MAP_ACCESS(m60_42) at m60_42_36_00.emevd.dcx.js:90005860 set by m60_42_36_00.emevd.dcx.js	questline_conditions					extractor-cone-root	questline_conditions:530100:m60_42_36_00.emevd.dcx.js:90005860:0	unknown	map_access			Limgrave	unknown	7770692	Limgrave :: Golden Halberd - Tree Sentinel, may be sweep-granted by Tree Sentinel (m60_42_36) [f530100]
1043360800	530110	set	cone root BOSS_KILL(1043360800) at m60_43_36_00.emevd.dcx.js:90005861 set by common_func.emevd.dcx.js:90005861	questline_conditions					extractor-cone-root	questline_conditions:530110:m60_43_36_00.emevd.dcx.js:90005861:0	unknown	world			Limgrave	unknown	7770693	Limgrave :: Dragon Heart - Agheel (region unconfirmed), may be sweep-granted by Flying Dragon Agheel (m60_43_36) [f530110]
map:m60_43	530110	set	cone root MAP_ACCESS(m60_43) at m60_43_36_00.emevd.dcx.js:90005861 set by m60_43_36_00.emevd.dcx.js	questline_conditions					extractor-cone-root	questline_conditions:530110:m60_43_36_00.emevd.dcx.js:90005861:0	unknown	map_access			Limgrave	unknown	7770693	Limgrave :: Dragon Heart - Agheel (region unconfirmed), may be sweep-granted by Flying Dragon Agheel (m60_43_36) [f530110]
map:m60_42	530120	set	cone root MAP_ACCESS(m60_42) at m60_42_37_00.emevd.dcx.js:90005880 set by m60_42_37_00.emevd.dcx.js	questline_conditions					extractor-cone-root	questline_conditions:530120:m60_42_37_00.emevd.dcx.js:90005880:0	single	map_access			Limgrave	unknown	7770694	Limgrave :: [Incantation] Aspects of the Crucible: Tail - Crucible Knight, may be sweep-granted by Crucible Knight (m60_42_37) [f530120]
map:m60_44	530130	set	cone root MAP_ACCESS(m60_44) at m60_44_35_00.emevd.dcx.js:90005880 set by m60_44_35_00.emevd.dcx.js	questline_conditions					extractor-cone-root	questline_conditions:530130:m60_44_35_00.emevd.dcx.js:90005880:0	single	map_access			Limgrave	unknown	7770695	Limgrave :: Bloodhound's Fang - Bloodhound Knight Darriwil, may be sweep-granted by Bloodhound Knight Darriwil (m60_44_35) [f530130]
1045390800	530170	set	cone root BOSS_KILL(1045390800) at m60_45_39_00.emevd.dcx.js:90005860 set by common_func.emevd.dcx.js:90005860	questline_conditions					extractor-cone-root	questline_conditions:530170:m60_45_39_00.emevd.dcx.js:90005860:0	unknown	world			Limgrave	unknown	7770696	Limgrave :: Deathroot - Tibia Mariner (region unconfirmed), may be sweep-granted by Tibia Mariner (m60_45_39) [f530170]
1045390800	530170	set	cone root BOSS_KILL(1045390800) at m60_45_39_10.emevd.dcx.js:90005860 set by common_func.emevd.dcx.js:90005860	questline_conditions					extractor-cone-root	questline_conditions:530170:m60_45_39_10.emevd.dcx.js:90005860:0	unknown	world			Limgrave	unknown	7770696	Limgrave :: Deathroot - Tibia Mariner (region unconfirmed), may be sweep-granted by Tibia Mariner (m60_45_39) [f530170]
map:m60_45	530170	set	cone root MAP_ACCESS(m60_45) at m60_45_39_00.emevd.dcx.js:90005860 set by m60_45_39_00.emevd.dcx.js	questline_conditions					extractor-cone-root	questline_conditions:530170:m60_45_39_00.emevd.dcx.js:90005860:0	unknown	map_access			Limgrave	unknown	7770696	Limgrave :: Deathroot - Tibia Mariner (region unconfirmed), may be sweep-granted by Tibia Mariner (m60_45_39) [f530170]
map:m60_45	530170	set	cone root MAP_ACCESS(m60_45) at m60_45_39_10.emevd.dcx.js:90005860 set by m60_45_39_10.emevd.dcx.js	questline_conditions					extractor-cone-root	questline_conditions:530170:m60_45_39_10.emevd.dcx.js:90005860:0	unknown	map_access			Limgrave	unknown	7770696	Limgrave :: Deathroot - Tibia Mariner (region unconfirmed), may be sweep-granted by Tibia Mariner (m60_45_39) [f530170]
1034450800	530210	set	cone root BOSS_KILL(1034450800) at m60_34_45_00.emevd.dcx.js:90005861 set by common_func.emevd.dcx.js:90005861	questline_conditions					extractor-cone-root	questline_conditions:530210:m60_34_45_00.emevd.dcx.js:90005861:0	unknown	world			Liurnia	unknown	7770697	Liurnia :: Dragon Heart - Glintstone Dragon Smarag (region unconfirmed), may be sweep-granted by Glintstone Dragon Smarag (m60_34_45) [f530210]
map:m60_34	530210	set	cone root MAP_ACCESS(m60_34) at m60_34_45_00.emevd.dcx.js:90005861 set by m60_34_45_00.emevd.dcx.js	questline_conditions					extractor-cone-root	questline_conditions:530210:m60_34_45_00.emevd.dcx.js:90005861:0	unknown	map_access			Liurnia	unknown	7770697	Liurnia :: Dragon Heart - Glintstone Dragon Smarag (region unconfirmed), may be sweep-granted by Glintstone Dragon Smarag (m60_34_45) [f530210]
1035420800	530225	set	cone root BOSS_KILL(1035420800) at m60_35_42_00.emevd.dcx.js:90005860 set by common_func.emevd.dcx.js:90005860	questline_conditions					extractor-cone-root	questline_conditions:530225:m60_35_42_00.emevd.dcx.js:90005860:0	unknown	world	Liurnia	flag_decode	Liurnia	no	7770698	Liurnia :: Crucible Knot Talisman - Omenkiller, may be sweep-granted by Omenkiller (m60_35_42) [f530225]
map:m60_35	530225	set	cone root MAP_ACCESS(m60_35) at m60_35_42_00.emevd.dcx.js:90005860 set by m60_35_42_00.emevd.dcx.js	questline_conditions					extractor-cone-root	questline_conditions:530225:m60_35_42_00.emevd.dcx.js:90005860:0	unknown	map_access			Liurnia	unknown	7770698	Liurnia :: Crucible Knot Talisman - Omenkiller, may be sweep-granted by Omenkiller (m60_35_42) [f530225]
1039440800	530240	set	cone root BOSS_KILL(1039440800) at m60_39_44_00.emevd.dcx.js:90005860 set by common_func.emevd.dcx.js:90005860	questline_conditions					extractor-cone-root	questline_conditions:530240:m60_39_44_00.emevd.dcx.js:90005860:0	unknown	world	Liurnia	flag_decode	Liurnia	no	7770699	Liurnia :: Deathroot - Tibia Mariner, may be sweep-granted by Tibia Mariner (m60_39_44) [f530240]
map:m60_39	530240	set	cone root MAP_ACCESS(m60_39) at m60_39_44_00.emevd.dcx.js:90005860 set by m60_39_44_00.emevd.dcx.js	questline_conditions					extractor-cone-root	questline_conditions:530240:m60_39_44_00.emevd.dcx.js:90005860:0	unknown	map_access			Liurnia	unknown	7770699	Liurnia :: Deathroot - Tibia Mariner, may be sweep-granted by Tibia Mariner (m60_39_44) [f530240]
map:m60_38	530245	set	cone root MAP_ACCESS(m60_38) at m60_38_41_00.emevd.dcx.js:90005880 set by m60_38_41_00.emevd.dcx.js	questline_conditions					extractor-cone-root	questline_conditions:530245:m60_38_41_00.emevd.dcx.js:90005880:0	single	map_access			Liurnia	unknown	7770700	Liurnia :: [Incantation] Flame of the Fell God - Adan, Thief of Fire, may be sweep-granted by Adan, Thief of Fire (m60_38_41) [f530245]
map:m60_33	530250	set	cone root MAP_ACCESS(m60_33) at m60_33_45_00.emevd.dcx.js:90005880 set by m60_33_45_00.emevd.dcx.js	questline_conditions					extractor-cone-root	questline_conditions:530250:m60_33_45_00.emevd.dcx.js:90005880:0	single	map_access			Liurnia	unknown	7770701	Liurnia :: [Sorcery] Greatblade Phalanx - Bols, Carian Knight (region unconfirmed), may be sweep-granted by Bols, Carian Knight (m60_33_45) [f530250]
map:m60_36	530255	set	cone root MAP_ACCESS(m60_36) at m60_36_50_00.emevd.dcx.js:90005880 set by m60_36_50_00.emevd.dcx.js	questline_conditions					extractor-cone-root	questline_conditions:530255:m60_36_50_00.emevd.dcx.js:90005880:0	single	map_access			Liurnia	unknown	7770702	Liurnia :: [Sorcery] Meteorite - Onyx Lord, may be sweep-granted by Onyx Lord (m60_36_50) [f530255]
1034420800	530260	set	cone root BOSS_KILL(1034420800) at m60_34_42_00.emevd.dcx.js:90005860 set by common_func.emevd.dcx.js:90005860	questline_conditions					extractor-cone-root	questline_conditions:530260:m60_34_42_00.emevd.dcx.js:90005860:0	unknown	world	Liurnia	flag_decode	Liurnia	no	7900144	Liurnia :: Adula's Moonblade - Glintstone Dragon Adula, may be sweep-granted by Glintstone Dragon Adula (m60_34_42) [f530260]
map:m60_34	530260	set	cone root MAP_ACCESS(m60_34) at m60_34_42_00.emevd.dcx.js:90005860 set by m60_34_42_00.emevd.dcx.js	questline_conditions					extractor-cone-root	questline_conditions:530260:m60_34_42_00.emevd.dcx.js:90005860:0	unknown	map_access			Liurnia	unknown	7900144	Liurnia :: Adula's Moonblade - Glintstone Dragon Adula, may be sweep-granted by Glintstone Dragon Adula (m60_34_42) [f530260]
map:m60_33	530265	set	cone root MAP_ACCESS(m60_33) at m60_33_42_00.emevd.dcx.js:90005880 set by m60_33_42_00.emevd.dcx.js	questline_conditions					extractor-cone-root	questline_conditions:530265:m60_33_42_00.emevd.dcx.js:90005880:0	single	map_access			Liurnia	unknown	7770704	Liurnia :: Black Knife Tiche - Alecto, Black Knife Ringleader (region unconfirmed), may be sweep-granted by Alecto, Black Knife Ringleader (m60_33_42) [f530265]
1037510800	530300	set	cone root BOSS_KILL(1037510800) at m60_37_51_00.emevd.dcx.js:90005860 set by common_func.emevd.dcx.js:90005860	questline_conditions					extractor-cone-root	questline_conditions:530300:m60_37_51_00.emevd.dcx.js:90005860:0	unknown	world	Altus	flag_decode	Altus	no	7770705	Altus :: [Incantation] Lansseax's Glaive - Ancient Dragon Lansseax, may be sweep-granted by Ancient Dragon Lansseax (m60_37_51) [f530300]
1041520800	530300	set	cone root BOSS_KILL(1041520800) at m60_41_52_00.emevd.dcx.js:90005860 set by common_func.emevd.dcx.js:90005860	questline_conditions					extractor-cone-root	questline_conditions:530300:m60_41_52_00.emevd.dcx.js:90005860:0	unknown	world	Altus	flag_decode	Altus	no	7770705	Altus :: [Incantation] Lansseax's Glaive - Ancient Dragon Lansseax, may be sweep-granted by Ancient Dragon Lansseax (m60_37_51) [f530300]
map:m60_37	530300	set	cone root MAP_ACCESS(m60_37) at m60_37_51_00.emevd.dcx.js:90005860 set by m60_37_51_00.emevd.dcx.js	questline_conditions					extractor-cone-root	questline_conditions:530300:m60_37_51_00.emevd.dcx.js:90005860:0	unknown	map_access			Altus	unknown	7770705	Altus :: [Incantation] Lansseax's Glaive - Ancient Dragon Lansseax, may be sweep-granted by Ancient Dragon Lansseax (m60_37_51) [f530300]
map:m60_41	530300	set	cone root MAP_ACCESS(m60_41) at m60_41_52_00.emevd.dcx.js:90005860 set by m60_41_52_00.emevd.dcx.js	questline_conditions					extractor-cone-root	questline_conditions:530300:m60_41_52_00.emevd.dcx.js:90005860:0	unknown	map_access			Altus	unknown	7770705	Altus :: [Incantation] Lansseax's Glaive - Ancient Dragon Lansseax, may be sweep-granted by Ancient Dragon Lansseax (m60_37_51) [f530300]
1041500800	530310	set	cone root BOSS_KILL(1041500800) at m60_41_50_00.emevd.dcx.js:90005860 set by common_func.emevd.dcx.js:90005860	questline_conditions					extractor-cone-root	questline_conditions:530310:m60_41_50_00.emevd.dcx.js:90005860:0	unknown	world			Altus	unknown	7770706	Altus :: Somber Smithing Stone [5] - Fallingstar Beast (region unconfirmed), may be sweep-granted by Fallingstar Beast (m60_41_50) [f530310]
map:m60_41	530310	set	cone root MAP_ACCESS(m60_41) at m60_41_50_00.emevd.dcx.js:90005860 set by m60_41_50_00.emevd.dcx.js	questline_conditions					extractor-cone-root	questline_conditions:530310:m60_41_50_00.emevd.dcx.js:90005860:0	unknown	map_access			Altus	unknown	7770706	Altus :: Somber Smithing Stone [5] - Fallingstar Beast (region unconfirmed), may be sweep-granted by Fallingstar Beast (m60_41_50) [f530310]
1045520800	530315	set	cone root BOSS_KILL(1045520800) at m60_45_52_00.emevd.dcx.js:90005860 set by common_func.emevd.dcx.js:90005860	questline_conditions					extractor-cone-root	questline_conditions:530315:m60_45_52_00.emevd.dcx.js:90005860:0	unknown	world	Altus	flag_decode	Altus	no	7900145	Altus :: Dragonclaw Shield - Draconic Tree Sentinel, may be sweep-granted by Draconic Tree Sentinel (m60_45_52) [f530315]
1045520800	530315	set	cone root BOSS_KILL(1045520800) at m60_45_52_10.emevd.dcx.js:90005860 set by common_func.emevd.dcx.js:90005860	questline_conditions					extractor-cone-root	questline_conditions:530315:m60_45_52_10.emevd.dcx.js:90005860:0	unknown	world	Altus	flag_decode	Altus	no	7900145	Altus :: Dragonclaw Shield - Draconic Tree Sentinel, may be sweep-granted by Draconic Tree Sentinel (m60_45_52) [f530315]
map:m60_45	530315	set	cone root MAP_ACCESS(m60_45) at m60_45_52_00.emevd.dcx.js:90005860 set by m60_45_52_00.emevd.dcx.js	questline_conditions					extractor-cone-root	questline_conditions:530315:m60_45_52_00.emevd.dcx.js:90005860:0	unknown	map_access			Altus	unknown	7900145	Altus :: Dragonclaw Shield - Draconic Tree Sentinel, may be sweep-granted by Draconic Tree Sentinel (m60_45_52) [f530315]
map:m60_45	530315	set	cone root MAP_ACCESS(m60_45) at m60_45_52_10.emevd.dcx.js:90005860 set by m60_45_52_10.emevd.dcx.js	questline_conditions					extractor-cone-root	questline_conditions:530315:m60_45_52_10.emevd.dcx.js:90005860:0	unknown	map_access			Altus	unknown	7900145	Altus :: Dragonclaw Shield - Draconic Tree Sentinel, may be sweep-granted by Draconic Tree Sentinel (m60_45_52) [f530315]
1042550800	530325	set	cone root BOSS_KILL(1042550800) at m60_42_55_00.emevd.dcx.js:90005860 set by common_func.emevd.dcx.js:90005860	questline_conditions					extractor-cone-root	questline_conditions:530325:m60_42_55_00.emevd.dcx.js:90005860:0	unknown	world	Altus	flag_decode	Altus	no	7900146	Altus :: Scouring Black Flame - Godskin Apostle, may be sweep-granted by Godskin Apostle (m60_42_55) [f530325]
map:m60_42	530325	set	cone root MAP_ACCESS(m60_42) at m60_42_55_00.emevd.dcx.js:90005860 set by m60_42_55_00.emevd.dcx.js	questline_conditions					extractor-cone-root	questline_conditions:530325:m60_42_55_00.emevd.dcx.js:90005860:0	unknown	map_access			Altus	unknown	7900146	Altus :: Scouring Black Flame - Godskin Apostle, may be sweep-granted by Godskin Apostle (m60_42_55) [f530325]
1041510800	530335	set	cone root BOSS_KILL(1041510800) at m60_41_51_00.emevd.dcx.js:1041512800 set by m60_41_51_00.emevd.dcx.js:1041512800	questline_conditions					extractor-cone-root	questline_conditions:530335:m60_41_51_00.emevd.dcx.js:1041512800:0	unknown	world			Altus	unknown	7770709	Altus :: Erdtree Greatshield - m60_41_51 (region unconfirmed), may be sweep-granted by Tree Sentinel (m60_41_51) [f530335]
map:m60_41	530335	set	cone root MAP_ACCESS(m60_41) at m60_41_51_00.emevd.dcx.js:1041512800 set by m60_41_51_00.emevd.dcx.js	questline_conditions					extractor-cone-root	questline_conditions:530335:m60_41_51_00.emevd.dcx.js:1041512800:0	unknown	map_access			Altus	unknown	7770709	Altus :: Erdtree Greatshield - m60_41_51 (region unconfirmed), may be sweep-granted by Tree Sentinel (m60_41_51) [f530335]
1040520800	530350	set	cone root BOSS_KILL(1040520800) at m60_40_52_00.emevd.dcx.js:90005860 set by common_func.emevd.dcx.js:90005860	questline_conditions					extractor-cone-root	questline_conditions:530350:m60_40_52_00.emevd.dcx.js:90005860:0	unknown	world	Altus	flag_decode	Altus	no	7770710	Altus :: Black Knife - Black Knife Assassin, may be sweep-granted by Black Knife Assassin (m60_40_52) [f530350]
map:m60_40	530350	set	cone root MAP_ACCESS(m60_40) at m60_40_52_00.emevd.dcx.js:90005860 set by m60_40_52_00.emevd.dcx.js	questline_conditions					extractor-cone-root	questline_conditions:530350:m60_40_52_00.emevd.dcx.js:90005860:0	unknown	map_access			Altus	unknown	7770710	Altus :: Black Knife - Black Knife Assassin, may be sweep-granted by Black Knife Assassin (m60_40_52) [f530350]
1036540800	530375	set	cone root BOSS_KILL(1036540800) at m60_36_54_00.emevd.dcx.js:90005860 set by common_func.emevd.dcx.js:90005860	questline_conditions	Defeat the boss	ボス撃破	emevd_event	1	extractor-cone-root	questline_conditions:530375:m60_36_54_00.emevd.dcx.js:90005860:0	unknown	world	Mt. Gelmir	flag_decode	Mt. Gelmir	no	7900147	Mt. Gelmir :: Fallingstar Beast Jaw - Full-Grown Fallingstar Beast, may be sweep-granted by Full-Grown Fallingstar Beast (m60_36_54) [f530375]
map:m60_36	530375	set	cone root MAP_ACCESS(m60_36) at m60_36_54_00.emevd.dcx.js:90005860 set by m60_36_54_00.emevd.dcx.js	questline_conditions					extractor-cone-root	questline_conditions:530375:m60_36_54_00.emevd.dcx.js:90005860:0	unknown	map_access			Mt. Gelmir	unknown	7900147	Mt. Gelmir :: Fallingstar Beast Jaw - Full-Grown Fallingstar Beast, may be sweep-granted by Full-Grown Fallingstar Beast (m60_36_54) [f530375]
1038520800	530385	set	cone root BOSS_KILL(1038520800) at m60_38_52_00.emevd.dcx.js:90005860 set by common_func.emevd.dcx.js:90005860	questline_conditions					extractor-cone-root	questline_conditions:530385:m60_38_52_00.emevd.dcx.js:90005860:0	unknown	world			Altus	unknown	7900148	Altus :: Tibia's Summons - near Seethewater River (region unconfirmed) [f530385]
map:m60_38	530385	set	cone root MAP_ACCESS(m60_38) at m60_38_52_00.emevd.dcx.js:90005860 set by m60_38_52_00.emevd.dcx.js	questline_conditions					extractor-cone-root	questline_conditions:530385:m60_38_52_00.emevd.dcx.js:90005860:0	unknown	map_access			Altus	unknown	7900148	Altus :: Tibia's Summons - near Seethewater River (region unconfirmed) [f530385]
1035530800	530390	set	cone root BOSS_KILL(1035530800) at m60_35_53_00.emevd.dcx.js:90005861 set by common_func.emevd.dcx.js:90005861	questline_conditions					extractor-cone-root	questline_conditions:530390:m60_35_53_00.emevd.dcx.js:90005861:0	unknown	world	Mt. Gelmir	flag_decode	Mt. Gelmir	no	7770713	Mt. Gelmir :: Dragon Heart - Magma Wyrm, may be sweep-granted by Magma Wyrm (m60_35_53) [f530390]
map:m60_35	530390	set	cone root MAP_ACCESS(m60_35) at m60_35_53_00.emevd.dcx.js:90005861 set by m60_35_53_00.emevd.dcx.js	questline_conditions					extractor-cone-root	questline_conditions:530390:m60_35_53_00.emevd.dcx.js:90005861:0	unknown	map_access			Mt. Gelmir	unknown	7770713	Mt. Gelmir :: Dragon Heart - Magma Wyrm, may be sweep-granted by Magma Wyrm (m60_35_53) [f530390]
1048370800	530400	set	cone root BOSS_KILL(1048370800) at m60_48_37_00.emevd.dcx.js:90005861 set by common_func.emevd.dcx.js:90005861	questline_conditions					extractor-cone-root	questline_conditions:530400:m60_48_37_00.emevd.dcx.js:90005861:0	unknown	world	Caelid	flag_decode	Caelid	no	7770714	Caelid :: Dragon Heart - Decaying Ekzykes, may be sweep-granted by Decaying Ekzykes (m60_48_37) [f530400]
map:m60_48	530400	set	cone root MAP_ACCESS(m60_48) at m60_48_37_00.emevd.dcx.js:90005861 set by m60_48_37_00.emevd.dcx.js	questline_conditions					extractor-cone-root	questline_conditions:530400:m60_48_37_00.emevd.dcx.js:90005861:0	unknown	map_access			Caelid	unknown	7770714	Caelid :: Dragon Heart - Decaying Ekzykes, may be sweep-granted by Decaying Ekzykes (m60_48_37) [f530400]
1049380800	530405	set	cone root BOSS_KILL(1049380800) at m60_49_38_00.emevd.dcx.js:90005860 set by common_func.emevd.dcx.js:90005860	questline_conditions					extractor-cone-root	questline_conditions:530405:m60_49_38_00.emevd.dcx.js:90005860:0	unknown	world	Caelid	flag_decode	Caelid	no	7773855	Caelid :: Commander's Standard - Commander O'Neil, may be sweep-granted by Commander O'Neil (m60_49_38) [f530405]
map:m60_49	530405	set	cone root MAP_ACCESS(m60_49) at m60_49_38_00.emevd.dcx.js:90005860 set by m60_49_38_00.emevd.dcx.js	questline_conditions					extractor-cone-root	questline_conditions:530405:m60_49_38_00.emevd.dcx.js:90005860:0	unknown	map_access			Caelid	unknown	7773855	Caelid :: Commander's Standard - Commander O'Neil, may be sweep-granted by Commander O'Neil (m60_49_38) [f530405]
1052410800	530420	set	cone root BOSS_KILL(1052410800) at m60_52_41_00.emevd.dcx.js:90005860 set by common_func.emevd.dcx.js:90005860	questline_conditions					extractor-cone-root	questline_conditions:530420:m60_52_41_00.emevd.dcx.js:90005860:0	unknown	world	Caelid	flag_decode	Caelid	no	7773856	Caelid :: Dragon Heart - Flying Dragon Greyll, may be sweep-granted by Flying Dragon Greyll (m60_52_41) [f530420]
map:m60_52	530420	set	cone root MAP_ACCESS(m60_52) at m60_52_41_00.emevd.dcx.js:90005860 set by m60_52_41_00.emevd.dcx.js	questline_conditions					extractor-cone-root	questline_conditions:530420:m60_52_41_00.emevd.dcx.js:90005860:0	unknown	map_access			Caelid	unknown	7773856	Caelid :: Dragon Heart - Flying Dragon Greyll, may be sweep-granted by Flying Dragon Greyll (m60_52_41) [f530420]
1051430800	530425	set	cone root BOSS_KILL(1051430800) at m60_51_43_00.emevd.dcx.js:90005860 set by common_func.emevd.dcx.js:90005860	questline_conditions					extractor-cone-root	questline_conditions:530425:m60_51_43_00.emevd.dcx.js:90005860:0	unknown	world	Caelid	flag_decode	Caelid	no	7900149	Caelid :: Gargoyle's Black Halberd - Black Blade Kindred, may be sweep-granted by Black Blade Kindred (m60_51_43) [f530425]
map:m60_51	530425	set	cone root MAP_ACCESS(m60_51) at m60_51_43_00.emevd.dcx.js:90005860 set by m60_51_43_00.emevd.dcx.js	questline_conditions					extractor-cone-root	questline_conditions:530425:m60_51_43_00.emevd.dcx.js:90005860:0	unknown	map_access			Caelid	unknown	7900149	Caelid :: Gargoyle's Black Halberd - Black Blade Kindred, may be sweep-granted by Black Blade Kindred (m60_51_43) [f530425]
1049520800	530505	set	cone root BOSS_KILL(1049520800) at m60_49_52_00.emevd.dcx.js:90005860 set by common_func.emevd.dcx.js:90005860	questline_conditions					extractor-cone-root	questline_conditions:530505:m60_49_52_00.emevd.dcx.js:90005860:0	unknown	world			Mountaintops of the Giants	unknown	7900150	Mountaintops of the Giants :: Gargoyle's Black Axe - Black Blade Kindred (region unconfirmed), may be sweep-granted by Black Blade Kindred (m60_49_52) [f530505]
map:m60_49	530505	set	cone root MAP_ACCESS(m60_49) at m60_49_52_00.emevd.dcx.js:90005860 set by m60_49_52_00.emevd.dcx.js	questline_conditions					extractor-cone-root	questline_conditions:530505:m60_49_52_00.emevd.dcx.js:90005860:0	unknown	map_access			Mountaintops of the Giants	unknown	7900150	Mountaintops of the Giants :: Gargoyle's Black Axe - Black Blade Kindred (region unconfirmed), may be sweep-granted by Black Blade Kindred (m60_49_52) [f530505]
1254560800	530510	set	cone root BOSS_KILL(1254560800) at m60_54_56_00.emevd.dcx.js:90005861 set by common_func.emevd.dcx.js:90005861	questline_conditions					extractor-cone-root	questline_conditions:530510:m60_54_56_00.emevd.dcx.js:90005861:200	unknown	world			Mountaintops of the Giants	unknown	7773859	Mountaintops of the Giants :: Dragon Heart - m60_54_56 (region unconfirmed) [f530510]
map:m60_54	530510	set	cone root MAP_ACCESS(m60_54) at m60_54_56_00.emevd.dcx.js:90005861 set by m60_54_56_00.emevd.dcx.js	questline_conditions					extractor-cone-root	questline_conditions:530510:m60_54_56_00.emevd.dcx.js:90005861:200	unknown	map_access			Mountaintops of the Giants	unknown	7773859	Mountaintops of the Giants :: Dragon Heart - m60_54_56 (region unconfirmed) [f530510]
map:m60_53	530515	set	cone root MAP_ACCESS(m60_53) at m60_53_56_00.emevd.dcx.js:90005880 set by m60_53_56_00.emevd.dcx.js	questline_conditions					extractor-cone-root	questline_conditions:530515:m60_53_56_00.emevd.dcx.js:90005880:0	single	map_access			Mountaintops of the Giants	unknown	7900154	Mountaintops of the Giants :: Fingerprint Greaves - Roundtable Knight Vyke, may be sweep-granted by Roundtable Knight Vyke (m60_53_56) [f530515]
1050570800	530530	set	cone root BOSS_KILL(1050570800) at m60_50_57_00.emevd.dcx.js:90005860 set by common_func.emevd.dcx.js:90005860	questline_conditions					extractor-cone-root	questline_conditions:530530:m60_50_57_00.emevd.dcx.js:90005860:0	unknown	world			Mountaintops of the Giants	unknown	7773861	Mountaintops of the Giants :: Death Ritual Spear - Death Rite Bird (region unconfirmed), may be sweep-granted by Death Rite Bird (m60_50_57) [f530530]
map:m60_50	530530	set	cone root MAP_ACCESS(m60_50) at m60_50_57_00.emevd.dcx.js:90005860 set by m60_50_57_00.emevd.dcx.js	questline_conditions					extractor-cone-root	questline_conditions:530530:m60_50_57_00.emevd.dcx.js:90005860:0	unknown	map_access			Mountaintops of the Giants	unknown	7773861	Mountaintops of the Giants :: Death Ritual Spear - Death Rite Bird (region unconfirmed), may be sweep-granted by Death Rite Bird (m60_50_57) [f530530]
1050560800	530550	set	cone root BOSS_KILL(1050560800) at m60_50_56_00.emevd.dcx.js:90005861 set by common_func.emevd.dcx.js:90005861	questline_conditions					extractor-cone-root	questline_conditions:530550:m60_50_56_00.emevd.dcx.js:90005861:0	unknown	world			Consecrated Snowfield	unknown	7773862	Consecrated Snowfield :: Dragon Heart - Great Wyrm Theodorix (region unconfirmed), may be sweep-granted by Great Wyrm Theodorix (m60_50_56) [f530550]
map:m60_50	530550	set	cone root MAP_ACCESS(m60_50) at m60_50_56_00.emevd.dcx.js:90005861 set by m60_50_56_00.emevd.dcx.js	questline_conditions					extractor-cone-root	questline_conditions:530550:m60_50_56_00.emevd.dcx.js:90005861:0	unknown	map_access			Consecrated Snowfield	unknown	7773862	Consecrated Snowfield :: Dragon Heart - Great Wyrm Theodorix (region unconfirmed), may be sweep-granted by Great Wyrm Theodorix (m60_50_56) [f530550]
12010850	530600	set	cone root BOSS_KILL(12010850) at m12_01_00_00.emevd.dcx.js:90005860 set by common_func.emevd.dcx.js:90005860	questline_conditions					extractor-cone-root	questline_conditions:530600:m12_01_00_00.emevd.dcx.js:90005860:0	unknown	world			Ainsel River	unknown	7770715	Ainsel River :: Dragonscale Blade - Dragonkin Soldier, may be sweep-granted by Dragonkin Soldier (m12_01) [f530600]
map:m12_01	530600	set	cone root MAP_ACCESS(m12_01) at m12_01_00_00.emevd.dcx.js:90005860 set by m12_01_00_00.emevd.dcx.js	questline_conditions					extractor-cone-root	questline_conditions:530600:m12_01_00_00.emevd.dcx.js:90005860:0	unknown	map_access	Ainsel River	map_id	Ainsel River	no	7770715	Ainsel River :: Dragonscale Blade - Dragonkin Soldier, may be sweep-granted by Dragonkin Soldier (m12_01) [f530600]
12020830	530620	set	cone root BOSS_KILL(12020830) at m12_02_00_00.emevd.dcx.js:90005860 set by common_func.emevd.dcx.js:90005860	questline_conditions					extractor-cone-root	questline_conditions:530620:m12_02_00_00.emevd.dcx.js:90005860:0	unknown	world			Siofra River	unknown	7770716	Siofra River :: Dragon Halberd - Dragonkin Soldier, may be sweep-granted by Dragonkin Soldier (m12_02) [f530620]
map:m12_02	530620	set	cone root MAP_ACCESS(m12_02) at m12_02_00_00.emevd.dcx.js:90005860 set by m12_02_00_00.emevd.dcx.js	questline_conditions					extractor-cone-root	questline_conditions:530620:m12_02_00_00.emevd.dcx.js:90005860:0	unknown	map_access	Siofra River	map_id	Siofra River	no	7770716	Siofra River :: Dragon Halberd - Dragonkin Soldier, may be sweep-granted by Dragonkin Soldier (m12_02) [f530620]
2052400800	530800	set	cone root BOSS_KILL(2052400800) at m61_52_40_00.emevd.dcx.js:90005860 set by common_func.emevd.dcx.js:90005860	questline_conditions					extractor-cone-root	questline_conditions:530800:m61_52_40_00.emevd.dcx.js:90005860:0	unknown	world	Jagged Peak	flag_decode	Jagged Peak	no	7773863	Jagged Peak :: Dragon Heart - around Foot of the Jagged Peak [f530800]
map:m61_52	530800	set	cone root MAP_ACCESS(m61_52) at m61_52_40_00.emevd.dcx.js:90005860 set by m61_52_40_00.emevd.dcx.js	questline_conditions					extractor-cone-root	questline_conditions:530800:m61_52_40_00.emevd.dcx.js:90005860:0	unknown	map_access			Jagged Peak	unknown	7773863	Jagged Peak :: Dragon Heart - around Foot of the Jagged Peak [f530800]
2046380800	530810	set	cone root BOSS_KILL(2046380800) at m61_46_38_00.emevd.dcx.js:2046382810 set by m61_46_38_00.emevd.dcx.js:2046382800	questline_conditions					extractor-cone-root	questline_conditions:530810:m61_46_38_00.emevd.dcx.js:2046382810:	unknown	world			Cerulean	unknown	7900158	Cerulean :: Dancer's Trousers - Dancer of Ranah [f530810]
map:m61_46	530810	set	cone root MAP_ACCESS(m61_46) at m61_46_38_00.emevd.dcx.js:2046382800 set by m61_46_38_00.emevd.dcx.js	questline_conditions					extractor-cone-root	questline_conditions:530810:m61_46_38_00.emevd.dcx.js:2046382800:	single	map_access			Cerulean	unknown	7900158	Cerulean :: Dancer's Trousers - Dancer of Ranah [f530810]
map:m61_46	530810	set	cone root MAP_ACCESS(m61_46) at m61_46_38_00.emevd.dcx.js:2046382810 set by m61_46_38_00.emevd.dcx.js	questline_conditions					extractor-cone-root	questline_conditions:530810:m61_46_38_00.emevd.dcx.js:2046382810:	unknown	map_access			Cerulean	unknown	7900158	Cerulean :: Dancer's Trousers - Dancer of Ranah [f530810]
2046410800	530820	set	cone root BOSS_KILL(2046410800) at m61_46_41_00.emevd.dcx.js:2046412810 set by m61_46_41_00.emevd.dcx.js:2046412800	questline_conditions					extractor-cone-root	questline_conditions:530820:m61_46_41_00.emevd.dcx.js:2046412810:	unknown	world			Gravesite	unknown	7900162	Gravesite :: Greaves of Solitude - Blackgaol Knight [f530820]
map:m61_46	530820	set	cone root MAP_ACCESS(m61_46) at m61_46_41_00.emevd.dcx.js:2046412800 set by m61_46_41_00.emevd.dcx.js	questline_conditions					extractor-cone-root	questline_conditions:530820:m61_46_41_00.emevd.dcx.js:2046412800:	single	map_access			Gravesite	unknown	7900162	Gravesite :: Greaves of Solitude - Blackgaol Knight [f530820]
map:m61_46	530820	set	cone root MAP_ACCESS(m61_46) at m61_46_41_00.emevd.dcx.js:2046412810 set by m61_46_41_00.emevd.dcx.js	questline_conditions					extractor-cone-root	questline_conditions:530820:m61_46_41_00.emevd.dcx.js:2046412810:	unknown	map_access			Gravesite	unknown	7900162	Gravesite :: Greaves of Solitude - Blackgaol Knight [f530820]
2051440800	530830	set	cone root BOSS_KILL(2051440800) at m61_51_44_00.emevd.dcx.js:2051442810 set by m61_51_44_00.emevd.dcx.js:2051442800	questline_conditions					extractor-cone-root	questline_conditions:530830:m61_51_44_00.emevd.dcx.js:2051442810:	unknown	world	Scadu Altus	flag_decode	Scadu Altus	no	7900166	Scadu Altus :: Rakshasa Greaves - around Bridge Leading to the Village, may be sweep-granted by Rakshasa (m61_51_44) [f530830]
map:m61_51	530830	set	cone root MAP_ACCESS(m61_51) at m61_51_44_00.emevd.dcx.js:2051442800 set by m61_51_44_00.emevd.dcx.js	questline_conditions					extractor-cone-root	questline_conditions:530830:m61_51_44_00.emevd.dcx.js:2051442800:	single	map_access			Scadu Altus	unknown	7900166	Scadu Altus :: Rakshasa Greaves - around Bridge Leading to the Village, may be sweep-granted by Rakshasa (m61_51_44) [f530830]
map:m61_51	530830	set	cone root MAP_ACCESS(m61_51) at m61_51_44_00.emevd.dcx.js:2051442810 set by m61_51_44_00.emevd.dcx.js	questline_conditions					extractor-cone-root	questline_conditions:530830:m61_51_44_00.emevd.dcx.js:2051442810:	unknown	map_access			Scadu Altus	unknown	7900166	Scadu Altus :: Rakshasa Greaves - around Bridge Leading to the Village, may be sweep-granted by Rakshasa (m61_51_44) [f530830]
2048380850	530840	set	cone root BOSS_KILL(2048380850) at m61_48_38_00.emevd.dcx.js:90005860 set by common_func.emevd.dcx.js:90005860	questline_conditions					extractor-cone-root	questline_conditions:530840:m61_48_38_00.emevd.dcx.js:90005860:0	unknown	world			Cerulean	unknown	7773867	Cerulean :: Dragon Heart - Ghostflame Dragon, may be sweep-granted by Ghostflame Dragon (m61_48_38) [f530840]
map:m61_48	530840	set	cone root MAP_ACCESS(m61_48) at m61_48_38_00.emevd.dcx.js:90005860 set by m61_48_38_00.emevd.dcx.js	questline_conditions					extractor-cone-root	questline_conditions:530840:m61_48_38_00.emevd.dcx.js:90005860:0	unknown	map_access			Cerulean	unknown	7773867	Cerulean :: Dragon Heart - Ghostflame Dragon, may be sweep-granted by Ghostflame Dragon (m61_48_38) [f530840]
2046400800	530845	set	cone root BOSS_KILL(2046400800) at m61_46_40_00.emevd.dcx.js:90005860 set by common_func.emevd.dcx.js:90005860	questline_conditions					extractor-cone-root	questline_conditions:530845:m61_46_40_00.emevd.dcx.js:90005860:0	unknown	world	Gravesite	flag_decode	Cerulean	yes	7773868	Cerulean :: Star-Lined Sword - Demi-Human Queen Marigga, may be sweep-granted by Demi-Human Queen Marigga (m61_46_40) [f530845]
map:m61_46	530845	set	cone root MAP_ACCESS(m61_46) at m61_46_40_00.emevd.dcx.js:90005860 set by m61_46_40_00.emevd.dcx.js	questline_conditions					extractor-cone-root	questline_conditions:530845:m61_46_40_00.emevd.dcx.js:90005860:0	unknown	map_access			Cerulean	unknown	7773868	Cerulean :: Star-Lined Sword - Demi-Human Queen Marigga, may be sweep-granted by Demi-Human Queen Marigga (m61_46_40) [f530845]
2049410800	530850	set	cone root BOSS_KILL(2049410800) at m61_49_41_00.emevd.dcx.js:90005860 set by common_func.emevd.dcx.js:90005860	questline_conditions					extractor-cone-root	questline_conditions:530850:m61_49_41_00.emevd.dcx.js:90005860:0	unknown	world			Jagged Peak	unknown	7773869	Jagged Peak :: Dragon Heart - Jagged Peak Drake, may be sweep-granted by Jagged Peak Drake (m61_49_41) [f530850]
map:m61_49	530850	set	cone root MAP_ACCESS(m61_49) at m61_49_41_00.emevd.dcx.js:90005860 set by m61_49_41_00.emevd.dcx.js	questline_conditions					extractor-cone-root	questline_conditions:530850:m61_49_41_00.emevd.dcx.js:90005860:0	unknown	map_access			Jagged Peak	unknown	7773869	Jagged Peak :: Dragon Heart - Jagged Peak Drake, may be sweep-granted by Jagged Peak Drake (m61_49_41) [f530850]
2047390800	530855	set	cone root BOSS_KILL(2047390800) at m61_47_39_00.emevd.dcx.js:90005860 set by common_func.emevd.dcx.js:90005860	questline_conditions					extractor-cone-root	questline_conditions:530855:m61_47_39_00.emevd.dcx.js:90005860:0	unknown	world			Cerulean	unknown	7773870	Cerulean :: Ash of War: Ghostflame Call - Death Rite Bird, may be sweep-granted by Death Rite Bird (m61_47_39) [f530855]
map:m61_47	530855	set	cone root MAP_ACCESS(m61_47) at m61_47_39_00.emevd.dcx.js:90005860 set by m61_47_39_00.emevd.dcx.js	questline_conditions					extractor-cone-root	questline_conditions:530855:m61_47_39_00.emevd.dcx.js:90005860:0	unknown	map_access			Cerulean	unknown	7773870	Cerulean :: Ash of War: Ghostflame Call - Death Rite Bird, may be sweep-granted by Death Rite Bird (m61_47_39) [f530855]
2045440800	530860	set	cone root BOSS_KILL(2045440800) at m61_45_44_00.emevd.dcx.js:90005860 set by common_func.emevd.dcx.js:90005860	questline_conditions					extractor-cone-root	questline_conditions:530860:m61_45_44_00.emevd.dcx.js:90005860:0	unknown	world			Gravesite	unknown	7773871	Gravesite :: Dragon Heart - Ghostflame Dragon, may be sweep-granted by Ghostflame Dragon (m61_45_44) [f530860]
2045440800	530860	set	cone root BOSS_KILL(2045440800) at m61_45_44_10.emevd.dcx.js:90005860 set by common_func.emevd.dcx.js:90005860	questline_conditions					extractor-cone-root	questline_conditions:530860:m61_45_44_10.emevd.dcx.js:90005860:0	unknown	world			Gravesite	unknown	7773871	Gravesite :: Dragon Heart - Ghostflame Dragon, may be sweep-granted by Ghostflame Dragon (m61_45_44) [f530860]
map:m61_45	530860	set	cone root MAP_ACCESS(m61_45) at m61_45_44_00.emevd.dcx.js:90005860 set by m61_45_44_00.emevd.dcx.js	questline_conditions					extractor-cone-root	questline_conditions:530860:m61_45_44_00.emevd.dcx.js:90005860:0	unknown	map_access			Gravesite	unknown	7773871	Gravesite :: Dragon Heart - Ghostflame Dragon, may be sweep-granted by Ghostflame Dragon (m61_45_44) [f530860]
map:m61_45	530860	set	cone root MAP_ACCESS(m61_45) at m61_45_44_10.emevd.dcx.js:90005860 set by m61_45_44_10.emevd.dcx.js	questline_conditions					extractor-cone-root	questline_conditions:530860:m61_45_44_10.emevd.dcx.js:90005860:0	unknown	map_access			Gravesite	unknown	7773871	Gravesite :: Dragon Heart - Ghostflame Dragon, may be sweep-granted by Ghostflame Dragon (m61_45_44) [f530860]
2047440360	530865	clear	442360, Restart, function() { EndIf(EventFlag(2047440360)); Wai	lot_gates					endif-bailout-inverts	lot_gates:530865:2047442360	unknown	world	Gravesite	flag_decode	Gravesite	no	7773872	Gravesite :: Moonrithyll's Knight Sword - around Castle Front, may be sweep-granted by Ghostflame Dragon (m61_45_44) [f530865]
map:m61_47	530865	set	cone root MAP_ACCESS(m61_47) at m61_47_44_00.emevd.dcx.js:2047442360 set by m61_47_44_00.emevd.dcx.js	questline_conditions					extractor-cone-root	questline_conditions:530865:m61_47_44_00.emevd.dcx.js:2047442360:	single	map_access			Gravesite	unknown	7773872	Gravesite :: Moonrithyll's Knight Sword - around Castle Front, may be sweep-granted by Ghostflame Dragon (m61_45_44) [f530865]
map:m61_47	530865	set	cone root MAP_ACCESS(m61_47) at m61_47_44_00.emevd.dcx.js:90005301 set by m61_47_44_00.emevd.dcx.js	questline_conditions					extractor-cone-root	questline_conditions:530865:m61_47_44_00.emevd.dcx.js:90005301:0	single	map_access			Gravesite	unknown	7773872	Gravesite :: Moonrithyll's Knight Sword - around Castle Front, may be sweep-granted by Ghostflame Dragon (m61_45_44) [f530865]
map:m61_47	530865	set	cone root MAP_ACCESS(m61_47) at m61_47_44_10.emevd.dcx.js:2047442360 set by m61_47_44_10.emevd.dcx.js	questline_conditions					extractor-cone-root	questline_conditions:530865:m61_47_44_10.emevd.dcx.js:2047442360:	single	map_access			Gravesite	unknown	7773872	Gravesite :: Moonrithyll's Knight Sword - around Castle Front, may be sweep-granted by Ghostflame Dragon (m61_45_44) [f530865]
map:m61_47	530865	set	cone root MAP_ACCESS(m61_47) at m61_47_44_10.emevd.dcx.js:90005301 set by m61_47_44_10.emevd.dcx.js	questline_conditions					extractor-cone-root	questline_conditions:530865:m61_47_44_10.emevd.dcx.js:90005301:0	single	map_access			Gravesite	unknown	7773872	Gravesite :: Moonrithyll's Knight Sword - around Castle Front, may be sweep-granted by Ghostflame Dragon (m61_45_44) [f530865]
2046450800	530900	set	cone root BOSS_KILL(2046450800) at m61_46_45_00.emevd.dcx.js:2046452810 set by m61_46_45_00.emevd.dcx.js:2046452800	questline_conditions					extractor-cone-root	questline_conditions:530900:m61_46_45_00.emevd.dcx.js:2046452810:	unknown	world			Rauh Base	unknown	7900170	Rauh Base :: Iron Rivet Greaves - m61_46_45, may be sweep-granted by Red Bear (m61_46_45) [f530900]
2046450800	530900	set	cone root BOSS_KILL(2046450800) at m61_46_45_10.emevd.dcx.js:2046452810 set by m61_46_45_00.emevd.dcx.js:2046452800	questline_conditions					extractor-cone-root	questline_conditions:530900:m61_46_45_10.emevd.dcx.js:2046452810:	unknown	world			Rauh Base	unknown	7900170	Rauh Base :: Iron Rivet Greaves - m61_46_45, may be sweep-granted by Red Bear (m61_46_45) [f530900]
map:m61_46	530900	set	cone root MAP_ACCESS(m61_46) at m61_46_45_00.emevd.dcx.js:2046452800 set by m61_46_45_00.emevd.dcx.js	questline_conditions					extractor-cone-root	questline_conditions:530900:m61_46_45_00.emevd.dcx.js:2046452800:	single	map_access			Rauh Base	unknown	7900170	Rauh Base :: Iron Rivet Greaves - m61_46_45, may be sweep-granted by Red Bear (m61_46_45) [f530900]
map:m61_46	530900	set	cone root MAP_ACCESS(m61_46) at m61_46_45_00.emevd.dcx.js:2046452810 set by m61_46_45_00.emevd.dcx.js	questline_conditions					extractor-cone-root	questline_conditions:530900:m61_46_45_00.emevd.dcx.js:2046452810:	unknown	map_access			Rauh Base	unknown	7900170	Rauh Base :: Iron Rivet Greaves - m61_46_45, may be sweep-granted by Red Bear (m61_46_45) [f530900]
map:m61_46	530900	set	cone root MAP_ACCESS(m61_46) at m61_46_45_10.emevd.dcx.js:2046452800 set by m61_46_45_10.emevd.dcx.js	questline_conditions					extractor-cone-root	questline_conditions:530900:m61_46_45_10.emevd.dcx.js:2046452800:	single	map_access			Rauh Base	unknown	7900170	Rauh Base :: Iron Rivet Greaves - m61_46_45, may be sweep-granted by Red Bear (m61_46_45) [f530900]
map:m61_46	530900	set	cone root MAP_ACCESS(m61_46) at m61_46_45_10.emevd.dcx.js:2046452810 set by m61_46_45_10.emevd.dcx.js	questline_conditions					extractor-cone-root	questline_conditions:530900:m61_46_45_10.emevd.dcx.js:2046452810:	unknown	map_access			Rauh Base	unknown	7900170	Rauh Base :: Iron Rivet Greaves - m61_46_45, may be sweep-granted by Red Bear (m61_46_45) [f530900]
2044470800	530905	set	cone root BOSS_KILL(2044470800) at m61_44_47_00.emevd.dcx.js:90005860 set by common_func.emevd.dcx.js:90005860	questline_conditions					extractor-cone-root	questline_conditions:530905:m61_44_47_00.emevd.dcx.js:90005860:0	unknown	world			Rauh Base	unknown	7773874	Rauh Base :: [Incantation] Roar of Rugalea - Big Red Bear, may be sweep-granted by Rugalea the Great Red Bear (m61_44_47) [f530905]
2044470800	530905	set	cone root BOSS_KILL(2044470800) at m61_44_47_10.emevd.dcx.js:90005860 set by common_func.emevd.dcx.js:90005860	questline_conditions					extractor-cone-root	questline_conditions:530905:m61_44_47_10.emevd.dcx.js:90005860:0	unknown	world			Rauh Base	unknown	7773874	Rauh Base :: [Incantation] Roar of Rugalea - Big Red Bear, may be sweep-granted by Rugalea the Great Red Bear (m61_44_47) [f530905]
map:m61_44	530905	set	cone root MAP_ACCESS(m61_44) at m61_44_47_00.emevd.dcx.js:90005860 set by m61_44_47_00.emevd.dcx.js	questline_conditions					extractor-cone-root	questline_conditions:530905:m61_44_47_00.emevd.dcx.js:90005860:0	unknown	map_access			Rauh Base	unknown	7773874	Rauh Base :: [Incantation] Roar of Rugalea - Big Red Bear, may be sweep-granted by Rugalea the Great Red Bear (m61_44_47) [f530905]
map:m61_44	530905	set	cone root MAP_ACCESS(m61_44) at m61_44_47_10.emevd.dcx.js:90005860 set by m61_44_47_10.emevd.dcx.js	questline_conditions					extractor-cone-root	questline_conditions:530905:m61_44_47_10.emevd.dcx.js:90005860:0	unknown	map_access			Rauh Base	unknown	7773874	Rauh Base :: [Incantation] Roar of Rugalea - Big Red Bear, may be sweep-granted by Rugalea the Great Red Bear (m61_44_47) [f530905]
2049450800	530930	set	cone root BOSS_KILL(2049450800) at m61_49_45_00.emevd.dcx.js:90005860 set by common_func.emevd.dcx.js:90005860	questline_conditions					extractor-cone-root	questline_conditions:530930:m61_49_45_00.emevd.dcx.js:90005860:0	unknown	world			Scadu Altus	unknown	7773875	Scadu Altus :: Pelt of Ralva - Ralva the Great Red Bear, may be sweep-granted by Ralva the Great Red Bear (m61_49_45) [f530930]
map:m61_49	530930	set	cone root MAP_ACCESS(m61_49) at m61_49_45_00.emevd.dcx.js:90005860 set by m61_49_45_00.emevd.dcx.js	questline_conditions					extractor-cone-root	questline_conditions:530930:m61_49_45_00.emevd.dcx.js:90005860:0	unknown	map_access			Scadu Altus	unknown	7773875	Scadu Altus :: Pelt of Ralva - Ralva the Great Red Bear, may be sweep-granted by Ralva the Great Red Bear (m61_49_45) [f530930]
2046460800	530940	set	cone root BOSS_KILL(2046460800) at m61_46_46_00.emevd.dcx.js:90005860 set by common_func.emevd.dcx.js:90005860	questline_conditions					extractor-cone-root	questline_conditions:530940:m61_46_46_00.emevd.dcx.js:90005860:0	unknown	world			Ancient Ruins	unknown	7773876	Ancient Ruins :: [Incantation] Divine Beast Tornado - Divine Beast Dancing Lion, may be sweep-granted by Divine Beast Dancing Lion (m61_46_46) [f530940]
2046460800	530940	set	cone root BOSS_KILL(2046460800) at m61_46_46_10.emevd.dcx.js:90005860 set by common_func.emevd.dcx.js:90005860	questline_conditions					extractor-cone-root	questline_conditions:530940:m61_46_46_10.emevd.dcx.js:90005860:0	unknown	world			Ancient Ruins	unknown	7773876	Ancient Ruins :: [Incantation] Divine Beast Tornado - Divine Beast Dancing Lion, may be sweep-granted by Divine Beast Dancing Lion (m61_46_46) [f530940]
map:m61_46	530940	set	cone root MAP_ACCESS(m61_46) at m61_46_46_00.emevd.dcx.js:90005860 set by m61_46_46_00.emevd.dcx.js	questline_conditions					extractor-cone-root	questline_conditions:530940:m61_46_46_00.emevd.dcx.js:90005860:0	unknown	map_access			Ancient Ruins	unknown	7773876	Ancient Ruins :: [Incantation] Divine Beast Tornado - Divine Beast Dancing Lion, may be sweep-granted by Divine Beast Dancing Lion (m61_46_46) [f530940]
map:m61_46	530940	set	cone root MAP_ACCESS(m61_46) at m61_46_46_10.emevd.dcx.js:90005860 set by m61_46_46_10.emevd.dcx.js	questline_conditions					extractor-cone-root	questline_conditions:530940:m61_46_46_10.emevd.dcx.js:90005860:0	unknown	map_access			Ancient Ruins	unknown	7773876	Ancient Ruins :: [Incantation] Divine Beast Tornado - Divine Beast Dancing Lion, may be sweep-granted by Divine Beast Dancing Lion (m61_46_46) [f530940]
2049430800	530945	set	cone root BOSS_KILL(2049430800) at m61_49_43_00.emevd.dcx.js:90005860 set by common_func.emevd.dcx.js:90005860	questline_conditions					extractor-cone-root	questline_conditions:530945:m61_49_43_00.emevd.dcx.js:90005860:0	unknown	world	Scadu Altus	flag_decode	Scadu Altus	no	7773877	Scadu Altus :: Dragon Heart - around Moorth Highway, South [f530945]
map:m61_49	530945	set	cone root MAP_ACCESS(m61_49) at m61_49_43_00.emevd.dcx.js:90005860 set by m61_49_43_00.emevd.dcx.js	questline_conditions					extractor-cone-root	questline_conditions:530945:m61_49_43_00.emevd.dcx.js:90005860:0	unknown	map_access			Scadu Altus	unknown	7773877	Scadu Altus :: Dragon Heart - around Moorth Highway, South [f530945]
2050480860	530950	set	cone root BOSS_KILL(2050480860) at m61_50_47_00.emevd.dcx.js:2050472821 set by m61_50_47_00.emevd.dcx.js:2050472821	questline_conditions					extractor-cone-root	questline_conditions:530950:m61_50_47_00.emevd.dcx.js:2050472821:0	unknown	world	Shadow Keep	flag_decode	Roundtable Hold	yes	7773878	Roundtable Hold :: Blessing of Marika (region unconfirmed) [f530950]
map:m61_50	530950	set	cone root MAP_ACCESS(m61_50) at m61_50_47_00.emevd.dcx.js:2050472821 set by m61_50_47_00.emevd.dcx.js	questline_conditions					extractor-cone-root	questline_conditions:530950:m61_50_47_00.emevd.dcx.js:2050472821:0	unknown	map_access			Roundtable Hold	unknown	7773878	Roundtable Hold :: Blessing of Marika (region unconfirmed) [f530950]
2047450800	530955	set	cone root BOSS_KILL(2047450800) at m61_47_45_00.emevd.dcx.js:90005860 set by common_func.emevd.dcx.js:90005860	questline_conditions					extractor-cone-root	questline_conditions:530955:m61_47_45_00.emevd.dcx.js:90005860:0	unknown	world	Scadu Altus	flag_decode	Scadu Altus	no	7773879	Scadu Altus :: Black Steel Greatshield - Black Knight Garrew, may be sweep-granted by Black Knight Garrew (m61_47_45) [f530955]
2047450800	530955	set	cone root BOSS_KILL(2047450800) at m61_47_45_10.emevd.dcx.js:90005860 set by common_func.emevd.dcx.js:90005860	questline_conditions					extractor-cone-root	questline_conditions:530955:m61_47_45_10.emevd.dcx.js:90005860:0	unknown	world	Scadu Altus	flag_decode	Scadu Altus	no	7773879	Scadu Altus :: Black Steel Greatshield - Black Knight Garrew, may be sweep-granted by Black Knight Garrew (m61_47_45) [f530955]
map:m61_47	530955	set	cone root MAP_ACCESS(m61_47) at m61_47_45_00.emevd.dcx.js:90005860 set by m61_47_45_00.emevd.dcx.js	questline_conditions					extractor-cone-root	questline_conditions:530955:m61_47_45_00.emevd.dcx.js:90005860:0	unknown	map_access			Scadu Altus	unknown	7773879	Scadu Altus :: Black Steel Greatshield - Black Knight Garrew, may be sweep-granted by Black Knight Garrew (m61_47_45) [f530955]
map:m61_47	530955	set	cone root MAP_ACCESS(m61_47) at m61_47_45_10.emevd.dcx.js:90005860 set by m61_47_45_10.emevd.dcx.js	questline_conditions					extractor-cone-root	questline_conditions:530955:m61_47_45_10.emevd.dcx.js:90005860:0	unknown	map_access			Scadu Altus	unknown	7773879	Scadu Altus :: Black Steel Greatshield - Black Knight Garrew, may be sweep-granted by Black Knight Garrew (m61_47_45) [f530955]
2052480800	530960	set	cone root BOSS_KILL(2052480800) at m61_52_48_00.emevd.dcx.js:90005860 set by common_func.emevd.dcx.js:90005860	questline_conditions					extractor-cone-root	questline_conditions:530960:m61_52_48_00.emevd.dcx.js:90005860:0	unknown	world			Shadow Keep	unknown	7773880	Shadow Keep :: [Sorcery] Gravitational Missile - Fallingstar Beast, may be sweep-granted by Fallingstar Beast (m61_52_48) [f530960]
map:m61_52	530960	set	cone root MAP_ACCESS(m61_52) at m61_52_48_00.emevd.dcx.js:90005860 set by m61_52_48_00.emevd.dcx.js	questline_conditions					extractor-cone-root	questline_conditions:530960:m61_52_48_00.emevd.dcx.js:90005860:0	unknown	map_access			Shadow Keep	unknown	7773880	Shadow Keep :: [Sorcery] Gravitational Missile - Fallingstar Beast, may be sweep-granted by Fallingstar Beast (m61_52_48) [f530960]
2049430850	530965	set	cone root BOSS_KILL(2049430850) at m61_49_43_00.emevd.dcx.js:90005860 set by common_func.emevd.dcx.js:90005860	questline_conditions					extractor-cone-root	questline_conditions:530965:m61_49_43_00.emevd.dcx.js:90005860:0	unknown	world	Scadu Altus	flag_decode	Scadu Altus	no	7773881	Scadu Altus :: Ash of War: Aspects of the Crucible: Wings - Black Knight Edredd, may be sweep-granted by Black Knight Edredd (m61_49_43) [f530965]
map:m61_49	530965	set	cone root MAP_ACCESS(m61_49) at m61_49_43_00.emevd.dcx.js:90005860 set by m61_49_43_00.emevd.dcx.js	questline_conditions					extractor-cone-root	questline_conditions:530965:m61_49_43_00.emevd.dcx.js:90005860:0	unknown	map_access			Scadu Altus	unknown	7773881	Scadu Altus :: Ash of War: Aspects of the Crucible: Wings - Black Knight Edredd, may be sweep-granted by Black Knight Edredd (m61_49_43) [f530965]
map:m60_40	540100	set	cone root MAP_ACCESS(m60_40) at m60_40_39_00.emevd.dcx.js:90005300 set by m60_40_39_00.emevd.dcx.js	questline_conditions					extractor-cone-root	questline_conditions:540100:m60_40_39_00.emevd.dcx.js:90005300:0	single	map_access			Limgrave	unknown	7770717	Limgrave :: Ash of War: Storm Wall - m60_40_39 (region unconfirmed), may be sweep-granted by Crucible Knight (m60_42_37) [f540100]
map:m60_41	540104	set	cone root MAP_ACCESS(m60_41) at m60_41_38_00.emevd.dcx.js:90005300 set by m60_41_38_00.emevd.dcx.js	questline_conditions					extractor-cone-root	questline_conditions:540104:m60_41_38_00.emevd.dcx.js:90005300:0	single	map_access			Limgrave	unknown	7770718	Limgrave :: Ash of War: Wild Strikes - around Stormhill Shack, may be sweep-granted by Deathbird (m60_42_38) [f540104]
map:m60_43	540108	set	cone root MAP_ACCESS(m60_43) at m60_43_37_00.emevd.dcx.js:90005300 set by m60_43_37_00.emevd.dcx.js	questline_conditions					extractor-cone-root	questline_conditions:540108:m60_43_37_00.emevd.dcx.js:90005300:0	single	map_access			Limgrave	unknown	7770719	Limgrave :: Ash of War: Determination - around Murkwater Cave, may be sweep-granted by Night's Cavalry (m60_43_37) [f540108]
map:m60_44	540112	set	cone root MAP_ACCESS(m60_44) at m60_44_36_00.emevd.dcx.js:90005300 set by m60_44_36_00.emevd.dcx.js	questline_conditions					extractor-cone-root	questline_conditions:540112:m60_44_36_00.emevd.dcx.js:90005300:0	single	map_access			Limgrave	unknown	7770720	Limgrave :: Ash of War: Unsheathe - around Waypoint Ruins Cellar, may be sweep-granted by Mad Pumpkin Head (m60_44_36) [f540112]
map:m60_44	540112	set	cone root MAP_ACCESS(m60_44) at m60_44_36_10.emevd.dcx.js:90005300 set by m60_44_36_10.emevd.dcx.js	questline_conditions					extractor-cone-root	questline_conditions:540112:m60_44_36_10.emevd.dcx.js:90005300:0	single	map_access			Limgrave	unknown	7770720	Limgrave :: Ash of War: Unsheathe - around Waypoint Ruins Cellar, may be sweep-granted by Mad Pumpkin Head (m60_44_36) [f540112]
map:m60_45	540116	set	cone root MAP_ACCESS(m60_45) at m60_45_37_00.emevd.dcx.js:90005300 set by m60_45_37_00.emevd.dcx.js	questline_conditions					extractor-cone-root	questline_conditions:540116:m60_45_37_00.emevd.dcx.js:90005300:0	single	map_access			Limgrave	unknown	7770721	Limgrave :: Ash of War: Ground Slam - m60_45_37 (region unconfirmed), may be sweep-granted by Mad Pumpkin Head (m60_44_36) [f540116]
map:m60_45	540116	set	cone root MAP_ACCESS(m60_45) at m60_45_37_10.emevd.dcx.js:90005300 set by m60_45_37_10.emevd.dcx.js	questline_conditions					extractor-cone-root	questline_conditions:540116:m60_45_37_10.emevd.dcx.js:90005300:0	single	map_access			Limgrave	unknown	7770721	Limgrave :: Ash of War: Ground Slam - m60_45_37 (region unconfirmed), may be sweep-granted by Mad Pumpkin Head (m60_44_36) [f540116]
map:m60_46	540118	set	cone root MAP_ACCESS(m60_46) at m60_46_39_00.emevd.dcx.js:90005300 set by m60_46_39_00.emevd.dcx.js	questline_conditions					extractor-cone-root	questline_conditions:540118:m60_46_39_00.emevd.dcx.js:90005300:0	single	map_access			Caelid	unknown	7770722	Caelid :: Ash of War: Sacred Blade - around Gael Tunnel, may be sweep-granted by Putrid Avatar (m60_47_40) [f540118]
map:m60_46	540118	set	cone root MAP_ACCESS(m60_46) at m60_46_39_10.emevd.dcx.js:90005300 set by m60_46_39_10.emevd.dcx.js	questline_conditions					extractor-cone-root	questline_conditions:540118:m60_46_39_10.emevd.dcx.js:90005300:0	single	map_access			Caelid	unknown	7770722	Caelid :: Ash of War: Sacred Blade - around Gael Tunnel, may be sweep-granted by Putrid Avatar (m60_47_40) [f540118]
map:m60_41	540120	set	cone root MAP_ACCESS(m60_41) at m60_41_37_00.emevd.dcx.js:90005300 set by m60_41_37_00.emevd.dcx.js	questline_conditions					extractor-cone-root	questline_conditions:540120:m60_41_37_00.emevd.dcx.js:90005300:0	single	map_access			Limgrave	unknown	7770723	Limgrave :: Ash of War: Stamp (Sweep) - m60_41_37 (region unconfirmed), may be sweep-granted by Bell Bearing Hunter (m60_42_38) [f540120]
map:m60_42	540132	set	cone root MAP_ACCESS(m60_42) at m60_42_33_00.emevd.dcx.js:90005300 set by m60_42_33_00.emevd.dcx.js	questline_conditions					extractor-cone-root	questline_conditions:540132:m60_42_33_00.emevd.dcx.js:90005300:0	single	map_access			Weeping	unknown	7770724	Weeping :: [Incantation] Divine Fortification - around Tombsward Cave, may be sweep-granted by Ancient Hero of Zamor (m60_42_33) [f540132]
map:m60_43	540136	set	cone root MAP_ACCESS(m60_43) at m60_43_33_00.emevd.dcx.js:90005300 set by m60_43_33_00.emevd.dcx.js	questline_conditions					extractor-cone-root	questline_conditions:540136:m60_43_33_00.emevd.dcx.js:90005300:0	single	map_access			Weeping	unknown	7770725	Weeping :: [Incantation] Lightning Strike - m60_43_33 (region unconfirmed), may be sweep-granted by Erdtree Avatar (m60_43_33) [f540136]
map:m60_44	540138	set	cone root MAP_ACCESS(m60_44) at m60_44_32_00.emevd.dcx.js:90005300 set by m60_44_32_00.emevd.dcx.js	questline_conditions					extractor-cone-root	questline_conditions:540138:m60_44_32_00.emevd.dcx.js:90005300:0	single	map_access			Weeping	unknown	7770726	Weeping :: [Incantation] Poison Mist - m60_44_32 (region unconfirmed), may be sweep-granted by Deathbird (m60_44_32) [f540138]
map:m60_44	540140	set	cone root MAP_ACCESS(m60_44) at m60_44_33_00.emevd.dcx.js:90005300 set by m60_44_33_00.emevd.dcx.js	questline_conditions					extractor-cone-root	questline_conditions:540140:m60_44_33_00.emevd.dcx.js:90005300:0	single	map_access			Weeping	unknown	7770727	Weeping :: Ash of War: Mighty Shot - around Castle Morne Rampart, may be sweep-granted by Deathbird (m60_44_32) [f540140]
map:m60_44	540142	set	cone root MAP_ACCESS(m60_44) at m60_44_38_00.emevd.dcx.js:90005300 set by m60_44_38_00.emevd.dcx.js	questline_conditions					extractor-cone-root	questline_conditions:540142:m60_44_38_00.emevd.dcx.js:90005300:0	single	map_access			Limgrave	unknown	7770728	Limgrave :: Somber Smithing Stone [1] - around Artist's Shack, may be sweep-granted by Night's Cavalry (m60_43_37) [f540142]
map:m60_44	540142	set	cone root MAP_ACCESS(m60_44) at m60_44_38_10.emevd.dcx.js:90005300 set by m60_44_38_10.emevd.dcx.js	questline_conditions					extractor-cone-root	questline_conditions:540142:m60_44_38_10.emevd.dcx.js:90005300:0	single	map_access			Limgrave	unknown	7770728	Limgrave :: Somber Smithing Stone [1] - around Artist's Shack, may be sweep-granted by Night's Cavalry (m60_43_37) [f540142]
map:m60_41	540144	set	cone root MAP_ACCESS(m60_41) at m60_41_35_00.emevd.dcx.js:90005300 set by m60_41_35_00.emevd.dcx.js	questline_conditions					extractor-cone-root	questline_conditions:540144:m60_41_35_00.emevd.dcx.js:90005300:0	single	map_access			Limgrave	unknown	7770729	Limgrave :: Somber Smithing Stone [1] - around Church of Dragon Communion, may be sweep-granted by Tree Sentinel (m60_42_36) [f540144]
map:m60_42	540146	set	cone root MAP_ACCESS(m60_42) at m60_42_39_00.emevd.dcx.js:90005300 set by m60_42_39_00.emevd.dcx.js	questline_conditions					extractor-cone-root	questline_conditions:540146:m60_42_39_00.emevd.dcx.js:90005300:0	single	map_access			Limgrave	unknown	7770730	Limgrave :: Somber Smithing Stone [1] - m60_42_39 (region unconfirmed), may be sweep-granted by Deathbird (m60_42_38) [f540146]
map:m10_00	540170	set	cone root MAP_ACCESS(m10_00) at m10_00_00_00.emevd.dcx.js:90005300 set by m10_00_00_00.emevd.dcx.js	questline_conditions					extractor-cone-root	questline_conditions:540170:m10_00_00_00.emevd.dcx.js:90005300:0	single	map_access			Stormveil	unknown	7770731	Stormveil :: Ash of War: Storm Assault - around Castleward Tunnel, may be sweep-granted by Godrick the Grafted (m10_00) [f540170]
map:m10_00	540172	set	cone root MAP_ACCESS(m10_00) at m10_00_00_00.emevd.dcx.js:90005300 set by m10_00_00_00.emevd.dcx.js	questline_conditions					extractor-cone-root	questline_conditions:540172:m10_00_00_00.emevd.dcx.js:90005300:0	single	map_access			Stormveil	unknown	7770732	Stormveil :: Ash of War: Stormcaller - around Castleward Tunnel, may be sweep-granted by Margit, the Fell Omen (m10_00) [f540172]
map:m10_00	540174	set	cone root MAP_ACCESS(m10_00) at m10_00_00_00.emevd.dcx.js:90005300 set by m10_00_00_00.emevd.dcx.js	questline_conditions					extractor-cone-root	questline_conditions:540174:m10_00_00_00.emevd.dcx.js:90005300:0	single	map_access			Stormveil	unknown	7770733	Stormveil :: [Sorcery] Rancorcall - around Castleward Tunnel, may be sweep-granted by Godrick the Grafted (m10_00) [f540174]
map:m60_34	540200	set	cone root MAP_ACCESS(m60_34) at m60_34_50_00.emevd.dcx.js:90005300 set by m60_34_50_00.emevd.dcx.js	questline_conditions					extractor-cone-root	questline_conditions:540200:m60_34_50_00.emevd.dcx.js:90005300:0	single	map_access			Liurnia	unknown	7770734	Liurnia :: Ash of War: Chilling Mist - around Ranni's Rise, may be sweep-granted by Glintstone Dragon Adula (m60_34_50) [f540200]
map:m60_36	540202	set	cone root MAP_ACCESS(m60_36) at m60_36_44_00.emevd.dcx.js:90005300 set by m60_36_44_00.emevd.dcx.js	questline_conditions					extractor-cone-root	questline_conditions:540202:m60_36_44_00.emevd.dcx.js:90005300:0	single	map_access			Liurnia	unknown	7770735	Liurnia :: Ash of War: Charge Forth - m60_36_44 (region unconfirmed), may be sweep-granted by Death Rite Bird (m60_36_45) [f540202]
map:m60_36	540204	set	cone root MAP_ACCESS(m60_36) at m60_36_49_00.emevd.dcx.js:90005300 set by m60_36_49_00.emevd.dcx.js	questline_conditions					extractor-cone-root	questline_conditions:540204:m60_36_49_00.emevd.dcx.js:90005300:0	single	map_access			Liurnia	unknown	7770736	Liurnia :: Ash of War: Hoarfrost Stomp - around Bellum Church, may be sweep-granted by Night's Cavalry (m60_36_48) [f540204]
map:m60_39	540206	set	cone root MAP_ACCESS(m60_39) at m60_39_39_00.emevd.dcx.js:90005300 set by m60_39_39_00.emevd.dcx.js	questline_conditions					extractor-cone-root	questline_conditions:540206:m60_39_39_00.emevd.dcx.js:90005300:0	single	map_access			Liurnia	unknown	7770737	Liurnia :: Ash of War: Thops's Barrier - m60_39_39 (region unconfirmed), may be sweep-granted by Adan, Thief of Fire (m60_38_41) [f540206]
map:m60_35	540208	set	cone root MAP_ACCESS(m60_35) at m60_35_42_00.emevd.dcx.js:90005300 set by m60_35_42_00.emevd.dcx.js	questline_conditions					extractor-cone-root	questline_conditions:540208:m60_35_42_00.emevd.dcx.js:90005300:0	single	map_access			Liurnia	unknown	7770738	Liurnia :: Ash of War: Vow of the Indomitable - around Cathedral of Manus Celes, may be sweep-granted by Omenkiller (m60_35_42) [f540208]
map:m60_35	540210	set	cone root MAP_ACCESS(m60_35) at m60_35_47_00.emevd.dcx.js:90005300 set by m60_35_47_00.emevd.dcx.js	questline_conditions					extractor-cone-root	questline_conditions:540210:m60_35_47_00.emevd.dcx.js:90005300:0	single	map_access			Liurnia	unknown	7770739	Liurnia :: Ash of War: Shield Bash - around East Gate Bridge Trestle, may be sweep-granted by Night's Cavalry (m60_36_48) [f540210]
map:m60_34	540218	set	cone root MAP_ACCESS(m60_34) at m60_34_44_00.emevd.dcx.js:90005300 set by m60_34_44_00.emevd.dcx.js	questline_conditions					extractor-cone-root	questline_conditions:540218:m60_34_44_00.emevd.dcx.js:90005300:0	single	map_access			Liurnia	unknown	7770740	Liurnia :: [Incantation] Bloodflame Blade - around Temple Quarter, may be sweep-granted by Glintstone Dragon Smarag (m60_34_45) [f540218]
map:m60_35	540220	set	cone root MAP_ACCESS(m60_35) at m60_35_50_00.emevd.dcx.js:90005300 set by m60_35_50_00.emevd.dcx.js	questline_conditions					extractor-cone-root	questline_conditions:540220:m60_35_50_00.emevd.dcx.js:90005300:0	single	map_access			Liurnia	unknown	7770741	Liurnia :: [Sorcery] Carian Piercer - around Main Caria Manor Gate, may be sweep-granted by Royal Knight Loretta (m60_35_50) [f540220]
map:m60_37	540224	set	cone root MAP_ACCESS(m60_37) at m60_37_51_00.emevd.dcx.js:90005300 set by m60_37_51_00.emevd.dcx.js	questline_conditions					extractor-cone-root	questline_conditions:540224:m60_37_51_00.emevd.dcx.js:90005300:0	single	map_access			Altus	unknown	7770742	Altus :: Ash of War: Barbaric Roar - around Abandoned Coffin, may be sweep-granted by Ancient Dragon Lansseax (m60_37_51) [f540224]
map:m60_37	540236	set	cone root MAP_ACCESS(m60_37) at m60_37_48_00.emevd.dcx.js:90005300 set by m60_37_48_00.emevd.dcx.js	questline_conditions					extractor-cone-root	questline_conditions:540236:m60_37_48_00.emevd.dcx.js:90005300:0	single	map_access			Liurnia	unknown	7770743	Liurnia :: [Incantation] Frenzied Burst - around Mausoleum Compound, may be sweep-granted by Erdtree Avatar (m60_38_48) [f540236]
map:m60_33	540238	set	cone root MAP_ACCESS(m60_33) at m60_33_43_00.emevd.dcx.js:90005300 set by m60_33_43_00.emevd.dcx.js	questline_conditions					extractor-cone-root	questline_conditions:540238:m60_33_43_00.emevd.dcx.js:90005300:0	single	map_access			Liurnia	unknown	7770744	Liurnia :: Ash of War: Sword Dance - m60_33_43 (region unconfirmed), may be sweep-granted by Erdtree Avatar (m60_33_43) [f540238]
map:m60_35	540250	set	cone root MAP_ACCESS(m60_35) at m60_35_50_00.emevd.dcx.js:90005300 set by m60_35_50_00.emevd.dcx.js	questline_conditions					extractor-cone-root	questline_conditions:540250:m60_35_50_00.emevd.dcx.js:90005300:0	single	map_access			Liurnia	unknown	7770745	Liurnia :: [Sorcery] Frozen Armament - around Main Caria Manor Gate, may be sweep-granted by Royal Knight Loretta (m60_35_50) [f540250]
map:m60_39	540252	set	cone root MAP_ACCESS(m60_39) at m60_39_43_00.emevd.dcx.js:90005300 set by m60_39_43_00.emevd.dcx.js	questline_conditions					extractor-cone-root	questline_conditions:540252:m60_39_43_00.emevd.dcx.js:90005300:0	single	map_access			Liurnia	unknown	7770746	Liurnia :: Somber Smithing Stone [2] - m60_39_43 (region unconfirmed), may be sweep-granted by Night's Cavalry (m60_39_43) [f540252]
map:m60_37	540254	set	cone root MAP_ACCESS(m60_37) at m60_37_48_00.emevd.dcx.js:90005300 set by m60_37_48_00.emevd.dcx.js	questline_conditions					extractor-cone-root	questline_conditions:540254:m60_37_48_00.emevd.dcx.js:90005300:0	single	map_access			Liurnia	unknown	7770747	Liurnia :: Somber Smithing Stone [2] - around Mausoleum Compound, may be sweep-granted by Erdtree Avatar (m60_38_48) [f540254]
map:m60_38	540256	set	cone root MAP_ACCESS(m60_38) at m60_38_50_00.emevd.dcx.js:90005300 set by m60_38_50_00.emevd.dcx.js	questline_conditions					extractor-cone-root	questline_conditions:540256:m60_38_50_00.emevd.dcx.js:90005300:0	single	map_access			Liurnia	unknown	7770748	Liurnia :: Somber Smithing Stone [3] - around Grand Lift of Dectus, may be sweep-granted by Onyx Lord (m60_36_50) [f540256]
map:m60_39	540258	set	cone root MAP_ACCESS(m60_39) at m60_39_45_00.emevd.dcx.js:90005300 set by m60_39_45_00.emevd.dcx.js	questline_conditions					extractor-cone-root	questline_conditions:540258:m60_39_45_00.emevd.dcx.js:90005300:0	single	map_access			Liurnia	unknown	7770749	Liurnia :: Somber Smithing Stone [3] - m60_39_45 (region unconfirmed), may be sweep-granted by Tibia Mariner (m60_39_44) [f540258]
map:m60_34	540260	set	cone root MAP_ACCESS(m60_34) at m60_34_43_00.emevd.dcx.js:90005300 set by m60_34_43_00.emevd.dcx.js	questline_conditions					extractor-cone-root	questline_conditions:540260:m60_34_43_00.emevd.dcx.js:90005300:0	single	map_access			Liurnia	unknown	7770750	Liurnia :: Somber Smithing Stone [2] - around Converted Tower, may be sweep-granted by Glintstone Dragon Adula (m60_34_42) [f540260]
map:m60_37	540262	set	cone root MAP_ACCESS(m60_37) at m60_37_44_00.emevd.dcx.js:90005300 set by m60_37_44_00.emevd.dcx.js	questline_conditions					extractor-cone-root	questline_conditions:540262:m60_37_44_00.emevd.dcx.js:90005300:0	single	map_access			Liurnia	unknown	7770751	Liurnia :: Somber Smithing Stone [2] - around Academy Gate Town, may be sweep-granted by Death Rite Bird (m60_36_45) [f540262]
map:m60_33	540264	set	cone root MAP_ACCESS(m60_33) at m60_33_45_00.emevd.dcx.js:90005300 set by m60_33_45_00.emevd.dcx.js	questline_conditions					extractor-cone-root	questline_conditions:540264:m60_33_45_00.emevd.dcx.js:90005300:0	single	map_access			Liurnia	unknown	7770752	Liurnia :: Somber Smithing Stone [2] - m60_33_45 (region unconfirmed), may be sweep-granted by Bols, Carian Knight (m60_33_45) [f540264]
map:m14_00	540272	set	cone root MAP_ACCESS(m14_00) at m14_00_00_00.emevd.dcx.js:90005300 set by m14_00_00_00.emevd.dcx.js	questline_conditions					extractor-cone-root	questline_conditions:540272:m14_00_00_00.emevd.dcx.js:90005300:0	single	map_access	Raya Lucaria Academy	map_id	Raya Lucaria Academy	no	7770753	Raya Lucaria Academy :: Ash of War: Spectral Lance - around Church of the Cuckoo, may be sweep-granted by Red Wolf of Radagon (m14_00) [f540272]
map:m39_20	540290	set	cone root MAP_ACCESS(m39_20) at m39_20_00_00.emevd.dcx.js:90005300 set by m39_20_00_00.emevd.dcx.js	questline_conditions					extractor-cone-root	questline_conditions:540290:m39_20_00_00.emevd.dcx.js:90005300:50	single	map_access	Liurnia	map_id	Liurnia	no	7770754	Liurnia :: Somber Smithing Stone [4] - around Ruin-Strewn Precipice, may be sweep-granted by Magma Wyrm Makar (m39_20) [f540290]
map:m60_37	540300	set	cone root MAP_ACCESS(m60_37) at m60_37_51_00.emevd.dcx.js:90005300 set by m60_37_51_00.emevd.dcx.js	questline_conditions					extractor-cone-root	questline_conditions:540300:m60_37_51_00.emevd.dcx.js:90005300:0	single	map_access			Altus	unknown	7770755	Altus :: Ash of War: Sacred Order - around Abandoned Coffin, may be sweep-granted by Ancient Dragon Lansseax (m60_37_51) [f540300]
map:m60_38	540302	set	cone root MAP_ACCESS(m60_38) at m60_38_51_00.emevd.dcx.js:90005300 set by m60_38_51_00.emevd.dcx.js	questline_conditions					extractor-cone-root	questline_conditions:540302:m60_38_51_00.emevd.dcx.js:90005300:0	single	map_access			Altus	unknown	7770756	Altus :: Ash of War: Shield Crash - around Erdtree-Gazing Hill, may be sweep-granted by Demi-Human Queen Gilika (m60_38_51) [f540302]
map:m60_39	540304	set	cone root MAP_ACCESS(m60_39) at m60_39_51_00.emevd.dcx.js:90005300 set by m60_39_51_00.emevd.dcx.js	questline_conditions					extractor-cone-root	questline_conditions:540304:m60_39_51_00.emevd.dcx.js:90005300:0	single	map_access			Altus	unknown	7770757	Altus :: Ash of War: Earthshaker - around Altus Highway Junction, may be sweep-granted by Night's Cavalry (m60_39_51) [f540304]
map:m60_39	540306	set	cone root MAP_ACCESS(m60_39) at m60_39_52_00.emevd.dcx.js:90005300 set by m60_39_52_00.emevd.dcx.js	questline_conditions					extractor-cone-root	questline_conditions:540306:m60_39_52_00.emevd.dcx.js:90005300:0	single	map_access			Altus	unknown	7770758	Altus :: Ash of War: Blood Blade - m60_39_52 (region unconfirmed), may be sweep-granted by Black Knife Assassin (m60_40_52) [f540306]
map:m60_41	540308	set	cone root MAP_ACCESS(m60_41) at m60_41_53_00.emevd.dcx.js:90005300 set by m60_41_53_00.emevd.dcx.js	questline_conditions					extractor-cone-root	questline_conditions:540308:m60_41_53_00.emevd.dcx.js:90005300:0	single	map_access			Altus	unknown	7770759	Altus :: Ash of War: Golden Slam - m60_41_53 (region unconfirmed), may be sweep-granted by Wormface (m60_41_53) [f540308]
map:m60_40	540310	set	cone root MAP_ACCESS(m60_40) at m60_40_51_00.emevd.dcx.js:90005300 set by m60_40_51_00.emevd.dcx.js	questline_conditions					extractor-cone-root	questline_conditions:540310:m60_40_51_00.emevd.dcx.js:90005300:0	single	map_access			Altus	unknown	7770760	Altus :: Ash of War: Lightning Ram - m60_40_51 (region unconfirmed), may be sweep-granted by Godefroy the Grafted (m60_39_50) [f540310]
map:m60_40	540312	set	cone root MAP_ACCESS(m60_40) at m60_40_54_00.emevd.dcx.js:90005300 set by m60_40_54_00.emevd.dcx.js	questline_conditions					extractor-cone-root	questline_conditions:540312:m60_40_54_00.emevd.dcx.js:90005300:0	single	map_access			Altus	unknown	7770761	Altus :: [Incantation] Protection of the Erdtree - around Road of Iniquity Side Path, may be sweep-granted by Wormface (m60_41_53) [f540312]
map:m60_43	540314	set	cone root MAP_ACCESS(m60_43) at m60_43_51_00.emevd.dcx.js:90005300 set by m60_43_51_00.emevd.dcx.js	questline_conditions					extractor-cone-root	questline_conditions:540314:m60_43_51_00.emevd.dcx.js:90005300:0	single	map_access			Altus	unknown	7770762	Altus :: Ash of War: Prayerful Strike - m60_43_51 (region unconfirmed), may be sweep-granted by Fallingstar Beast (m60_41_50) [f540314]
map:m60_43	540316	set	cone root MAP_ACCESS(m60_43) at m60_43_52_00.emevd.dcx.js:90005300 set by m60_43_52_00.emevd.dcx.js	questline_conditions					extractor-cone-root	questline_conditions:540316:m60_43_52_00.emevd.dcx.js:90005300:0	single	map_access			Altus	unknown	7770763	Altus :: Ash of War: Golden Parry - m60_43_52 (region unconfirmed), may be sweep-granted by Deathbird (m60_44_53) [f540316]
map:m60_43	540318	set	cone root MAP_ACCESS(m60_43) at m60_43_53_00.emevd.dcx.js:90005300 set by m60_43_53_00.emevd.dcx.js	questline_conditions					extractor-cone-root	questline_conditions:540318:m60_43_53_00.emevd.dcx.js:90005300:0	single	map_access			Altus	unknown	7770764	Altus :: Ash of War: Lightning Slash - around Hermit Merchant's Shack, may be sweep-granted by Bell Bearing Hunter (m60_43_53) [f540318]
map:m60_40	540320	set	cone root MAP_ACCESS(m60_40) at m60_40_53_00.emevd.dcx.js:90005300 set by m60_40_53_00.emevd.dcx.js	questline_conditions					extractor-cone-root	questline_conditions:540320:m60_40_53_00.emevd.dcx.js:90005300:0	single	map_access			Altus	unknown	7770765	Altus :: Somber Smithing Stone [5] - around Bower of Bounty, may be sweep-granted by Sanguine Noble (m60_40_53) [f540320]
map:m60_37	540332	set	cone root MAP_ACCESS(m60_37) at m60_37_53_00.emevd.dcx.js:90005300 set by m60_37_53_00.emevd.dcx.js	questline_conditions					extractor-cone-root	questline_conditions:540332:m60_37_53_00.emevd.dcx.js:90005300:0	single	map_access			Mt. Gelmir	unknown	7770766	Mt. Gelmir :: Ash of War: Barrage - around Primeval Sorcerer Azur, may be sweep-granted by Demi-Human Queen Maggie (m60_37_53) [f540332]
map:m60_36	540334	set	cone root MAP_ACCESS(m60_36) at m60_36_54_00.emevd.dcx.js:90005300 set by m60_36_54_00.emevd.dcx.js	questline_conditions					extractor-cone-root	questline_conditions:540334:m60_36_54_00.emevd.dcx.js:90005300:0	single	map_access			Mt. Gelmir	unknown	7770767	Mt. Gelmir :: Ash of War: Through and Through - around Ninth Mt. Gelmir Campsite, may be sweep-granted by Full-Grown Fallingstar Beast (m60_36_54) [f540334]
map:m11_00	540370	set	cone root MAP_ACCESS(m11_00) at m11_00_00_00.emevd.dcx.js:90005300 set by m11_00_00_00.emevd.dcx.js	questline_conditions					extractor-cone-root	questline_conditions:540370:m11_00_00_00.emevd.dcx.js:90005300:0	single	map_access	Leyndell	map_id	Leyndell	no	7770768	Leyndell :: [Incantation] Barrier of Gold - around East Capital Rampart, may be sweep-granted by Godfrey, First Elden Lord (m11_00) [f540370]
map:m11_00	540372	set	cone root MAP_ACCESS(m11_00) at m11_00_00_00.emevd.dcx.js:90005300 set by m11_00_00_00.emevd.dcx.js	questline_conditions					extractor-cone-root	questline_conditions:540372:m11_00_00_00.emevd.dcx.js:90005300:0	single	map_access	Leyndell	map_id	Leyndell	no	7770769	Leyndell :: Ash of War: Thunderbolt - around East Capital Rampart, may be sweep-granted by Morgott, the Omen King (m11_00) [f540372]
map:m60_47	540400	set	cone root MAP_ACCESS(m60_47) at m60_47_40_00.emevd.dcx.js:90005300 set by m60_47_40_00.emevd.dcx.js	questline_conditions					extractor-cone-root	questline_conditions:540400:m60_47_40_00.emevd.dcx.js:90005300:0	single	map_access			Caelid	unknown	7770770	Caelid :: [Incantation] Whirl, O Flame! - around Caelem Ruins, may be sweep-granted by Putrid Avatar (m60_47_40) [f540400]
map:m60_48	540402	set	cone root MAP_ACCESS(m60_48) at m60_48_38_00.emevd.dcx.js:90005300 set by m60_48_38_00.emevd.dcx.js	questline_conditions					extractor-cone-root	questline_conditions:540402:m60_48_38_00.emevd.dcx.js:90005300:0	single	map_access			Caelid	unknown	7770771	Caelid :: Ash of War: Lifesteal Fist - around Aeonia Swamp Shore, may be sweep-granted by Commander O'Neil (m60_49_38) [f540402]
map:m60_49	540404	set	cone root MAP_ACCESS(m60_49) at m60_49_38_00.emevd.dcx.js:90005300 set by m60_49_38_00.emevd.dcx.js	questline_conditions					extractor-cone-root	questline_conditions:540404:m60_49_38_00.emevd.dcx.js:90005300:0	single	map_access			Caelid	unknown	7773882	Caelid :: Ash of War: Sacred Ring of Light - around Heart of Aeonia, may be sweep-granted by Commander O'Neil (m60_49_38) [f540404]
map:m60_48	540406	set	cone root MAP_ACCESS(m60_48) at m60_48_37_00.emevd.dcx.js:90005300 set by m60_48_37_00.emevd.dcx.js	questline_conditions					extractor-cone-root	questline_conditions:540406:m60_48_37_00.emevd.dcx.js:90005300:0	single	map_access			Caelid	unknown	7770772	Caelid :: Ash of War: Poisonous Mist - around Caelid Highway South, may be sweep-granted by Decaying Ekzykes (m60_48_37) [f540406]
map:m60_51	540408	set	cone root MAP_ACCESS(m60_51) at m60_51_35_00.emevd.dcx.js:90005300 set by m60_51_35_00.emevd.dcx.js	questline_conditions					extractor-cone-root	questline_conditions:540408:m60_51_35_00.emevd.dcx.js:90005300:0	single	map_access			Caelid	unknown	7773883	Caelid :: Ash of War: Flaming Strike - m60_51_35 (region unconfirmed), may be sweep-granted by Crucible Knight (m60_51_36) [f540408]
map:m60_47	540410	set	cone root MAP_ACCESS(m60_47) at m60_47_39_00.emevd.dcx.js:90005300 set by m60_47_39_00.emevd.dcx.js	questline_conditions					extractor-cone-root	questline_conditions:540410:m60_47_39_00.emevd.dcx.js:90005300:0	single	map_access			Caelid	unknown	7770773	Caelid :: Ash of War: Flame of the Redmanes - around Fort Gael North, may be sweep-granted by Mad Pumpkin Head (Hammer) (m60_48_40) [f540410]
map:m60_47	540410	set	cone root MAP_ACCESS(m60_47) at m60_47_39_10.emevd.dcx.js:90005300 set by m60_47_39_10.emevd.dcx.js	questline_conditions					extractor-cone-root	questline_conditions:540410:m60_47_39_10.emevd.dcx.js:90005300:0	single	map_access			Caelid	unknown	7770773	Caelid :: Ash of War: Flame of the Redmanes - around Fort Gael North, may be sweep-granted by Mad Pumpkin Head (Hammer) (m60_48_40) [f540410]
map:m60_48	540412	set	cone root MAP_ACCESS(m60_48) at m60_48_41_00.emevd.dcx.js:90005300 set by m60_48_41_00.emevd.dcx.js	questline_conditions					extractor-cone-root	questline_conditions:540412:m60_48_41_00.emevd.dcx.js:90005300:0	single	map_access			Caelid	unknown	7770774	Caelid :: Ash of War: Sky Shot - around Isolated Merchant's Shack, may be sweep-granted by Bell Bearing Hunter (m60_48_41) [f540412]
map:m60_49	540414	set	cone root MAP_ACCESS(m60_49) at m60_49_36_00.emevd.dcx.js:90005300 set by m60_49_36_00.emevd.dcx.js	questline_conditions					extractor-cone-root	questline_conditions:540414:m60_49_36_00.emevd.dcx.js:90005300:0	single	map_access			Caelid	unknown	7773884	Caelid :: Ash of War: Cragblade - m60_49_36 (region unconfirmed), may be sweep-granted by Death Rite Bird (m60_49_37) [f540414]
map:m60_49	540416	set	cone root MAP_ACCESS(m60_49) at m60_49_39_00.emevd.dcx.js:90005300 set by m60_49_39_00.emevd.dcx.js	questline_conditions					extractor-cone-root	questline_conditions:540416:m60_49_39_00.emevd.dcx.js:90005300:0	single	map_access			Caelid	unknown	7773885	Caelid :: [Incantation] Poison Armament - around Sellia Backstreets, may be sweep-granted by Battlemage Hugues (m60_49_39) [f540416]
map:m60_49	540418	set	cone root MAP_ACCESS(m60_49) at m60_49_39_00.emevd.dcx.js:90005300 set by m60_49_39_00.emevd.dcx.js	questline_conditions					extractor-cone-root	questline_conditions:540418:m60_49_39_00.emevd.dcx.js:90005300:0	single	map_access			Caelid	unknown	7773886	Caelid :: Ash of War: Double Slash - around Sellia Backstreets, may be sweep-granted by Nox Monk (m60_49_39) [f540418]
map:m60_51	540420	set	cone root MAP_ACCESS(m60_51) at m60_51_41_00.emevd.dcx.js:90005300 set by m60_51_41_00.emevd.dcx.js	questline_conditions					extractor-cone-root	questline_conditions:540420:m60_51_41_00.emevd.dcx.js:90005300:0	single	map_access			Caelid	unknown	7773887	Caelid :: [Incantation] Bestial Constitution - m60_51_41 (region unconfirmed), may be sweep-granted by Night's Cavalry (m60_52_41) [f540420]
map:m60_47	540422	set	cone root MAP_ACCESS(m60_47) at m60_47_39_00.emevd.dcx.js:90005300 set by m60_47_39_00.emevd.dcx.js	questline_conditions					extractor-cone-root	questline_conditions:540422:m60_47_39_00.emevd.dcx.js:90005300:0	single	map_access			Caelid	unknown	7770775	Caelid :: Somber Smithing Stone [4] - around Fort Gael North, may be sweep-granted by Mad Pumpkin Head (Hammer) (m60_48_40) [f540422]
map:m60_47	540422	set	cone root MAP_ACCESS(m60_47) at m60_47_39_10.emevd.dcx.js:90005300 set by m60_47_39_10.emevd.dcx.js	questline_conditions					extractor-cone-root	questline_conditions:540422:m60_47_39_10.emevd.dcx.js:90005300:0	single	map_access			Caelid	unknown	7770775	Caelid :: Somber Smithing Stone [4] - around Fort Gael North, may be sweep-granted by Mad Pumpkin Head (Hammer) (m60_48_40) [f540422]
map:m60_49	540426	set	cone root MAP_ACCESS(m60_49) at m60_49_41_00.emevd.dcx.js:90005300 set by m60_49_41_00.emevd.dcx.js	questline_conditions					extractor-cone-root	questline_conditions:540426:m60_49_41_00.emevd.dcx.js:90005300:0	single	map_access			Caelid	unknown	7773888	Caelid :: Somber Smithing Stone [8] - m60_49_41 (region unconfirmed), may be sweep-granted by Mad Pumpkin Head (Hammer) (m60_48_40) [f540426]
map:m60_53	540510	set	cone root MAP_ACCESS(m60_53) at m60_53_57_00.emevd.dcx.js:90005300 set by m60_53_57_00.emevd.dcx.js	questline_conditions					extractor-cone-root	questline_conditions:540510:m60_53_57_00.emevd.dcx.js:90005300:0	single	map_access			Mountaintops of the Giants	unknown	7773891	Mountaintops of the Giants :: Ash of War: Seppuku - m60_53_57 (region unconfirmed), may be sweep-granted by Borealis the Freezing Fog (m60_54_56) [f540510]
map:m60_51	540512	set	cone root MAP_ACCESS(m60_51) at m60_51_54_00.emevd.dcx.js:90005300 set by m60_51_54_00.emevd.dcx.js	questline_conditions					extractor-cone-root	questline_conditions:540512:m60_51_54_00.emevd.dcx.js:90005300:0	single	map_access			Mountaintops of the Giants	unknown	7773892	Mountaintops of the Giants :: Ash of War: Troll's Roar - m60_51_54 (region unconfirmed), may be sweep-granted by Roundtable Knight Vyke (m60_53_56) [f540512]
map:m60_52	540516	set	cone root MAP_ACCESS(m60_52) at m60_52_55_00.emevd.dcx.js:90005300 set by m60_52_55_00.emevd.dcx.js	questline_conditions					extractor-cone-root	questline_conditions:540516:m60_52_55_00.emevd.dcx.js:90005300:0	single	map_access			Mountaintops of the Giants	unknown	7773893	Mountaintops of the Giants :: Ash of War: Prelate's Charge - m60_52_55 (region unconfirmed), may be sweep-granted by Roundtable Knight Vyke (m60_53_56) [f540516]
map:m60_48	540524	set	cone root MAP_ACCESS(m60_48) at m60_48_56_00.emevd.dcx.js:90005300 set by m60_48_56_00.emevd.dcx.js	questline_conditions					extractor-cone-root	questline_conditions:540524:m60_48_56_00.emevd.dcx.js:90005300:100	single	map_access			Consecrated Snowfield	unknown	7773894	Consecrated Snowfield :: Ash of War: White Shadow's Lure - m60_48_56 (region unconfirmed), may be sweep-granted by Death Rite Bird (m60_48_57) [f540524]
map:m16_00	540590	set	cone root MAP_ACCESS(m16_00) at m16_00_00_00.emevd.dcx.js:90005300 set by m16_00_00_00.emevd.dcx.js	questline_conditions					extractor-cone-root	questline_conditions:540590:m16_00_00_00.emevd.dcx.js:90005300:50	single	map_access	Mt. Gelmir	map_id	Mt. Gelmir	no	7770776	Mt. Gelmir :: Somber Smithing Stone [5] - around Volcano Manor (1), may be sweep-granted by Rykard, Lord of Blasphemy (m16_00) [f540590]
map:m16_00	540592	set	cone root MAP_ACCESS(m16_00) at m16_00_00_00.emevd.dcx.js:90005300 set by m16_00_00_00.emevd.dcx.js	questline_conditions					extractor-cone-root	questline_conditions:540592:m16_00_00_00.emevd.dcx.js:90005300:50	single	map_access	Mt. Gelmir	map_id	Mt. Gelmir	no	7770777	Mt. Gelmir :: Somber Smithing Stone [5] - around Volcano Manor (2), may be sweep-granted by Godskin Noble (m16_00) [f540592]
map:m12_01	540600	set	cone root MAP_ACCESS(m12_01) at m12_01_00_00.emevd.dcx.js:90005300 set by m12_01_00_00.emevd.dcx.js	questline_conditions					extractor-cone-root	questline_conditions:540600:m12_01_00_00.emevd.dcx.js:90005300:0	single	map_access	Ainsel River	map_id	Ainsel River	no	7770778	Ainsel River :: Somber Smithing Stone [6] - around Dragonkin Soldier of Nokstella (1), may be sweep-granted by Astel, Naturalborn of the Void (m12_04) [f540600]
map:m12_01	540602	set	cone root MAP_ACCESS(m12_01) at m12_01_00_00.emevd.dcx.js:90005300 set by m12_01_00_00.emevd.dcx.js	questline_conditions					extractor-cone-root	questline_conditions:540602:m12_01_00_00.emevd.dcx.js:90005300:0	single	map_access	Ainsel River	map_id	Ainsel River	no	7770779	Ainsel River :: Somber Smithing Stone [6] - around Dragonkin Soldier of Nokstella (2), may be sweep-granted by Dragonkin Soldier (m12_01) [f540602]
map:m12_02	540610	set	cone root MAP_ACCESS(m12_02) at m12_02_00_00.emevd.dcx.js:90005300 set by m12_02_00_00.emevd.dcx.js	questline_conditions					extractor-cone-root	questline_conditions:540610:m12_02_00_00.emevd.dcx.js:90005300:0	single	map_access	Siofra River	map_id	Siofra River	no	7770780	Siofra River :: [Sorcery] Great Oracular Bubble - around Siofra River Bank, may be sweep-granted by Valiant Gargoyle (m12_02) [f540610]
map:m12_02	540630	set	cone root MAP_ACCESS(m12_02) at m12_02_00_00.emevd.dcx.js:90005300 set by m12_02_00_00.emevd.dcx.js	questline_conditions					extractor-cone-root	questline_conditions:540630:m12_02_00_00.emevd.dcx.js:90005300:0	single	map_access	Siofra River	map_id	Siofra River	no	7770781	Siofra River :: Ash of War: Square Off - around Siofra River Bank, may be sweep-granted by Dragonkin Soldier (m12_02) [f540630]
map:m12_02	540642	set	cone root MAP_ACCESS(m12_02) at m12_02_00_00.emevd.dcx.js:90005300 set by m12_02_00_00.emevd.dcx.js	questline_conditions					extractor-cone-root	questline_conditions:540642:m12_02_00_00.emevd.dcx.js:90005300:0	single	map_access	Siofra River	map_id	Siofra River	no	7770782	Siofra River :: Somber Smithing Stone [5] - around Siofra River Bank, may be sweep-granted by Mimic Tear (m12_02) [f540642]
map:m12_02	540646	set	cone root MAP_ACCESS(m12_02) at m12_02_00_00.emevd.dcx.js:90005300 set by m12_02_00_00.emevd.dcx.js	questline_conditions					extractor-cone-root	questline_conditions:540646:m12_02_00_00.emevd.dcx.js:90005300:0	single	map_access	Siofra River	map_id	Siofra River	no	7770783	Siofra River :: Ash of War: Enchanted Shot - around Siofra River Bank, may be sweep-granted by Valiant Gargoyle (m12_02) [f540646]
map:m12_02	540648	set	cone root MAP_ACCESS(m12_02) at m12_02_00_00.emevd.dcx.js:90005300 set by m12_02_00_00.emevd.dcx.js	questline_conditions					extractor-cone-root	questline_conditions:540648:m12_02_00_00.emevd.dcx.js:90005300:0	single	map_access	Siofra River	map_id	Siofra River	no	7770784	Siofra River :: [Incantation] Order Healing - around Siofra River Bank, may be sweep-granted by Dragonkin Soldier (m12_02) [f540648]
map:m12_07	540652	set	cone root MAP_ACCESS(m12_07) at m12_07_00_00.emevd.dcx.js:90005300 set by m12_07_00_00.emevd.dcx.js	questline_conditions					extractor-cone-root	questline_conditions:540652:m12_07_00_00.emevd.dcx.js:90005300:50	single	map_access	Siofra River	map_id	Siofra River	no	7770785	Siofra River :: [Sorcery] Oracle Bubbles - around Siofra River Well Depths, may be sweep-granted by Ancestor Spirit (m12_08) [f540652]
map:m12_03	540660	set	cone root MAP_ACCESS(m12_03) at m12_03_00_00.emevd.dcx.js:90005300 set by m12_03_00_00.emevd.dcx.js	questline_conditions					extractor-cone-root	questline_conditions:540660:m12_03_00_00.emevd.dcx.js:90005300:0	single	map_access	Deeproot Depths	map_id	Deeproot Depths	no	7770786	Deeproot Depths :: Ash of War: Golden Land - around Root-Facing Cliffs, may be sweep-granted by Crucible Knight Siluria (m12_03) [f540660]
map:m12_03	540668	set	cone root MAP_ACCESS(m12_03) at m12_03_00_00.emevd.dcx.js:90005300 set by m12_03_00_00.emevd.dcx.js	questline_conditions					extractor-cone-root	questline_conditions:540668:m12_03_00_00.emevd.dcx.js:90005300:0	single	map_access	Deeproot Depths	map_id	Deeproot Depths	no	7770787	Deeproot Depths :: Somber Smithing Stone [6] - around Root-Facing Cliffs (1), may be sweep-granted by Fia's Champion (m12_03) [f540668]
map:m12_03	540670	set	cone root MAP_ACCESS(m12_03) at m12_03_00_00.emevd.dcx.js:90005300 set by m12_03_00_00.emevd.dcx.js	questline_conditions					extractor-cone-root	questline_conditions:540670:m12_03_00_00.emevd.dcx.js:90005300:0	single	map_access	Deeproot Depths	map_id	Deeproot Depths	no	7770788	Deeproot Depths :: Somber Smithing Stone [6] - around Root-Facing Cliffs (2), may be sweep-granted by Lichdragon Fortissax (m12_03) [f540670]
map:m12_05	540680	set	cone root MAP_ACCESS(m12_05) at m12_05_00_00.emevd.dcx.js:90005300 set by m12_05_00_00.emevd.dcx.js	questline_conditions					extractor-cone-root	questline_conditions:540680:m12_05_00_00.emevd.dcx.js:90005300:0	single	map_access	Mohgwyn	map_id	Mohgwyn	no	7770789	Mohgwyn :: Golden Rune [1] - around Palace Approach Ledge-Road (1), may be sweep-granted by Mohg, Lord of Blood (m12_05) [f540680]
map:m12_05	540682	set	cone root MAP_ACCESS(m12_05) at m12_05_00_00.emevd.dcx.js:90005300 set by m12_05_00_00.emevd.dcx.js	questline_conditions					extractor-cone-root	questline_conditions:540682:m12_05_00_00.emevd.dcx.js:90005300:0	single	map_access	Mohgwyn	map_id	Mohgwyn	no	7770790	Mohgwyn :: Golden Rune [1] - around Palace Approach Ledge-Road (2), may be sweep-granted by Mohg, Lord of Blood (m12_05) [f540682]
map:m12_05	540684	set	cone root MAP_ACCESS(m12_05) at m12_05_00_00.emevd.dcx.js:90005300 set by m12_05_00_00.emevd.dcx.js	questline_conditions					extractor-cone-root	questline_conditions:540684:m12_05_00_00.emevd.dcx.js:90005300:0	single	map_access	Mohgwyn	map_id	Mohgwyn	no	7770791	Mohgwyn :: Golden Rune [1] - around Palace Approach Ledge-Road (3), may be sweep-granted by Mohg, Lord of Blood (m12_05) [f540684]
map:m12_05	540686	set	cone root MAP_ACCESS(m12_05) at m12_05_00_00.emevd.dcx.js:90005300 set by m12_05_00_00.emevd.dcx.js	questline_conditions					extractor-cone-root	questline_conditions:540686:m12_05_00_00.emevd.dcx.js:90005300:0	single	map_access	Mohgwyn	map_id	Mohgwyn	no	7770792	Mohgwyn :: Ash of War: Blood Tax - around Palace Approach Ledge-Road, may be sweep-granted by Mohg, Lord of Blood (m12_05) [f540686]
map:m13_00	540772	set	cone root MAP_ACCESS(m13_00) at m13_00_00_00.emevd.dcx.js:90005300 set by m13_00_00_00.emevd.dcx.js	questline_conditions					extractor-cone-root	questline_conditions:540772:m13_00_00_00.emevd.dcx.js:90005300:0	single	map_access	Farum Azula	map_id	Farum Azula	no	7770793	Farum Azula :: [Incantation] Golden Lightning Fortification - around Crumbling Beast Grave, may be sweep-granted by Dragonlord Placidusax (m13_00) [f540772]
map:m61_50	540900	set	cone root MAP_ACCESS(m61_50) at m61_50_45_00.emevd.dcx.js:90005300 set by m61_50_45_00.emevd.dcx.js	questline_conditions					extractor-cone-root	questline_conditions:540900:m61_50_45_00.emevd.dcx.js:90005300:0	single	map_access			Scadu Altus	unknown	7773900	Scadu Altus :: Ash of War: Carian Sovereignty - around Recluses' River Upstream, may be sweep-granted by Dryleaf Dane (m61_49_44) [f540900]
map:m61_48	540902	set	cone root MAP_ACCESS(m61_48) at m61_48_44_00.emevd.dcx.js:90005300 set by m61_48_44_00.emevd.dcx.js	questline_conditions					extractor-cone-root	questline_conditions:540902:m61_48_44_00.emevd.dcx.js:90005300:0	single	map_access			Ensis	unknown	7773901	Ensis :: Ash of War: Piercing Throw - around Castle-Lord's Chamber, may be sweep-granted by Rellana, Twin Moon Knight (m61_48_44) [f540902]
map:m61_48	540904	set	cone root MAP_ACCESS(m61_48) at m61_48_46_00.emevd.dcx.js:90005301 set by m61_48_46_00.emevd.dcx.js	questline_conditions					extractor-cone-root	questline_conditions:540904:m61_48_46_00.emevd.dcx.js:90005301:0	single	map_access			Scadu Altus	unknown	7773902	Scadu Altus :: Ash of War: Rolling Sparks - m61_48_46, may be sweep-granted by Black Knight Garrew (m61_47_45) [f540904]
map:m61_51	540906	set	cone root MAP_ACCESS(m61_51) at m61_51_45_00.emevd.dcx.js:90005300 set by m61_51_45_00.emevd.dcx.js	questline_conditions					extractor-cone-root	questline_conditions:540906:m61_51_45_00.emevd.dcx.js:90005300:0	single	map_access			Scadu Altus	unknown	7773903	Scadu Altus :: Ash of War: Raging Beast - around Cathedral of Manus Metyr, may be sweep-granted by Rakshasa (m61_51_44) [f540906]
map:m61_48	540910	set	cone root MAP_ACCESS(m61_48) at m61_48_47_00.emevd.dcx.js:90005301 set by m61_48_47_00.emevd.dcx.js	questline_conditions					extractor-cone-root	questline_conditions:540910:m61_48_47_00.emevd.dcx.js:90005301:0	single	map_access			Rauh Base	unknown	7773904	Rauh Base :: Ash of War: Scattershot Throw - around Ancient Ruins Base, may be sweep-granted by Red Bear (m61_46_45) [f540910]
map:m61_45	540916	set	cone root MAP_ACCESS(m61_45) at m61_45_47_00.emevd.dcx.js:90005301 set by m61_45_47_00.emevd.dcx.js	questline_conditions					extractor-cone-root	questline_conditions:540916:m61_45_47_00.emevd.dcx.js:90005301:0	single	map_access			Rauh Base	unknown	7773905	Rauh Base :: Ash of War: The Poison Flower Blooms Twice - around Ravine North, may be sweep-granted by Rugalea the Great Red Bear (m61_44_47) [f540916]
map:m61_45	540916	set	cone root MAP_ACCESS(m61_45) at m61_45_47_10.emevd.dcx.js:90005301 set by m61_45_47_10.emevd.dcx.js	questline_conditions					extractor-cone-root	questline_conditions:540916:m61_45_47_10.emevd.dcx.js:90005301:0	single	map_access			Rauh Base	unknown	7773905	Rauh Base :: Ash of War: The Poison Flower Blooms Twice - around Ravine North, may be sweep-granted by Rugalea the Great Red Bear (m61_44_47) [f540916]
map:m60_44	580000	set	cone root MAP_ACCESS(m60_44) at m60_44_38_00.emevd.dcx.js:90005632 set by m60_44_38_00.emevd.dcx.js	questline_conditions					extractor-cone-root	questline_conditions:580000:m60_44_38_00.emevd.dcx.js:90005632:0	single	map_access			Limgrave	unknown	7770795	Limgrave :: "Homing Instinct" Painting - around Murkwater Coast, may be sweep-granted by Night's Cavalry (m60_43_37) [f580000]
map:m60_44	580000	set	cone root MAP_ACCESS(m60_44) at m60_44_38_10.emevd.dcx.js:90005632 set by m60_44_38_10.emevd.dcx.js	questline_conditions					extractor-cone-root	questline_conditions:580000:m60_44_38_10.emevd.dcx.js:90005632:0	single	map_access			Limgrave	unknown	7770795	Limgrave :: "Homing Instinct" Painting - around Murkwater Coast, may be sweep-granted by Night's Cavalry (m60_43_37) [f580000]
map:m60_38	580010	set	cone root MAP_ACCESS(m60_38) at m60_38_45_00.emevd.dcx.js:90005632 set by m60_38_45_00.emevd.dcx.js	questline_conditions					extractor-cone-root	questline_conditions:580010:m60_38_45_00.emevd.dcx.js:90005632:0	single	map_access			Liurnia	unknown	7770796	Liurnia :: "Resurrection" Painting - around Artist's Shack, may be sweep-granted by Bell Bearing Hunter (m60_37_46) [f580010]
map:m60_39	580020	set	cone root MAP_ACCESS(m60_39) at m60_39_54_00.emevd.dcx.js:90005632 set by m60_39_54_00.emevd.dcx.js	questline_conditions					extractor-cone-root	questline_conditions:580020:m60_39_54_00.emevd.dcx.js:90005632:0	single	map_access			Altus	unknown	7770797	Altus :: "Champion's Song" Painting - near Castellan's Hall [f580020]
map:m60_51	580030	set	cone root MAP_ACCESS(m60_51) at m60_51_57_00.emevd.dcx.js:90005632 set by m60_51_57_00.emevd.dcx.js	questline_conditions					extractor-cone-root	questline_conditions:580030:m60_51_57_00.emevd.dcx.js:90005632:0	single	map_access			Mountaintops of the Giants	unknown	7773911	Mountaintops of the Giants :: "Sorcerer" Painting - around Snow Valley Ruins Overlook, may be sweep-granted by Commander Niall (m60_51_57) [f580030]
map:m10_00	580040	set	cone root MAP_ACCESS(m10_00) at m10_00_00_00.emevd.dcx.js:90005632 set by m10_00_00_00.emevd.dcx.js	questline_conditions					extractor-cone-root	questline_conditions:580040:m10_00_00_00.emevd.dcx.js:90005632:0	single	map_access			Stormveil	unknown	7770798	Stormveil :: "Prophecy" Painting - around Castleward Tunnel, may be sweep-granted by Margit, the Fell Omen (m10_00) [f580040]
map:m11_00	580050	set	cone root MAP_ACCESS(m11_00) at m11_00_00_00.emevd.dcx.js:90005632 set by m11_00_00_00.emevd.dcx.js	questline_conditions					extractor-cone-root	questline_conditions:580050:m11_00_00_00.emevd.dcx.js:90005632:0	single	map_access	Leyndell	map_id	Leyndell	no	7770799	Leyndell :: "Flightless Bird" Painting - around East Capital Rampart, may be sweep-granted by Godfrey, First Elden Lord (m11_00) [f580050]
map:m60_50	580060	set	cone root MAP_ACCESS(m60_50) at m60_50_39_00.emevd.dcx.js:90005632 set by m60_50_39_00.emevd.dcx.js	questline_conditions					extractor-cone-root	questline_conditions:580060:m60_50_39_00.emevd.dcx.js:90005632:0	single	map_access			Caelid	unknown	7773912	Caelid :: "Redmane" Painting - m60_50_39 (region unconfirmed), may be sweep-granted by Commander O'Neil (m60_49_38) [f580060]
map:m61_46	580100	set	cone root MAP_ACCESS(m61_46) at m61_46_40_00.emevd.dcx.js:2046402550 set by m61_46_40_00.emevd.dcx.js	questline_conditions					extractor-cone-root	questline_conditions:580100:m61_46_40_00.emevd.dcx.js:2046402550:0	single	map_access			Belurat	unknown	7773913	Belurat :: "Incursion" Painting [f580100]
map:m61_47	580110	set	cone root MAP_ACCESS(m61_47) at m61_47_42_00.emevd.dcx.js:2047422550 set by m61_47_42_00.emevd.dcx.js	questline_conditions					extractor-cone-root	questline_conditions:580110:m61_47_42_00.emevd.dcx.js:2047422550:0	single	map_access			Gravesite	unknown	7773914	Gravesite :: "The Sacred Tower" Painting - m61_47_42 [f580110]
map:m21_00	580120	set	cone root MAP_ACCESS(m21_00) at m21_00_00_00.emevd.dcx.js:21002600 set by m21_00_00_00.emevd.dcx.js	questline_conditions					extractor-cone-root	questline_conditions:580120:m21_00_00_00.emevd.dcx.js:21002600:0	single	map_access	Shadow Keep	map_id	Scadu Altus	yes	7770800	Scadu Altus :: "Domain of Dragons" Painting - around Shadow Keep Main Gate, may be sweep-granted by Golden Hippopotamus (m21_00) [f580120]
9146	580600	set	EndIf(!PlayerIsInOwnWorld()); ;; EndIf(EventFlag(580600)); ;; WaitFor(EventFlag(580600) || EventFlag(9146)); ;; EndIf(EventFlag(580600)); ;; > WaitFor(EventFlag(580600));	treasure_enablers					enabler-alternation-with-the-checks-own-flag	treasure_enablers:580600:900005580	unknown	world	Shadow Keep	setter_map	Belurat	yes	7770810	Belurat :: Message from Leda - near Scaduview Cross, may be sweep-granted by Divine Beast Dancing Lion (m20_00) [f580600]
map:m10_00	10007085	set	cone root MAP_ACCESS(m10_00) at m10_00_00_00.emevd.dcx.js:90005300 set by m10_00_00_00.emevd.dcx.js	questline_conditions					extractor-cone-root	questline_conditions:10007085:m10_00_00_00.emevd.dcx.js:90005300:0	single	map_access			Stormveil	unknown	7770820	Stormveil :: Somber Smithing Stone [1] - around Castleward Tunnel, may be sweep-granted by Margit, the Fell Omen (m10_00) [f10007085]
map:m10_00	10007195	set	cone root MAP_ACCESS(m10_00) at m10_00_00_00.emevd.dcx.js:90005300 set by m10_00_00_00.emevd.dcx.js	questline_conditions					extractor-cone-root	questline_conditions:10007195:m10_00_00_00.emevd.dcx.js:90005300:0	single	map_access			Stormveil	unknown	7770832	Stormveil :: Golden Seed - Ulcerated Tree spirit, lower level of Stormveil, may be sweep-granted by Margit, the Fell Omen (m10_00) [f10007195]
map:m10_00	10007295	set	cone root MAP_ACCESS(m10_00) at m10_00_00_00.emevd.dcx.js:90005300 set by m10_00_00_00.emevd.dcx.js	questline_conditions					extractor-cone-root	questline_conditions:10007295:m10_00_00_00.emevd.dcx.js:90005300:0	single	map_access			Stormveil	unknown	7770843	Stormveil :: [Incantation] Aspects of the Crucible: Horns - around Castleward Tunnel, may be sweep-granted by Godrick the Grafted (m10_00) [f10007295]
map:m11_00	11007185	set	cone root MAP_ACCESS(m11_00) at m11_00_00_00.emevd.dcx.js:90005300 set by m11_00_00_00.emevd.dcx.js	questline_conditions					extractor-cone-root	questline_conditions:11007185:m11_00_00_00.emevd.dcx.js:90005300:0	single	map_access	Leyndell	map_id	Leyndell	no	7770948	Leyndell :: Somber Smithing Stone [6] - around East Capital Rampart (1), may be sweep-granted by Godfrey, First Elden Lord (m11_00) [f11007185]
map:m11_00	11007195	set	cone root MAP_ACCESS(m11_00) at m11_00_00_00.emevd.dcx.js:90005300 set by m11_00_00_00.emevd.dcx.js	questline_conditions					extractor-cone-root	questline_conditions:11007195:m11_00_00_00.emevd.dcx.js:90005300:0	single	map_access	Leyndell	map_id	Leyndell	no	7770950	Leyndell :: Somber Smithing Stone [6] - around East Capital Rampart (2), may be sweep-granted by Godfrey, First Elden Lord (m11_00) [f11007195]
7605	11007985	set	$InitializeCommonEvent(90005774) arg0	lot_gates					commonarg-positive-by-construction	lot_gates:11007985:90005774	single	world	Mt. Gelmir	test_map	Leyndell	yes	7900180	Leyndell :: Raging Wolf Greaves - around East Capital Rampart, may be sweep-granted by Morgott, the Omen King (m11_00) [f11007985]
7605	11007985	set	cone root BOSS_KILL(7605) at m11_00_00_00.emevd.dcx.js:90005774 set by m11_00_00_00.emevd.dcx.js:11002155	questline_conditions					extractor-cone-root	questline_conditions:11007985:m11_00_00_00.emevd.dcx.js:90005774:0	unknown	world	Leyndell	setter_map	Leyndell	no	7900180	Leyndell :: Raging Wolf Greaves - around East Capital Rampart, may be sweep-granted by Morgott, the Omen King (m11_00) [f11007985]
map:m11_00	11007985	set	cone root MAP_ACCESS(m11_00) at m11_00_00_00.emevd.dcx.js:90005774 set by m11_00_00_00.emevd.dcx.js	questline_conditions					extractor-cone-root	questline_conditions:11007985:m11_00_00_00.emevd.dcx.js:90005774:0	unknown	map_access	Leyndell	map_id	Leyndell	no	7900180	Leyndell :: Raging Wolf Greaves - around East Capital Rampart, may be sweep-granted by Morgott, the Omen King (m11_00) [f11007985]
map:m11_00	11007987	set	cone root MAP_ACCESS(m11_00) at m11_00_00_00.emevd.dcx.js:90005300 set by m11_00_00_00.emevd.dcx.js	questline_conditions					extractor-cone-root	questline_conditions:11007987:m11_00_00_00.emevd.dcx.js:90005300:0	single	map_access	Leyndell	map_id	Leyndell	no	7771023	Leyndell :: Gargoyle's Halberd - around East Capital Rampart, may be sweep-granted by Morgott, the Omen King (m11_00) [f11007987]
map:m11_00	11007991	set	cone root MAP_ACCESS(m11_00) at m11_00_00_00.emevd.dcx.js:90005300 set by m11_00_00_00.emevd.dcx.js	questline_conditions					extractor-cone-root	questline_conditions:11007991:m11_00_00_00.emevd.dcx.js:90005300:0	single	map_access	Leyndell	map_id	Leyndell	no	7771025	Leyndell :: [Incantation] Blessing of the Erdtree - near Queen's Bedchamber, may be sweep-granted by Morgott, the Omen King (m11_00) [f11007991]
map:m11_00	11007993	set	cone root MAP_ACCESS(m11_00) at m11_00_00_00.emevd.dcx.js:90005300 set by m11_00_00_00.emevd.dcx.js	questline_conditions					extractor-cone-root	questline_conditions:11007993:m11_00_00_00.emevd.dcx.js:90005300:0	single	map_access	Leyndell	map_id	Leyndell	no	7771027	Leyndell :: Golden Seed - Ulcerated Tree Spirit drop, may be sweep-granted by Morgott, the Omen King (m11_00) [f11007993]
map:m11_00	11007998	set	cone root MAP_ACCESS(m11_00) at m11_00_00_00.emevd.dcx.js:90005300 set by m11_00_00_00.emevd.dcx.js	questline_conditions					extractor-cone-root	questline_conditions:11007998:m11_00_00_00.emevd.dcx.js:90005300:0	single	map_access	Leyndell	map_id	Leyndell	no	7771031	Leyndell :: Lord's Rune - around East Capital Rampart, may be sweep-granted by Morgott, the Omen King (m11_00) [f11007998]
11109656	11107900	set	$InitializeCommonEvent(90005774) arg0	lot_gates	Dark Round Table Space_Dark Hours	暗黒円卓空間_暗黒時	emevd_event	1	commonarg-positive-by-construction	lot_gates:11107900:90005774	single	world	Roundtable Hold	setter_map	Roundtable Hold	no	7771041	Roundtable Hold :: Clinging Bone - around Table of Lost Grace [f11107900]
12010593	12017090	unknown	); WaitFor(PlayerIsInOwnWorld() && !EventFlag(12010593) && InArea	lot_gates	Great poison swamp ruins appearance event 2	大毒沼遺跡出現イベント2	emevd_event	1	treasure-verb-crossproduct	lot_gates:12017090:12012593	unknown	world	Ainsel River	setter_map	Ainsel River	no	7771048	Ainsel River :: Somber Smithing Stone [9] - near Lake of Rot Shoreside, may be sweep-granted by Astel, Naturalborn of the Void (m12_04) [f12017090]
map:m12_01	12017105	set	cone root MAP_ACCESS(m12_01) at m12_01_00_00.emevd.dcx.js:90005300 set by m12_01_00_00.emevd.dcx.js	questline_conditions					extractor-cone-root	questline_conditions:12017105:m12_01_00_00.emevd.dcx.js:90005300:0	single	map_access	Ainsel River	map_id	Ainsel River	no	7771050	Ainsel River :: Golden Rune [10] - around Dragonkin Soldier of Nokstella, may be sweep-granted by Dragonkin Soldier of Nokstella (m12_01) [f12017105]
map:m12_01	12017995	set	cone root MAP_ACCESS(m12_01) at m12_01_00_00.emevd.dcx.js:90005300 set by m12_01_00_00.emevd.dcx.js	questline_conditions					extractor-cone-root	questline_conditions:12017995:m12_01_00_00.emevd.dcx.js:90005300:0	single	map_access	Ainsel River	map_id	Ainsel River	no	7771144	Ainsel River :: Somber Smithing Stone [7] - around Dragonkin Soldier of Nokstella, may be sweep-granted by Astel, Naturalborn of the Void (m12_04) [f12017995]
map:m12_01	12017997	set	cone root MAP_ACCESS(m12_01) at m12_01_00_00.emevd.dcx.js:90005300 set by m12_01_00_00.emevd.dcx.js	questline_conditions					extractor-cone-root	questline_conditions:12017997:m12_01_00_00.emevd.dcx.js:90005300:0	single	map_access	Ainsel River	map_id	Ainsel River	no	7771145	Ainsel River :: Golden Seed - Ulcerated Tree Spirit drop in a rot river, may be sweep-granted by Dragonkin Soldier (m12_01) [f12017997]
map:m12_02	12027435	set	cone root MAP_ACCESS(m12_02) at m12_02_00_00.emevd.dcx.js:90005300 set by m12_02_00_00.emevd.dcx.js	questline_conditions					extractor-cone-root	questline_conditions:12027435:m12_02_00_00.emevd.dcx.js:90005300:0	single	map_access	Siofra River	map_id	Siofra River	no	7771187	Siofra River :: Crucible Hornshield - around Siofra River Bank, may be sweep-granted by Mimic Tear (m12_02) [f12027435]
map:m12_02	12027445	set	cone root MAP_ACCESS(m12_02) at m12_02_00_00.emevd.dcx.js:90005300 set by m12_02_00_00.emevd.dcx.js	questline_conditions					extractor-cone-root	questline_conditions:12027445:m12_02_00_00.emevd.dcx.js:90005300:0	single	map_access	Siofra River	map_id	Siofra River	no	7771189	Siofra River :: Somber Smithing Stone [6] - around Siofra River Bank, may be sweep-granted by Dragonkin Soldier (m12_02) [f12027445]
map:m12_03	12037800	set	cone root MAP_ACCESS(m12_03) at m12_03_00_00.emevd.dcx.js:90005300 set by m12_03_00_00.emevd.dcx.js	questline_conditions					extractor-cone-root	questline_conditions:12037800:m12_03_00_00.emevd.dcx.js:90005300:0	single	map_access	Deeproot Depths	map_id	Deeproot Depths	no	7771301	Deeproot Depths :: Numen's Rune - around Root-Facing Cliffs (1), may be sweep-granted by Fia's Champion (m12_03) [f12037800]
map:m12_03	12037810	set	cone root MAP_ACCESS(m12_03) at m12_03_00_00.emevd.dcx.js:90005300 set by m12_03_00_00.emevd.dcx.js	questline_conditions					extractor-cone-root	questline_conditions:12037810:m12_03_00_00.emevd.dcx.js:90005300:0	single	map_access	Deeproot Depths	map_id	Deeproot Depths	no	7771302	Deeproot Depths :: Numen's Rune - around Root-Facing Cliffs (2), may be sweep-granted by Lichdragon Fortissax (m12_03) [f12037810]
map:m12_03	12037820	set	cone root MAP_ACCESS(m12_03) at m12_03_00_00.emevd.dcx.js:90005300 set by m12_03_00_00.emevd.dcx.js	questline_conditions					extractor-cone-root	questline_conditions:12037820:m12_03_00_00.emevd.dcx.js:90005300:0	single	map_access	Deeproot Depths	map_id	Deeproot Depths	no	7771303	Deeproot Depths :: Numen's Rune - around Root-Facing Cliffs (3), may be sweep-granted by Crucible Knight Siluria (m12_03) [f12037820]
map:m12_03	12037830	set	cone root MAP_ACCESS(m12_03) at m12_03_00_00.emevd.dcx.js:90005300 set by m12_03_00_00.emevd.dcx.js	questline_conditions					extractor-cone-root	questline_conditions:12037830:m12_03_00_00.emevd.dcx.js:90005300:0	single	map_access	Deeproot Depths	map_id	Deeproot Depths	no	7771304	Deeproot Depths :: Numen's Rune - around Root-Facing Cliffs (4), may be sweep-granted by Fia's Champion (m12_03) [f12037830]
map:m12_03	12037840	set	cone root MAP_ACCESS(m12_03) at m12_03_00_00.emevd.dcx.js:90005300 set by m12_03_00_00.emevd.dcx.js	questline_conditions					extractor-cone-root	questline_conditions:12037840:m12_03_00_00.emevd.dcx.js:90005300:0	single	map_access	Deeproot Depths	map_id	Deeproot Depths	no	7771305	Deeproot Depths :: Numen's Rune - around Root-Facing Cliffs (5), may be sweep-granted by Lichdragon Fortissax (m12_03) [f12037840]
map:m12_03	12037850	set	cone root MAP_ACCESS(m12_03) at m12_03_00_00.emevd.dcx.js:90005300 set by m12_03_00_00.emevd.dcx.js	questline_conditions					extractor-cone-root	questline_conditions:12037850:m12_03_00_00.emevd.dcx.js:90005300:0	single	map_access	Deeproot Depths	map_id	Deeproot Depths	no	7771306	Deeproot Depths :: Numen's Rune - around Root-Facing Cliffs (6), may be sweep-granted by Crucible Knight Siluria (m12_03) [f12037850]
12030390	12037950	set	cone root BOSS_KILL(12030390) at m12_03_00_00.emevd.dcx.js:90005860 set by common_func.emevd.dcx.js:90005860	questline_conditions					extractor-cone-root	questline_conditions:12037950:m12_03_00_00.emevd.dcx.js:90005860:0	unknown	world			Deeproot Depths	unknown	7771307	Deeproot Depths :: Siluria's Tree - Crucible Knight Siluria, may be sweep-granted by Crucible Knight Siluria (m12_03) [f12037950]
map:m12_03	12037950	set	cone root MAP_ACCESS(m12_03) at m12_03_00_00.emevd.dcx.js:90005860 set by m12_03_00_00.emevd.dcx.js	questline_conditions					extractor-cone-root	questline_conditions:12037950:m12_03_00_00.emevd.dcx.js:90005860:0	unknown	map_access	Deeproot Depths	map_id	Deeproot Depths	no	7771307	Deeproot Depths :: Siluria's Tree - Crucible Knight Siluria, may be sweep-granted by Crucible Knight Siluria (m12_03) [f12037950]
map:m12_03	12037960	set	cone root MAP_ACCESS(m12_03) at m12_03_00_00.emevd.dcx.js:90005300 set by m12_03_00_00.emevd.dcx.js	questline_conditions					extractor-cone-root	questline_conditions:12037960:m12_03_00_00.emevd.dcx.js:90005300:0	single	map_access	Deeproot Depths	map_id	Deeproot Depths	no	7771308	Deeproot Depths :: Staff of the Avatar - around Root-Facing Cliffs, may be sweep-granted by Fia's Champion (m12_03) [f12037960]
12052412	12057950	set	$InitializeCommonEvent(90005792) arg1	lot_gates					commonarg-positive-by-construction	lot_gates:12057950:90005792	single	world			Mohgwyn	unknown	7900187	Mohgwyn :: War Surgeon Trousers - around Palace Approach Ledge-Road, may be sweep-granted by Mohg, Lord of Blood (m12_05) [f12057950]
map:m13_00	13007991	set	cone root MAP_ACCESS(m13_00) at m13_00_00_00.emevd.dcx.js:90005300 set by m13_00_00_00.emevd.dcx.js	questline_conditions					extractor-cone-root	questline_conditions:13007991:m13_00_00_00.emevd.dcx.js:90005300:0	single	map_access	Farum Azula	map_id	Farum Azula	no	7771487	Farum Azula :: Ancient Dragon Smithing Stone - around Crumbling Beast Grave (1), may be sweep-granted by Dragonlord Placidusax (m13_00) [f13007991]
map:m13_00	13007993	set	cone root MAP_ACCESS(m13_00) at m13_00_00_00.emevd.dcx.js:90005300 set by m13_00_00_00.emevd.dcx.js	questline_conditions					extractor-cone-root	questline_conditions:13007993:m13_00_00_00.emevd.dcx.js:90005300:0	single	map_access	Farum Azula	map_id	Farum Azula	no	7771488	Farum Azula :: Ancient Dragon Smithing Stone - around Crumbling Beast Grave (2), may be sweep-granted by Godskin Duo (m13_00) [f13007993]
map:m13_00	13007995	set	cone root MAP_ACCESS(m13_00) at m13_00_00_00.emevd.dcx.js:90005300 set by m13_00_00_00.emevd.dcx.js	questline_conditions					extractor-cone-root	questline_conditions:13007995:m13_00_00_00.emevd.dcx.js:90005300:0	single	map_access	Farum Azula	map_id	Farum Azula	no	7900193	Farum Azula :: Malformed Dragon Greaves - around Crumbling Beast Grave, may be sweep-granted by Dragonlord Placidusax (m13_00) [f13007995]
map:m14_00	14007005	set	cone root MAP_ACCESS(m14_00) at m14_00_00_00.emevd.dcx.js:90005300 set by m14_00_00_00.emevd.dcx.js	questline_conditions					extractor-cone-root	questline_conditions:14007005:m14_00_00_00.emevd.dcx.js:90005300:0	single	map_access	Raya Lucaria Academy	map_id	Raya Lucaria Academy	no	7771491	Raya Lucaria Academy :: Twinsage Glintstone Crown - around Church of the Cuckoo, may be sweep-granted by Red Wolf of Radagon (m14_00) [f14007005]
map:m14_00	14007015	set	cone root MAP_ACCESS(m14_00) at m14_00_00_00.emevd.dcx.js:90005300 set by m14_00_00_00.emevd.dcx.js	questline_conditions					extractor-cone-root	questline_conditions:14007015:m14_00_00_00.emevd.dcx.js:90005300:0	single	map_access	Raya Lucaria Academy	map_id	Raya Lucaria Academy	no	7771492	Raya Lucaria Academy :: Olivinus Glintstone Crown - near Schoolhouse Classroom, may be sweep-granted by Rennala, Queen of the Full Moon (m14_00) [f14007015]
map:m14_00	14007025	set	cone root MAP_ACCESS(m14_00) at m14_00_00_00.emevd.dcx.js:90005300 set by m14_00_00_00.emevd.dcx.js	questline_conditions					extractor-cone-root	questline_conditions:14007025:m14_00_00_00.emevd.dcx.js:90005300:0	single	map_access	Raya Lucaria Academy	map_id	Raya Lucaria Academy	no	7771494	Raya Lucaria Academy :: Lazuli Glintstone Crown - around Church of the Cuckoo, may be sweep-granted by Rennala, Queen of the Full Moon (m14_00) [f14007025]
map:m14_00	14007035	set	cone root MAP_ACCESS(m14_00) at m14_00_00_00.emevd.dcx.js:90005300 set by m14_00_00_00.emevd.dcx.js	questline_conditions					extractor-cone-root	questline_conditions:14007035:m14_00_00_00.emevd.dcx.js:90005300:0	single	map_access	Raya Lucaria Academy	map_id	Raya Lucaria Academy	no	7771496	Raya Lucaria Academy :: Karolos Glintstone Crown - around Church of the Cuckoo, may be sweep-granted by Rennala, Queen of the Full Moon (m14_00) [f14007035]
map:m14_00	14007980	set	cone root MAP_ACCESS(m14_00) at m14_00_00_00.emevd.dcx.js:90005300 set by m14_00_00_00.emevd.dcx.js	questline_conditions					extractor-cone-root	questline_conditions:14007980:m14_00_00_00.emevd.dcx.js:90005300:0	single	map_access	Raya Lucaria Academy	map_id	Raya Lucaria Academy	no	7771552	Raya Lucaria Academy :: Carian Knight's Shield - around Church of the Cuckoo, may be sweep-granted by Rennala, Queen of the Full Moon (m14_00) [f14007980]
map:m15_00	15001200	set	cone root MAP_ACCESS(m15_00) at m15_00_00_00.emevd.dcx.js:90005300 set by m15_00_00_00.emevd.dcx.js	questline_conditions					extractor-cone-root	questline_conditions:15001200:m15_00_00_00.emevd.dcx.js:90005300:0	single	map_access	Haligtree	map_id	Haligtree	no	7771555	Haligtree :: Golden Seed - Ulcerated Tree Spirit drop, may be sweep-granted by Malenia, Blade of Miquella (m15_00) [f15001200]
map:m15_00	15001250	set	cone root MAP_ACCESS(m15_00) at m15_00_00_00.emevd.dcx.js:90005300 set by m15_00_00_00.emevd.dcx.js	questline_conditions					extractor-cone-root	questline_conditions:15001250:m15_00_00_00.emevd.dcx.js:90005300:0	single	map_access	Haligtree	map_id	Haligtree	no	7771556	Haligtree :: Golden Rune [1] - around Prayer Room (1), may be sweep-granted by Loretta, Knight of the Haligtree (m15_00) [f15001250]
map:m15_00	15001260	set	cone root MAP_ACCESS(m15_00) at m15_00_00_00.emevd.dcx.js:90005300 set by m15_00_00_00.emevd.dcx.js	questline_conditions					extractor-cone-root	questline_conditions:15001260:m15_00_00_00.emevd.dcx.js:90005300:0	single	map_access	Haligtree	map_id	Haligtree	no	7771557	Haligtree :: Golden Rune [1] - around Prayer Room (2), may be sweep-granted by Malenia, Blade of Miquella (m15_00) [f15001260]
map:m15_00	15001270	set	cone root MAP_ACCESS(m15_00) at m15_00_00_00.emevd.dcx.js:90005300 set by m15_00_00_00.emevd.dcx.js	questline_conditions					extractor-cone-root	questline_conditions:15001270:m15_00_00_00.emevd.dcx.js:90005300:0	single	map_access	Haligtree	map_id	Haligtree	no	7771558	Haligtree :: Lord's Rune - around Prayer Room, may be sweep-granted by Loretta, Knight of the Haligtree (m15_00) [f15001270]
map:m15_00	15001280	set	cone root MAP_ACCESS(m15_00) at m15_00_00_00.emevd.dcx.js:90005300 set by m15_00_00_00.emevd.dcx.js	questline_conditions					extractor-cone-root	questline_conditions:15001280:m15_00_00_00.emevd.dcx.js:90005300:0	single	map_access	Haligtree	map_id	Haligtree	no	7771559	Haligtree :: Rotten Staff - around Prayer Room, may be sweep-granted by Malenia, Blade of Miquella (m15_00) [f15001280]
map:m15_00	15001290	set	cone root MAP_ACCESS(m15_00) at m15_00_00_00.emevd.dcx.js:90005300 set by m15_00_00_00.emevd.dcx.js	questline_conditions					extractor-cone-root	questline_conditions:15001290:m15_00_00_00.emevd.dcx.js:90005300:0	single	map_access	Haligtree	map_id	Haligtree	no	7771560	Haligtree :: Golden Rune [1] - around Prayer Room (3), may be sweep-granted by Loretta, Knight of the Haligtree (m15_00) [f15001290]
15000800	15007990	set	if (EventFlag(15000800)) { ;; > if (!EventFlag(15000801)) { ;; > WaitFor(EventFlag(15002805) && InArea(10000, 15002800)); ;; > if (PlayerIsInOwnWorld()) { ;; > if (PlayerIsInOwnWor	treasure_enablers	Defeat Arbitrator Marenia	調停者マレニア撃破	emevd_event	1	enabler-conjunctive-eventflag-test	treasure_enablers:15007990:15002810	unknown	world			Haligtree	unknown	7771665	Haligtree :: Miquella's Needle - near Malenia, Goddess of Rot, may be sweep-granted by Loretta, Knight of the Haligtree (m15_00) [f15007990]
15002805	15007990	unknown	if (EventFlag(15000800)) { ;; > if (!EventFlag(15000801)) { ;; > WaitFor(EventFlag(15002805) && InArea(10000, 15002800)); ;; > if (PlayerIsInOwnWorld()) { ;; > if (PlayerIsInOwnWor	treasure_enablers					enabler-not-an-eventflag-test-above-the-enable	treasure_enablers:15007990:15002810	unknown	world			Haligtree	unknown	7771665	Haligtree :: Miquella's Needle - near Malenia, Goddess of Rot, may be sweep-granted by Loretta, Knight of the Haligtree (m15_00) [f15007990]
16000800	16007690	clear	, assetEntityId2, entityId) { EndIf(EventFlag(16000800) || !Playe	lot_gates	Defeat the Ghoul King	グールの王撃破	emevd_event	1	endif-bailout-inverts	lot_gates:16007690:16002691	unknown	world	Mt. Gelmir	setter_map	Mt. Gelmir	no	7771715	Mt. Gelmir :: Serpent-Hunter - around Volcano Manor, may be sweep-granted by Rykard, Lord of Blasphemy (m16_00) [f16007690]
16002696	16007690	set	onButtonInArea(9532, assetEntityId2) && EventFlag(16002696)); Del	lot_gates	Storm Ruler derivative weapon possession check	ストームルーラー派生武器所持チェック	emevd_event	1	waitfor-blocks-until-set	lot_gates:16007690:16002691	unknown	world	Mt. Gelmir	setter_map	Mt. Gelmir	no	7771715	Mt. Gelmir :: Serpent-Hunter - around Volcano Manor, may be sweep-granted by Rykard, Lord of Blasphemy (m16_00) [f16007690]
goods:17030000	16007690	set	cone root ITEM_POSSESSION(17030000) at m16_00_00_00.emevd.dcx.js:16002691 set by m16_00_00_00.emevd.dcx.js	questline_conditions					extractor-cone-root	questline_conditions:16007690:m16_00_00_00.emevd.dcx.js:16002691:0	unknown	item			Mt. Gelmir	unknown	7771715	Mt. Gelmir :: Serpent-Hunter - around Volcano Manor, may be sweep-granted by Rykard, Lord of Blasphemy (m16_00) [f16007690]
goods:17030001	16007690	set	cone root ITEM_POSSESSION(17030001) at m16_00_00_00.emevd.dcx.js:16002691 set by m16_00_00_00.emevd.dcx.js	questline_conditions					extractor-cone-root	questline_conditions:16007690:m16_00_00_00.emevd.dcx.js:16002691:0	unknown	item			Mt. Gelmir	unknown	7771715	Mt. Gelmir :: Serpent-Hunter - around Volcano Manor, may be sweep-granted by Rykard, Lord of Blasphemy (m16_00) [f16007690]
goods:17030002	16007690	set	cone root ITEM_POSSESSION(17030002) at m16_00_00_00.emevd.dcx.js:16002691 set by m16_00_00_00.emevd.dcx.js	questline_conditions					extractor-cone-root	questline_conditions:16007690:m16_00_00_00.emevd.dcx.js:16002691:0	unknown	item			Mt. Gelmir	unknown	7771715	Mt. Gelmir :: Serpent-Hunter - around Volcano Manor, may be sweep-granted by Rykard, Lord of Blasphemy (m16_00) [f16007690]
goods:17030003	16007690	set	cone root ITEM_POSSESSION(17030003) at m16_00_00_00.emevd.dcx.js:16002691 set by m16_00_00_00.emevd.dcx.js	questline_conditions					extractor-cone-root	questline_conditions:16007690:m16_00_00_00.emevd.dcx.js:16002691:0	unknown	item			Mt. Gelmir	unknown	7771715	Mt. Gelmir :: Serpent-Hunter - around Volcano Manor, may be sweep-granted by Rykard, Lord of Blasphemy (m16_00) [f16007690]
goods:17030004	16007690	set	cone root ITEM_POSSESSION(17030004) at m16_00_00_00.emevd.dcx.js:16002691 set by m16_00_00_00.emevd.dcx.js	questline_conditions					extractor-cone-root	questline_conditions:16007690:m16_00_00_00.emevd.dcx.js:16002691:0	unknown	item			Mt. Gelmir	unknown	7771715	Mt. Gelmir :: Serpent-Hunter - around Volcano Manor, may be sweep-granted by Rykard, Lord of Blasphemy (m16_00) [f16007690]
goods:17030005	16007690	set	cone root ITEM_POSSESSION(17030005) at m16_00_00_00.emevd.dcx.js:16002691 set by m16_00_00_00.emevd.dcx.js	questline_conditions					extractor-cone-root	questline_conditions:16007690:m16_00_00_00.emevd.dcx.js:16002691:0	unknown	item			Mt. Gelmir	unknown	7771715	Mt. Gelmir :: Serpent-Hunter - around Volcano Manor, may be sweep-granted by Rykard, Lord of Blasphemy (m16_00) [f16007690]
goods:17030006	16007690	set	cone root ITEM_POSSESSION(17030006) at m16_00_00_00.emevd.dcx.js:16002691 set by m16_00_00_00.emevd.dcx.js	questline_conditions					extractor-cone-root	questline_conditions:16007690:m16_00_00_00.emevd.dcx.js:16002691:0	unknown	item			Mt. Gelmir	unknown	7771715	Mt. Gelmir :: Serpent-Hunter - around Volcano Manor, may be sweep-granted by Rykard, Lord of Blasphemy (m16_00) [f16007690]
goods:17030007	16007690	set	cone root ITEM_POSSESSION(17030007) at m16_00_00_00.emevd.dcx.js:16002691 set by m16_00_00_00.emevd.dcx.js	questline_conditions					extractor-cone-root	questline_conditions:16007690:m16_00_00_00.emevd.dcx.js:16002691:0	unknown	item			Mt. Gelmir	unknown	7771715	Mt. Gelmir :: Serpent-Hunter - around Volcano Manor, may be sweep-granted by Rykard, Lord of Blasphemy (m16_00) [f16007690]
goods:17030008	16007690	set	cone root ITEM_POSSESSION(17030008) at m16_00_00_00.emevd.dcx.js:16002691 set by m16_00_00_00.emevd.dcx.js	questline_conditions					extractor-cone-root	questline_conditions:16007690:m16_00_00_00.emevd.dcx.js:16002691:0	unknown	item			Mt. Gelmir	unknown	7771715	Mt. Gelmir :: Serpent-Hunter - around Volcano Manor, may be sweep-granted by Rykard, Lord of Blasphemy (m16_00) [f16007690]
goods:17030009	16007690	set	cone root ITEM_POSSESSION(17030009) at m16_00_00_00.emevd.dcx.js:16002691 set by m16_00_00_00.emevd.dcx.js	questline_conditions					extractor-cone-root	questline_conditions:16007690:m16_00_00_00.emevd.dcx.js:16002691:0	unknown	item			Mt. Gelmir	unknown	7771715	Mt. Gelmir :: Serpent-Hunter - around Volcano Manor, may be sweep-granted by Rykard, Lord of Blasphemy (m16_00) [f16007690]
goods:17030010	16007690	set	cone root ITEM_POSSESSION(17030010) at m16_00_00_00.emevd.dcx.js:16002691 set by m16_00_00_00.emevd.dcx.js	questline_conditions					extractor-cone-root	questline_conditions:16007690:m16_00_00_00.emevd.dcx.js:16002691:0	unknown	item			Mt. Gelmir	unknown	7771715	Mt. Gelmir :: Serpent-Hunter - around Volcano Manor, may be sweep-granted by Rykard, Lord of Blasphemy (m16_00) [f16007690]
map:m16_00	16007690	set	cone root MAP_ACCESS(m16_00) at m16_00_00_00.emevd.dcx.js:16002691 set by m16_00_00_00.emevd.dcx.js	questline_conditions					extractor-cone-root	questline_conditions:16007690:m16_00_00_00.emevd.dcx.js:16002691:0	unknown	map_access	Mt. Gelmir	map_id	Mt. Gelmir	no	7771715	Mt. Gelmir :: Serpent-Hunter - around Volcano Manor, may be sweep-granted by Rykard, Lord of Blasphemy (m16_00) [f16007690]
16000850	16007710	unknown	002850, Restart, function() { EndIf(EventFlag(16000850)); Wai	lot_gates	Defeat mid-boss	中ボス撃破	emevd_event	1	treasure-verb-crossproduct	lot_gates:16007710:16002850	single	world	Mt. Gelmir	setter_map	Mt. Gelmir	no	7771717	Mt. Gelmir :: Serpent's Amnion - near Temple of Eiglay, may be sweep-granted by Abductor Virgin (Swinging Sickle) (m16_00) [f16007710]
16000850	16007710	unknown	16002855, Restart, function() { if (EventFlag(16000850)) {	lot_gates	Defeat mid-boss	中ボス撃破	emevd_event	1	treasure-verb-crossproduct	lot_gates:16007710:16002855	unknown	world	Mt. Gelmir	setter_map	Mt. Gelmir	no	7771717	Mt. Gelmir :: Serpent's Amnion - near Temple of Eiglay, may be sweep-granted by Abductor Virgin (Swinging Sickle) (m16_00) [f16007710]
16000851	16007710	unknown	DisableCharacterAI(16000850); if (!EventFlag(16000851)) {	lot_gates	Mid-boss appears	中ボス出現	emevd_event	1	treasure-verb-crossproduct	lot_gates:16007710:16002855	unknown	world	Mt. Gelmir	setter_map	Mt. Gelmir	no	7771717	Mt. Gelmir :: Serpent's Amnion - near Temple of Eiglay, may be sweep-granted by Abductor Virgin (Swinging Sickle) (m16_00) [f16007710]
16002855	16007710	unknown	alse); } else { L1: WaitFor(EventFlag(16002855) && InArea	lot_gates					treasure-verb-crossproduct	lot_gates:16007710:16002855	unknown	world			Mt. Gelmir	unknown	7771717	Mt. Gelmir :: Serpent's Amnion - near Temple of Eiglay, may be sweep-granted by Abductor Virgin (Swinging Sickle) (m16_00) [f16007710]
16002181	16007940	set	$InitializeCommonEvent(90005792) arg1	lot_gates					commonarg-positive-by-construction	lot_gates:16007940:90005792	single	world			Mt. Gelmir	unknown	7771719	Mt. Gelmir :: Ghiza's Wheel - around Volcano Manor, may be sweep-granted by Godskin Noble (m16_00) [f16007940]
16009264	16007950	clear	(chrEntityId, chrEntityId2) { EndIf(EventFlag(16009264)); Wai	lot_gates	NPC230 Mistress Escort_Battle ends	NPC230女主人の護衛_戦闘終了	emevd_event	1	endif-bailout-inverts	lot_gates:16007950:16003706	single	world	Mt. Gelmir	setter_map	Mt. Gelmir	no	7771720	Mt. Gelmir :: [Incantation] Aspects of the Crucible: Breath - around Volcano Manor, may be sweep-granted by Abductor Virgin (Swinging Sickle) (m16_00) [f16007950]
map:m16_00	16007950	set	cone root MAP_ACCESS(m16_00) at m16_00_00_00.emevd.dcx.js:16003706 set by m16_00_00_00.emevd.dcx.js	questline_conditions					extractor-cone-root	questline_conditions:16007950:m16_00_00_00.emevd.dcx.js:16003706:0	single	map_access	Mt. Gelmir	map_id	Mt. Gelmir	no	7771720	Mt. Gelmir :: [Incantation] Aspects of the Crucible: Breath - around Volcano Manor, may be sweep-granted by Abductor Virgin (Swinging Sickle) (m16_00) [f16007950]
map:m16_00	16007999	set	cone root MAP_ACCESS(m16_00) at m16_00_00_00.emevd.dcx.js:90005300 set by m16_00_00_00.emevd.dcx.js	questline_conditions					extractor-cone-root	questline_conditions:16007999:m16_00_00_00.emevd.dcx.js:90005300:50	single	map_access	Mt. Gelmir	map_id	Mt. Gelmir	no	7771724	Mt. Gelmir :: Dragon Heart - around Volcano Manor [f16007999]
20000544	20007810	unknown	cterFadeOnEnable(20000800); if (EventFlag(20000544)) {	lot_gates					treasure-verb-crossproduct	lot_gates:20007810:20002810	unknown	world			Belurat	unknown	7771809	Belurat :: Divine Beast Head - near Theatre of the Divine Beast, may be sweep-granted by Divine Beast Dancing Lion (m20_00) [f20007810]
20000800	20007810	unknown	asSpEffect(10000, 9646)) || EventFlag(20000800)); Han	lot_gates					treasure-verb-crossproduct	lot_gates:20007810:20002800	unknown	world	Belurat	setter_map	Belurat	no	7771809	Belurat :: Divine Beast Head - near Theatre of the Divine Beast, may be sweep-granted by Divine Beast Dancing Lion (m20_00) [f20007810]
20000800	20007810	unknown	20002810, Restart, function() { if (EventFlag(20000800)) {	lot_gates					treasure-verb-crossproduct	lot_gates:20007810:20002810	unknown	world	Belurat	setter_map	Belurat	no	7771809	Belurat :: Divine Beast Head - near Theatre of the Divine Beast, may be sweep-granted by Divine Beast Dancing Lion (m20_00) [f20007810]
20000801	20007810	unknown	000, TargetType.BluePhantom)); if (!EventFlag(20000801)) {	lot_gates					treasure-verb-crossproduct	lot_gates:20007810:20002810	unknown	world	Belurat	setter_map	Belurat	no	7771809	Belurat :: Divine Beast Head - near Theatre of the Divine Beast, may be sweep-granted by Divine Beast Dancing Lion (m20_00) [f20007810]
20002739	20007810	unknown	layerIsInOwnWorld()) { if (!EventFlag(20002739)) {	lot_gates	set by NPC talk 402002000 on m20_00_00_00		esd_talk	1	treasure-verb-crossproduct	lot_gates:20007810:20002810	unknown	npc_state			Belurat	unknown	7771809	Belurat :: Divine Beast Head - near Theatre of the Divine Beast, may be sweep-granted by Divine Beast Dancing Lion (m20_00) [f20007810]
20002805	20007810	unknown	); } else { WaitFor(EventFlag(20002805) || InArea	lot_gates					treasure-verb-crossproduct	lot_gates:20007810:20002810	unknown	world			Belurat	unknown	7771809	Belurat :: Divine Beast Head - near Theatre of the Divine Beast, may be sweep-granted by Divine Beast Dancing Lion (m20_00) [f20007810]
map:m20_00	20007991	set	cone root MAP_ACCESS(m20_00) at m20_00_00_00.emevd.dcx.js:90005301 set by m20_00_00_00.emevd.dcx.js	questline_conditions					extractor-cone-root	questline_conditions:20007991:m20_00_00_00.emevd.dcx.js:90005301:0	single	map_access	Belurat	map_id	Belurat	no	7771813	Belurat :: Immunizing Horn Charm +2 - around Belurat, Tower Settlement, may be sweep-granted by Divine Beast Dancing Lion (m20_00) [f20007991]
map:m20_00	20007993	set	cone root MAP_ACCESS(m20_00) at m20_00_00_00.emevd.dcx.js:90005301 set by m20_00_00_00.emevd.dcx.js	questline_conditions					extractor-cone-root	questline_conditions:20007993:m20_00_00_00.emevd.dcx.js:90005301:0	single	map_access	Belurat	map_id	Belurat	no	7771814	Belurat :: Horned Warrior's Sword - around Belurat, Tower Settlement, may be sweep-granted by Divine Beast Dancing Lion (m20_00) [f20007993]
20010800	20017981	set	cone root BOSS_KILL(20010800) at m20_01_00_00.emevd.dcx.js:20010199 set by m20_01_00_00.emevd.dcx.js:20012800	questline_conditions					extractor-cone-root	questline_conditions:20017981:m20_01_00_00.emevd.dcx.js:20010199:	unknown	world	Enir Ilim	setter_map	Enir Ilim	no	7771883	Enir Ilim :: Circlet of Light - around Gate of Divinity, may be sweep-granted by Needle Knight Leda (m20_01) [f20017981]
map:m20_01	20017981	set	cone root MAP_ACCESS(m20_01) at m20_01_00_00.emevd.dcx.js:20010199 set by m20_01_00_00.emevd.dcx.js	questline_conditions					extractor-cone-root	questline_conditions:20017981:m20_01_00_00.emevd.dcx.js:20010199:	unknown	map_access	Enir Ilim	map_id	Enir Ilim	no	7771883	Enir Ilim :: Circlet of Light - around Gate of Divinity, may be sweep-granted by Needle Knight Leda (m20_01) [f20017981]
map:m20_01	20017991	set	cone root MAP_ACCESS(m20_01) at m20_01_00_00.emevd.dcx.js:90005301 set by m20_01_00_00.emevd.dcx.js	questline_conditions					extractor-cone-root	questline_conditions:20017991:m20_01_00_00.emevd.dcx.js:90005301:50	single	map_access	Enir Ilim	map_id	Enir Ilim	no	7771884	Enir Ilim :: Horned Warrior's Greatsword - around Gate of Divinity, may be sweep-granted by Radahn, Consort of Miquella (m20_01) [f20017991]
map:m21_00	21007991	set	cone root MAP_ACCESS(m21_00) at m21_00_00_00.emevd.dcx.js:90005301 set by m21_00_00_00.emevd.dcx.js	questline_conditions					extractor-cone-root	questline_conditions:21007991:m21_00_00_00.emevd.dcx.js:90005301:0	single	map_access	Shadow Keep	map_id	Scadu Altus	yes	7771929	Scadu Altus :: [Sorcery] Mantle of Thorns - around Shadow Keep Main Gate, may be sweep-granted by Golden Hippopotamus (m21_00) [f21007991]
map:m21_00	21007993	set	cone root MAP_ACCESS(m21_00) at m21_00_00_00.emevd.dcx.js:90005301 set by m21_00_00_00.emevd.dcx.js	questline_conditions					extractor-cone-root	questline_conditions:21007993:m21_00_00_00.emevd.dcx.js:90005301:0	single	map_access	Shadow Keep	map_id	Scadu Altus	yes	7771930	Scadu Altus :: Iris of Occultation - around Shadow Keep Main Gate, may be sweep-granted by Golden Hippopotamus (m21_00) [f21007993]
map:m21_00	21007995	set	cone root MAP_ACCESS(m21_00) at m21_00_00_00.emevd.dcx.js:90005301 set by m21_00_00_00.emevd.dcx.js	questline_conditions					extractor-cone-root	questline_conditions:21007995:m21_00_00_00.emevd.dcx.js:90005301:0	single	map_access	Shadow Keep	map_id	Scadu Altus	yes	7771931	Scadu Altus :: Death Mask Helm - around Shadow Keep Main Gate, may be sweep-granted by Golden Hippopotamus (m21_00) [f21007995]
72112	21017120	unknown	GotoIf(L0, !(EventFlag(21010500) && (EventFlag(72112) || EventF	lot_gates					treasure-verb-crossproduct	lot_gates:21017120:21012500	unknown	world			Shadow Keep	unknown	7771943	Shadow Keep :: Pearldrake Talisman +3 - near Storehouse, Seventh Floor, may be sweep-granted by Base Serpent Messmer (m21_01) [f21017120]
72113	21017120	unknown	tFlag(21010500) && (EventFlag(72112) || EventFlag(72113))));	lot_gates					treasure-verb-crossproduct	lot_gates:21017120:21012500	unknown	world			Shadow Keep	unknown	7771943	Shadow Keep :: Pearldrake Talisman +3 - near Storehouse, Seventh Floor, may be sweep-granted by Base Serpent Messmer (m21_01) [f21017120]
21010500	21017120	unknown	PlayerIsInOwnWorld()); GotoIf(L0, !(EventFlag(21010500) && (Event	lot_gates					treasure-verb-crossproduct	lot_gates:21017120:21012500	unknown	world	Shadow Keep	setter_map	Shadow Keep	no	7771943	Shadow Keep :: Pearldrake Talisman +3 - near Storehouse, Seventh Floor, may be sweep-granted by Base Serpent Messmer (m21_01) [f21017120]
21010501	21017120	unknown	; L1: GotoIf(L0, !EventFlag(21010501)); For	lot_gates					treasure-verb-crossproduct	lot_gates:21017120:21012500	unknown	world	Shadow Keep	setter_map	Shadow Keep	no	7771943	Shadow Keep :: Pearldrake Talisman +3 - near Storehouse, Seventh Floor, may be sweep-granted by Base Serpent Messmer (m21_01) [f21017120]
map:m21_01	21017991	set	cone root MAP_ACCESS(m21_01) at m21_01_00_00.emevd.dcx.js:90005301 set by m21_01_00_00.emevd.dcx.js	questline_conditions					extractor-cone-root	questline_conditions:21017991:m21_01_00_00.emevd.dcx.js:90005301:0	single	map_access	Shadow Keep	map_id	Shadow Keep	no	7900198	Shadow Keep :: Ash of War: Flame Spear - around Storehouse, First Floor, may be sweep-granted by Base Serpent Messmer (m21_01) [f21017991]
map:m21_02	21027991	set	cone root MAP_ACCESS(m21_02) at m21_02_00_00.emevd.dcx.js:90005301 set by m21_02_00_00.emevd.dcx.js	questline_conditions					extractor-cone-root	questline_conditions:21027991:m21_02_00_00.emevd.dcx.js:90005301:50	single	map_access	Shadow Keep	map_id	Shadow Keep	no	7900199	Shadow Keep :: Rain of Fire - around West Rampart, may be sweep-granted by Scadutree Avatar (m61_50_48) [f21027991]
map:m22_00	22007900	set	cone root MAP_ACCESS(m22_00) at m22_00_00_00.emevd.dcx.js:90005301 set by m22_00_00_00.emevd.dcx.js	questline_conditions					extractor-cone-root	questline_conditions:22007900:m22_00_00_00.emevd.dcx.js:90005301:50	single	map_access	Cerulean	map_id	Cerulean	no	7772010	Cerulean :: [Incantation] Multilayered Ring of Light - around Stone Coffin Fissure, may be sweep-granted by Putrescent Knight (m22_00) [f22007900]
30090800	30097000	set	if (EventFlag(30090800)) { ;; > WaitFor(PlayerIsInOwnWorld() && EventFlag(30090800) && !ThisEventSlot());	treasure_enablers	Defeat the boss	ボス撃破	emevd_event	1	enabler-conjunctive-eventflag-test	treasure_enablers:30097000:30090790	single	world	Mt. Gelmir	setter_map	Mt. Gelmir	no	7772061	Mt. Gelmir :: Deathroot - near Gelmir Hero's Grave, may be sweep-granted by Red Wolf of the Champion (m30_09) [f30097000]
30100465	30107100	set	EndIf(EventFlag(30107100)); WaitFor(EventFlag(30100465)); End	lot_gates	chariot battle	チャリオット同士討ち	emevd_event	1	waitfor-blocks-until-set	lot_gates:30107100:30102490	single	world	Altus	setter_map	Altus	no	7900209	Altus :: Tree Sentinel Greaves - around Auriza Hero's Grave, may be sweep-granted by Crucible Knight Ordovis (m30_10) [f30107100]
3691	31007010	unknown	1002875, Restart, function() { if (!EventFlag(3691)) {	lot_gates	NPC309 Thief Head_Character state transition	NPC309盗賊の頭_キャラ状態遷移	emevd_event	2	treasure-verb-crossproduct	lot_gates:31007010:31002875	unknown	world	Mt. Gelmir	test_map	Limgrave	yes	7900210	Limgrave :: Cloth Trousers - treasure · Murkwater Cave [f31007010]
31008521	31007010	unknown	EnableAsset(31001521); if (!EventFlag(31008521)) {	lot_gates					treasure-verb-crossproduct	lot_gates:31007010:31002875	unknown	world			Limgrave	unknown	7900210	Limgrave :: Cloth Trousers - treasure · Murkwater Cave [f31007010]
31008523	31007010	unknown	1); EnableAsset(31001523); if (!EventFlag(31008523)) {	lot_gates					treasure-verb-crossproduct	lot_gates:31007010:31002875	unknown	world			Limgrave	unknown	7900210	Limgrave :: Cloth Trousers - treasure · Murkwater Cave [f31007010]
3691	31007030	unknown	1002875, Restart, function() { if (!EventFlag(3691)) {	lot_gates	NPC309 Thief Head_Character state transition	NPC309盗賊の頭_キャラ状態遷移	emevd_event	2	treasure-verb-crossproduct	lot_gates:31007030:31002875	unknown	world	Mt. Gelmir	test_map	Limgrave	yes	7772114	Limgrave :: Glass Shard - treasure · Murkwater Cave [f31007030]
31008521	31007030	unknown	EnableAsset(31001521); if (!EventFlag(31008521)) {	lot_gates					treasure-verb-crossproduct	lot_gates:31007030:31002875	unknown	world			Limgrave	unknown	7772114	Limgrave :: Glass Shard - treasure · Murkwater Cave [f31007030]
31008523	31007030	unknown	1); EnableAsset(31001523); if (!EventFlag(31008523)) {	lot_gates					treasure-verb-crossproduct	lot_gates:31007030:31002875	unknown	world			Limgrave	unknown	7772114	Limgrave :: Glass Shard - treasure · Murkwater Cave [f31007030]
map:m34_11	34117400	set	cone root MAP_ACCESS(m34_11) at m34_11_00_00.emevd.dcx.js:90005300 set by m34_11_00_00.emevd.dcx.js	questline_conditions					extractor-cone-root	questline_conditions:34117400:m34_11_00_00.emevd.dcx.js:90005300:0	single	map_access	Liurnia	map_id	Liurnia	no	7772316	Liurnia :: Godskin Noble Hood - around Study Hall Entrance [f34117400]
map:m34_11	34117700	set	cone root MAP_ACCESS(m34_11) at m34_11_00_00.emevd.dcx.js:90005300 set by m34_11_00_00.emevd.dcx.js	questline_conditions					extractor-cone-root	questline_conditions:34117700:m34_11_00_00.emevd.dcx.js:90005300:0	single	map_access	Liurnia	map_id	Liurnia	no	7772321	Liurnia :: [Sorcery] Magic Downpour - around Study Hall Entrance [f34117700]
map:m34_11	34117710	set	cone root MAP_ACCESS(m34_11) at m34_11_00_00.emevd.dcx.js:90005300 set by m34_11_00_00.emevd.dcx.js	questline_conditions					extractor-cone-root	questline_conditions:34117710:m34_11_00_00.emevd.dcx.js:90005300:0	single	map_access	Liurnia	map_id	Liurnia	no	7772322	Liurnia :: [Sorcery] Lucidity - around Study Hall Entrance [f34117710]
map:m34_14	34147720	set	cone root MAP_ACCESS(m34_14) at m34_14_00_00.emevd.dcx.js:34142250 set by m34_14_00_00.emevd.dcx.js	questline_conditions					extractor-cone-root	questline_conditions:34147720:m34_14_00_00.emevd.dcx.js:34142250:0	single	map_access	Altus	map_id	Altus	no	7772345	Altus :: Somber Smithing Stone [6] - around Divine Tower of East Altus: Gate, may be sweep-granted by Fell Twin (m34_14) [f34147720]
300	35007000	unknown	35002600, Restart, function() { if (EventFlag(300)) {	lot_gates	Natural disaster_World tree in flames	天変地異_世界樹炎上	emevd_event	1	treasure-verb-crossproduct	lot_gates:35007000:35002600	unknown	world			Leyndell	unknown	7772348	Leyndell :: Poisonbone Dart - near Underground Roadside, may be sweep-granted by Esgar, Priest of Blood (m35_00) [f35007000]
35008540	35007000	unknown	If(!PlayerIsInOwnWorld()); if (!EventFlag(35008540)) {	lot_gates	Changes after the World Tree went up in flames	世界樹炎上後の変化	emevd_event	1	treasure-verb-crossproduct	lot_gates:35007000:35002600	unknown	world	Leyndell	setter_map	Leyndell	no	7772348	Leyndell :: Poisonbone Dart - near Underground Roadside, may be sweep-granted by Esgar, Priest of Blood (m35_00) [f35007000]
map:m35_00	35007970	set	cone root MAP_ACCESS(m35_00) at m35_00_00_00.emevd.dcx.js:90005300 set by m35_00_00_00.emevd.dcx.js	questline_conditions					extractor-cone-root	questline_conditions:35007970:m35_00_00_00.emevd.dcx.js:90005300:50	single	map_access	Leyndell	map_id	Leyndell	no	7772418	Leyndell :: Somber Smithing Stone [6] - around Underground Roadside, may be sweep-granted by Esgar, Priest of Blood (m35_00) [f35007970]
map:m35_00	35007980	set	cone root MAP_ACCESS(m35_00) at m35_00_00_00.emevd.dcx.js:90005300 set by m35_00_00_00.emevd.dcx.js	questline_conditions					extractor-cone-root	questline_conditions:35007980:m35_00_00_00.emevd.dcx.js:90005300:50	single	map_access	Leyndell	map_id	Leyndell	no	7772419	Leyndell :: Somber Smithing Stone [7] - around Underground Roadside (1), may be sweep-granted by Mohg, the Omen (m35_00) [f35007980]
7606	39207500	set	$InitializeCommonEvent(90005774) arg0	lot_gates					commonarg-positive-by-construction	lot_gates:39207500:90005774	single	world			Liurnia	unknown	7900224	Liurnia :: Bull-Goat Greaves - near Magma Wyrm Makar, may be sweep-granted by Magma Wyrm Makar (m39_20) [f39207500]
7606	39207500	set	cone root BOSS_KILL(7606) at m39_20_00_00.emevd.dcx.js:90005774 set by common_func.emevd.dcx.js:90005796	questline_conditions					extractor-cone-root	questline_conditions:39207500:m39_20_00_00.emevd.dcx.js:90005774:0	unknown	world			Liurnia	unknown	7900224	Liurnia :: Bull-Goat Greaves - near Magma Wyrm Makar, may be sweep-granted by Magma Wyrm Makar (m39_20) [f39207500]
map:m39_20	39207500	set	cone root MAP_ACCESS(m39_20) at m39_20_00_00.emevd.dcx.js:90005774 set by m39_20_00_00.emevd.dcx.js	questline_conditions					extractor-cone-root	questline_conditions:39207500:m39_20_00_00.emevd.dcx.js:90005774:0	unknown	map_access	Liurnia	map_id	Liurnia	no	7900224	Liurnia :: Bull-Goat Greaves - near Magma Wyrm Makar, may be sweep-granted by Magma Wyrm Makar (m39_20) [f39207500]
map:m42_00	42007000	set	cone root MAP_ACCESS(m42_00) at m42_00_00_00.emevd.dcx.js:42002610 set by m42_00_00_00.emevd.dcx.js	questline_conditions					extractor-cone-root	questline_conditions:42007000:m42_00_00_00.emevd.dcx.js:42002610:	single	map_access	Gravesite	map_id	Gravesite	no	7772451	Gravesite :: Anvil Hammer - around Ruined Forge Lava Intake, may be sweep-granted by Knight of the Solitary Gaol (m61_46_41) [f42007000]
map:m42_00	42007000	set	cone root MAP_ACCESS(m42_00) at m42_00_00_00.emevd.dcx.js:90005555 set by m42_00_00_00.emevd.dcx.js	questline_conditions					extractor-cone-root	questline_conditions:42007000:m42_00_00_00.emevd.dcx.js:90005555:0	single	map_access	Gravesite	map_id	Gravesite	no	7772451	Gravesite :: Anvil Hammer - around Ruined Forge Lava Intake, may be sweep-granted by Knight of the Solitary Gaol (m61_46_41) [f42007000]
map:m42_02	42027000	set	cone root MAP_ACCESS(m42_02) at m42_02_00_00.emevd.dcx.js:42022620 set by m42_02_00_00.emevd.dcx.js	questline_conditions					extractor-cone-root	questline_conditions:42027000:m42_02_00_00.emevd.dcx.js:42022620:	single	map_access	Scadu Altus	map_id	Scadu Altus	no	7772452	Scadu Altus :: Ancient Meteoric Ore Greatsword - around Ruined Forge of Starfall Past, may be sweep-granted by Rakshasa (m61_51_44) [f42027000]
map:m42_02	42027000	set	cone root MAP_ACCESS(m42_02) at m42_02_00_00.emevd.dcx.js:90005555 set by m42_02_00_00.emevd.dcx.js	questline_conditions					extractor-cone-root	questline_conditions:42027000:m42_02_00_00.emevd.dcx.js:90005555:0	single	map_access	Scadu Altus	map_id	Scadu Altus	no	7772452	Scadu Altus :: Ancient Meteoric Ore Greatsword - around Ruined Forge of Starfall Past, may be sweep-granted by Rakshasa (m61_51_44) [f42027000]
map:m42_03	42037000	set	cone root MAP_ACCESS(m42_03) at m42_03_00_00.emevd.dcx.js:42032600 set by m42_03_00_00.emevd.dcx.js	questline_conditions					extractor-cone-root	questline_conditions:42037000:m42_03_00_00.emevd.dcx.js:42032600:	single	map_access	Rauh Base	map_id	Rauh Base	no	7772453	Rauh Base :: Taylew the Golem Smith - around Taylew's Ruined Forge, may be sweep-granted by Red Bear (m61_46_45) [f42037000]
map:m42_03	42037000	set	cone root MAP_ACCESS(m42_03) at m42_03_00_00.emevd.dcx.js:90005555 set by m42_03_00_00.emevd.dcx.js	questline_conditions					extractor-cone-root	questline_conditions:42037000:m42_03_00_00.emevd.dcx.js:90005555:0	single	map_access	Rauh Base	map_id	Rauh Base	no	7772453	Rauh Base :: Taylew the Golem Smith - around Taylew's Ruined Forge, may be sweep-granted by Red Bear (m61_46_45) [f42037000]
map:m43_01	43017900	set	cone root MAP_ACCESS(m43_01) at m43_01_00_00.emevd.dcx.js:90005301 set by m43_01_00_00.emevd.dcx.js	questline_conditions					extractor-cone-root	questline_conditions:43017900:m43_01_00_00.emevd.dcx.js:90005301:0	single	map_access	Gravesite	map_id	Gravesite	no	7772465	Gravesite :: Dragon Heart - around Dragon's Pit, may be sweep-granted by Ancient Dragon-Man (m43_01) [f43017900]
map:m60_33	1033417400	set	cone root MAP_ACCESS(m60_33) at m60_33_41_00.emevd.dcx.js:90005300 set by m60_33_41_00.emevd.dcx.js	questline_conditions					extractor-cone-root	questline_conditions:1033417400:m60_33_41_00.emevd.dcx.js:90005300:0	single	map_access			Liurnia	unknown	7772470	Liurnia :: Dragon Heart - m60_33_41 (region unconfirmed) (1) [f1033417400]
map:m60_33	1033417410	set	cone root MAP_ACCESS(m60_33) at m60_33_41_00.emevd.dcx.js:90005300 set by m60_33_41_00.emevd.dcx.js	questline_conditions					extractor-cone-root	questline_conditions:1033417410:m60_33_41_00.emevd.dcx.js:90005300:0	single	map_access			Liurnia	unknown	7772471	Liurnia :: Dragon Heart - m60_33_41 (region unconfirmed) (2) [f1033417410]
map:m60_34	1034427400	set	cone root MAP_ACCESS(m60_34) at m60_34_42_00.emevd.dcx.js:90005300 set by m60_34_42_00.emevd.dcx.js	questline_conditions					extractor-cone-root	questline_conditions:1034427400:m60_34_42_00.emevd.dcx.js:90005300:0	single	map_access			Liurnia	unknown	7772485	Liurnia :: Dragon Heart - around Village of the Albinaurics [f1034427400]
map:m60_34	1034437200	set	cone root MAP_ACCESS(m60_34) at m60_34_43_00.emevd.dcx.js:1034432261 set by m60_34_43_00.emevd.dcx.js	questline_conditions					extractor-cone-root	questline_conditions:1034437200:m60_34_43_00.emevd.dcx.js:1034432261:0	single	map_access			Liurnia	unknown	7772487	Liurnia :: Golden Rune [6] - around Converted Tower, may be sweep-granted by Omenkiller (m60_35_42) [f1034437200]
map:m60_34	1034477300	set	cone root MAP_ACCESS(m60_34) at m60_34_47_00.emevd.dcx.js:1034472261 set by m60_34_47_00.emevd.dcx.js	questline_conditions					extractor-cone-root	questline_conditions:1034477300:m60_34_47_00.emevd.dcx.js:1034472261:0	single	map_access			Liurnia	unknown	7772509	Liurnia :: Golden Rune [6] - around Sorcerer's Isle (1), may be sweep-granted by Royal Revenant (m60_34_48) [f1034477300]
map:m60_34	1034477310	set	cone root MAP_ACCESS(m60_34) at m60_34_47_00.emevd.dcx.js:1034472261 set by m60_34_47_00.emevd.dcx.js	questline_conditions					extractor-cone-root	questline_conditions:1034477310:m60_34_47_00.emevd.dcx.js:1034472261:0	single	map_access			Liurnia	unknown	7772510	Liurnia :: Golden Rune [6] - around Sorcerer's Isle (2), may be sweep-granted by Royal Revenant (m60_34_48) [f1034477310]
map:m60_34	1034487300	set	cone root MAP_ACCESS(m60_34) at m60_34_48_00.emevd.dcx.js:1034482261 set by m60_34_48_00.emevd.dcx.js	questline_conditions					extractor-cone-root	questline_conditions:1034487300:m60_34_48_00.emevd.dcx.js:1034482261:0	single	map_access			Liurnia	unknown	7772515	Liurnia :: Golden Rune [6] - around Northern Liurnia Lake Shore (1), may be sweep-granted by Royal Revenant (m60_34_48) [f1034487300]
map:m60_34	1034487310	set	cone root MAP_ACCESS(m60_34) at m60_34_48_00.emevd.dcx.js:1034482261 set by m60_34_48_00.emevd.dcx.js	questline_conditions					extractor-cone-root	questline_conditions:1034487310:m60_34_48_00.emevd.dcx.js:1034482261:0	single	map_access			Liurnia	unknown	7772516	Liurnia :: Golden Rune [6] - around Northern Liurnia Lake Shore (2), may be sweep-granted by Royal Revenant (m60_34_48) [f1034487310]
1035432220	1035437100	set	$InitializeCommonEvent(90005390) arg1	lot_gates					commonarg-positive-by-construction	lot_gates:1035437100:90005390	single	world	Liurnia	flag_decode	Liurnia	no	7772534	Liurnia :: Larval Tear - around Folly on the Lake, may be sweep-granted by Glintstone Dragon Adula (m60_34_42) [f1035437100]
1035432220	1035437100	set	cone root BOSS_KILL(1035432220) at m60_35_43_00.emevd.dcx.js:90005390 set by common_func.emevd.dcx.js:90005391	questline_conditions					extractor-cone-root	questline_conditions:1035437100:m60_35_43_00.emevd.dcx.js:90005390:0	unknown	world	Liurnia	flag_decode	Liurnia	no	7772534	Liurnia :: Larval Tear - around Folly on the Lake, may be sweep-granted by Glintstone Dragon Adula (m60_34_42) [f1035437100]
map:m60_35	1035437100	set	cone root MAP_ACCESS(m60_35) at m60_35_43_00.emevd.dcx.js:90005390 set by m60_35_43_00.emevd.dcx.js	questline_conditions					extractor-cone-root	questline_conditions:1035437100:m60_35_43_00.emevd.dcx.js:90005390:0	unknown	map_access			Liurnia	unknown	7772534	Liurnia :: Larval Tear - around Folly on the Lake, may be sweep-granted by Glintstone Dragon Adula (m60_34_42) [f1035437100]
7607	1035467700	set	$InitializeCommonEvent(90005774) arg0	lot_gates					commonarg-positive-by-construction	lot_gates:1035467700:90005774	single	world			Raya Lucaria Academy	unknown	7772550	Raya Lucaria Academy :: Ash of War: Raptor of the Mists - around Main Academy Gate, may be sweep-granted by Red Wolf of Radagon (m14_00) [f1035467700]
7607	1035467700	set	cone root BOSS_KILL(7607) at m60_35_46_00.emevd.dcx.js:90005774 set by common_func.emevd.dcx.js:90005796	questline_conditions					extractor-cone-root	questline_conditions:1035467700:m60_35_46_00.emevd.dcx.js:90005774:0	unknown	world			Raya Lucaria Academy	unknown	7772550	Raya Lucaria Academy :: Ash of War: Raptor of the Mists - around Main Academy Gate, may be sweep-granted by Red Wolf of Radagon (m14_00) [f1035467700]
map:m60_35	1035467700	set	cone root MAP_ACCESS(m60_35) at m60_35_46_00.emevd.dcx.js:90005774 set by m60_35_46_00.emevd.dcx.js	questline_conditions					extractor-cone-root	questline_conditions:1035467700:m60_35_46_00.emevd.dcx.js:90005774:0	unknown	map_access			Raya Lucaria Academy	unknown	7772550	Raya Lucaria Academy :: Ash of War: Raptor of the Mists - around Main Academy Gate, may be sweep-granted by Red Wolf of Radagon (m14_00) [f1035467700]
map:m60_35	1035487100	set	cone root MAP_ACCESS(m60_35) at m60_35_48_00.emevd.dcx.js:1035482261 set by m60_35_48_00.emevd.dcx.js	questline_conditions					extractor-cone-root	questline_conditions:1035487100:m60_35_48_00.emevd.dcx.js:1035482261:0	single	map_access			Liurnia	unknown	7772556	Liurnia :: Golden Rune [6] - m60_35_48 (region unconfirmed), may be sweep-granted by Royal Revenant (m60_34_48) [f1035487100]
1036450800	1036457400	set	cone root BOSS_KILL(1036450800) at m60_36_45_00.emevd.dcx.js:90005860 set by common_func.emevd.dcx.js:90005860	questline_conditions					extractor-cone-root	questline_conditions:1036457400:m60_36_45_00.emevd.dcx.js:90005860:0	unknown	world	Liurnia	flag_decode	Liurnia	no	7772582	Liurnia :: [Sorcery] Ancient Death Rancor - around Gate Town North [f1036457400]
map:m60_36	1036457400	set	cone root MAP_ACCESS(m60_36) at m60_36_45_00.emevd.dcx.js:90005860 set by m60_36_45_00.emevd.dcx.js	questline_conditions					extractor-cone-root	questline_conditions:1036457400:m60_36_45_00.emevd.dcx.js:90005860:0	unknown	map_access			Liurnia	unknown	7772582	Liurnia :: [Sorcery] Ancient Death Rancor - around Gate Town North [f1036457400]
1036480800	1036487400	set	cone root BOSS_KILL(1036480800) at m60_36_48_00.emevd.dcx.js:90005860 set by common_func.emevd.dcx.js:90005300	questline_conditions					extractor-cone-root	questline_conditions:1036487400:m60_36_48_00.emevd.dcx.js:90005860:0	unknown	world	Liurnia	flag_decode	Liurnia	no	7900233	Liurnia :: Nightrider Glaive - around East Raya Lucaria Gate [f1036487400]
map:m60_36	1036487400	set	cone root MAP_ACCESS(m60_36) at m60_36_48_00.emevd.dcx.js:90005860 set by m60_36_48_00.emevd.dcx.js	questline_conditions					extractor-cone-root	questline_conditions:1036487400:m60_36_48_00.emevd.dcx.js:90005860:0	unknown	map_access			Liurnia	unknown	7900233	Liurnia :: Nightrider Glaive - around East Raya Lucaria Gate [f1036487400]
1036542350	1036547100	set	cone root BOSS_KILL(1036542350) at m60_36_54_00.emevd.dcx.js:1036542250 set by common_func.emevd.dcx.js:90005391	questline_conditions					extractor-cone-root	questline_conditions:1036547100:m60_36_54_00.emevd.dcx.js:1036542250:0	unknown	world	Mt. Gelmir	flag_decode	Mt. Gelmir	no	7772600	Mt. Gelmir :: Larval Tear - around Ninth Mt. Gelmir Campsite, may be sweep-granted by Full-Grown Fallingstar Beast (m60_36_54) [f1036547100]
map:m60_36	1036547100	set	cone root MAP_ACCESS(m60_36) at m60_36_54_00.emevd.dcx.js:1036542250 set by m60_36_54_00.emevd.dcx.js	questline_conditions					extractor-cone-root	questline_conditions:1036547100:m60_36_54_00.emevd.dcx.js:1036542250:0	unknown	map_access			Mt. Gelmir	unknown	7772600	Mt. Gelmir :: Larval Tear - around Ninth Mt. Gelmir Campsite, may be sweep-granted by Full-Grown Fallingstar Beast (m60_36_54) [f1036547100]
1037420800	1037427400	set	cone root BOSS_KILL(1037420800) at m60_37_42_00.emevd.dcx.js:90005860 set by common_func.emevd.dcx.js:90005860	questline_conditions					extractor-cone-root	questline_conditions:1037427400:m60_37_42_00.emevd.dcx.js:90005860:0	unknown	world	Liurnia	flag_decode	Liurnia	no	7772604	Liurnia :: Red-Feathered Branchsword - around Scenic Isle [f1037427400]
map:m60_37	1037427400	set	cone root MAP_ACCESS(m60_37) at m60_37_42_00.emevd.dcx.js:90005860 set by m60_37_42_00.emevd.dcx.js	questline_conditions					extractor-cone-root	questline_conditions:1037427400:m60_37_42_00.emevd.dcx.js:90005860:0	unknown	map_access			Liurnia	unknown	7772604	Liurnia :: Red-Feathered Branchsword - around Scenic Isle [f1037427400]
1037460800	1037467400	set	cone root BOSS_KILL(1037460800) at m60_37_46_00.emevd.dcx.js:90005860 set by common_func.emevd.dcx.js:90005860	questline_conditions					extractor-cone-root	questline_conditions:1037467400:m60_37_46_00.emevd.dcx.js:90005860:0	unknown	world	Liurnia	flag_decode	Liurnia	no	7772609	Liurnia :: Meat Peddler's Bell Bearing - Bell Bearing Hunter, may be sweep-granted by Bell Bearing Hunter (m60_37_46) [f1037467400]
map:m60_37	1037467400	set	cone root MAP_ACCESS(m60_37) at m60_37_46_00.emevd.dcx.js:90005860 set by m60_37_46_00.emevd.dcx.js	questline_conditions					extractor-cone-root	questline_conditions:1037467400:m60_37_46_00.emevd.dcx.js:90005860:0	unknown	map_access			Liurnia	unknown	7772609	Liurnia :: Meat Peddler's Bell Bearing - Bell Bearing Hunter, may be sweep-granted by Bell Bearing Hunter (m60_37_46) [f1037467400]
1037492181	1037497300	set	$InitializeCommonEvent(90005792) arg1	lot_gates					commonarg-positive-by-construction	lot_gates:1037497300:90005792	single	world	Liurnia	flag_decode	Liurnia	no	7900238	Liurnia :: Vyke's War Spear - around Church of Inhibition, may be sweep-granted by Erdtree Avatar (m60_38_48) [f1037497300]
map:m60_38	1038437100	set	cone root MAP_ACCESS(m60_38) at m60_38_43_00.emevd.dcx.js:1038432261 set by m60_38_43_00.emevd.dcx.js	questline_conditions					extractor-cone-root	questline_conditions:1038437100:m60_38_43_00.emevd.dcx.js:1038432261:0	single	map_access			Liurnia	unknown	7772674	Liurnia :: Golden Rune [6] - around Gate Town Bridge, may be sweep-granted by Night's Cavalry (m60_39_43) [f1038437100]
map:m60_38	1038547100	set	cone root MAP_ACCESS(m60_38) at m60_38_54_00.emevd.dcx.js:90005300 set by m60_38_54_00.emevd.dcx.js	questline_conditions					extractor-cone-root	questline_conditions:1038547100:m60_38_54_00.emevd.dcx.js:90005300:0	single	map_access			Mt. Gelmir	unknown	7900243	Mt. Gelmir :: Marais Robe - around First Mt. Gelmir Campsite, may be sweep-granted by Ulcerated Tree Spirit (m60_37_54) [f1038547100]
1038542410	1038547700	set	$InitializeCommonEvent(90005792) arg1	lot_gates					commonarg-positive-by-construction	lot_gates:1038547700:90005792	single	world	Mt. Gelmir	flag_decode	Mt. Gelmir	no	7772709	Mt. Gelmir :: Sacred Butchering Knife - around First Mt. Gelmir Campsite, may be sweep-granted by Ulcerated Tree Spirit (m60_37_54) [f1038547700]
map:m60_39	1039417300	set	cone root MAP_ACCESS(m60_39) at m60_39_41_00.emevd.dcx.js:1039412251 set by m60_39_41_00.emevd.dcx.js	questline_conditions					extractor-cone-root	questline_conditions:1039417300:m60_39_41_00.emevd.dcx.js:1039412251:0	single	map_access			Liurnia	unknown	7772714	Liurnia :: Golden Rune [6] - around Liurnia Highway South (1), may be sweep-granted by Adan, Thief of Fire (m60_38_41) [f1039417300]
map:m60_39	1039417310	set	cone root MAP_ACCESS(m60_39) at m60_39_41_00.emevd.dcx.js:1039412251 set by m60_39_41_00.emevd.dcx.js	questline_conditions					extractor-cone-root	questline_conditions:1039417310:m60_39_41_00.emevd.dcx.js:1039412251:0	single	map_access			Liurnia	unknown	7772715	Liurnia :: Golden Rune [6] - around Liurnia Highway South (2), may be sweep-granted by Adan, Thief of Fire (m60_38_41) [f1039417310]
1039430800	1039437400	set	cone root BOSS_KILL(1039430800) at m60_39_43_00.emevd.dcx.js:90005860 set by common_func.emevd.dcx.js:90005300	questline_conditions					extractor-cone-root	questline_conditions:1039437400:m60_39_43_00.emevd.dcx.js:90005860:0	unknown	world			Liurnia	unknown	7772729	Liurnia :: Ash of War: Ice Spear - m60_39_43 (region unconfirmed) [f1039437400]
map:m60_39	1039437400	set	cone root MAP_ACCESS(m60_39) at m60_39_43_00.emevd.dcx.js:90005860 set by m60_39_43_00.emevd.dcx.js	questline_conditions					extractor-cone-root	questline_conditions:1039437400:m60_39_43_00.emevd.dcx.js:90005860:0	unknown	map_access			Liurnia	unknown	7772729	Liurnia :: Ash of War: Ice Spear - m60_39_43 (region unconfirmed) [f1039437400]
map:m60_39	1039507100	set	cone root MAP_ACCESS(m60_39) at m60_39_50_00.emevd.dcx.js:1039502580 set by m60_39_50_00.emevd.dcx.js	questline_conditions					extractor-cone-root	questline_conditions:1039507100:m60_39_50_00.emevd.dcx.js:1039502580:0	single	map_access			Altus	unknown	7772737	Altus :: Godfrey Icon - Godefroy, Evergaol (region unconfirmed) [f1039507100]
1039510800	1039517200	set	cone root BOSS_KILL(1039510800) at m60_39_51_00.emevd.dcx.js:90005860 set by common_func.emevd.dcx.js:90005300	questline_conditions					extractor-cone-root	questline_conditions:1039517200:m60_39_51_00.emevd.dcx.js:90005860:0	unknown	world	Altus	flag_decode	Altus	no	7772742	Altus :: Ash of War: Shared Order - Night's Cavalry, may be sweep-granted by Night's Cavalry (m60_39_51) [f1039517200]
map:m60_39	1039517200	set	cone root MAP_ACCESS(m60_39) at m60_39_51_00.emevd.dcx.js:90005860 set by m60_39_51_00.emevd.dcx.js	questline_conditions					extractor-cone-root	questline_conditions:1039517200:m60_39_51_00.emevd.dcx.js:90005860:0	unknown	map_access			Altus	unknown	7772742	Altus :: Ash of War: Shared Order - Night's Cavalry, may be sweep-granted by Night's Cavalry (m60_39_51) [f1039517200]
1039520655	1039537050	set	if (!EventFlag(1039530510)) { ;; WaitFor( EventFlag(1039530655) && EventFlag(1039520655) && EventFlag(1040530655) && !AllPlayersInArea(1039532260));	treasure_enablers	Magician's Tower_Stopping the gimmick device	魔術師の塔_ギミック装置の停止	emevd_event	1	enabler-conjunctive-eventflag-test	treasure_enablers:1039537050:1039532400	all	world			Mt. Gelmir	unknown	7900245	Mt. Gelmir :: Unseen Form - near Bower of Bounty, may be sweep-granted by Ulcerated Tree Spirit (m60_37_54) [f1039537050]
1039530655	1039537050	set	if (!EventFlag(1039530510)) { ;; WaitFor( EventFlag(1039530655) && EventFlag(1039520655) && EventFlag(1040530655) && !AllPlayersInArea(1039532260));	treasure_enablers	Magician's Tower_Stopping the gimmick device	魔術師の塔_ギミック装置の停止	emevd_event	1	enabler-conjunctive-eventflag-test	treasure_enablers:1039537050:1039532400	all	world	Mt. Gelmir	flag_decode	Mt. Gelmir	no	7900245	Mt. Gelmir :: Unseen Form - near Bower of Bounty, may be sweep-granted by Ulcerated Tree Spirit (m60_37_54) [f1039537050]
1040530655	1039537050	set	if (!EventFlag(1039530510)) { ;; WaitFor( EventFlag(1039530655) && EventFlag(1039520655) && EventFlag(1040530655) && !AllPlayersInArea(1039532260));	treasure_enablers	Magician's Tower_Stopping the gimmick device	魔術師の塔_ギミック装置の停止	emevd_event	1	enabler-conjunctive-eventflag-test	treasure_enablers:1039537050:1039532400	all	world	Altus	flag_decode	Mt. Gelmir	yes	7900245	Mt. Gelmir :: Unseen Form - near Bower of Bounty, may be sweep-granted by Ulcerated Tree Spirit (m60_37_54) [f1039537050]
1039520655	1039537060	set	if (!EventFlag(1039530510)) { ;; WaitFor( EventFlag(1039530655) && EventFlag(1039520655) && EventFlag(1040530655) && !AllPlayersInArea(1039532260));	treasure_enablers	Magician's Tower_Stopping the gimmick device	魔術師の塔_ギミック装置の停止	emevd_event	1	enabler-conjunctive-eventflag-test	treasure_enablers:1039537060:1039532400	all	world			Mt. Gelmir	unknown	7772751	Mt. Gelmir :: Slumbering Egg - near Bower of Bounty, may be sweep-granted by Ulcerated Tree Spirit (m60_37_54) [f1039537060]
1039530655	1039537060	set	if (!EventFlag(1039530510)) { ;; WaitFor( EventFlag(1039530655) && EventFlag(1039520655) && EventFlag(1040530655) && !AllPlayersInArea(1039532260));	treasure_enablers	Magician's Tower_Stopping the gimmick device	魔術師の塔_ギミック装置の停止	emevd_event	1	enabler-conjunctive-eventflag-test	treasure_enablers:1039537060:1039532400	all	world	Mt. Gelmir	flag_decode	Mt. Gelmir	no	7772751	Mt. Gelmir :: Slumbering Egg - near Bower of Bounty, may be sweep-granted by Ulcerated Tree Spirit (m60_37_54) [f1039537060]
1040530655	1039537060	set	if (!EventFlag(1039530510)) { ;; WaitFor( EventFlag(1039530655) && EventFlag(1039520655) && EventFlag(1040530655) && !AllPlayersInArea(1039532260));	treasure_enablers	Magician's Tower_Stopping the gimmick device	魔術師の塔_ギミック装置の停止	emevd_event	1	enabler-conjunctive-eventflag-test	treasure_enablers:1039537060:1039532400	all	world	Altus	flag_decode	Mt. Gelmir	yes	7772751	Mt. Gelmir :: Slumbering Egg - near Bower of Bounty, may be sweep-granted by Ulcerated Tree Spirit (m60_37_54) [f1039537060]
map:m60_39	1039537080	set	cone root MAP_ACCESS(m60_39) at m60_39_53_00.emevd.dcx.js:1039532600 set by m60_39_53_00.emevd.dcx.js	questline_conditions					extractor-cone-root	questline_conditions:1039537080:m60_39_53_00.emevd.dcx.js:1039532600:	single	map_access			Mt. Gelmir	unknown	7772753	Mt. Gelmir :: Mirage Riddle - around Bridge of Iniquity, may be sweep-granted by Ulcerated Tree Spirit (m60_37_54) [f1039537080]
7603	1039537700	set	$InitializeCommonEvent(90005774) arg0	lot_gates					commonarg-positive-by-construction	lot_gates:1039537700:90005774	single	world			Mt. Gelmir	unknown	7900246	Mt. Gelmir :: Black-Key Bolt - around Bridge of Iniquity, may be sweep-granted by Demi-Human Queen Maggie (m60_37_53) [f1039537700]
7603	1039537700	set	cone root BOSS_KILL(7603) at m60_39_53_00.emevd.dcx.js:90005774 set by common_func.emevd.dcx.js:90005796	questline_conditions					extractor-cone-root	questline_conditions:1039537700:m60_39_53_00.emevd.dcx.js:90005774:0	unknown	world			Mt. Gelmir	unknown	7900246	Mt. Gelmir :: Black-Key Bolt - around Bridge of Iniquity, may be sweep-granted by Demi-Human Queen Maggie (m60_37_53) [f1039537700]
map:m60_39	1039537700	set	cone root MAP_ACCESS(m60_39) at m60_39_53_00.emevd.dcx.js:90005774 set by m60_39_53_00.emevd.dcx.js	questline_conditions					extractor-cone-root	questline_conditions:1039537700:m60_39_53_00.emevd.dcx.js:90005774:0	unknown	map_access			Mt. Gelmir	unknown	7900246	Mt. Gelmir :: Black-Key Bolt - around Bridge of Iniquity, may be sweep-granted by Demi-Human Queen Maggie (m60_37_53) [f1039537700]
1040403500	1040407000	unknown	if (EventFlag(1040408500)) { ;; > WaitFor( (PlayerIsInOwnWorld() && ObjActEventFlag(1040403500)) || AssetDestroyed(1040401500));	treasure_enablers					enabler-not-an-eventflag-test-above-the-enable	treasure_enablers:1040407000:90005422	unknown	world			Liurnia	unknown	7774285	Liurnia :: Treespear - near Lake-Facing Cliffs (region unconfirmed), may be sweep-granted by Adan, Thief of Fire (m60_38_41) [f1040407000]
1040408500	1040407000	set	if (EventFlag(1040408500)) { ;; > WaitFor( (PlayerIsInOwnWorld() && ObjActEventFlag(1040403500)) || AssetDestroyed(1040401500));	treasure_enablers					enabler-conjunctive-eventflag-test	treasure_enablers:1040407000:90005422	unknown	world			Liurnia	unknown	7774285	Liurnia :: Treespear - near Lake-Facing Cliffs (region unconfirmed), may be sweep-granted by Adan, Thief of Fire (m60_38_41) [f1040407000]
map:m60_42	1042337100	set	cone root MAP_ACCESS(m60_42) at m60_42_33_00.emevd.dcx.js:90005880 set by m60_42_33_00.emevd.dcx.js	questline_conditions					extractor-cone-root	questline_conditions:1042337100:m60_42_33_00.emevd.dcx.js:90005880:0	single	map_access			Weeping	unknown	7772804	Weeping :: Radagon's Scarseal - Ancient Hero of Zamor, may be sweep-granted by Ancient Hero of Zamor (m60_42_33) [f1042337100]
1043379262	1042377700	set	$InitializeCommonEvent(90005774) arg0	lot_gates	NPC318_Host of Chaos_During the battle with Nerius_Switching process	NPC318_混沌の宿主_ネリウス戦中_切り替え処理	emevd_event	1	commonarg-positive-by-construction	lot_gates:1042377700:90005774	single	world	Limgrave	flag_decode	Limgrave	no	7772824	Limgrave :: Reduvia - near Murkwater Cave, may be sweep-granted by Night's Cavalry (m60_43_37) [f1042377700]
1043379262	1042377700	set	cone root BOSS_KILL(1043379262) at m60_43_37_00.emevd.dcx.js:90005774 set by m60_43_37_00.emevd.dcx.js:1043373722	questline_conditions	NPC318_Host of Chaos_During the battle with Nerius_Switching process	NPC318_混沌の宿主_ネリウス戦中_切り替え処理	emevd_event	1	extractor-cone-root	questline_conditions:1042377700:m60_43_37_00.emevd.dcx.js:90005774:0	unknown	world	Limgrave	flag_decode	Limgrave	no	7772824	Limgrave :: Reduvia - near Murkwater Cave, may be sweep-granted by Night's Cavalry (m60_43_37) [f1042377700]
map:m60_43	1042377700	set	cone root MAP_ACCESS(m60_43) at m60_43_37_00.emevd.dcx.js:90005774 set by m60_43_37_00.emevd.dcx.js	questline_conditions					extractor-cone-root	questline_conditions:1042377700:m60_43_37_00.emevd.dcx.js:90005774:0	unknown	map_access			Limgrave	unknown	7772824	Limgrave :: Reduvia - near Murkwater Cave, may be sweep-granted by Night's Cavalry (m60_43_37) [f1042377700]
1042380800	1042387400	set	cone root BOSS_KILL(1042380800) at m60_42_38_00.emevd.dcx.js:90005860 set by common_func.emevd.dcx.js:90005860	questline_conditions					extractor-cone-root	questline_conditions:1042387400:m60_42_38_00.emevd.dcx.js:90005860:0	unknown	world	Limgrave	flag_decode	Limgrave	no	7772839	Limgrave :: Blue-Feathered Branchsword - Deathbird, may be sweep-granted by Deathbird (m60_42_38) [f1042387400]
map:m60_42	1042387400	set	cone root MAP_ACCESS(m60_42) at m60_42_38_00.emevd.dcx.js:90005860 set by m60_42_38_00.emevd.dcx.js	questline_conditions					extractor-cone-root	questline_conditions:1042387400:m60_42_38_00.emevd.dcx.js:90005860:0	unknown	map_access			Limgrave	unknown	7772839	Limgrave :: Blue-Feathered Branchsword - Deathbird, may be sweep-granted by Deathbird (m60_42_38) [f1042387400]
1042380850	1042387410	set	cone root BOSS_KILL(1042380850) at m60_42_38_00.emevd.dcx.js:90005860 set by common_func.emevd.dcx.js:90005860	questline_conditions					extractor-cone-root	questline_conditions:1042387410:m60_42_38_00.emevd.dcx.js:90005860:0	unknown	world	Limgrave	flag_decode	Limgrave	no	7772840	Limgrave :: Bone Peddler's Bell Bearing - Bell Bearing Hunter, may be sweep-granted by Bell Bearing Hunter (m60_42_38) [f1042387410]
map:m60_42	1042387410	set	cone root MAP_ACCESS(m60_42) at m60_42_38_00.emevd.dcx.js:90005860 set by m60_42_38_00.emevd.dcx.js	questline_conditions					extractor-cone-root	questline_conditions:1042387410:m60_42_38_00.emevd.dcx.js:90005860:0	unknown	map_access			Limgrave	unknown	7772840	Limgrave :: Bone Peddler's Bell Bearing - Bell Bearing Hunter, may be sweep-granted by Bell Bearing Hunter (m60_42_38) [f1042387410]
7602	1042397500	set	$InitializeCommonEvent(90005774) arg0	lot_gates					commonarg-positive-by-construction	lot_gates:1042397500:90005774	single	world	Mt. Gelmir	test_map	Limgrave	yes	7900255	Limgrave :: Scaled Greaves - m60_42_39 (region unconfirmed), may be sweep-granted by Bell Bearing Hunter (m60_42_38) [f1042397500]
7602	1042397500	set	cone root BOSS_KILL(7602) at m60_42_39_00.emevd.dcx.js:90005774 set by common_func.emevd.dcx.js:90005796	questline_conditions					extractor-cone-root	questline_conditions:1042397500:m60_42_39_00.emevd.dcx.js:90005774:0	unknown	world			Limgrave	unknown	7900255	Limgrave :: Scaled Greaves - m60_42_39 (region unconfirmed), may be sweep-granted by Bell Bearing Hunter (m60_42_38) [f1042397500]
map:m60_42	1042397500	set	cone root MAP_ACCESS(m60_42) at m60_42_39_00.emevd.dcx.js:90005774 set by m60_42_39_00.emevd.dcx.js	questline_conditions					extractor-cone-root	questline_conditions:1042397500:m60_42_39_00.emevd.dcx.js:90005774:0	unknown	map_access			Limgrave	unknown	7900255	Limgrave :: Scaled Greaves - m60_42_39 (region unconfirmed), may be sweep-granted by Bell Bearing Hunter (m60_42_38) [f1042397500]
1042392181	1042397700	set	$InitializeCommonEvent(90005792) arg1	lot_gates					commonarg-positive-by-construction	lot_gates:1042397700:90005792	single	world			Limgrave	unknown	7772844	Limgrave :: Hammer Talisman - m60_42_39 (region unconfirmed), may be sweep-granted by Deathbird (m60_42_38) [f1042397700]
map:m60_42	1042507020	set	cone root MAP_ACCESS(m60_42) at m60_42_50_00.emevd.dcx.js:90005300 set by m60_42_50_00.emevd.dcx.js	questline_conditions					extractor-cone-root	questline_conditions:1042507020:m60_42_50_00.emevd.dcx.js:90005300:0	single	map_access			Altus	unknown	7772845	Altus :: Golden Seed - from the Ulcerated Tree Spirit south of Outer Wall Phantom Tree, may be sweep-granted by Tree Sentinel (m60_41_51) [f1042507020]
map:m60_42	1042517900	set	cone root MAP_ACCESS(m60_42) at m60_42_51_00.emevd.dcx.js:90005300 set by m60_42_51_00.emevd.dcx.js	questline_conditions					extractor-cone-root	questline_conditions:1042517900:m60_42_51_00.emevd.dcx.js:90005300:0	single	map_access			Altus	unknown	7772849	Altus :: Gargoyle's Great Axe - around Outer Wall Phantom Tree, may be sweep-granted by Tree Sentinel (m60_41_51) [f1042517900]
map:m60_43	1043347400	set	cone root MAP_ACCESS(m60_43) at m60_43_34_00.emevd.dcx.js:90005300 set by m60_43_34_00.emevd.dcx.js	questline_conditions					extractor-cone-root	questline_conditions:1043347400:m60_43_34_00.emevd.dcx.js:90005300:0	single	map_access			Weeping	unknown	7900256	Weeping :: Crystal Burst - around Church of Pilgrimage, may be sweep-granted by Ancient Hero of Zamor (m60_42_33) [f1043347400]
1043370800	1043377400	set	cone root BOSS_KILL(1043370800) at m60_43_37_00.emevd.dcx.js:90005860 set by common_func.emevd.dcx.js:90005300	questline_conditions					extractor-cone-root	questline_conditions:1043377400:m60_43_37_00.emevd.dcx.js:90005860:0	unknown	world	Limgrave	flag_decode	Limgrave	no	7772888	Limgrave :: Ash of War: Repeating Thrust - around Murkwater Cave [f1043377400]
map:m60_43	1043377400	set	cone root MAP_ACCESS(m60_43) at m60_43_37_00.emevd.dcx.js:90005860 set by m60_43_37_00.emevd.dcx.js	questline_conditions					extractor-cone-root	questline_conditions:1043377400:m60_43_37_00.emevd.dcx.js:90005860:0	unknown	map_access			Limgrave	unknown	7772888	Limgrave :: Ash of War: Repeating Thrust - around Murkwater Cave [f1043377400]
map:m60_43	1043527500	set	cone root MAP_ACCESS(m60_43) at m60_43_52_00.emevd.dcx.js:90005300 set by m60_43_52_00.emevd.dcx.js	questline_conditions					extractor-cone-root	questline_conditions:1043527500:m60_43_52_00.emevd.dcx.js:90005300:0	single	map_access			Altus	unknown	7772899	Altus :: Viridian Amber Medallion +1 - m60_43_52 (region unconfirmed), may be sweep-granted by Deathbird (m60_44_53) [f1043527500]
1042532350	1043537100	set	$InitializeCommonEvent(90005390) arg1	lot_gates					commonarg-positive-by-construction	lot_gates:1043537100:90005390	single	world			Altus	unknown	7772900	Altus :: Larval Tear - m60_42_53 (region unconfirmed), may be sweep-granted by Wormface (m60_41_53) [f1043537100]
1042532350	1043537100	set	cone root BOSS_KILL(1042532350) at m60_42_53_00.emevd.dcx.js:90005390 set by common_func.emevd.dcx.js:90005391	questline_conditions					extractor-cone-root	questline_conditions:1043537100:m60_42_53_00.emevd.dcx.js:90005390:0	unknown	world			Altus	unknown	7772900	Altus :: Larval Tear - m60_42_53 (region unconfirmed), may be sweep-granted by Wormface (m60_41_53) [f1043537100]
map:m60_42	1043537100	set	cone root MAP_ACCESS(m60_42) at m60_42_53_00.emevd.dcx.js:90005390 set by m60_42_53_00.emevd.dcx.js	questline_conditions					extractor-cone-root	questline_conditions:1043537100:m60_42_53_00.emevd.dcx.js:90005390:0	unknown	map_access			Altus	unknown	7772900	Altus :: Larval Tear - m60_42_53 (region unconfirmed), may be sweep-granted by Wormface (m60_41_53) [f1043537100]
1043530800	1043537400	set	cone root BOSS_KILL(1043530800) at m60_43_53_00.emevd.dcx.js:90005860 set by common_func.emevd.dcx.js:90005860	questline_conditions					extractor-cone-root	questline_conditions:1043537400:m60_43_53_00.emevd.dcx.js:90005860:0	unknown	world	Altus	flag_decode	Altus	no	7772901	Altus :: Medicine Peddler's Bell Bearing - Bell Bearing Hunter, may be sweep-granted by Bell Bearing Hunter (m60_43_53) [f1043537400]
map:m60_43	1043537400	set	cone root MAP_ACCESS(m60_43) at m60_43_53_00.emevd.dcx.js:90005860 set by m60_43_53_00.emevd.dcx.js	questline_conditions					extractor-cone-root	questline_conditions:1043537400:m60_43_53_00.emevd.dcx.js:90005860:0	unknown	map_access			Altus	unknown	7772901	Altus :: Medicine Peddler's Bell Bearing - Bell Bearing Hunter, may be sweep-granted by Bell Bearing Hunter (m60_43_53) [f1043537400]
1044320800	1044327400	set	cone root BOSS_KILL(1044320800) at m60_44_32_00.emevd.dcx.js:90005860 set by common_func.emevd.dcx.js:90005860	questline_conditions					extractor-cone-root	questline_conditions:1044327400:m60_44_32_00.emevd.dcx.js:90005860:0	unknown	world			Weeping	unknown	7772909	Weeping :: Sacrificial Axe - m60_44_32 (region unconfirmed) [f1044327400]
map:m60_44	1044327400	set	cone root MAP_ACCESS(m60_44) at m60_44_32_00.emevd.dcx.js:90005860 set by m60_44_32_00.emevd.dcx.js	questline_conditions					extractor-cone-root	questline_conditions:1044327400:m60_44_32_00.emevd.dcx.js:90005860:0	unknown	map_access			Weeping	unknown	7772909	Weeping :: Sacrificial Axe - m60_44_32 (region unconfirmed) [f1044327400]
1044320850	1044327410	set	cone root BOSS_KILL(1044320850) at m60_44_32_00.emevd.dcx.js:90005860 set by common_func.emevd.dcx.js:90005300	questline_conditions					extractor-cone-root	questline_conditions:1044327410:m60_44_32_00.emevd.dcx.js:90005860:0	unknown	world			Weeping	unknown	7900257	Weeping :: Nightrider Flail - m60_44_32 (region unconfirmed) [f1044327410]
map:m60_44	1044327410	set	cone root MAP_ACCESS(m60_44) at m60_44_32_00.emevd.dcx.js:90005860 set by m60_44_32_00.emevd.dcx.js	questline_conditions					extractor-cone-root	questline_conditions:1044327410:m60_44_32_00.emevd.dcx.js:90005860:0	unknown	map_access			Weeping	unknown	7900257	Weeping :: Nightrider Flail - m60_44_32 (region unconfirmed) [f1044327410]
1035432270	1044357100	set	$InitializeCommonEvent(90005390) arg1	lot_gates					commonarg-positive-by-construction	lot_gates:1044357100:90005390	single	world	Liurnia	flag_decode	Limgrave	yes	7772922	Limgrave :: Larval Tear - around Agheel Lake South, may be sweep-granted by Bloodhound Knight Darriwil (m60_44_35) [f1044357100]
1035432270	1044357100	set	cone root BOSS_KILL(1035432270) at m60_44_35_00.emevd.dcx.js:90005390 set by common_func.emevd.dcx.js:90005391	questline_conditions					extractor-cone-root	questline_conditions:1044357100:m60_44_35_00.emevd.dcx.js:90005390:0	unknown	world	Liurnia	flag_decode	Limgrave	yes	7772922	Limgrave :: Larval Tear - around Agheel Lake South, may be sweep-granted by Bloodhound Knight Darriwil (m60_44_35) [f1044357100]
map:m60_44	1044357100	set	cone root MAP_ACCESS(m60_44) at m60_44_35_00.emevd.dcx.js:90005390 set by m60_44_35_00.emevd.dcx.js	questline_conditions					extractor-cone-root	questline_conditions:1044357100:m60_44_35_00.emevd.dcx.js:90005390:0	unknown	map_access			Limgrave	unknown	7772922	Limgrave :: Larval Tear - around Agheel Lake South, may be sweep-granted by Bloodhound Knight Darriwil (m60_44_35) [f1044357100]
1044530800	1044537300	set	cone root BOSS_KILL(1044530800) at m60_44_53_00.emevd.dcx.js:90005860 set by common_func.emevd.dcx.js:90005860	questline_conditions					extractor-cone-root	questline_conditions:1044537300:m60_44_53_00.emevd.dcx.js:90005860:0	unknown	world			Altus	unknown	7772944	Altus :: Twinbird Kite Shield - Deathbird (region unconfirmed), may be sweep-granted by Deathbird (m60_44_53) [f1044537300]
1044530800	1044537300	set	cone root BOSS_KILL(1044530800) at m60_44_53_10.emevd.dcx.js:90005860 set by common_func.emevd.dcx.js:90005860	questline_conditions					extractor-cone-root	questline_conditions:1044537300:m60_44_53_10.emevd.dcx.js:90005860:0	unknown	world			Altus	unknown	7772944	Altus :: Twinbird Kite Shield - Deathbird (region unconfirmed), may be sweep-granted by Deathbird (m60_44_53) [f1044537300]
map:m60_44	1044537300	set	cone root MAP_ACCESS(m60_44) at m60_44_53_00.emevd.dcx.js:90005860 set by m60_44_53_00.emevd.dcx.js	questline_conditions					extractor-cone-root	questline_conditions:1044537300:m60_44_53_00.emevd.dcx.js:90005860:0	unknown	map_access			Altus	unknown	7772944	Altus :: Twinbird Kite Shield - Deathbird (region unconfirmed), may be sweep-granted by Deathbird (m60_44_53) [f1044537300]
map:m60_44	1044537300	set	cone root MAP_ACCESS(m60_44) at m60_44_53_10.emevd.dcx.js:90005860 set by m60_44_53_10.emevd.dcx.js	questline_conditions					extractor-cone-root	questline_conditions:1044537300:m60_44_53_10.emevd.dcx.js:90005860:0	unknown	map_access			Altus	unknown	7772944	Altus :: Twinbird Kite Shield - Deathbird (region unconfirmed), may be sweep-granted by Deathbird (m60_44_53) [f1044537300]
map:m60_46	1046367700	set	cone root MAP_ACCESS(m60_46) at m60_46_36_00.emevd.dcx.js:1046362300 set by m60_46_36_00.emevd.dcx.js	questline_conditions					extractor-cone-root	questline_conditions:1046367700:m60_46_36_00.emevd.dcx.js:1046362300:	single	map_access			Limgrave	unknown	7772955	Limgrave :: Ash of War: Bloody Slash - m60_46_36 (region unconfirmed), may be sweep-granted by Mad Pumpkin Head (m60_44_36) [f1046367700]
map:m60_46	1046367700	set	cone root MAP_ACCESS(m60_46) at m60_46_36_10.emevd.dcx.js:1046362300 set by m60_46_36_10.emevd.dcx.js	questline_conditions					extractor-cone-root	questline_conditions:1046367700:m60_46_36_10.emevd.dcx.js:1046362300:	single	map_access			Limgrave	unknown	7772955	Limgrave :: Ash of War: Bloody Slash - m60_46_36 (region unconfirmed), may be sweep-granted by Mad Pumpkin Head (m60_44_36) [f1046367700]
1046402181	1046407700	set	$InitializeCommonEvent(90005792) arg1	lot_gates					commonarg-positive-by-construction	lot_gates:1046407700:90005792	single	world	Caelid	flag_decode	Caelid	no	7772967	Caelid :: Sacred Scorpion Charm - around Smoldering Church, may be sweep-granted by Putrid Avatar (m60_47_40) [f1046407700]
1047372350	1047377100	set	cone root BOSS_KILL(1047372350) at m60_47_37_00.emevd.dcx.js:1047372200 set by common_func.emevd.dcx.js:90005391	questline_conditions					extractor-cone-root	questline_conditions:1047377100:m60_47_37_00.emevd.dcx.js:1047372200:0	unknown	world			Caelid	unknown	7772976	Caelid :: Larval Tear - m60_47_37 (region unconfirmed), may be sweep-granted by Decaying Ekzykes (m60_48_37) [f1047377100]
1047372350	1047377100	set	cone root BOSS_KILL(1047372350) at m60_47_37_10.emevd.dcx.js:1047372200 set by common_func.emevd.dcx.js:90005391	questline_conditions					extractor-cone-root	questline_conditions:1047377100:m60_47_37_10.emevd.dcx.js:1047372200:0	unknown	world			Caelid	unknown	7772976	Caelid :: Larval Tear - m60_47_37 (region unconfirmed), may be sweep-granted by Decaying Ekzykes (m60_48_37) [f1047377100]
map:m60_47	1047377100	set	cone root MAP_ACCESS(m60_47) at m60_47_37_00.emevd.dcx.js:1047372200 set by m60_47_37_00.emevd.dcx.js	questline_conditions					extractor-cone-root	questline_conditions:1047377100:m60_47_37_00.emevd.dcx.js:1047372200:0	unknown	map_access			Caelid	unknown	7772976	Caelid :: Larval Tear - m60_47_37 (region unconfirmed), may be sweep-granted by Decaying Ekzykes (m60_48_37) [f1047377100]
map:m60_47	1047377100	set	cone root MAP_ACCESS(m60_47) at m60_47_37_10.emevd.dcx.js:1047372200 set by m60_47_37_10.emevd.dcx.js	questline_conditions					extractor-cone-root	questline_conditions:1047377100:m60_47_37_10.emevd.dcx.js:1047372200:0	unknown	map_access			Caelid	unknown	7772976	Caelid :: Larval Tear - m60_47_37 (region unconfirmed), may be sweep-granted by Decaying Ekzykes (m60_48_37) [f1047377100]
map:m60_47	1047387700	set	cone root MAP_ACCESS(m60_47) at m60_47_38_00.emevd.dcx.js:90005300 set by m60_47_38_00.emevd.dcx.js	questline_conditions					extractor-cone-root	questline_conditions:1047387700:m60_47_38_00.emevd.dcx.js:90005300:0	single	map_access			Caelid	unknown	7772986	Caelid :: Ash of War: Lion's Claw - m60_47_38 (region unconfirmed), may be sweep-granted by Decaying Ekzykes (m60_48_37) [f1047387700]
map:m60_47	1047387700	set	cone root MAP_ACCESS(m60_47) at m60_47_38_10.emevd.dcx.js:90005300 set by m60_47_38_10.emevd.dcx.js	questline_conditions					extractor-cone-root	questline_conditions:1047387700:m60_47_38_10.emevd.dcx.js:90005300:0	single	map_access			Caelid	unknown	7772986	Caelid :: Ash of War: Lion's Claw - m60_47_38 (region unconfirmed), may be sweep-granted by Decaying Ekzykes (m60_48_37) [f1047387700]
1047562181	1047567700	set	$InitializeCommonEvent(90005792) arg1	lot_gates					commonarg-positive-by-construction	lot_gates:1047567700:90005792	single	world			Consecrated Snowfield	unknown	7900259	Consecrated Snowfield :: Sanguine Noble Waistcloth - m60_47_56 (region unconfirmed), may be sweep-granted by Night's Cavalry (Glaive) (m60_48_55) [f1047567700]
1048382181	1048387500	set	$InitializeCommonEvent(90005792) arg1	lot_gates					commonarg-positive-by-construction	lot_gates:1048387500:90005792	single	world	Caelid	flag_decode	Caelid	no	7773014	Caelid :: Sacramental Bud - around Aeonia Swamp Shore, may be sweep-granted by Death Rite Bird (m60_49_37) [f1048387500]
1048410800	1048417800	set	cone root BOSS_KILL(1048410800) at m60_48_41_00.emevd.dcx.js:90005860 set by common_func.emevd.dcx.js:90005860	questline_conditions					extractor-cone-root	questline_conditions:1048417800:m60_48_41_00.emevd.dcx.js:90005860:0	unknown	world	Caelid	flag_decode	Caelid	no	7773020	Caelid :: Gravity Stone Peddler's Bell Bearing - Bell Bearing Hunter, may be sweep-granted by Bell Bearing Hunter (m60_48_41) [f1048417800]
map:m60_48	1048417800	set	cone root MAP_ACCESS(m60_48) at m60_48_41_00.emevd.dcx.js:90005860 set by m60_48_41_00.emevd.dcx.js	questline_conditions					extractor-cone-root	questline_conditions:1048417800:m60_48_41_00.emevd.dcx.js:90005860:0	unknown	map_access			Caelid	unknown	7773020	Caelid :: Gravity Stone Peddler's Bell Bearing - Bell Bearing Hunter, may be sweep-granted by Bell Bearing Hunter (m60_48_41) [f1048417800]
1048562181	1048567800	set	$InitializeCommonEvent(90005792) arg1	lot_gates					commonarg-positive-by-construction	lot_gates:1048567800:90005792	single	world			Consecrated Snowfield	unknown	7774451	Consecrated Snowfield :: Somber Ancient Dragon Smithing Stone - m60_48_56 (region unconfirmed), may be sweep-granted by Night's Cavalry (Glaive) (m60_48_55) [f1048567800]
1048570800	1048577700	set	cone root BOSS_KILL(1048570800) at m60_48_57_00.emevd.dcx.js:90005860 set by common_func.emevd.dcx.js:90005860	questline_conditions					extractor-cone-root	questline_conditions:1048577700:m60_48_57_00.emevd.dcx.js:90005860:0	unknown	world	Consecrated Snowfield	flag_decode	Consecrated Snowfield	no	7774452	Consecrated Snowfield :: [Sorcery] Explosive Ghostflame - Death Rite Bird, may be sweep-granted by Death Rite Bird (m60_48_57) [f1048577700]
map:m60_48	1048577700	set	cone root MAP_ACCESS(m60_48) at m60_48_57_00.emevd.dcx.js:90005860 set by m60_48_57_00.emevd.dcx.js	questline_conditions					extractor-cone-root	questline_conditions:1048577700:m60_48_57_00.emevd.dcx.js:90005860:0	unknown	map_access			Consecrated Snowfield	unknown	7774452	Consecrated Snowfield :: [Sorcery] Explosive Ghostflame - Death Rite Bird, may be sweep-granted by Death Rite Bird (m60_48_57) [f1048577700]
1048570310	1048577810	unknown	WaitForEventFlag(ON, TargetEventFlagType.EventFlag, 1048570310)	lot_gates	Gargoyle statue_hint text display	ガーゴイル像_ヒントテキスト表示	emevd_event	1	treasure-verb-crossproduct	lot_gates:1048577810:1048572300	unknown	world	Consecrated Snowfield	flag_decode	Consecrated Snowfield	no	7900266	Consecrated Snowfield :: Black Knife Greaves - near Ordina, Liturgical Town, may be sweep-granted by Death Rite Bird (m60_48_57) [f1048577810]
1048570350	1048577810	unknown	EndIf(EventFlag(1048572309)); EndIf(EventFlag(1048570350)); Wai	lot_gates	Snow town_fog wall removed_deepest	雪街_霧壁解除_最奥	emevd_event	1	treasure-verb-crossproduct	lot_gates:1048577810:1048572300	unknown	world	Consecrated Snowfield	flag_decode	Consecrated Snowfield	no	7900266	Consecrated Snowfield :: Black Knife Greaves - near Ordina, Liturgical Town, may be sweep-granted by Death Rite Bird (m60_48_57) [f1048577810]
1048572306	1048577810	unknown	; if (!EventFlag(1048572306)) {	lot_gates	Snow Town_Confinement_Warp Event	雪街_封牢_ワープイベント	emevd_event	1	treasure-verb-crossproduct	lot_gates:1048577810:1048572300	unknown	world	Consecrated Snowfield	flag_decode	Consecrated Snowfield	no	7900266	Consecrated Snowfield :: Black Knife Greaves - near Ordina, Liturgical Town, may be sweep-granted by Death Rite Bird (m60_48_57) [f1048577810]
1048572308	1048577810	unknown	DisableNetworkSync(); GotoIf(L5, EventFlag(1048572308)); Got	lot_gates	Snow Town_Confinement_Warp Event	雪街_封牢_ワープイベント	emevd_event	1	treasure-verb-crossproduct	lot_gates:1048577810:1048572300	unknown	world	Consecrated Snowfield	flag_decode	Consecrated Snowfield	no	7900266	Consecrated Snowfield :: Black Knife Greaves - near Ordina, Liturgical Town, may be sweep-granted by Death Rite Bird (m60_48_57) [f1048577810]
1048572309	1048577810	unknown	EndIf(!PlayerIsInOwnWorld()); EndIf(EventFlag(1048572309)); End	lot_gates	Snow Town_Confinement_Warp Event	雪街_封牢_ワープイベント	emevd_event	1	treasure-verb-crossproduct	lot_gates:1048577810:1048572300	unknown	world	Consecrated Snowfield	flag_decode	Consecrated Snowfield	no	7900266	Consecrated Snowfield :: Black Knife Greaves - near Ordina, Liturgical Town, may be sweep-granted by Death Rite Bird (m60_48_57) [f1048577810]
map:m60_48	1048577900	set	cone root MAP_ACCESS(m60_48) at m60_48_57_00.emevd.dcx.js:90005300 set by m60_48_57_00.emevd.dcx.js	questline_conditions					extractor-cone-root	questline_conditions:1048577900:m60_48_57_00.emevd.dcx.js:90005300:0	single	map_access			Consecrated Snowfield	unknown	7774453	Consecrated Snowfield :: Ghost Glovewort [9] - around Ordina, Liturgical Town (1), may be sweep-granted by Death Rite Bird (m60_48_57) [f1048577900]
map:m60_48	1048577910	set	cone root MAP_ACCESS(m60_48) at m60_48_57_00.emevd.dcx.js:90005300 set by m60_48_57_00.emevd.dcx.js	questline_conditions					extractor-cone-root	questline_conditions:1048577910:m60_48_57_00.emevd.dcx.js:90005300:0	single	map_access			Consecrated Snowfield	unknown	7774454	Consecrated Snowfield :: Ghost Glovewort [9] - around Ordina, Liturgical Town (2), may be sweep-granted by Death Rite Bird (m60_48_57) [f1048577910]
map:m60_48	1048577920	set	cone root MAP_ACCESS(m60_48) at m60_48_57_00.emevd.dcx.js:90005300 set by m60_48_57_00.emevd.dcx.js	questline_conditions					extractor-cone-root	questline_conditions:1048577920:m60_48_57_00.emevd.dcx.js:90005300:0	single	map_access			Consecrated Snowfield	unknown	7774455	Consecrated Snowfield :: Ghost Glovewort [9] - around Ordina, Liturgical Town (3), may be sweep-granted by Death Rite Bird (m60_48_57) [f1048577920]
map:m60_48	1048577930	set	cone root MAP_ACCESS(m60_48) at m60_48_57_00.emevd.dcx.js:90005300 set by m60_48_57_00.emevd.dcx.js	questline_conditions					extractor-cone-root	questline_conditions:1048577930:m60_48_57_00.emevd.dcx.js:90005300:0	single	map_access			Consecrated Snowfield	unknown	7774456	Consecrated Snowfield :: Ghost Glovewort [9] - around Ordina, Liturgical Town (4), may be sweep-granted by Death Rite Bird (m60_48_57) [f1048577930]
1049370800	1049377100	set	cone root BOSS_KILL(1049370800) at m60_49_37_00.emevd.dcx.js:90005860 set by common_func.emevd.dcx.js:90005300	questline_conditions					extractor-cone-root	questline_conditions:1049377100:m60_49_37_00.emevd.dcx.js:90005860:0	unknown	world	Caelid	flag_decode	Caelid	no	7774458	Caelid :: Ash of War: Poison Moth Flight - Night's Cavalry, may be sweep-granted by Night's Cavalry (m60_49_37) [f1049377100]
map:m60_49	1049377100	set	cone root MAP_ACCESS(m60_49) at m60_49_37_00.emevd.dcx.js:90005860 set by m60_49_37_00.emevd.dcx.js	questline_conditions					extractor-cone-root	questline_conditions:1049377100:m60_49_37_00.emevd.dcx.js:90005860:0	unknown	map_access			Caelid	unknown	7774458	Caelid :: Ash of War: Poison Moth Flight - Night's Cavalry, may be sweep-granted by Night's Cavalry (m60_49_37) [f1049377100]
1049370850	1049377110	set	cone root BOSS_KILL(1049370850) at m60_49_37_00.emevd.dcx.js:90005860 set by common_func.emevd.dcx.js:90005860	questline_conditions					extractor-cone-root	questline_conditions:1049377110:m60_49_37_00.emevd.dcx.js:90005860:0	unknown	world	Caelid	flag_decode	Caelid	no	7774459	Caelid :: Death's Poker - Death Rite Bird, may be sweep-granted by Death Rite Bird (m60_49_37) [f1049377110]
map:m60_49	1049377110	set	cone root MAP_ACCESS(m60_49) at m60_49_37_00.emevd.dcx.js:90005860 set by m60_49_37_00.emevd.dcx.js	questline_conditions					extractor-cone-root	questline_conditions:1049377110:m60_49_37_00.emevd.dcx.js:90005860:0	unknown	map_access			Caelid	unknown	7774459	Caelid :: Death's Poker - Death Rite Bird, may be sweep-granted by Death Rite Bird (m60_49_37) [f1049377110]
map:m60_49	1049377700	set	cone root MAP_ACCESS(m60_49) at m60_49_37_00.emevd.dcx.js:90005300 set by m60_49_37_00.emevd.dcx.js	questline_conditions					extractor-cone-root	questline_conditions:1049377700:m60_49_37_00.emevd.dcx.js:90005300:0	single	map_access			Caelid	unknown	7774460	Caelid :: Somber Smithing Stone [4] - around Southern Aeonia Swamp Bank, may be sweep-granted by Night's Cavalry (m60_49_37) [f1049377700]
map:m60_49	1049397800	set	cone root MAP_ACCESS(m60_49) at m60_49_39_00.emevd.dcx.js:1049390800 set by m60_49_39_00.emevd.dcx.js	questline_conditions					extractor-cone-root	questline_conditions:1049397800:m60_49_39_00.emevd.dcx.js:1049390800:	single	map_access			Caelid	unknown	7774476	Caelid :: Nox Flowing Sword - around Sellia Backstreets [f1049397800]
map:m60_49	1049397850	set	cone root MAP_ACCESS(m60_49) at m60_49_39_00.emevd.dcx.js:90005880 set by m60_49_39_00.emevd.dcx.js	questline_conditions					extractor-cone-root	questline_conditions:1049397850:m60_49_39_00.emevd.dcx.js:90005880:0	single	map_access			Caelid	unknown	7774477	Caelid :: Battlemage Hugues - Battlemage Hugues, may be sweep-granted by Battlemage Hugues (m60_49_39) [f1049397850]
map:m60_49	1049547700	set	cone root MAP_ACCESS(m60_49) at m60_49_54_00.emevd.dcx.js:90005300 set by m60_49_54_00.emevd.dcx.js	questline_conditions					extractor-cone-root	questline_conditions:1049547700:m60_49_54_00.emevd.dcx.js:90005300:0	single	map_access			Consecrated Snowfield	unknown	7774480	Consecrated Snowfield :: Somber Smithing Stone [8] - around Consecrated Snowfield, may be sweep-granted by Night's Cavalry (Glaive) (m60_48_55) [f1049547700]
1049552405	1049557700	set	cone root BOSS_KILL(1049552405) at m60_49_55_00.emevd.dcx.js:1049552400 set by m60_49_55_00.emevd.dcx.js:1049552401	questline_conditions					extractor-cone-root	questline_conditions:1049557700:m60_49_55_00.emevd.dcx.js:1049552400:0	unknown	world	Consecrated Snowfield	flag_decode	Roundtable Hold	yes	7774485	Roundtable Hold :: Larval Tear (region unconfirmed) [f1049557700]
map:m60_49	1049557700	set	cone root MAP_ACCESS(m60_49) at m60_49_55_00.emevd.dcx.js:1049552400 set by m60_49_55_00.emevd.dcx.js	questline_conditions					extractor-cone-root	questline_conditions:1049557700:m60_49_55_00.emevd.dcx.js:1049552400:0	unknown	map_access			Roundtable Hold	unknown	7774485	Roundtable Hold :: Larval Tear (region unconfirmed) [f1049557700]
map:m60_49	1049577700	set	cone root MAP_ACCESS(m60_49) at m60_49_57_00.emevd.dcx.js:90005300 set by m60_49_57_00.emevd.dcx.js	questline_conditions					extractor-cone-root	questline_conditions:1049577700:m60_49_57_00.emevd.dcx.js:90005300:0	single	map_access			Consecrated Snowfield	unknown	7774494	Consecrated Snowfield :: Somber Smithing Stone [7] - m60_49_57 (region unconfirmed), may be sweep-granted by Death Rite Bird (m60_48_57) [f1049577700]
map:m60_49	1049577710	set	cone root MAP_ACCESS(m60_49) at m60_49_57_00.emevd.dcx.js:90005300 set by m60_49_57_00.emevd.dcx.js	questline_conditions					extractor-cone-root	questline_conditions:1049577710:m60_49_57_00.emevd.dcx.js:90005300:0	single	map_access			Consecrated Snowfield	unknown	7774495	Consecrated Snowfield :: Somber Smithing Stone [8] - m60_49_57 (region unconfirmed), may be sweep-granted by Great Wyrm Theodorix (m60_50_56) [f1049577710]
map:m60_49	1049577720	set	cone root MAP_ACCESS(m60_49) at m60_49_57_00.emevd.dcx.js:90005300 set by m60_49_57_00.emevd.dcx.js	questline_conditions					extractor-cone-root	questline_conditions:1049577720:m60_49_57_00.emevd.dcx.js:90005300:0	single	map_access			Consecrated Snowfield	unknown	7774496	Consecrated Snowfield :: Somber Smithing Stone [9] - m60_49_57 (region unconfirmed), may be sweep-granted by Putrid Avatar (m60_50_57) [f1049577720]
map:m60_50	1050407800	set	cone root MAP_ACCESS(m60_50) at m60_50_40_00.emevd.dcx.js:90005300 set by m60_50_40_00.emevd.dcx.js	questline_conditions					extractor-cone-root	questline_conditions:1050407800:m60_50_40_00.emevd.dcx.js:90005300:0	single	map_access			Caelid	unknown	7774502	Caelid :: Dragon Heart - around Dragonbarrow Fork [f1050407800]
map:m60_50	1050537700	set	cone root MAP_ACCESS(m60_50) at m60_50_53_00.emevd.dcx.js:90005300 set by m60_50_53_00.emevd.dcx.js	questline_conditions					extractor-cone-root	questline_conditions:1050537700:m60_50_53_00.emevd.dcx.js:90005300:0	single	map_access			Mountaintops of the Giants	unknown	7774503	Mountaintops of the Giants :: Somber Smithing Stone [7] - around Giant-Conquering Hero's Grave (1), may be sweep-granted by Black Blade Kindred (m60_49_52) [f1050537700]
7604	1050567700	set	$InitializeCommonEvent(90005774) arg0	lot_gates					commonarg-positive-by-construction	lot_gates:1050567700:90005774	single	world	Mt. Gelmir	test_map	Consecrated Snowfield	yes	7900274	Consecrated Snowfield :: Hoslow's Greaves - near Consecrated Snowfield Catacombs (region unconfirmed), may be sweep-granted by Great Wyrm Theodorix (m60_50_56) [f1050567700]
7604	1050567700	set	cone root BOSS_KILL(7604) at m60_50_56_00.emevd.dcx.js:90005774 set by common_func.emevd.dcx.js:90005796	questline_conditions					extractor-cone-root	questline_conditions:1050567700:m60_50_56_00.emevd.dcx.js:90005774:0	unknown	world			Consecrated Snowfield	unknown	7900274	Consecrated Snowfield :: Hoslow's Greaves - near Consecrated Snowfield Catacombs (region unconfirmed), may be sweep-granted by Great Wyrm Theodorix (m60_50_56) [f1050567700]
map:m60_50	1050567700	set	cone root MAP_ACCESS(m60_50) at m60_50_56_00.emevd.dcx.js:90005774 set by m60_50_56_00.emevd.dcx.js	questline_conditions					extractor-cone-root	questline_conditions:1050567700:m60_50_56_00.emevd.dcx.js:90005774:0	unknown	map_access			Consecrated Snowfield	unknown	7900274	Consecrated Snowfield :: Hoslow's Greaves - near Consecrated Snowfield Catacombs (region unconfirmed), may be sweep-granted by Great Wyrm Theodorix (m60_50_56) [f1050567700]
map:m60_51	1051367700	set	cone root MAP_ACCESS(m60_51) at m60_51_36_00.emevd.dcx.js:90005300 set by m60_51_36_00.emevd.dcx.js	questline_conditions					extractor-cone-root	questline_conditions:1051367700:m60_51_36_00.emevd.dcx.js:90005300:0	single	map_access			Caelid	unknown	7774508	Caelid :: Somber Smithing Stone [4] - around Chamber Outside the Plaza (1), may be sweep-granted by Crucible Knight (m60_51_36) [f1051367700]
map:m60_51	1051367800	set	cone root MAP_ACCESS(m60_51) at m60_51_36_00.emevd.dcx.js:90005300 set by m60_51_36_00.emevd.dcx.js	questline_conditions					extractor-cone-root	questline_conditions:1051367800:m60_51_36_00.emevd.dcx.js:90005300:0	single	map_access			Caelid	unknown	7774509	Caelid :: Somber Smithing Stone [4] - around Chamber Outside the Plaza (2), may be sweep-granted by Crucible Knight (m60_51_36) [f1051367800]
1051532181	1051537500	set	$InitializeCommonEvent(90005792) arg1	lot_gates					commonarg-positive-by-construction	lot_gates:1051537500:90005792	single	world	Mountaintops of the Giants	flag_decode	Mountaintops of the Giants	no	7900275	Mountaintops of the Giants :: Okina Mask - around Church of Repose, may be sweep-granted by Fire Giant (m60_52_52) [f1051537500]
map:m60_51	1051537700	set	cone root MAP_ACCESS(m60_51) at m60_51_53_00.emevd.dcx.js:90005300 set by m60_51_53_00.emevd.dcx.js	questline_conditions					extractor-cone-root	questline_conditions:1051537700:m60_51_53_00.emevd.dcx.js:90005300:0	single	map_access			Mountaintops of the Giants	unknown	7774519	Mountaintops of the Giants :: Somber Smithing Stone [8] - around Church of Repose, may be sweep-granted by Fire Giant (m60_52_52) [f1051537700]
map:m60_51	1051567700	set	cone root MAP_ACCESS(m60_51) at m60_51_56_00.emevd.dcx.js:90005300 set by m60_51_56_00.emevd.dcx.js	questline_conditions					extractor-cone-root	questline_conditions:1051567700:m60_51_56_00.emevd.dcx.js:90005300:0	single	map_access			Mountaintops of the Giants	unknown	7774529	Mountaintops of the Giants :: Somber Smithing Stone [8] - around Ancient Snow Valley Ruins, may be sweep-granted by Commander Niall (m60_51_57) [f1051567700]
map:m60_51	1051577720	set	cone root MAP_ACCESS(m60_51) at m60_51_57_00.emevd.dcx.js:90005300 set by m60_51_57_00.emevd.dcx.js	questline_conditions					extractor-cone-root	questline_conditions:1051577720:m60_51_57_00.emevd.dcx.js:90005300:0	single	map_access			Mountaintops of the Giants	unknown	7900276	Mountaintops of the Giants :: Deathroot - near Castle Sol Rooftop, may be sweep-granted by Commander Niall (m60_51_57) [f1051577720]
map:m60_51	1051577800	set	cone root MAP_ACCESS(m60_51) at m60_51_57_00.emevd.dcx.js:90005300 set by m60_51_57_00.emevd.dcx.js	questline_conditions					extractor-cone-root	questline_conditions:1051577800:m60_51_57_00.emevd.dcx.js:90005300:0	single	map_access			Mountaintops of the Giants	unknown	7774531	Mountaintops of the Giants :: Somber Smithing Stone [7] - around Snow Valley Ruins Overlook (1), may be sweep-granted by Commander Niall (m60_51_57) [f1051577800]
map:m60_51	1051577810	set	cone root MAP_ACCESS(m60_51) at m60_51_57_00.emevd.dcx.js:90005300 set by m60_51_57_00.emevd.dcx.js	questline_conditions					extractor-cone-root	questline_conditions:1051577810:m60_51_57_00.emevd.dcx.js:90005300:0	single	map_access			Mountaintops of the Giants	unknown	7774532	Mountaintops of the Giants :: Somber Smithing Stone [7] - around Snow Valley Ruins Overlook (2), may be sweep-granted by Commander Niall (m60_51_57) [f1051577810]
1052410850	1052417100	set	cone root BOSS_KILL(1052410850) at m60_52_41_00.emevd.dcx.js:90005860 set by common_func.emevd.dcx.js:90005300	questline_conditions					extractor-cone-root	questline_conditions:1052417100:m60_52_41_00.emevd.dcx.js:90005860:0	unknown	world	Caelid	flag_decode	Caelid	no	7774533	Caelid :: Ash of War: Bloodhound's Step - Night's Cavalry, may be sweep-granted by Night's Cavalry (m60_52_41) [f1052417100]
map:m60_52	1052417100	set	cone root MAP_ACCESS(m60_52) at m60_52_41_00.emevd.dcx.js:90005860 set by m60_52_41_00.emevd.dcx.js	questline_conditions					extractor-cone-root	questline_conditions:1052417100:m60_52_41_00.emevd.dcx.js:90005860:0	unknown	map_access			Caelid	unknown	7774533	Caelid :: Ash of War: Bloodhound's Step - Night's Cavalry, may be sweep-granted by Night's Cavalry (m60_52_41) [f1052417100]
map:m60_52	1052557700	set	cone root MAP_ACCESS(m60_52) at m60_52_55_00.emevd.dcx.js:90005300 set by m60_52_55_00.emevd.dcx.js	questline_conditions					extractor-cone-root	questline_conditions:1052557700:m60_52_55_00.emevd.dcx.js:90005300:0	single	map_access			Mountaintops of the Giants	unknown	7774536	Mountaintops of the Giants :: One-Eyed Shield - m60_52_55 (region unconfirmed), may be sweep-granted by Roundtable Knight Vyke (m60_53_56) [f1052557700]
map:m60_53	1053567700	set	cone root MAP_ACCESS(m60_53) at m60_53_56_00.emevd.dcx.js:1053562260 set by m60_53_56_00.emevd.dcx.js	questline_conditions					extractor-cone-root	questline_conditions:1053567700:m60_53_56_00.emevd.dcx.js:1053562260:0	single	map_access			Mountaintops of the Giants	unknown	7774546	Mountaintops of the Giants :: Golden Rune [12] - around Spiritcaller Cave (1), may be sweep-granted by Roundtable Knight Vyke (m60_53_56) [f1053567700]
map:m60_53	1053567710	set	cone root MAP_ACCESS(m60_53) at m60_53_56_00.emevd.dcx.js:1053562260 set by m60_53_56_00.emevd.dcx.js	questline_conditions					extractor-cone-root	questline_conditions:1053567710:m60_53_56_00.emevd.dcx.js:1053562260:0	single	map_access			Mountaintops of the Giants	unknown	7774547	Mountaintops of the Giants :: Golden Rune [12] - around Spiritcaller Cave (2), may be sweep-granted by Roundtable Knight Vyke (m60_53_56) [f1053567710]
map:m60_53	1053567720	set	cone root MAP_ACCESS(m60_53) at m60_53_56_00.emevd.dcx.js:1053562260 set by m60_53_56_00.emevd.dcx.js	questline_conditions					extractor-cone-root	questline_conditions:1053567720:m60_53_56_00.emevd.dcx.js:1053562260:0	single	map_access			Mountaintops of the Giants	unknown	7774548	Mountaintops of the Giants :: Golden Rune [12] - around Spiritcaller Cave (3), may be sweep-granted by Roundtable Knight Vyke (m60_53_56) [f1053567720]
map:m61_45	2045467500	set	cone root MAP_ACCESS(m61_45) at m61_45_46_00.emevd.dcx.js:90005301 set by m61_45_46_00.emevd.dcx.js	questline_conditions					extractor-cone-root	questline_conditions:2045467500:m61_45_46_00.emevd.dcx.js:90005301:250	single	map_access			Rauh Base	unknown	7773258	Rauh Base :: Furnace Visage - around Temple Town Ruins, may be sweep-granted by Rugalea the Great Red Bear (m61_44_47) [f2045467500]
map:m61_45	2045467500	set	cone root MAP_ACCESS(m61_45) at m61_45_46_10.emevd.dcx.js:90005301 set by m61_45_46_10.emevd.dcx.js	questline_conditions					extractor-cone-root	questline_conditions:2045467500:m61_45_46_10.emevd.dcx.js:90005301:250	single	map_access			Rauh Base	unknown	7773258	Rauh Base :: Furnace Visage - around Temple Town Ruins, may be sweep-granted by Rugalea the Great Red Bear (m61_44_47) [f2045467500]
map:m61_45	2045477400	set	cone root MAP_ACCESS(m61_45) at m61_45_47_00.emevd.dcx.js:90005301 set by m61_45_47_00.emevd.dcx.js	questline_conditions					extractor-cone-root	questline_conditions:2045477400:m61_45_47_00.emevd.dcx.js:90005301:0	single	map_access			Rauh Base	unknown	7900280	Rauh Base :: Crucible Hammer-Helm - around Ravine North, may be sweep-granted by Rugalea the Great Red Bear (m61_44_47) [f2045477400]
map:m61_45	2045477400	set	cone root MAP_ACCESS(m61_45) at m61_45_47_10.emevd.dcx.js:90005301 set by m61_45_47_10.emevd.dcx.js	questline_conditions					extractor-cone-root	questline_conditions:2045477400:m61_45_47_10.emevd.dcx.js:90005301:0	single	map_access			Rauh Base	unknown	7900280	Rauh Base :: Crucible Hammer-Helm - around Ravine North, may be sweep-granted by Rugalea the Great Red Bear (m61_44_47) [f2045477400]
map:m40_00	2045477900	set	cone root MAP_ACCESS(m40_00) at m40_00_00_00.emevd.dcx.js:40002690 set by m40_00_00_00.emevd.dcx.js	questline_conditions					extractor-cone-root	questline_conditions:2045477900:m40_00_00_00.emevd.dcx.js:40002690:	single	map_access	Gravesite	map_id	Gravesite	no	7773291	Gravesite :: Stone-Sheathed Sword - around Fog Rift Catacombs, may be sweep-granted by Death Knight (m40_00) [f2045477900]
map:m61_45	2045477900	set	cone root MAP_ACCESS(m61_45) at m61_45_47_00.emevd.dcx.js:2045472690 set by m61_45_47_00.emevd.dcx.js	questline_conditions					extractor-cone-root	questline_conditions:2045477900:m61_45_47_00.emevd.dcx.js:2045472690:	single	map_access			Gravesite	unknown	7773291	Gravesite :: Stone-Sheathed Sword - around Fog Rift Catacombs, may be sweep-granted by Death Knight (m40_00) [f2045477900]
map:m61_45	2045477900	set	cone root MAP_ACCESS(m61_45) at m61_45_47_10.emevd.dcx.js:2045472690 set by m61_45_47_10.emevd.dcx.js	questline_conditions					extractor-cone-root	questline_conditions:2045477900:m61_45_47_10.emevd.dcx.js:2045472690:	single	map_access			Gravesite	unknown	7773291	Gravesite :: Stone-Sheathed Sword - around Fog Rift Catacombs, may be sweep-granted by Death Knight (m40_00) [f2045477900]
map:m61_50	2045477900	set	cone root MAP_ACCESS(m61_50) at m61_50_46_00.emevd.dcx.js:2050462690 set by m61_50_46_00.emevd.dcx.js	questline_conditions					extractor-cone-root	questline_conditions:2045477900:m61_50_46_00.emevd.dcx.js:2050462690:	single	map_access			Gravesite	unknown	7773291	Gravesite :: Stone-Sheathed Sword - around Fog Rift Catacombs, may be sweep-granted by Death Knight (m40_00) [f2045477900]
map:m61_46	2046397060	set	cone root MAP_ACCESS(m61_46) at m61_46_39_00.emevd.dcx.js:90005301 set by m61_46_39_00.emevd.dcx.js	questline_conditions					extractor-cone-root	questline_conditions:2046397060:m61_46_39_00.emevd.dcx.js:90005301:200	single	map_access			Cerulean	unknown	7773305	Cerulean :: Furnace Visage - around Cerulean Coast West, may be sweep-granted by Death Rite Bird (m61_47_39) [f2046397060]
map:m61_46	2046427980	set	cone root MAP_ACCESS(m61_46) at m61_46_42_00.emevd.dcx.js:90005301 set by m61_46_42_00.emevd.dcx.js	questline_conditions					extractor-cone-root	questline_conditions:2046427980:m61_46_42_00.emevd.dcx.js:90005301:250	single	map_access			Gravesite	unknown	7773311	Gravesite :: Furnace Visage - around Three-Path Cross, may be sweep-granted by Knight of the Solitary Gaol (m61_46_41) [f2046427980]
map:m61_46	2046467000	set	cone root MAP_ACCESS(m61_46) at m61_46_46_00.emevd.dcx.js:90005301 set by m61_46_46_00.emevd.dcx.js	questline_conditions					extractor-cone-root	questline_conditions:2046467000:m61_46_46_00.emevd.dcx.js:90005301:0	single	map_access			Ancient Ruins	unknown	7774553	Ancient Ruins :: Scadutree Fragment - on a hippopotamus: down the elevator, out of the bloodfiend room, down the stairs, may be sweep-granted by Divine Beast Dancing Lion (m61_46_46) [f2046467000]
map:m61_46	2046467000	set	cone root MAP_ACCESS(m61_46) at m61_46_46_10.emevd.dcx.js:90005301 set by m61_46_46_10.emevd.dcx.js	questline_conditions					extractor-cone-root	questline_conditions:2046467000:m61_46_46_10.emevd.dcx.js:90005301:0	single	map_access			Ancient Ruins	unknown	7774553	Ancient Ruins :: Scadutree Fragment - on a hippopotamus: down the elevator, out of the bloodfiend room, down the stairs, may be sweep-granted by Divine Beast Dancing Lion (m61_46_46) [f2046467000]
map:m61_47	2047397070	set	cone root MAP_ACCESS(m61_47) at m61_47_39_00.emevd.dcx.js:90005301 set by m61_47_39_00.emevd.dcx.js	questline_conditions					extractor-cone-root	questline_conditions:2047397070:m61_47_39_00.emevd.dcx.js:90005301:0	single	map_access			Cerulean	unknown	7774555	Cerulean :: Scadutree Fragment - At Fissure Cross, may be sweep-granted by Death Rite Bird (m61_47_39) [f2047397070]
map:m61_47	2047407980	set	cone root MAP_ACCESS(m61_47) at m61_47_40_00.emevd.dcx.js:90005301 set by m61_47_40_00.emevd.dcx.js	questline_conditions					extractor-cone-root	questline_conditions:2047407980:m61_47_40_00.emevd.dcx.js:90005301:0	single	map_access			Cerulean	unknown	7773380	Cerulean :: Beast Claw with Ash of War: Savage Claws - m61_47_40, may be sweep-granted by Demi-Human Queen Marigga (m61_46_40) [f2047407980]
map:m61_47	2047437980	set	cone root MAP_ACCESS(m61_47) at m61_47_43_00.emevd.dcx.js:90005301 set by m61_47_43_00.emevd.dcx.js	questline_conditions					extractor-cone-root	questline_conditions:2047437980:m61_47_43_00.emevd.dcx.js:90005301:0	single	map_access			Gravesite	unknown	7773402	Gravesite :: Horned Bairn - around Ellac River Cave, may be sweep-granted by Ghostflame Dragon (m61_45_44) [f2047437980]
map:m61_47	2047447900	set	cone root MAP_ACCESS(m61_47) at m61_47_44_00.emevd.dcx.js:90005301 set by m61_47_44_00.emevd.dcx.js	questline_conditions					extractor-cone-root	questline_conditions:2047447900:m61_47_44_00.emevd.dcx.js:90005301:0	single	map_access			Ensis	unknown	7773433	Ensis :: Somber Smithing Stone [9] - around Castle Front, may be sweep-granted by Rellana, Twin Moon Knight (m61_48_44) [f2047447900]
map:m61_47	2047447900	set	cone root MAP_ACCESS(m61_47) at m61_47_44_10.emevd.dcx.js:90005301 set by m61_47_44_10.emevd.dcx.js	questline_conditions					extractor-cone-root	questline_conditions:2047447900:m61_47_44_10.emevd.dcx.js:90005301:0	single	map_access			Ensis	unknown	7773433	Ensis :: Somber Smithing Stone [9] - around Castle Front, may be sweep-granted by Rellana, Twin Moon Knight (m61_48_44) [f2047447900]
map:m61_47	2047457700	set	cone root MAP_ACCESS(m61_47) at m61_47_45_00.emevd.dcx.js:90005301 set by m61_47_45_00.emevd.dcx.js	questline_conditions					extractor-cone-root	questline_conditions:2047457700:m61_47_45_00.emevd.dcx.js:90005301:0	single	map_access			Scadu Altus	unknown	7773441	Scadu Altus :: Smithing Stone [8] - around Scadu Altus, West, may be sweep-granted by Black Knight Garrew (m61_47_45) [f2047457700]
map:m61_47	2047457700	set	cone root MAP_ACCESS(m61_47) at m61_47_45_10.emevd.dcx.js:90005301 set by m61_47_45_10.emevd.dcx.js	questline_conditions					extractor-cone-root	questline_conditions:2047457700:m61_47_45_10.emevd.dcx.js:90005301:0	single	map_access			Scadu Altus	unknown	7773441	Scadu Altus :: Smithing Stone [8] - around Scadu Altus, West, may be sweep-granted by Black Knight Garrew (m61_47_45) [f2047457700]
map:m61_48	2048407020	set	cone root MAP_ACCESS(m61_48) at m61_48_40_00.emevd.dcx.js:90005301 set by m61_48_40_00.emevd.dcx.js	questline_conditions					extractor-cone-root	questline_conditions:2048407020:m61_48_40_00.emevd.dcx.js:90005301:200	single	map_access			Cerulean	unknown	7773471	Cerulean :: Furnace Visage - near Ellac River Downstream, may be sweep-granted by Death Rite Bird (m61_47_39) [f2048407020]
map:m61_48	2048417980	set	cone root MAP_ACCESS(m61_48) at m61_48_41_00.emevd.dcx.js:90005301 set by m61_48_41_00.emevd.dcx.js	questline_conditions					extractor-cone-root	questline_conditions:2048417980:m61_48_41_00.emevd.dcx.js:90005301:0	single	map_access			Jagged Peak	unknown	7773477	Jagged Peak :: Black Steel Greathammer - m61_48_41, may be sweep-granted by Jagged Peak Drake (m61_49_41) [f2048417980]
map:m61_48	2048467710	set	cone root MAP_ACCESS(m61_48) at m61_48_46_00.emevd.dcx.js:90005301 set by m61_48_46_00.emevd.dcx.js	questline_conditions					extractor-cone-root	questline_conditions:2048467710:m61_48_46_00.emevd.dcx.js:90005301:0	single	map_access			Scadu Altus	unknown	7773509	Scadu Altus :: Black Steel Twinblade - m61_48_46, may be sweep-granted by Ralva the Great Red Bear (m61_49_45) [f2048467710]
map:m61_49	2049427700	set	cone root MAP_ACCESS(m61_49) at m61_49_42_00.emevd.dcx.js:90005301 set by m61_49_42_00.emevd.dcx.js	questline_conditions					extractor-cone-root	questline_conditions:2049427700:m61_49_42_00.emevd.dcx.js:90005301:0	single	map_access			Jagged Peak	unknown	7773518	Jagged Peak :: Swollen Grape - m61_49_42 (1), may be sweep-granted by Jagged Peak Drake (m61_49_41) [f2049427700]
map:m61_49	2049427720	set	cone root MAP_ACCESS(m61_49) at m61_49_42_00.emevd.dcx.js:90005301 set by m61_49_42_00.emevd.dcx.js	questline_conditions					extractor-cone-root	questline_conditions:2049427720:m61_49_42_00.emevd.dcx.js:90005301:0	single	map_access			Jagged Peak	unknown	7773519	Jagged Peak :: Swollen Grape - m61_49_42 (2), may be sweep-granted by Jagged Peak Drake (m61_49_41) [f2049427720]
map:m61_50	2050417700	set	cone root MAP_ACCESS(m61_50) at m61_50_41_00.emevd.dcx.js:90005301 set by m61_50_41_00.emevd.dcx.js	questline_conditions					extractor-cone-root	questline_conditions:2050417700:m61_50_41_00.emevd.dcx.js:90005301:0	single	map_access			Scadu Altus	unknown	7773583	Scadu Altus :: Swollen Grape - m61_50_41, may be sweep-granted by Dryleaf Dane (m61_50_43) [f2050417700]
map:m61_50	2050427700	set	cone root MAP_ACCESS(m61_50) at m61_50_42_00.emevd.dcx.js:90005301 set by m61_50_42_00.emevd.dcx.js	questline_conditions					extractor-cone-root	questline_conditions:2050427700:m61_50_42_00.emevd.dcx.js:90005301:0	single	map_access			Abyssal	unknown	7773584	Abyssal :: Swollen Grape - around Abyssal Woods, may be sweep-granted by Midra, Lord of Frenzied Flame (m28_00) [f2050427700]
map:m61_50	2050447740	set	cone root MAP_ACCESS(m61_50) at m61_50_44_00.emevd.dcx.js:90005301 set by m61_50_44_00.emevd.dcx.js	questline_conditions					extractor-cone-root	questline_conditions:2050447740:m61_50_44_00.emevd.dcx.js:90005301:0	single	map_access			Scadu Altus	unknown	7773607	Scadu Altus :: Somber Smithing Stone [8] - around Recluses' River Downstream, may be sweep-granted by Ralva the Great Red Bear (m61_49_45) [f2050447740]
map:m61_50	2050467500	set	cone root MAP_ACCESS(m61_50) at m61_50_46_00.emevd.dcx.js:90005301 set by m61_50_46_00.emevd.dcx.js	questline_conditions					extractor-cone-root	questline_conditions:2050467500:m61_50_46_00.emevd.dcx.js:90005301:250	single	map_access			Shadow Keep	unknown	7773615	Shadow Keep :: Furnace Visage - m61_50_46 (1), may be sweep-granted by Tree Sentinel (m61_50_47) [f2050467500]
map:m61_50	2050467510	set	cone root MAP_ACCESS(m61_50) at m61_50_46_00.emevd.dcx.js:90005301 set by m61_50_46_00.emevd.dcx.js	questline_conditions					extractor-cone-root	questline_conditions:2050467510:m61_50_46_00.emevd.dcx.js:90005301:250	single	map_access			Shadow Keep	unknown	7773616	Shadow Keep :: Furnace Visage - m61_50_46 (2), may be sweep-granted by Tree Sentinel (m61_50_47) [f2050467510]
map:m61_51	2051417700	set	cone root MAP_ACCESS(m61_51) at m61_51_41_00.emevd.dcx.js:90005301 set by m61_51_41_00.emevd.dcx.js	questline_conditions					extractor-cone-root	questline_conditions:2051417700:m61_51_41_00.emevd.dcx.js:90005301:0	single	map_access			Scadu Altus	unknown	7773627	Scadu Altus :: Aged One's Exultation - m61_51_41, may be sweep-granted by Black Knight Edredd (m61_49_43) [f2051417700]
map:m61_51	2051417710	set	cone root MAP_ACCESS(m61_51) at m61_51_41_00.emevd.dcx.js:90005301 set by m61_51_41_00.emevd.dcx.js	questline_conditions					extractor-cone-root	questline_conditions:2051417710:m61_51_41_00.emevd.dcx.js:90005301:0	single	map_access			Scadu Altus	unknown	7773628	Scadu Altus :: Swollen Grape - m61_51_41, may be sweep-granted by Dryleaf Dane (m61_50_43) [f2051417710]
map:m61_51	2051447500	set	cone root MAP_ACCESS(m61_51) at m61_51_44_00.emevd.dcx.js:90005301 set by m61_51_44_00.emevd.dcx.js	questline_conditions					extractor-cone-root	questline_conditions:2051447500:m61_51_44_00.emevd.dcx.js:90005301:0	single	map_access			Scadu Altus	unknown	7774578	Scadu Altus :: Scadutree Fragment - around Bridge Leading to the Village (1), may be sweep-granted by Rakshasa (m61_51_44) [f2051447500]
map:m61_51	2051447510	set	cone root MAP_ACCESS(m61_51) at m61_51_44_00.emevd.dcx.js:90005301 set by m61_51_44_00.emevd.dcx.js	questline_conditions					extractor-cone-root	questline_conditions:2051447510:m61_51_44_00.emevd.dcx.js:90005301:0	single	map_access			Scadu Altus	unknown	7774579	Scadu Altus :: Scadutree Fragment - around Bridge Leading to the Village (2), may be sweep-granted by Rakshasa (m61_51_44) [f2051447510]
map:m61_51	2051457700	set	cone root MAP_ACCESS(m61_51) at m61_51_45_00.emevd.dcx.js:90005301 set by m61_51_45_00.emevd.dcx.js	questline_conditions					extractor-cone-root	questline_conditions:2051457700:m61_51_45_00.emevd.dcx.js:90005301:200	single	map_access			Scadu Altus	unknown	7773636	Scadu Altus :: Furnace Visage - around Cathedral of Manus Metyr, may be sweep-granted by Rakshasa (m61_51_44) [f2051457700]
map:m61_52	2052427500	set	cone root MAP_ACCESS(m61_52) at m61_52_42_00.emevd.dcx.js:90005301 set by m61_52_42_00.emevd.dcx.js	questline_conditions					extractor-cone-root	questline_conditions:2052427500:m61_52_42_00.emevd.dcx.js:90005301:0	single	map_access			Scadu Altus	unknown	7773648	Scadu Altus :: Madding Hand - m61_52_42, may be sweep-granted by Jori, Elder Inquisitor (m61_52_43) [f2052427500]
