ap_id,flag,flag_source,item_name,map,region,method
7000000,114,map_lot,Dark Moon Ring,m14_00_00_00,Raya Lucaria Academy,treasure
7000001,171,map_lot,Godrick's Great Rune,m10_01_00_00,Stormveil Castle,emevd
7000002,172,map_lot,Radahn's Great Rune,PENDING,Caelid (Redmane Castle),boss_arena
7000003,173,map_lot,Morgott's Great Rune,m13_00_00_00,Crumbling Farum Azula,emevd
7000004,174,map_lot,Rykard's Great Rune,PENDING,Volcano Manor,boss_arena
7000005,175,map_lot,Mohg's Great Rune,PENDING,Mohgwyn Palace,boss_arena
7000006,176,map_lot,Malenia's Great Rune,PENDING,Miquella's Haligtree & Elphael,boss_arena
7000007,177,synthetic,FA/TFB: Golden Rune [12] - to SW up right stairs outside,PENDING,Crumbling Farum Azula,synthetic_areacode
7000008,191,map_lot,Godrick's Great Rune,m34_10_00_00,DLC Dungeon,emevd
7000009,192,map_lot,Radahn's Great Rune,m34_13_00_00,DLC Dungeon,emevd
7000010,193,map_lot,Morgott's Great Rune,m34_14_00_00,DLC Dungeon,emevd
7000011,194,map_lot,Rykard's Great Rune,m34_12_00_00,DLC Dungeon,emevd
7000012,195,map_lot,Mohg's Great Rune,m34_14_00_00,DLC Dungeon,emevd
7000013,196,map_lot,Malenia's Great Rune,m34_15_00_00,DLC Dungeon,emevd
7000014,197,map_lot,Remembrance of the Full Moon Queen,m10_00_00_00,Stormveil Castle,emevd
7000015,6700,map_lot,Flask of Wondrous Physick,PENDING,Global / Common-event (unplaced),global
7000016,9500,map_lot,Mending Rune of Perfect Order,m11_05_00_00,Leyndell / Roundtable / Shunning-Grounds,emevd
7000017,9502,map_lot,Mending Rune of the Death-Prince,m12_03_00_00,Eternal Cities & Underground Rivers,treasure
7000018,9504,map_lot,Mending Rune of the Fell Curse,m35_00_00_00,Divine Tower,treasure
7000019,9800,map_lot,,m11_00_00_00,Leyndell / Roundtable / Shunning-Grounds,emevd
7000020,9810,map_lot,,m15_00_00_00,Miquella's Haligtree & Elphael,emevd
7000021,60000,map_lot,Flask of Crimson Tears,m10_00_00_00,Stormveil Castle,emevd
7000022,60020,map_lot,Flask of Wondrous Physick,m60_46_38_00,Overworld m60_46_38_00,treasure
7000023,60100,map_lot,Spectral Steed Whistle,m42_01_00_00,DLC Legacy Dungeon,emevd
7000024,60110,map_lot,Spirit Calling Bell,m60_42_36_00,Overworld m60_42_36_00,emevd
7000025,60120,shop,Crafting Kit,m11_10_00_00,Leyndell / Roundtable / Shunning-Grounds,emevd
7000026,60130,map_lot,Whetstone Knife,m60_42_37_00,Overworld m60_42_37_00,treasure
7000027,60140,map_lot,Tailoring Tools,PENDING,Global / Common-event (unplaced),global
7000028,60150,map_lot,Golden Tailoring Tools,PENDING,Global / Common-event (unplaced),global
7000029,60210,map_lot,Tarnished's Wizened Finger,m10_01_00_00,Stormveil Castle,emevd
7000030,60220,map_lot,Tarnished's Furled Finger,PENDING,Global / Common-event (unplaced),global
7000031,60230,map_lot,Small Golden Effigy,PENDING,Global / Common-event (unplaced),global
7000032,60240,map_lot,Duelist's Furled Finger,m60_42_40_00,Overworld m60_42_40_00,treasure
7000033,60250,map_lot,Small Red Effigy,PENDING,Global / Common-event (unplaced),global
7000034,60260,map_lot,Recusant Finger,m16_00_00_00,Volcano Manor / Mt. Gelmir,treasure
7000035,60270,map_lot,Bloody Finger,PENDING,Global / Common-event (unplaced),global
7000036,60280,map_lot,White Cipher Ring,PENDING,Global / Common-event (unplaced),global
7000037,60290,shop,Blue Cipher Ring,PENDING,Roundtable Hold,shop_merchant
7000038,60300,map_lot,Taunter's Tongue,m11_10_00_00,Leyndell / Roundtable / Shunning-Grounds,emevd
7000039,60310,map_lot,Finger Severer,PENDING,Global / Common-event (unplaced),global
7000040,60400,map_lot,Memory Stone,m60_45_33_00,Overworld m60_45_33_00,treasure
7000041,60410,map_lot,Memory Stone,m60_34_43_00,Overworld m60_34_43_00,treasure
7000042,60420,map_lot,Memory Stone,m60_35_47_00,Overworld m60_35_47_00,treasure
7000043,60430,map_lot,Memory Stone,m60_34_50_00,Overworld m60_34_50_00,treasure
7000044,60440,map_lot,Memory Stone,PENDING,Global / Common-event (unplaced),global
7000045,60450,map_lot,Memory Stone,m60_37_53_00,Overworld m60_37_53_00,emevd
7000046,60460,map_lot,Memory Stone,m60_52_41_00,Overworld m60_52_41_00,treasure
7000047,60470,shop,Memory Stone,m60_35_45_00,Overworld m60_35_45_00,emevd
7000048,60500,map_lot,Talisman Pouch,m30_00_00_00,Hero's Graves (Catacombs),emevd
7000049,60510,map_lot,Talisman Pouch,m10_00_00_00,Stormveil Castle,emevd
7000050,60520,map_lot,Talisman Pouch,m34_13_00_00,DLC Dungeon,emevd
7000051,62010,map_lot,"Map: Limgrave, West",m60_42_37_00,Overworld m60_42_37_00,treasure
7000052,62011,map_lot,Map: Weeping Peninsula,m60_44_32_00,Overworld m60_44_32_00,treasure
7000053,62012,map_lot,"Map: Limgrave, East",PENDING,Limgrave,map_name
7000054,62020,map_lot,"Map: Liurnia, East",m60_38_41_00,Overworld m60_38_41_00,treasure
7000055,62021,map_lot,"Map: Liurnia, North",m60_37_44_00,Overworld m60_37_44_00,treasure
7000056,62022,map_lot,"Map: Liurnia, West",m60_34_48_00,Overworld m60_34_48_00,treasure
7000057,62030,map_lot,Map: Altus Plateau,m60_40_52_00,Overworld m60_40_52_00,emevd
7000058,62031,map_lot,"Map: Leyndell, Royal Capital",m60_42_51_00,Overworld m60_42_51_00,treasure
7000059,62032,map_lot,Map: Mt. Gelmir,m60_36_54_00,Overworld m60_36_54_00,treasure
7000060,62040,map_lot,Map: Caelid,m60_49_37_00,Overworld m60_49_37_00,treasure
7000061,62041,map_lot,Map: Dragonbarrow,m60_49_40_00,Overworld m60_49_40_00,treasure
7000062,62050,map_lot,"Map: Mountaintops of the Giants, West",m60_49_53_00,Overworld m60_49_53_00,treasure
7000063,62051,map_lot,"Map: Mountaintops of the Giants, East",m60_52_54_00,Overworld m60_52_54_00,treasure
7000064,62052,map_lot,Map: Consecrated Snowfield,m60_48_56_00,Overworld m60_48_56_00,treasure
7000065,62060,map_lot,Map: Ainsel River,m12_01_00_00,Eternal Cities & Underground Rivers,treasure
7000066,62061,map_lot,Map: Lake of Rot,m12_01_00_00,Eternal Cities & Underground Rivers,treasure
7000067,62062,map_lot,Map: Mohgwyn Palace,m12_05_00_00,Eternal Cities & Underground Rivers,treasure
7000068,62063,map_lot,Map: Siofra River,m12_02_00_00,Eternal Cities & Underground Rivers,treasure
7000069,62064,map_lot,Map: Deeproot Depths,m12_03_00_00,Eternal Cities & Underground Rivers,treasure
7000070,62080,map_lot,Map: Gravesite Plain,PENDING,Gravesite Plain,map_name
7000071,62081,map_lot,Map: Scadu Altus,m61_48_45_00,Land of Shadow (DLC),treasure
7000072,62082,map_lot,Map: Southern Shore,m61_48_37_00,Land of Shadow (DLC),treasure
7000073,62083,map_lot,Map: Rauh Ruins,m61_46_45_00,Land of Shadow (DLC),treasure
7000074,62084,map_lot,Map: Abyss,m61_52_41_00,Land of Shadow (DLC),treasure
7000075,65000,map_lot,Crimsonspill Crystal Tear,PENDING,Global / Common-event (unplaced),global
7000076,65010,map_lot,Greenspill Crystal Tear,PENDING,Global / Common-event (unplaced),global
7000077,65020,map_lot,Crimson Crystal Tear,PENDING,Global / Common-event (unplaced),global
7000078,65030,map_lot,Crimson Crystal Tear,m60_44_53_00,Overworld m60_44_53_00,treasure
7000079,65040,map_lot,Cerulean Crystal Tear,m60_33_43_00,Overworld m60_33_43_00,emevd
7000080,65050,map_lot,Cerulean Crystal Tear,PENDING,Global / Common-event (unplaced),global
7000081,65060,map_lot,Speckled Hardtear,m12_03_00_00,Eternal Cities & Underground Rivers,emevd
7000082,65070,map_lot,Crimson Bubbletear,PENDING,Global / Common-event (unplaced),global
7000083,65080,map_lot,Opaline Bubbletear,PENDING,Global / Common-event (unplaced),global
7000084,65090,map_lot,Crimsonburst Crystal Tear,m60_43_33_00,Overworld m60_43_33_00,emevd
7000085,65100,map_lot,Greenburst Crystal Tear,m60_47_40_00,Overworld m60_47_40_00,emevd
7000086,65110,map_lot,Opaline Hardtear,PENDING,Global / Common-event (unplaced),global
7000087,65120,map_lot,Winged Crystal Tear,m60_44_53_00,Overworld m60_44_53_00,treasure
7000088,65130,map_lot,Thorny Cracked Tear,PENDING,Global / Common-event (unplaced),global
7000089,65140,map_lot,Spiked Cracked Tear,PENDING,Global / Common-event (unplaced),global
7000090,65150,map_lot,Windy Crystal Tear,m60_49_37_00,Overworld m60_49_37_00,treasure
7000091,65160,map_lot,Ruptured Crystal Tear,PENDING,Global / Common-event (unplaced),global
7000092,65170,map_lot,Ruptured Crystal Tear,PENDING,Global / Common-event (unplaced),global
7000093,65180,map_lot,Leaden Hardtear,m60_37_54_00,Overworld m60_37_54_00,emevd
7000094,65190,map_lot,Twiggy Cracked Tear,m60_44_53_00,Overworld m60_44_53_00,emevd
7000095,65200,map_lot,Crimsonwhorl Bubbletear,m60_52_54_00,Overworld m60_52_54_00,treasure
7000096,65210,map_lot,Strength-knot Crystal Tear,PENDING,Global / Common-event (unplaced),global
7000097,65220,map_lot,Dexterity-knot Crystal Tear,PENDING,Global / Common-event (unplaced),global
7000098,65230,map_lot,Intelligence-knot Crystal Tear,PENDING,Global / Common-event (unplaced),global
7000099,65240,map_lot,Faith-knot Crystal Tear,m60_43_34_00,Overworld m60_43_34_00,treasure
7000100,65250,map_lot,Cerulean Hidden Tear,PENDING,Global / Common-event (unplaced),global
7000101,65260,map_lot,Stonebarb Cracked Tear,PENDING,Global / Common-event (unplaced),global
7000102,65270,map_lot,Purifying Crystal Tear,m60_39_52_00,Overworld m60_39_52_00,emevd
7000103,65280,map_lot,Flame-Shrouding Cracked Tear,PENDING,Global / Common-event (unplaced),global
7000104,65290,map_lot,Magic-Shrouding Cracked Tear,m60_38_48_00,Overworld m60_38_48_00,emevd
7000105,65300,map_lot,Lightning-Shrouding Cracked Tear,PENDING,Global / Common-event (unplaced),global
7000106,65310,map_lot,Holy-Shrouding Cracked Tear,PENDING,Global / Common-event (unplaced),global
7000107,65400,map_lot,Viridian Hidden Tear,PENDING,Global / Common-event (unplaced),global
7000108,65410,map_lot,Crimsonburst Dried Tear,PENDING,Global / Common-event (unplaced),global
7000109,65420,map_lot,Crimson-Sapping Cracked Tear,PENDING,Global / Common-event (unplaced),global
7000110,65430,map_lot,Cerulean-Sapping Cracked Tear,PENDING,Global / Common-event (unplaced),global
7000111,65440,map_lot,Oil-Soaked Tear,PENDING,Global / Common-event (unplaced),global
7000112,65450,map_lot,Bloodsucking Cracked Tear,PENDING,Global / Common-event (unplaced),global
7000113,65460,map_lot,Glovewort Crystal Tear,PENDING,Global / Filler (scattered by design),global_filler
7000114,65470,map_lot,Deflecting Hardtear,PENDING,Global / Common-event (unplaced),global
7000115,65610,map_lot,Iron Whetblade,m10_00_00_00,Stormveil Castle,treasure
7000116,65640,map_lot,Red-Hot Whetblade,m60_51_36_00,Overworld m60_51_36_00,treasure
7000117,65660,map_lot,Sanctified Whetblade,m11_00_00_00,Leyndell / Roundtable / Shunning-Grounds,emevd
7000118,65680,map_lot,Glintstone Whetblade,m14_00_00_00,Raya Lucaria Academy,treasure
7000119,65720,map_lot,Black Whetblade,m12_02_00_00,Eternal Cities & Underground Rivers,treasure
7000120,66000,map_lot,Cracked Pot,PENDING,Global / Common-event (unplaced),global
7000121,66010,map_lot,Cracked Pot,m10_00_00_00,Stormveil Castle,treasure
7000122,66020,map_lot,Cracked Pot,m10_00_00_00,Stormveil Castle,treasure
7000123,66030,shop,Cracked Pot,PENDING,Multiple merchants (various regions),shop_multi
7000124,66060,shop,Cracked Pot,PENDING,Multiple merchants (various regions),shop_multi
7000125,66070,shop,Cracked Pot,PENDING,Multiple merchants (various regions),shop_multi
7000126,66080,map_lot,Cracked Pot,m60_39_44_00,Overworld m60_39_44_00,treasure
7000127,66090,map_lot,Cracked Pot,m60_39_44_00,Overworld m60_39_44_00,treasure
7000128,66100,map_lot,Cracked Pot,m60_39_44_00,Overworld m60_39_44_00,treasure
7000129,66110,map_lot,Cracked Pot,m60_35_50_00,Overworld m60_35_50_00,emevd
7000130,66120,map_lot,Cracked Pot,m14_00_00_00,Raya Lucaria Academy,treasure
7000131,66130,map_lot,Cracked Pot,m11_00_00_00,Leyndell / Roundtable / Shunning-Grounds,emevd
7000132,66140,map_lot,Cracked Pot,m30_13_00_00,Hero's Graves (Catacombs),treasure
7000133,66150,map_lot,Cracked Pot,m30_13_00_00,Hero's Graves (Catacombs),treasure
7000134,66160,map_lot,Cracked Pot,m30_13_00_00,Hero's Graves (Catacombs),treasure
7000135,66170,map_lot,Cracked Pot,m30_13_00_00,Hero's Graves (Catacombs),treasure
7000136,66180,shop,Cracked Pot,m10_01_00_00,Stormveil Castle,emevd
7000137,66190,map_lot,Cracked Pot,PENDING,Global / Common-event (unplaced),global
7000138,66400,map_lot,Ritual Pot,PENDING,Global / Common-event (unplaced),global
7000139,66410,map_lot,Ritual Pot,m14_00_00_00,Raya Lucaria Academy,treasure
7000140,66420,map_lot,Ritual Pot,PENDING,Global / Common-event (unplaced),global
7000141,66430,map_lot,Ritual Pot,m60_39_44_00,Overworld m60_39_44_00,treasure
7000142,66440,map_lot,Ritual Pot,m60_39_44_00,Overworld m60_39_44_00,treasure
7000143,66450,shop,Ritual Pot,m60_35_50_00,Overworld m60_35_50_00,emevd
7000144,66460,shop,Ritual Pot,PENDING,Multiple merchants (various regions),shop_multi
7000145,66470,map_lot,Ritual Pot,m30_13_00_00,Hero's Graves (Catacombs),treasure
7000146,66480,map_lot,Ritual Pot,m30_13_00_00,Hero's Graves (Catacombs),treasure
7000147,66490,map_lot,Ritual Pot,m35_00_00_00,Divine Tower,treasure
7000148,66700,map_lot,Perfume Bottle,m16_00_00_00,Volcano Manor / Mt. Gelmir,treasure
7000149,66710,map_lot,Perfume Bottle,PENDING,Global / Common-event (unplaced),global
7000150,66720,map_lot,Perfume Bottle,m11_00_00_00,Leyndell / Roundtable / Shunning-Grounds,emevd
7000151,66730,map_lot,Perfume Bottle,PENDING,Global / Common-event (unplaced),global
7000152,66740,map_lot,Perfume Bottle,m60_36_52_00,Overworld m60_36_52_00,treasure
7000153,66750,shop,Perfume Bottle,PENDING,Liurnia of the Lakes,shop_merchant
7000154,66760,map_lot,Perfume Bottle,m60_39_51_00,Overworld m60_39_51_00,treasure
7000155,66770,map_lot,Perfume Bottle,PENDING,Global / Common-event (unplaced),global
7000156,66780,map_lot,Perfume Bottle,m31_18_00_00,Caves,treasure
7000157,66790,map_lot,Perfume Bottle,m60_48_38_00,Overworld m60_48_38_00,treasure
7000158,66900,map_lot,Hefty Cracked Pot,PENDING,Global / Common-event (unplaced),global
7000159,66910,map_lot,Hefty Cracked Pot,m41_00_00_00,DLC Legacy Dungeon,emevd
7000160,66920,map_lot,Hefty Cracked Pot,PENDING,Global / Common-event (unplaced),global
7000161,66930,map_lot,Hefty Cracked Pot,m18_00_00_00,Stormveil (assoc.),emevd
7000162,66940,map_lot,Hefty Cracked Pot,PENDING,Global / Common-event (unplaced),global
7000163,66950,map_lot,Hefty Cracked Pot,PENDING,Global / Common-event (unplaced),global
7000164,66960,map_lot,Hefty Cracked Pot,m61_50_44_00,Land of Shadow (DLC),treasure
7000165,66970,map_lot,Hefty Cracked Pot,m61_50_44_00,Land of Shadow (DLC),treasure
7000166,66980,map_lot,Hefty Cracked Pot,PENDING,Global / Common-event (unplaced),global
7000167,66990,map_lot,Hefty Cracked Pot,PENDING,Global / Common-event (unplaced),global
7000168,67000,shop,Nomadic Warrior's Cookbook [1],PENDING,Limgrave,shop_merchant
7000169,67010,shop,Nomadic Warrior's Cookbook [3],m13_00_00_00,Crumbling Farum Azula,emevd
7000170,67020,map_lot,Nomadic Warrior's Cookbook [6],m60_46_36_00,Overworld m60_46_36_00,treasure
7000171,67030,map_lot,Nomadic Warrior's Cookbook [10],m10_00_00_00,Stormveil Castle,treasure
7000172,67050,map_lot,Nomadic Warrior's Cookbook [7],m60_40_39_00,Overworld m60_40_39_00,treasure
7000173,67060,map_lot,Nomadic Warrior's Cookbook [12],m60_35_44_00,Overworld m60_35_44_00,treasure
7000174,67070,map_lot,Nomadic Warrior's Cookbook [19],m19_00_00_00,Chapel of Anticipation,emevd
7000175,67080,shop,Nomadic Warrior's Cookbook [13],m19_00_00_00,Chapel of Anticipation,emevd
7000176,67090,map_lot,Nomadic Warrior's Cookbook [23],m60_49_54_00,Overworld m60_49_54_00,treasure
7000177,67100,shop,Nomadic Warrior's Cookbook [17],m60_35_42_00,Overworld m60_35_42_00,emevd
7000178,67110,shop,Nomadic Warrior's Cookbook [2],PENDING,Limgrave,shop_merchant
7000179,67120,map_lot,Nomadic Warrior's Cookbook [21],m16_00_00_00,Volcano Manor / Mt. Gelmir,treasure
7000180,67130,map_lot,Missionary's Cookbook [6],m16_00_00_00,Volcano Manor / Mt. Gelmir,treasure
7000181,67200,map_lot,Armorer's Cookbook [1],m60_43_38_00,Overworld m60_43_38_00,treasure
7000182,67210,shop,Armorer's Cookbook [2],PENDING,Limgrave,shop_merchant
7000183,67220,map_lot,Nomadic Warrior's Cookbook [11],PENDING,Liurnia of the Lakes,cookbook
7000184,67230,shop,Nomadic Warrior's Cookbook [20],PENDING,Liurnia of the Lakes,shop_merchant
7000185,67250,map_lot,Armorer's Cookbook [7],m60_35_54_00,Overworld m60_35_54_00,treasure
7000186,67260,map_lot,Armorer's Cookbook [4],m60_51_36_00,Overworld m60_51_36_00,treasure
7000187,67270,shop,Nomadic Warrior's Cookbook [18],PENDING,Siofra River / Nokron,shop_merchant
7000188,67280,shop,Armorer's Cookbook [3],PENDING,Limgrave,shop_merchant
7000189,67290,shop,Nomadic Warrior's Cookbook [16],PENDING,Siofra River / Nokron,shop_merchant
7000190,67300,map_lot,Armorer's Cookbook [6],m12_02_00_00,Eternal Cities & Underground Rivers,treasure
7000191,67310,map_lot,Armorer's Cookbook [5],m60_51_36_00,Overworld m60_51_36_00,treasure
7000192,67400,map_lot,Glintstone Craftsman's Cookbook [4],PENDING,Liurnia of the Lakes,cookbook
7000193,67410,map_lot,Glintstone Craftsman's Cookbook [1],m60_38_40_00,Overworld m60_38_40_00,treasure
7000194,67420,map_lot,Glintstone Craftsman's Cookbook [5],m14_00_00_00,Raya Lucaria Academy,treasure
7000195,67430,map_lot,Nomadic Warrior's Cookbook [9],m30_00_00_00,Hero's Graves (Catacombs),treasure
7000196,67440,map_lot,Glintstone Craftsman's Cookbook [8],PENDING,Consecrated Snowfield,cookbook
7000197,67450,map_lot,Glintstone Craftsman's Cookbook [2],m60_38_41_00,Overworld m60_38_41_00,treasure
7000198,67460,map_lot,Glintstone Craftsman's Cookbook [6],PENDING,Liurnia of the Lakes,cookbook
7000199,67470,shop,Glintstone Craftsman's Cookbook [7],m60_35_50_00,Overworld m60_35_50_00,emevd
7000200,67480,map_lot,Glintstone Craftsman's Cookbook [3],m60_38_42_00,Overworld m60_38_42_00,treasure
7000201,67600,shop,Missionary's Cookbook [2],PENDING,Roundtable Hold,shop_merchant
7000202,67610,shop,Missionary's Cookbook [1],PENDING,Limgrave,shop_merchant
7000203,67630,map_lot,Missionary's Cookbook [5],m12_02_00_00,Eternal Cities & Underground Rivers,treasure
7000204,67640,map_lot,Missionary's Cookbook [4],m60_43_50_00,Overworld m60_43_50_00,treasure
7000205,67650,map_lot,Missionary's Cookbook [3],m60_46_40_00,Overworld m60_46_40_00,treasure
7000206,67800,map_lot,Nomadic Warrior's Cookbook [4],PENDING,Limgrave,cookbook
7000207,67830,shop,Nomadic Warrior's Cookbook [5],PENDING,Limgrave,shop_merchant
7000208,67840,map_lot,Perfumer's Cookbook [1],PENDING,Altus Plateau,cookbook
7000209,67850,map_lot,Perfumer's Cookbook [2],PENDING,Altus Plateau,cookbook
7000210,67860,map_lot,Perfumer's Cookbook [3],m30_13_00_00,Hero's Graves (Catacombs),treasure
7000211,67870,map_lot,Nomadic Warrior's Cookbook [14],m60_46_40_00,Overworld m60_46_40_00,treasure
7000212,67880,map_lot,Nomadic Warrior's Cookbook [8],m31_02_00_00,Caves,emevd
7000213,67890,map_lot,Nomadic Warrior's Cookbook [22],m12_01_00_00,Eternal Cities & Underground Rivers,treasure
7000214,67900,shop,Nomadic Warrior's Cookbook [15],PENDING,Caelid,shop_merchant
7000215,67910,map_lot,Nomadic Warrior's Cookbook [24],m12_05_00_00,Eternal Cities & Underground Rivers,treasure
7000216,67920,shop,Perfumer's Cookbook [4],PENDING,Siofra River / Nokron,shop_merchant
7000217,68000,map_lot,Ancient Dragon Apostle's Cookbook [1],PENDING,Altus Plateau,cookbook
7000218,68010,shop,Ancient Dragon Apostle's Cookbook [2],PENDING,Liurnia of the Lakes,shop_merchant
7000219,68020,map_lot,Ancient Dragon Apostle's Cookbook [4],m13_00_00_00,Crumbling Farum Azula,treasure
7000220,68030,map_lot,Ancient Dragon Apostle's Cookbook [3],m60_48_36_00,Overworld m60_48_36_00,treasure
7000221,68200,map_lot,Fevor's Cookbook [1],PENDING,Limgrave,cookbook
7000222,68210,map_lot,Fevor's Cookbook [3],m11_10_00_00,Leyndell / Roundtable / Shunning-Grounds,emevd
7000223,68220,shop,Fevor's Cookbook [2],PENDING,Weeping Peninsula,shop_merchant
7000224,68230,shop,Missionary's Cookbook [7],PENDING,Siofra River / Nokron,shop_merchant
7000225,68400,map_lot,Frenzied's Cookbook [1],m60_38_48_00,Overworld m60_38_48_00,treasure
7000226,68410,map_lot,Frenzied's Cookbook [2],m35_00_00_00,Divine Tower,treasure
7000227,68510,map_lot,Forager Brood Cookbook [6],PENDING,Shadow Keep (DLC),cookbook
7000228,68520,map_lot,Forager Brood Cookbook [1],PENDING,Gravesite Plain (DLC),cookbook
7000229,68530,map_lot,Forager Brood Cookbook [2],PENDING,Land of Shadow (DLC),cookbook
7000230,68540,map_lot,Forager Brood Cookbook [3],PENDING,Cerulean Coast (DLC),cookbook
7000231,68550,map_lot,Forager Brood Cookbook [4],PENDING,Land of Shadow (DLC),cookbook
7000232,68560,map_lot,Forager Brood Cookbook [5],PENDING,Land of Shadow (DLC),cookbook
7000233,68570,map_lot,Igon's Cookbook [2],PENDING,Jagged Peak (DLC),cookbook
7000234,68580,map_lot,Finger-Weaver's Cookbook [2],PENDING,Land of Shadow (DLC),cookbook
7000235,68590,map_lot,Greater Potentate's Cookbook [1],PENDING,Land of Shadow (DLC),cookbook
7000236,68600,map_lot,Greater Potentate's Cookbook [4],PENDING,Land of Shadow (DLC),cookbook
7000237,68610,map_lot,Greater Potentate's Cookbook [5],PENDING,Land of Shadow (DLC),cookbook
7000238,68620,map_lot,Greater Potentate's Cookbook [12],PENDING,Land of Shadow (DLC),cookbook
7000239,68630,map_lot,Greater Potentate's Cookbook [7],m61_49_43_00,Land of Shadow (DLC),treasure
7000240,68640,map_lot,Greater Potentate's Cookbook [9],m61_44_46_00,Land of Shadow (DLC),treasure
7000241,68650,map_lot,Greater Potentate's Cookbook [10],PENDING,Land of Shadow (DLC),cookbook
7000242,68660,map_lot,Greater Potentate's Cookbook [11],PENDING,Land of Shadow (DLC),cookbook
7000243,68670,map_lot,Mad Craftsman's Cookbook [2],m61_50_41_00,Land of Shadow (DLC),treasure
7000244,68680,map_lot,Greater Potentate's Cookbook [8],m61_45_48_00,Land of Shadow (DLC),treasure
7000245,68690,map_lot,Greater Potentate's Cookbook [3],PENDING,Scadu Altus (DLC),cookbook
7000246,68700,map_lot,Greater Potentate's Cookbook [13],PENDING,Land of Shadow (DLC),cookbook
7000247,68710,map_lot,Greater Potentate's Cookbook [14],m61_47_39_00,Land of Shadow (DLC),treasure
7000248,68720,map_lot,Greater Potentate's Cookbook [6],PENDING,Jagged Peak (DLC),cookbook
7000249,68730,map_lot,Greater Potentate's Cookbook [2],PENDING,Land of Shadow (DLC),cookbook
7000250,68740,map_lot,Ancient Dragon Knight's Cookbook [1],PENDING,Scadu Altus (DLC),cookbook
7000251,68750,map_lot,Mad Craftsman's Cookbook [1],PENDING,Abyssal Woods (DLC),cookbook
7000252,68760,map_lot,St. Trina Disciple's Cookbook [1],m61_48_37_00,Land of Shadow (DLC),treasure
7000253,68770,map_lot,Fire Knight's Cookbook [1],PENDING,Gravesite Plain (DLC),cookbook
7000254,68780,map_lot,Ancient Dragon Knight's Cookbook [2],PENDING,Scadu Altus (DLC),cookbook
7000255,68790,map_lot,Loyal Knight's Cookbook,PENDING,Land of Shadow (DLC),cookbook
7000256,68800,map_lot,Battlefield Priest's Cookbook [1],PENDING,Shadow Keep (DLC),cookbook
7000257,68810,map_lot,Igon's Cookbook [1],PENDING,Jagged Peak (DLC),cookbook
7000258,68820,map_lot,Battlefield Priest's Cookbook [2],m61_49_43_00,Land of Shadow (DLC),treasure
7000259,68830,map_lot,Forager Brood Cookbook [7],PENDING,Land of Shadow (DLC),cookbook
7000260,68840,map_lot,St. Trina Disciple's Cookbook [3],PENDING,Land of Shadow (DLC),cookbook
7000261,68850,map_lot,Grave Keeper's Cookbook [2],m61_49_38_00,Land of Shadow (DLC),treasure
7000262,68860,map_lot,Antiquity Scholar's Cookbook [2],PENDING,Land of Shadow (DLC),cookbook
7000263,68870,map_lot,Tibia's Cookbook,PENDING,Land of Shadow (DLC),cookbook
7000264,68880,map_lot,Mad Craftsman's Cookbook [3],PENDING,Abyssal Woods (DLC),cookbook
7000265,68890,map_lot,Battlefield Priest's Cookbook [3],m61_48_46_00,Land of Shadow (DLC),treasure
7000266,68900,map_lot,Fire Knight's Cookbook [2],PENDING,Land of Shadow (DLC),cookbook
7000267,68910,enemy_lot,Antiquity Scholar's Cookbook [1],PENDING,Scadu Altus (DLC),cookbook
7000268,68920,map_lot,Finger-Weaver's Cookbook [1],m61_49_38_00,Land of Shadow (DLC),treasure
7000269,68930,map_lot,Battlefield Priest's Cookbook [4],PENDING,Shadow Keep (DLC),cookbook
7000270,68940,map_lot,Grave Keeper's Cookbook [1],m61_46_38_00,Land of Shadow (DLC),treasure
7000271,68950,map_lot,St. Trina Disciple's Cookbook [2],m61_47_35_00,Land of Shadow (DLC),treasure
7000272,69600,shop,Note: Hidden Cave,PENDING,Caelid,shop_merchant
7000273,69610,shop,Note: Imp Shades,PENDING,Multiple merchants (various regions),shop_multi
7000274,69620,shop,Note: Flask of Wondrous Physick,PENDING,Multiple merchants (various regions),shop_multi
7000275,69630,shop,Note: Stonedigger Trolls,PENDING,Multiple merchants (various regions),shop_multi
7000276,69640,shop,Note: Wandering Mausoleum,PENDING,Weeping Peninsula,shop_merchant
7000277,69650,shop,Note: Unseen Assassins,PENDING,Liurnia of the Lakes,shop_merchant
7000278,69670,shop,Note: Flame Chariots,PENDING,Limgrave,shop_merchant
7000279,69680,shop,Note: Demi-human Mobs,PENDING,Weeping Peninsula,shop_merchant
7000280,69690,shop,Note: Land Squirts,PENDING,Limgrave,shop_merchant
7000281,69700,shop,Note: Gravity's Advantage,PENDING,Caelid,shop_merchant
7000282,69710,shop,Note: Revenants,PENDING,Weeping Peninsula,shop_merchant
7000283,69720,shop,Note: Waypoint Ruins,PENDING,Limgrave,shop_merchant
7000284,69730,shop,Note: Gateway,PENDING,Caelid,shop_merchant
7000285,69740,map_lot,Note: Miquella's Needle,m35_00_00_00,Divine Tower,treasure
7000286,69750,shop,Note: Frenzied Flame Village,PENDING,Weeping Peninsula,shop_merchant
7000287,69760,map_lot,Note: The Lord of Frenzied Flame,m60_38_48_00,Overworld m60_38_48_00,treasure
7000288,69770,shop,Note: Below the Capital,PENDING,Liurnia of the Lakes,shop_merchant
7000289,69900,shop,Weathered Map,m60_35_50_00,Overworld m60_35_50_00,emevd
7000290,69910,shop,Note: The Preceptor's Secret,PENDING,Weeping Peninsula,shop_merchant
7000291,100000,shop,Festering Bloody Finger,PENDING,Multiple merchants (various regions),shop_multi
7000292,100020,shop,Ruin Fragment,PENDING,Multiple merchants (various regions),shop_multi
7000293,100040,shop,Buckler,PENDING,Multiple merchants (various regions),shop_multi
7000294,100090,shop,Furlcalling Finger Remedy,PENDING,Multiple merchants (various regions),shop_multi
7000295,100100,shop,Silver-Pickled Fowl Foot,PENDING,Limgrave (Church of Elleh),shop_merchant
7000296,100110,shop,Stormhawk Feather,PENDING,Limgrave (Church of Elleh),shop_merchant
7000297,100120,shop,Caestus,PENDING,Limgrave (Church of Elleh),shop_merchant
7000298,100130,shop,Great Arrow,PENDING,Multiple merchants (various regions),shop_multi
7000299,100140,shop,Ballista Bolt,PENDING,Multiple merchants (various regions),shop_multi
7000300,100150,shop,Bandit Manchettes,PENDING,Limgrave (Church of Elleh),shop_merchant
7000301,100160,shop,Bandit Boots,PENDING,Limgrave (Church of Elleh),shop_merchant
7000302,100170,shop,Bandit Garb,PENDING,Limgrave (Church of Elleh),shop_merchant
7000303,100180,shop,Ancient Dragon Smithing Stone,PENDING,Limgrave (Church of Elleh),shop_merchant
7000304,100250,shop,Memory Stone,PENDING,Multiple merchants (various regions),shop_multi
7000305,100260,shop,Stonesword Key,PENDING,Multiple merchants (various regions),shop_multi
7000306,100500,shop,[Sorcery] Glintstone Pebble,PENDING,Multiple merchants (various regions),shop_multi
7000307,100510,shop,[Sorcery] Scholar's Armament,PENDING,Limgrave (Church of Elleh),shop_merchant
7000308,100520,shop,[Sorcery] Scholar's Shield,PENDING,Limgrave (Church of Elleh),shop_merchant
7000309,100530,shop,[Sorcery] Crystal Barrage,PENDING,Limgrave (Church of Elleh),shop_merchant
7000310,100540,shop,[Sorcery] Glintstone Arc,PENDING,Multiple merchants (various regions),shop_multi
7000311,100550,shop,[Sorcery] Glintstone Stars,PENDING,Multiple merchants (various regions),shop_multi
7000312,100560,shop,[Sorcery] Shard Spiral,PENDING,Limgrave (Church of Elleh),shop_merchant
7000313,100570,shop,[Sorcery] Glintstone Cometshard,PENDING,Multiple merchants (various regions),shop_multi
7000314,100580,shop,[Sorcery] Star Shower,PENDING,Multiple merchants (various regions),shop_multi
7000315,100590,shop,[Sorcery] Great Glintstone Shard,PENDING,Multiple merchants (various regions),shop_multi
7000316,100600,shop,[Sorcery] Swift Glintstone Shard,PENDING,Multiple merchants (various regions),shop_multi
7000317,100610,shop,[Sorcery] Glintblade Phalanx,PENDING,Multiple merchants (various regions),shop_multi
7000318,100620,shop,[Sorcery] Carian Slicer,PENDING,Multiple merchants (various regions),shop_multi
7000319,100750,shop,Ash of War: Impaling Thrust,PENDING,Limgrave (Church of Elleh),shop_merchant
7000320,100760,shop,Ash of War: Spinning Slash,PENDING,Limgrave (Church of Elleh),shop_merchant
7000321,100770,shop,Ash of War: Quickstep,PENDING,Limgrave (Church of Elleh),shop_merchant
7000322,100780,shop,Ash of War: Stamp (Upward Cut),PENDING,Limgrave (Church of Elleh),shop_merchant
7000323,100790,shop,Ash of War: Kick,PENDING,Limgrave (Church of Elleh),shop_merchant
7000324,100800,shop,Ash of War: War Cry,PENDING,Limgrave (Church of Elleh),shop_merchant
7000325,100810,shop,Ash of War: Endure,PENDING,Limgrave (Church of Elleh),shop_merchant
7000326,100820,shop,Ash of War: Parry,PENDING,Limgrave (Church of Elleh),shop_merchant
7000327,100830,shop,Ash of War: Storm Blade,PENDING,Limgrave (Church of Elleh),shop_merchant
7000328,100840,shop,Ash of War: Eruption,PENDING,Limgrave (Church of Elleh),shop_merchant
7000329,100850,shop,Ash of War: Assassin's Gambit,PENDING,Limgrave (Church of Elleh),shop_merchant
7000330,100860,shop,Ash of War: No Skill,PENDING,Limgrave (Church of Elleh),shop_merchant
7000331,110000,shop,Margit's Shackle,PENDING,Roundtable Hold,shop_merchant
7000332,110020,shop,Stonesword Key,PENDING,Multiple merchants (various regions),shop_multi
7000333,110030,shop,Furlcalling Finger Remedy,PENDING,Multiple merchants (various regions),shop_multi
7000334,110050,shop,Gold-Pickled Fowl Foot,PENDING,Roundtable Hold,shop_merchant
7000335,110060,synthetic,"MH/HC: Smithing Stone [8] - from main branch, go S take right fork then SE",PENDING,Miquella's Haligtree & Elphael,synthetic_areacode
7000336,110080,shop,Parrying Dagger,PENDING,Roundtable Hold,shop_merchant
7000337,110110,shop,Sacrificial Twig,PENDING,Multiple merchants (various regions),shop_multi
7000338,110120,shop,Festering Bloody Finger,PENDING,Multiple merchants (various regions),shop_multi
7000339,110130,shop,Grace Mimic,PENDING,Roundtable Hold,shop_merchant
7000340,110140,shop,Fan Daggers,PENDING,Roundtable Hold,shop_merchant
7000341,110170,shop,Festering Bloody Finger,PENDING,Multiple merchants (various regions),shop_multi
7000342,110190,shop,Estoc,PENDING,Multiple merchants (various regions),shop_multi
7000343,110220,shop,Horse Crest Wooden Shield,PENDING,Roundtable Hold,shop_merchant
7000344,110260,shop,[Incantation] Litany of Proper Death,PENDING,Roundtable Hold,shop_merchant
7000345,110270,shop,[Incantation] Order's Blade,PENDING,Roundtable Hold,shop_merchant
7000346,110750,shop,[Sorcery] Night Shard,PENDING,Roundtable Hold,shop_merchant
7000347,110760,shop,[Incantation] Night Maiden's Mist,PENDING,Roundtable Hold,shop_merchant
7000348,110770,shop,[Sorcery] Glintstone Stars,PENDING,Multiple merchants (various regions),shop_multi
7000349,110850,shop,[Incantation] Pest Threads,PENDING,Roundtable Hold,shop_merchant
7000350,120000,shop,Ash of War: Spinning Weapon,PENDING,Liurnia of the Lakes (Ranni's Rise),shop_merchant
7000351,120010,shop,Ash of War: Glintstone Pebble,PENDING,Liurnia of the Lakes (Ranni's Rise),shop_merchant
7000352,120020,shop,Ash of War: Carian Greatsword,PENDING,Liurnia of the Lakes (Ranni's Rise),shop_merchant
7000353,120270,shop,Somber Smithing Stone [3],PENDING,Multiple merchants (various regions),shop_multi
7000354,120280,shop,Somber Smithing Stone [4],PENDING,Multiple merchants (various regions),shop_multi
7000355,120290,shop,Carian Filigreed Crest,PENDING,Liurnia of the Lakes (Ranni's Rise),shop_merchant
7000356,120500,shop,[Sorcery] Glintstone Pebble,m12_05_00_00,Eternal Cities & Underground Rivers,emevd
7000357,120510,shop,[Sorcery] Glintstone Arc,PENDING,Multiple merchants (various regions),shop_multi
7000358,120520,shop,[Sorcery] Starlight,PENDING,Liurnia of the Lakes (Ranni's Rise),shop_merchant
7000359,120750,shop,[Sorcery] Carian Phalanx,PENDING,Multiple merchants (various regions),shop_multi
7000360,120760,shop,[Sorcery] Glintstone Icecrag,PENDING,Liurnia of the Lakes (Ranni's Rise),shop_merchant
7000361,120770,shop,[Sorcery] Freezing Mist,PENDING,Liurnia of the Lakes (Ranni's Rise),shop_merchant
7000362,120780,shop,[Sorcery] Carian Retaliation,PENDING,Multiple merchants (various regions),shop_multi
7000363,120790,shop,[Sorcery] Glintstone Cometshard,m60_34_50_00,Overworld m60_34_50_00,emevd
7000364,120800,shop,[Sorcery] Star Shower,m60_34_50_00,Overworld m60_34_50_00,emevd
7000365,120810,shop,[Sorcery] Great Glintstone Shard,m60_34_50_00,Overworld m60_34_50_00,emevd
7000366,120820,shop,[Sorcery] Swift Glintstone Shard,m60_34_50_00,Overworld m60_34_50_00,emevd
7000367,120830,shop,[Sorcery] Glintblade Phalanx,m60_34_50_00,Overworld m60_34_50_00,emevd
7000368,120840,shop,[Sorcery] Carian Slicer,m60_34_50_00,Overworld m60_34_50_00,emevd
7000369,130000,shop,Finger Maiden Therolina Puppet,m60_34_50_00,Overworld m60_34_50_00,emevd
7000370,130010,shop,Dolores the Sleeping Arrow Puppet,PENDING,Liurnia of the Lakes (Seluvis's Rise),shop_merchant
7000371,130020,shop,Jarwight Puppet,PENDING,Liurnia of the Lakes (Seluvis's Rise),shop_merchant
7000372,130100,shop,Dung Eater Puppet,m60_34_50_00,Overworld m60_34_50_00,emevd
7000373,130290,shop,Old Fang,m60_35_50_00,Overworld m60_35_50_00,emevd
7000374,130300,shop,Slumbering Egg,m60_35_50_00,Overworld m60_35_50_00,emevd
7000375,130310,synthetic,MA/(LER): Ghost Glovewort [2] - enemy drop middle of ruins,PENDING,Ainsel River / Lake of Rot,synthetic_areacode
7000376,130320,synthetic,MA/(LER): Ghost Glovewort [2] - enemy drop E ruins,PENDING,Ainsel River / Lake of Rot,synthetic_areacode
7000377,130340,shop,Ash of War: Carian Retaliation,m60_35_50_00,Overworld m60_35_50_00,emevd
7000378,130350,shop,Celestial Dew,m60_35_50_00,Overworld m60_35_50_00,emevd
7000379,130360,shop,Larval Tear,m60_35_50_00,Overworld m60_35_50_00,emevd
7000380,130370,shop,Budding Horn,m60_35_50_00,Overworld m60_35_50_00,emevd
7000381,130380,shop,Ripple Blade,m60_35_50_00,Overworld m60_35_50_00,emevd
7000382,130390,shop,Black Leather Shield,m60_35_50_00,Overworld m60_35_50_00,emevd
7000383,130500,shop,[Incantation] Rejection,PENDING,Liurnia of the Lakes (Seluvis's Rise),shop_merchant
7000384,130510,shop,[Incantation] Urgent Heal,PENDING,Liurnia of the Lakes (Seluvis's Rise),shop_merchant
7000385,130520,shop,[Incantation] Heal,PENDING,Liurnia of the Lakes (Seluvis's Rise),shop_merchant
7000386,130530,shop,[Incantation] Cure Poison,PENDING,Liurnia of the Lakes (Seluvis's Rise),shop_merchant
7000387,130540,shop,[Incantation] Flame Fortification,PENDING,Liurnia of the Lakes (Seluvis's Rise),shop_merchant
7000388,130550,shop,[Incantation] Magic Fortification,PENDING,Liurnia of the Lakes (Seluvis's Rise),shop_merchant
7000389,130560,shop,[Incantation] Catch Flame,PENDING,Liurnia of the Lakes (Seluvis's Rise),shop_merchant
7000390,130570,shop,[Incantation] Flame Sling,PENDING,Liurnia of the Lakes (Seluvis's Rise),shop_merchant
7000391,130580,shop,[Incantation] Great Heal,PENDING,Liurnia of the Lakes (Seluvis's Rise),shop_merchant
7000392,130590,shop,[Incantation] Lightning Fortification,PENDING,Liurnia of the Lakes (Seluvis's Rise),shop_merchant
7000393,130600,shop,[Incantation] Discus of Light,PENDING,Liurnia of the Lakes (Seluvis's Rise),shop_merchant
7000394,130610,shop,[Incantation] Immutable Shield,PENDING,Liurnia of the Lakes (Seluvis's Rise),shop_merchant
7000395,130620,shop,"[Incantation] O, Flame!",PENDING,Multiple merchants (various regions),shop_multi
7000396,130630,shop,"[Incantation] Surge, O Flame!",PENDING,Multiple merchants (various regions),shop_multi
7000397,130640,shop,[Incantation] Giantsflame Take Thee,PENDING,Multiple merchants (various regions),shop_multi
7000398,130650,shop,"[Incantation] Flame, Fall Upon Them",PENDING,Multiple merchants (various regions),shop_multi
7000399,130660,shop,[Incantation] Black Flame,PENDING,Multiple merchants (various regions),shop_multi
7000400,130670,shop,[Incantation] Black Flame Blade,PENDING,Multiple merchants (various regions),shop_multi
7000401,130680,shop,[Incantation] Lord's Heal,PENDING,Multiple merchants (various regions),shop_multi
7000402,130690,shop,[Incantation] Lord's Aid,PENDING,Multiple merchants (various regions),shop_multi
7000403,130700,shop,[Incantation] Assassin's Approach,PENDING,Multiple merchants (various regions),shop_multi
7000404,130710,shop,[Incantation] Darkness,PENDING,Multiple merchants (various regions),shop_multi
7000405,130720,shop,[Incantation] Radagon's Rings of Light,PENDING,Multiple merchants (various regions),shop_multi
7000406,130730,shop,[Incantation] Law of Regression,PENDING,Multiple merchants (various regions),shop_multi
7000407,130740,shop,[Incantation] Lightning Spear,PENDING,Multiple merchants (various regions),shop_multi
7000408,130750,shop,[Incantation] Honed Bolt,PENDING,Multiple merchants (various regions),shop_multi
7000409,130760,shop,[Incantation] Electrify Armament,PENDING,Multiple merchants (various regions),shop_multi
7000410,130770,shop,[Incantation] Ancient Dragons' Lightning Spear,PENDING,Multiple merchants (various regions),shop_multi
7000411,130780,shop,[Incantation] Ancient Dragons' Lightning Strike,PENDING,Multiple merchants (various regions),shop_multi
7000412,130790,synthetic,MA/(LER): Smithing Stone [8] x3 - in chest under illusory floor E ruins,PENDING,Ainsel River / Lake of Rot,synthetic_areacode
7000413,140000,shop,[Sorcery] Magic Glintblade,PENDING,Limgrave (Waypoint Ruins),shop_merchant
7000414,140010,shop,[Sorcery] Carian Greatsword,PENDING,Limgrave (Waypoint Ruins),shop_merchant
7000415,140020,shop,[Sorcery] Glintstone Cometshard,PENDING,Multiple merchants (various regions),shop_multi
7000416,140030,shop,[Sorcery] Star Shower,PENDING,Multiple merchants (various regions),shop_multi
7000417,140040,shop,[Sorcery] Great Glintstone Shard,PENDING,Multiple merchants (various regions),shop_multi
7000418,140050,shop,[Sorcery] Swift Glintstone Shard,PENDING,Multiple merchants (various regions),shop_multi
7000419,140060,shop,[Sorcery] Glintblade Phalanx,PENDING,Multiple merchants (various regions),shop_multi
7000420,140070,shop,[Sorcery] Carian Slicer,PENDING,Multiple merchants (various regions),shop_multi
7000421,140250,shop,[Incantation] Blessing's Boon,PENDING,Limgrave (Waypoint Ruins),shop_merchant
7000422,140260,shop,"[Incantation] O, Flame!",PENDING,Multiple merchants (various regions),shop_multi
7000423,140280,shop,"[Incantation] Surge, O Flame!",PENDING,Multiple merchants (various regions),shop_multi
7000424,140290,shop,[Incantation] Giantsflame Take Thee,PENDING,Multiple merchants (various regions),shop_multi
7000425,140300,shop,"[Incantation] Flame, Fall Upon Them",PENDING,Multiple merchants (various regions),shop_multi
7000426,140310,shop,[Incantation] Black Flame,PENDING,Multiple merchants (various regions),shop_multi
7000427,140320,shop,[Incantation] Black Flame Blade,PENDING,Multiple merchants (various regions),shop_multi
7000428,140330,shop,[Incantation] Lord's Heal,PENDING,Multiple merchants (various regions),shop_multi
7000429,140340,shop,[Incantation] Lord's Aid,PENDING,Multiple merchants (various regions),shop_multi
7000430,140350,shop,[Incantation] Assassin's Approach,PENDING,Multiple merchants (various regions),shop_multi
7000431,140360,shop,[Incantation] Darkness,PENDING,Multiple merchants (various regions),shop_multi
7000432,140370,shop,[Incantation] Radagon's Rings of Light,PENDING,Multiple merchants (various regions),shop_multi
7000433,140380,shop,[Incantation] Law of Regression,PENDING,Multiple merchants (various regions),shop_multi
7000434,140390,shop,[Incantation] Lightning Spear,PENDING,Multiple merchants (various regions),shop_multi
7000435,140400,shop,[Incantation] Honed Bolt,PENDING,Multiple merchants (various regions),shop_multi
7000436,140410,shop,[Incantation] Electrify Armament,PENDING,Multiple merchants (various regions),shop_multi
7000437,140420,shop,[Incantation] Ancient Dragons' Lightning Spear,PENDING,Multiple merchants (various regions),shop_multi
7000438,140430,shop,[Incantation] Ancient Dragons' Lightning Strike,PENDING,Multiple merchants (various regions),shop_multi
7000439,150050,shop,Furlcalling Finger Remedy,PENDING,Multiple merchants (various regions),shop_multi
7000440,150060,synthetic,LG/SR: Lump of Flesh x3 - lower beach to W,PENDING,Limgrave,synthetic_areacode
7000441,150080,synthetic,LG/(CE): Furlcalling Finger Remedy x5 - Kalé Shop,PENDING,Limgrave,synthetic_areacode
7000442,150090,synthetic,LG/(CE): Note: Flask of Wondrous Physick - Kalé Shop,PENDING,Limgrave,synthetic_areacode
7000443,150100,shop,Torch,PENDING,Limgrave,shop_merchant
7000444,150110,shop,Large Leather Shield,PENDING,Limgrave,shop_merchant
7000445,150120,synthetic,LG/(CE): Note: Waypoint Ruins - Kalé Shop,PENDING,Limgrave,synthetic_areacode
7000446,150130,shop,Telescope,PENDING,Limgrave,shop_merchant
7000447,150140,synthetic,LG/(CE): Nomadic Warrior's Cookbook [1] - Kalé Shop,PENDING,Limgrave,synthetic_areacode
7000448,150150,shop,Chain Coif,PENDING,Limgrave,shop_merchant
7000449,150160,shop,Chain Armor,PENDING,Limgrave,shop_merchant
7000450,150170,shop,Gauntlets,PENDING,Limgrave,shop_merchant
7000451,150180,shop,Chain Leggings,PENDING,Limgrave,shop_merchant
7000452,150210,synthetic,LG/(CE): Telescope - Kalé Shop,PENDING,Limgrave,synthetic_areacode
7000453,150220,synthetic,LG/(CE): Nomadic Warrior's Cookbook [2] - Kalé Shop,PENDING,Limgrave,synthetic_areacode
7000454,150410,shop,Pickled Turtle Neck,PENDING,Limgrave,shop_merchant
7000455,150420,shop,Short Sword,PENDING,Limgrave,shop_merchant
7000456,150430,shop,Halberd,PENDING,Limgrave,shop_merchant
7000457,150460,shop,Bandit Mask,PENDING,Limgrave,shop_merchant
7000458,150470,shop,Smithing Stone [1],PENDING,Multiple merchants (various regions),shop_multi
7000459,150480,synthetic,LG/SB: Bandit Mask - Nomadic Merchant to E,PENDING,Limgrave,synthetic_areacode
7000460,150490,synthetic,LG/SB: Pickled Turtle Neck x3 - Nomadic Merchant to E,PENDING,Limgrave,synthetic_areacode
7000461,150500,synthetic,LG/SB: Note: Flame Chariots - Nomadic Merchant to E,PENDING,Limgrave,synthetic_areacode
7000462,150520,shop,Sliver of Meat,PENDING,Multiple merchants (various regions),shop_multi
7000463,150530,shop,Beast Liver,PENDING,Limgrave,shop_merchant
7000464,150540,shop,Lump of Flesh,PENDING,Multiple merchants (various regions),shop_multi
7000465,150550,synthetic,LG/ME: St. Trina's Arrow x10 - Nomadic Merchant S of ME,PENDING,Limgrave,synthetic_areacode
7000466,150610,shop,Festering Bloody Finger,PENDING,Multiple merchants (various regions),shop_multi
7000467,150620,shop,Trina's Lily,PENDING,Multiple merchants (various regions),shop_multi
7000468,150630,shop,Hand Axe,PENDING,Multiple merchants (various regions),shop_multi
7000469,150640,shop,Riveted Wooden Shield,PENDING,Limgrave,shop_merchant
7000470,150650,shop,Blue-Gold Kite Shield,PENDING,Limgrave,shop_merchant
7000471,150670,shop,Smithing Stone [1],PENDING,Multiple merchants (various regions),shop_multi
7000472,150860,shop,Club,PENDING,Limgrave,shop_merchant
7000473,150870,shop,Broadsword,PENDING,Limgrave,shop_merchant
7000474,150880,shop,Iron Roundshield,PENDING,Limgrave,shop_merchant
7000475,150890,shop,Shortbow,PENDING,Limgrave,shop_merchant
7000476,150920,shop,Neutralizing Boluses,PENDING,Multiple merchants (various regions),shop_multi
7000477,150930,shop,Stanching Boluses,PENDING,Multiple merchants (various regions),shop_multi
7000478,150940,shop,Stimulating Boluses,PENDING,Multiple merchants (various regions),shop_multi
7000479,150950,shop,Smithing Stone [1],PENDING,Multiple merchants (various regions),shop_multi
7000480,150960,synthetic,LG/CC: Stanching Boluses x3 - Nomadic Merchant SE of CC,PENDING,Limgrave,synthetic_areacode
7000481,150970,synthetic,LG/CC: Stimulating Boluses x2 - Nomadic Merchant SE of CC,PENDING,Limgrave,synthetic_areacode
7000482,150980,synthetic,LG/CC: Note: Stonedigger Trolls - Nomadic Merchant SE of CC,PENDING,Limgrave,synthetic_areacode
7000483,160000,shop,Stonesword Key,PENDING,Multiple merchants (various regions),shop_multi
7000484,160130,shop,Red Thorn Roundshield,PENDING,Weeping Peninsula,shop_merchant
7000485,160140,shop,Round Shield,PENDING,Multiple merchants (various regions),shop_multi
7000486,160160,shop,Crimson Amber Medallion,PENDING,Multiple merchants (various regions),shop_multi
7000487,160190,shop,Bastard Sword,PENDING,Weeping Peninsula,shop_merchant
7000488,160200,shop,Light Crossbow,PENDING,Weeping Peninsula,shop_merchant
7000489,160250,synthetic,WP/WR: Golden Rune [5] - W of WR on beach,PENDING,Weeping Peninsula,synthetic_areacode
7000490,160260,synthetic,WP/(WR): Great Dragonfly Head - within ruins,PENDING,Weeping Peninsula,synthetic_areacode
7000491,160340,shop,Kite Shield,PENDING,Weeping Peninsula,shop_merchant
7000492,160350,synthetic,LL/RVV: Ash of War: Barbaric Roar - scarab to N,PENDING,Liurnia of the Lakes,synthetic_areacode
7000493,160410,shop,Astrologer Hood,PENDING,Weeping Peninsula,shop_merchant
7000494,160420,shop,Astrologer Robe,PENDING,Weeping Peninsula,shop_merchant
7000495,160430,shop,Astrologer Gloves,PENDING,Weeping Peninsula,shop_merchant
7000496,160440,shop,Astrologer Trousers,PENDING,Weeping Peninsula,shop_merchant
7000497,160450,shop,Lantern,PENDING,Weeping Peninsula,shop_merchant
7000498,160460,shop,Astrologer's Staff,PENDING,Weeping Peninsula,shop_merchant
7000499,160490,shop,Smithing Stone [1],PENDING,Multiple merchants (various regions),shop_multi
7000500,160520,shop,Stonesword Key,PENDING,Multiple merchants (various regions),shop_multi
7000501,160530,synthetic,"SSG/UR: Fire Grease x5 - to left down ladder, to right up pipe on big platform",PENDING,Subterranean Shunning-Grounds,synthetic_areacode
7000502,160540,shop,Arteria Leaf,PENDING,Weeping Peninsula,shop_merchant
7000503,160580,shop,Lantern,PENDING,Weeping Peninsula,shop_merchant
7000504,160590,shop,Lost Ashes of War,PENDING,Multiple merchants (various regions),shop_multi
7000505,160600,shop,Zweihander,PENDING,Weeping Peninsula,shop_merchant
7000506,160640,shop,Festering Bloody Finger,PENDING,Multiple merchants (various regions),shop_multi
7000507,160650,shop,Smithing Stone [2],PENDING,Multiple merchants (various regions),shop_multi
7000508,160760,shop,Trina's Lily,PENDING,Multiple merchants (various regions),shop_multi
7000509,160770,synthetic,RLA/SC: Smithing Stone [5] - below cog elevator item 1,PENDING,Raya Lucaria Academy,synthetic_areacode
7000510,160780,shop,Eye of Yelough,PENDING,Weeping Peninsula,shop_merchant
7000511,160800,shop,Stonesword Key,PENDING,Multiple merchants (various regions),shop_multi
7000512,160810,shop,Lost Ashes of War,PENDING,Multiple merchants (various regions),shop_multi
7000513,160880,shop,Fanged Imp Ashes,PENDING,Weeping Peninsula,shop_merchant
7000514,160890,shop,St. Trina's Arrow,PENDING,Multiple merchants (various regions),shop_multi
7000515,160910,shop,Blue Cloth Cowl,PENDING,Multiple merchants (various regions),shop_multi
7000516,160920,shop,Blue Cloth Vest,PENDING,Multiple merchants (various regions),shop_multi
7000517,160930,shop,Warrior Gauntlets,PENDING,Multiple merchants (various regions),shop_multi
7000518,160940,shop,Warrior Greaves,PENDING,Multiple merchants (various regions),shop_multi
7000519,160950,shop,Festering Bloody Finger,PENDING,Multiple merchants (various regions),shop_multi
7000520,160960,synthetic,"RLA/SC: Golden Rune [3] - down cog elevator, to NW item 1",PENDING,Raya Lucaria Academy,synthetic_areacode
7000521,160970,synthetic,"RLA/SC: Avionette Soldier Ashes - down cog elevator, to NW item 2",PENDING,Raya Lucaria Academy,synthetic_areacode
7000522,170040,shop,Composite Bow,PENDING,Liurnia of the Lakes,shop_merchant
7000523,170050,shop,Rift Shield,PENDING,Liurnia of the Lakes,shop_merchant
7000524,170060,shop,Blue Crest Heater Shield,PENDING,Liurnia of the Lakes,shop_merchant
7000525,170070,synthetic,LL/CFT: Crystal Dart x3 - SW under CFT,PENDING,Liurnia of the Lakes,synthetic_areacode
7000526,170080,synthetic,"RLA/CC: Golden Rune [4] - outside, S after bridge, drop down off ledge, to E in corner",PENDING,Raya Lucaria Academy,synthetic_areacode
7000527,170140,shop,Rune Arc,PENDING,Multiple merchants (various regions),shop_multi
7000528,170150,shop,Bewitching Branch,PENDING,Liurnia of the Lakes,shop_merchant
7000529,170180,shop,Immunizing White Cured Meat,PENDING,Liurnia of the Lakes,shop_merchant
7000530,170190,shop,Invigorating White Cured Meat,PENDING,Liurnia of the Lakes,shop_merchant
7000531,170200,shop,Clarifying White Cured Meat,PENDING,Liurnia of the Lakes,shop_merchant
7000532,170350,shop,Sentry's Torch,PENDING,Liurnia of the Lakes,shop_merchant
7000533,170360,shop,Rune Arc,PENDING,Multiple merchants (various regions),shop_multi
7000534,170370,shop,Golden Sunflower,PENDING,Liurnia of the Lakes,shop_merchant
7000535,170380,shop,Distinguished Greatshield,PENDING,Liurnia of the Lakes,shop_merchant
7000536,170450,shop,Upper-Class Robe,PENDING,Liurnia of the Lakes,shop_merchant
7000537,170460,shop,Consort's Trousers,PENDING,Liurnia of the Lakes,shop_merchant
7000538,170470,shop,Prophet Blindfold,PENDING,Liurnia of the Lakes,shop_merchant
7000539,170480,shop,Prophet Trousers,PENDING,Liurnia of the Lakes,shop_merchant
7000540,170490,shop,Prophet Robe,PENDING,Liurnia of the Lakes,shop_merchant
7000541,170500,synthetic,LL/(CM): Ritual Pot - Pidia shop,PENDING,Liurnia of the Lakes,synthetic_areacode
7000542,170530,shop,Stonesword Key,PENDING,Multiple merchants (various regions),shop_multi
7000543,170540,synthetic,LL/(CM): Glintstone Craftsman's Cookbook [7] - Pidia shop,PENDING,Liurnia of the Lakes,synthetic_areacode
7000544,170550,synthetic,TSC/SCIG: Ghost Glovewort [4] - enemy drop to E middle courtyard,PENDING,Siofra River / Nokron,synthetic_areacode
7000545,170560,synthetic,"TSC/SCR: Ghost Glovewort [4] - enemy drop SW inner swamp, N end behind tree",PENDING,Siofra River / Nokron,synthetic_areacode
7000546,170570,synthetic,TSC/SCIG: Rot Grease x3 - to E middle courtyard,PENDING,Siofra River / Nokron,synthetic_areacode
7000547,170640,shop,Scorpion Kite Shield,PENDING,Liurnia of the Lakes,shop_merchant
7000548,170650,shop,Gravel Stone,PENDING,Multiple merchants (various regions),shop_multi
7000549,170660,shop,Red Crest Heater Shield,PENDING,Liurnia of the Lakes,shop_merchant
7000550,170670,shop,Crossed-Tree Towershield,PENDING,Liurnia of the Lakes,shop_merchant
7000551,170700,shop,Tree Surcoat,PENDING,Liurnia of the Lakes,shop_merchant
7000552,170710,shop,Festering Bloody Finger,PENDING,Multiple merchants (various regions),shop_multi
7000553,170770,shop,Stonesword Key,PENDING,Multiple merchants (various regions),shop_multi
7000554,170940,shop,Confessor Hood,PENDING,Liurnia of the Lakes,shop_merchant
7000555,170950,shop,Confessor Armor,PENDING,Liurnia of the Lakes,shop_merchant
7000556,170960,shop,Confessor Gloves,PENDING,Liurnia of the Lakes,shop_merchant
7000557,170970,shop,Confessor Boots,PENDING,Liurnia of the Lakes,shop_merchant
7000558,170980,shop,Guilty Hood,PENDING,Liurnia of the Lakes,shop_merchant
7000559,180130,shop,Preserving Boluses,PENDING,Caelid,shop_merchant
7000560,180140,shop,Aeonian Butterfly,PENDING,Caelid,shop_merchant
7000561,180260,shop,Stonesword Key,PENDING,Multiple merchants (various regions),shop_multi
7000562,180270,synthetic,CL/(SSR): Traveler's Hat - in raised ruin,PENDING,Caelid,synthetic_areacode
7000563,180410,shop,Champion Headband,PENDING,Multiple merchants (various regions),shop_multi
7000564,180420,shop,Champion Pauldron,PENDING,Multiple merchants (various regions),shop_multi
7000565,180430,shop,Champion Bracers,PENDING,Multiple merchants (various regions),shop_multi
7000566,180440,shop,Champion Gaiters,PENDING,Multiple merchants (various regions),shop_multi
7000567,180450,shop,Greathelm,PENDING,Caelid,shop_merchant
7000568,180460,synthetic,CL/(SSR): Golden Rune [4] - in SW Ruin,PENDING,Caelid,synthetic_areacode
7000569,180470,synthetic,CL/(SSR): Perfumer's Traveling Garb - in raised ruin,PENDING,Caelid,synthetic_areacode
7000570,180500,shop,Iron Helmet,PENDING,Weeping Peninsula,shop_merchant
7000571,180510,shop,Scale Armor,PENDING,Weeping Peninsula,shop_merchant
7000572,180520,shop,Iron Gauntlets,PENDING,Weeping Peninsula,shop_merchant
7000573,180530,shop,Leather Trousers,PENDING,Weeping Peninsula,shop_merchant
7000574,180540,shop,Smithing Stone [1],PENDING,Multiple merchants (various regions),shop_multi
7000575,180550,shop,Smithing Stone [2],PENDING,Multiple merchants (various regions),shop_multi
7000576,180770,shop,Lost Ashes of War,PENDING,Multiple merchants (various regions),shop_multi
7000577,180780,shop,Gravel Stone,PENDING,Multiple merchants (various regions),shop_multi
7000578,180790,synthetic,"CS/(OLT): Ghost Glovewort [9] - enemy drop in evergaol, under stairs to haligtree seal",PENDING,Consecrated Snowfield,synthetic_areacode
7000579,180810,synthetic,CS/OLT: Rotten Duelist Greaves - enemy drop NW of OLT,PENDING,Consecrated Snowfield,synthetic_areacode
7000580,180820,shop,Land of Reeds Helm,PENDING,Caelid,shop_merchant
7000581,180830,shop,Land of Reeds Armor,PENDING,Caelid,shop_merchant
7000582,180840,shop,Land of Reeds Gauntlets,PENDING,Caelid,shop_merchant
7000583,180850,shop,Land of Reeds Greaves,PENDING,Caelid,shop_merchant
7000584,180870,shop,Dragonwound Grease,PENDING,Caelid,shop_merchant
7000585,180880,shop,Spiked Caestus,PENDING,Caelid,shop_merchant
7000586,180890,shop,Beast-Repellent Torch,PENDING,Caelid,shop_merchant
7000587,180930,shop,Festering Bloody Finger,PENDING,Multiple merchants (various regions),shop_multi
7000588,180940,synthetic,CS/OLT: Rotten Greataxe - enemy drop NW of OLT,PENDING,Consecrated Snowfield,synthetic_areacode
7000589,190000,shop,[Incantation] Dragonfire,PENDING,Multiple merchants (various regions),shop_multi
7000590,190010,shop,[Incantation] Agheel's Flame,PENDING,Multiple merchants (various regions),shop_multi
7000591,190020,shop,[Incantation] Magma Breath,PENDING,Multiple merchants (various regions),shop_multi
7000592,190030,shop,Thawfrost Boluses,PENDING,Multiple merchants (various regions),shop_multi
7000593,190040,shop,[Incantation] Rotten Breath,PENDING,Multiple merchants (various regions),shop_multi
7000594,190090,shop,Rune Arc,PENDING,Multiple merchants (various regions),shop_multi
7000595,190150,shop,Vagabond Knight Helm,PENDING,Siofra River / Nokron,shop_merchant
7000596,190160,shop,Vagabond Knight Armor,PENDING,Siofra River / Nokron,shop_merchant
7000597,190170,shop,Vagabond Knight Gauntlets,PENDING,Siofra River / Nokron,shop_merchant
7000598,190180,shop,Vagabond Knight Greaves,PENDING,Siofra River / Nokron,shop_merchant
7000599,190280,shop,Stonesword Key,PENDING,Multiple merchants (various regions),shop_multi
7000600,190290,synthetic,"NS/NEC: Somber Smithing Stone [7] - to W, on corpse overlooking AR boss arena",PENDING,"Nokstella, Eternal City",synthetic_areacode
7000601,190300,synthetic,NS/NEC: Celestial Dew - in structure far SW end of NS,PENDING,"Nokstella, Eternal City",synthetic_areacode
7000602,190350,shop,Dwelling Arrow,PENDING,Siofra River / Nokron,shop_merchant
7000603,190360,shop,Larval Tear,PENDING,Multiple merchants (various regions),shop_multi
7000604,190370,shop,Shotel,PENDING,Siofra River / Nokron,shop_merchant
7000605,190400,shop,Soap,PENDING,Siofra River / Nokron,shop_merchant
7000606,190410,shop,Nascent Butterfly,PENDING,Siofra River / Nokron,shop_merchant
7000607,190530,shop,Lost Ashes of War,PENDING,Multiple merchants (various regions),shop_multi
7000608,190540,synthetic,LAC/LCA: Scepter of the All-Knowing - boss drop,PENDING,"Leyndell, Royal Capital",synthetic_areacode
7000609,190550,synthetic,LAC/LCA: All-Knowing Helm - boss drop,PENDING,"Leyndell, Royal Capital",synthetic_areacode
7000610,190620,shop,Celestial Dew,PENDING,Multiple merchants (various regions),shop_multi
7000611,190630,shop,Gravity Stone Fan,PENDING,Multiple merchants (various regions),shop_multi
7000612,190640,shop,Gravity Stone Chunk,PENDING,Multiple merchants (various regions),shop_multi
7000613,190650,shop,Prisoner Iron Mask,PENDING,Siofra River / Nokron,shop_merchant
7000614,190660,shop,Prisoner Clothing,PENDING,Siofra River / Nokron,shop_merchant
7000615,190670,shop,Prisoner Trousers,PENDING,Siofra River / Nokron,shop_merchant
7000616,190760,shop,Stonesword Key,PENDING,Multiple merchants (various regions),shop_multi
7000617,190770,shop,Lost Ashes of War,PENDING,Multiple merchants (various regions),shop_multi
7000618,190810,shop,Rune Arc,PENDING,Multiple merchants (various regions),shop_multi
7000619,190820,shop,Festering Bloody Finger,PENDING,Multiple merchants (various regions),shop_multi
7000620,190830,shop,Stanching Boluses,PENDING,Multiple merchants (various regions),shop_multi
7000621,200250,shop,Smithing Stone [2],PENDING,Multiple merchants (various regions),shop_multi
7000622,220550,shop,Falchion,PENDING,Non-merchant reference (starting gear; items placed in world),shop_reference
7000623,220630,shop,,PENDING,Non-merchant reference (starting gear; items placed in world),shop_reference
7000624,220640,shop,Cracked Pot,PENDING,Non-merchant reference (starting gear; items placed in world),shop_reference
7000625,220650,shop,,PENDING,Non-merchant reference (starting gear; items placed in world),shop_reference
7000626,220680,shop,Note: Imp Shades,PENDING,Non-merchant reference (starting gear; items placed in world),shop_reference
7000627,220690,shop,Note: Flask of Wondrous Physick,PENDING,Non-merchant reference (starting gear; items placed in world),shop_reference
7000628,230000,shop,Glintstone Staff,PENDING,Non-merchant reference (caster kit; items placed in world),shop_reference
7000629,230020,shop,Clawmark Seal,PENDING,Non-merchant reference (caster kit; items placed in world),shop_reference
7000630,230030,shop,[Sorcery] Glintstone Pebble,PENDING,Non-merchant reference (caster kit; items placed in world),shop_reference
7000631,230040,shop,[Sorcery] Stars of Ruin,PENDING,Non-merchant reference (caster kit; items placed in world),shop_reference
7000632,230050,shop,,PENDING,Non-merchant reference (caster kit; items placed in world),shop_reference
7000633,230060,shop,"[Incantation] Flame, Fall Upon Them",PENDING,Non-merchant reference (caster kit; items placed in world),shop_reference
7000634,230070,shop,[Incantation] Frenzied Burst,PENDING,Non-merchant reference (caster kit; items placed in world),shop_reference
7000635,230080,shop,Carian Knight Helm,PENDING,Non-merchant reference (caster kit; items placed in world),shop_reference
7000636,230090,shop,Carian Knight Armor (Altered),PENDING,Non-merchant reference (caster kit; items placed in world),shop_reference
7000637,230100,shop,Carian Knight Gauntlets,PENDING,Non-merchant reference (caster kit; items placed in world),shop_reference
7000638,230110,shop,Carian Knight Greaves,PENDING,Non-merchant reference (caster kit; items placed in world),shop_reference
7000639,230170,shop,Axe Talisman,PENDING,Non-merchant reference (caster kit; items placed in world),shop_reference
7000640,230190,shop,Note: Stonedigger Trolls,PENDING,Non-merchant reference (caster kit; items placed in world),shop_reference
7000641,250010,shop,Stonesword Key,PENDING,Multiple merchants (various regions),shop_multi
7000642,250020,shop,Rune Arc,PENDING,Multiple merchants (various regions),shop_multi
7000643,250030,shop,Elden Lord Crown,PENDING,Roundtable Hold,shop_merchant
7000644,250040,shop,Elden Lord Armor,PENDING,Roundtable Hold,shop_merchant
7000645,250050,shop,Elden Lord Bracers,PENDING,Roundtable Hold,shop_merchant
7000646,250060,shop,Elden Lord Greaves,PENDING,Roundtable Hold,shop_merchant
7000647,250070,shop,Radahn's Redmane Helm,PENDING,Roundtable Hold,shop_merchant
7000648,250080,shop,Radahn's Lion Armor,PENDING,Roundtable Hold,shop_merchant
7000649,250090,shop,Radahn's Gauntlets,PENDING,Roundtable Hold,shop_merchant
7000650,250100,shop,Radahn's Greaves,PENDING,Roundtable Hold,shop_merchant
7000651,250110,shop,Lord of Blood's Robe,PENDING,Roundtable Hold,shop_merchant
7000652,250120,shop,Queen's Crescent Crown,PENDING,Roundtable Hold,shop_merchant
7000653,250130,shop,Queen's Robe,PENDING,Roundtable Hold,shop_merchant
7000654,250140,shop,Queen's Bracelets,PENDING,Roundtable Hold,shop_merchant
7000655,250150,shop,Queen's Leggings,PENDING,Roundtable Hold,shop_merchant
7000656,250160,shop,Maliketh's Helm,PENDING,Roundtable Hold,shop_merchant
7000657,250170,shop,Maliketh's Armor,PENDING,Roundtable Hold,shop_merchant
7000658,250180,shop,Maliketh's Gauntlets,PENDING,Roundtable Hold,shop_merchant
7000659,250190,shop,Maliketh's Greaves,PENDING,Roundtable Hold,shop_merchant
7000660,250200,shop,Malenia's Winged Helm,PENDING,Roundtable Hold,shop_merchant
7000661,250210,shop,Malenia's Armor,PENDING,Roundtable Hold,shop_merchant
7000662,250220,shop,Malenia's Gauntlet,PENDING,Roundtable Hold,shop_merchant
7000663,250230,shop,Malenia's Greaves,PENDING,Roundtable Hold,shop_merchant
7000664,250240,shop,Fell Omen Cloak,PENDING,Roundtable Hold,shop_merchant
7000665,250250,shop,Royal Knight Helm,PENDING,Roundtable Hold,shop_merchant
7000666,250260,shop,Royal Knight Armor,PENDING,Roundtable Hold,shop_merchant
7000667,250270,shop,Royal Knight Gauntlets,PENDING,Roundtable Hold,shop_merchant
7000668,250280,shop,Royal Knight Greaves,PENDING,Roundtable Hold,shop_merchant
7000669,250290,shop,Veteran's Helm,PENDING,Roundtable Hold,shop_merchant
7000670,250300,shop,Veteran's Armor,PENDING,Roundtable Hold,shop_merchant
7000671,250310,shop,Veteran's Gauntlets,PENDING,Roundtable Hold,shop_merchant
7000672,250320,shop,Veteran's Greaves,PENDING,Roundtable Hold,shop_merchant
7000673,250330,shop,Furled Finger's Trick-Mirror,PENDING,Roundtable Hold,shop_merchant
7000674,250340,shop,Host's Trick-Mirror,PENDING,Roundtable Hold,shop_merchant
7000675,250350,shop,Dagger,PENDING,Multiple merchants (various regions),shop_multi
7000676,250360,shop,Longsword,PENDING,Multiple merchants (various regions),shop_multi
7000677,250370,shop,Scimitar,PENDING,Roundtable Hold,shop_merchant
7000678,250380,shop,Battle Axe,PENDING,Roundtable Hold,shop_merchant
7000679,250390,shop,Mace,PENDING,Multiple merchants (various regions),shop_multi
7000680,250400,shop,Short Spear,PENDING,Multiple merchants (various regions),shop_multi
7000681,250410,shop,Rapier,PENDING,Roundtable Hold,shop_merchant
7000682,250420,shop,Finger Seal,PENDING,Multiple merchants (various regions),shop_multi
7000683,250430,shop,Longbow,PENDING,Multiple merchants (various regions),shop_multi
7000684,250440,shop,Heater Shield,PENDING,Roundtable Hold,shop_merchant
7000685,250450,shop,Knight Helm,PENDING,Roundtable Hold,shop_merchant
7000686,250460,shop,Knight Armor,PENDING,Roundtable Hold,shop_merchant
7000687,250470,shop,Knight Gauntlets,PENDING,Roundtable Hold,shop_merchant
7000688,250480,shop,Knight Greaves,PENDING,Roundtable Hold,shop_merchant
7000689,250500,shop,Briar Helm,PENDING,Roundtable Hold,shop_merchant
7000690,250510,shop,Briar Armor,PENDING,Roundtable Hold,shop_merchant
7000691,250520,shop,Briar Gauntlets,PENDING,Roundtable Hold,shop_merchant
7000692,250530,shop,Briar Greaves,PENDING,Roundtable Hold,shop_merchant
7000693,250540,synthetic,RH: Blue Cipher Ring - Twin maiden shop,PENDING,Roundtable Hold,synthetic_areacode
7000694,250550,shop,Gaius's Helm,PENDING,Roundtable Hold,shop_merchant
7000695,250560,shop,Gaius's Armor,PENDING,Roundtable Hold,shop_merchant
7000696,250570,shop,Gaius's Gauntlets,PENDING,Roundtable Hold,shop_merchant
7000697,250580,shop,Messmer's Helm,PENDING,Roundtable Hold,shop_merchant
7000698,250590,shop,Messmer's Armor,PENDING,Roundtable Hold,shop_merchant
7000699,250600,shop,Messmer's Gauntlets,PENDING,Roundtable Hold,shop_merchant
7000700,250610,shop,Messmer's Greaves,PENDING,Roundtable Hold,shop_merchant
7000701,250620,shop,Rellana's Helm,PENDING,Roundtable Hold,shop_merchant
7000702,250630,shop,Rellana's Armor,PENDING,Roundtable Hold,shop_merchant
7000703,250640,shop,Rellana's Gloves,PENDING,Roundtable Hold,shop_merchant
7000704,250650,shop,Rellana's Greaves,PENDING,Roundtable Hold,shop_merchant
7000705,250660,shop,Young Lion's Helm,PENDING,Roundtable Hold,shop_merchant
7000706,250670,shop,Young Lion's Armor,PENDING,Roundtable Hold,shop_merchant
7000707,250680,shop,Young Lion's Gauntlets,PENDING,Roundtable Hold,shop_merchant
7000708,250690,shop,Young Lion's Greaves,PENDING,Roundtable Hold,shop_merchant
7000709,270750,shop,Remembrance of the Grafted,PENDING,Multiple merchants (various regions),shop_multi
7000710,270760,shop,Remembrance of the Starscourge,PENDING,Multiple merchants (various regions),shop_multi
7000711,270770,shop,Remembrance of the Omen King,PENDING,Multiple merchants (various regions),shop_multi
7000712,270780,shop,Remembrance of the Blasphemous,PENDING,Multiple merchants (various regions),shop_multi
7000713,270790,shop,Remembrance of the Rot Goddess,PENDING,Multiple merchants (various regions),shop_multi
7000714,270800,shop,Remembrance of the Full Moon Queen,PENDING,Multiple merchants (various regions),shop_multi
7000715,270810,shop,Remembrance of the Blood Lord,PENDING,Multiple merchants (various regions),shop_multi
7000716,270850,shop,Remembrance of the Black Blade,PENDING,Multiple merchants (various regions),shop_multi
7000717,270860,shop,Remembrance of Hoarah Loux,PENDING,Multiple merchants (various regions),shop_multi
7000718,270870,shop,Remembrance of the Dragonlord,PENDING,Multiple merchants (various regions),shop_multi
7000719,270880,shop,Remembrance of the Lichdragon,PENDING,Multiple merchants (various regions),shop_multi
7000720,270890,shop,Remembrance of the Fire Giant,PENDING,Multiple merchants (various regions),shop_multi
7000721,270900,shop,Remembrance of the Regal Ancestor,PENDING,Multiple merchants (various regions),shop_multi
7000722,270910,shop,Elden Remembrance,PENDING,Multiple merchants (various regions),shop_multi
7000723,270920,shop,Remembrance of the Naturalborn,PENDING,Multiple merchants (various regions),shop_multi
7000724,280030,shop,Lone Wolf Ashes,PENDING,Multiple merchants (various regions),shop_multi
7000725,280040,shop,[Incantation] Black Flame's Protection,PENDING,Roundtable Hold,shop_merchant
7000726,280050,shop,[Incantation] Lord's Divine Fortification,PENDING,Roundtable Hold,shop_merchant
7000727,280060,synthetic,RH: Knight Greaves - Twin maiden shop,PENDING,Roundtable Hold,synthetic_areacode
7000728,280070,shop,[Incantation] Law of Causality,PENDING,Roundtable Hold,shop_merchant
7000729,280590,synthetic,RH: Furled Finger's Trick-Mirror - Twin maiden shop,PENDING,Roundtable Hold,synthetic_areacode
7000730,280980,shop,Enraged Divine Beast,PENDING,Roundtable Hold,shop_merchant
7000731,280990,shop,Ash of War: Divine Beast Frost Stomp,PENDING,Roundtable Hold,shop_merchant
7000732,290000,shop,Axe of Godrick,PENDING,Roundtable Hold,shop_merchant
7000733,290010,shop,Grafted Dragon,PENDING,Roundtable Hold,shop_merchant
7000734,290020,shop,Starscourge Greatsword,PENDING,Roundtable Hold,shop_merchant
7000735,290030,shop,Lion Greatbow,PENDING,Roundtable Hold,shop_merchant
7000736,290040,shop,Morgott's Cursed Sword,PENDING,Roundtable Hold,shop_merchant
7000737,290050,shop,Regal Omen Bairn,PENDING,Roundtable Hold,shop_merchant
7000738,290060,shop,Blasphemous Blade,PENDING,Roundtable Hold,shop_merchant
7000739,290070,shop,[Sorcery] Rykard's Rancor,PENDING,Roundtable Hold,shop_merchant
7000740,290080,shop,Hand of Malenia,PENDING,Roundtable Hold,shop_merchant
7000741,290090,shop,[Incantation] Scarlet Aeonia,PENDING,Roundtable Hold,shop_merchant
7000742,290100,shop,Mohgwyn's Sacred Spear,m60_35_42_00,Overworld m60_35_42_00,emevd
7000743,290110,shop,[Incantation] Bloodboon,PENDING,Roundtable Hold,shop_merchant
7000744,290120,shop,Maliketh's Black Blade,PENDING,Roundtable Hold,shop_merchant
7000745,290130,shop,[Incantation] Black Blade,PENDING,Roundtable Hold,shop_merchant
7000746,290140,shop,Axe of Godfrey,PENDING,Roundtable Hold,shop_merchant
7000747,290150,shop,Ash of War: Hoarah Loux's Earthshaker,PENDING,Roundtable Hold,shop_merchant
7000748,290160,shop,Dragon King's Cragblade,PENDING,Roundtable Hold,shop_merchant
7000749,290170,shop,[Incantation] Placidusax's Ruin,PENDING,Roundtable Hold,shop_merchant
7000750,290180,shop,Carian Regal Scepter,PENDING,Roundtable Hold,shop_merchant
7000751,290190,shop,[Sorcery] Rennala's Full Moon,PENDING,Roundtable Hold,shop_merchant
7000752,290200,shop,[Incantation] Fortissax's Lightning Spear,PENDING,Roundtable Hold,shop_merchant
7000753,290210,shop,[Sorcery] Death Lightning,PENDING,Roundtable Hold,shop_merchant
7000754,290220,shop,Giant's Red Braid,PENDING,Roundtable Hold,shop_merchant
7000755,290230,shop,"[Incantation] Burn, O Flame!",PENDING,Roundtable Hold,shop_merchant
7000756,290240,shop,Winged Greathorn,PENDING,Roundtable Hold,shop_merchant
7000757,290250,shop,Ancestral Spirit's Horn,PENDING,Roundtable Hold,shop_merchant
7000758,290260,shop,Marika's Hammer,PENDING,Roundtable Hold,shop_merchant
7000759,290270,shop,Sacred Relic Sword,PENDING,Roundtable Hold,shop_merchant
7000760,290280,shop,Bastard's Stars,PENDING,Roundtable Hold,shop_merchant
7000761,290290,shop,Ash of War: Waves of Darkness,PENDING,Roundtable Hold,shop_merchant
7000762,290300,shop,Rellana's Twin Blades,PENDING,Roundtable Hold,shop_merchant
7000763,290310,shop,[Sorcery] Rellana's Twin Moons,PENDING,Roundtable Hold,shop_merchant
7000764,290320,shop,,PENDING,Roundtable Hold,shop_merchant
7000765,290330,shop,[Sorcery] Blades of Stone,PENDING,Roundtable Hold,shop_merchant
7000766,290340,shop,Putrescence Cleaver,PENDING,Roundtable Hold,shop_merchant
7000767,290350,shop,[Sorcery] Vortex of Putrescence,PENDING,Roundtable Hold,shop_merchant
7000768,290360,shop,Poleblade of the Bud,PENDING,Roundtable Hold,shop_merchant
7000769,290370,shop,[Incantation] Rotten Butterflies,PENDING,Roundtable Hold,shop_merchant
7000770,290380,shop,Greatsword of Damnation,PENDING,Roundtable Hold,shop_merchant
7000771,290390,shop,[Incantation] Midra's Flame of Frenzy,PENDING,Roundtable Hold,shop_merchant
7000772,290400,shop,Shadow Sunflower Blossom,PENDING,Roundtable Hold,shop_merchant
7000773,290410,shop,[Incantation] Land of Shadow,PENDING,Roundtable Hold,shop_merchant
7000774,290420,shop,Spear of the Impaler,PENDING,Roundtable Hold,shop_merchant
7000775,290430,shop,[Incantation] Messmer's Orb,PENDING,Roundtable Hold,shop_merchant
7000776,290440,shop,Staff of the Great Beyond,PENDING,Roundtable Hold,shop_merchant
7000777,290450,shop,Gazing Finger,PENDING,Roundtable Hold,shop_merchant
7000778,290460,shop,Greatsword of Radahn (Lord),PENDING,Roundtable Hold,shop_merchant
7000779,290470,shop,Greatsword of Radahn (Light),PENDING,Roundtable Hold,shop_merchant
7000780,290480,shop,[Incantation] Light of Miquella,PENDING,Roundtable Hold,shop_merchant
7000781,290500,shop,[Incantation] Dragonfire,PENDING,Multiple merchants (various regions),shop_multi
7000782,290510,shop,[Incantation] Dragonice,PENDING,Multiple merchants (various regions),shop_multi
7000783,290520,shop,[Incantation] Glintstone Breath,PENDING,Roundtable Hold,shop_merchant
7000784,290530,shop,[Incantation] Rotten Breath,PENDING,Multiple merchants (various regions),shop_multi
7000785,290540,shop,[Incantation] Agheel's Flame,PENDING,Multiple merchants (various regions),shop_multi
7000786,290550,shop,[Incantation] Borealis's Mist,PENDING,Roundtable Hold,shop_merchant
7000787,290560,shop,[Incantation] Smarag's Glintstone Breath,PENDING,Roundtable Hold,shop_merchant
7000788,290570,shop,[Incantation] Ekzykes's Decay,PENDING,Roundtable Hold,shop_merchant
7000789,290650,shop,[Incantation] Bayle's Tyranny,PENDING,"Grand Altar of Dragon Communion (Jagged Peak, DLC)",shop_merchant
7000790,290660,shop,[Incantation] Bayle's Flame Lightning,PENDING,"Grand Altar of Dragon Communion (Jagged Peak, DLC)",shop_merchant
7000791,290670,shop,[Incantation] Ghostflame Breath,PENDING,"Grand Altar of Dragon Communion (Jagged Peak, DLC)",shop_merchant
7000792,290750,shop,[Incantation] Dragonclaw,PENDING,Roundtable Hold,shop_merchant
7000793,290760,shop,[Incantation] Dragonmaw,PENDING,Roundtable Hold,shop_merchant
7000794,290770,shop,[Incantation] Magma Breath,PENDING,Multiple merchants (various regions),shop_multi
7000795,290780,shop,[Incantation] Theodorix's Magma,PENDING,Roundtable Hold,shop_merchant
7000796,290790,shop,[Incantation] Greyoll's Roar,PENDING,Roundtable Hold,shop_merchant
7000797,320500,shop,Rune Arc,PENDING,Multiple merchants (various regions),shop_multi
7000798,320550,shop,Note: Sealed Spiritsprings,PENDING,Gravesite Plain (DLC),shop_merchant
7000799,320560,shop,Rada Fruit,PENDING,Multiple merchants (various regions),shop_multi
7000800,320570,shop,Redflesh Mushroom,PENDING,Multiple merchants (various regions),shop_multi
7000801,320580,shop,Whiteflesh Mushroom,PENDING,Multiple merchants (various regions),shop_multi
7000802,320590,shop,Knot Resin,PENDING,Multiple merchants (various regions),shop_multi
7000803,320600,shop,Spellproof Pickled Liver,PENDING,Gravesite Plain (DLC),shop_merchant
7000804,320610,shop,Fireproof Pickled Liver,PENDING,Gravesite Plain (DLC),shop_merchant
7000805,320620,shop,Lightningproof Pickled Liver,PENDING,Gravesite Plain (DLC),shop_merchant
7000806,320630,shop,Holyproof Pickled Liver,PENDING,Gravesite Plain (DLC),shop_merchant
7000807,320640,shop,Well-Pickled Turtle Neck,PENDING,Gravesite Plain (DLC),shop_merchant
7000808,320650,shop,Black Pyrefly,PENDING,Gravesite Plain (DLC),shop_merchant
7000809,320660,shop,Sanguine Amaryllis,PENDING,Gravesite Plain (DLC),shop_merchant
7000810,320700,shop,Deadly Poison Perfume Bottle,PENDING,Gravesite Plain (DLC),shop_merchant
7000811,320710,shop,Poison Grease,PENDING,Gravesite Plain (DLC),shop_merchant
7000812,320720,shop,Drawstring Poison Grease,PENDING,Gravesite Plain (DLC),shop_merchant
7000813,320730,shop,Poisonbone Dart,PENDING,Multiple merchants (various regions),shop_multi
7000814,320740,shop,Poisoned Stone,PENDING,Multiple merchants (various regions),shop_multi
7000815,320750,shop,Poisoned Stone Clump,PENDING,Multiple merchants (various regions),shop_multi
7000816,320760,shop,Altus Bloom,PENDING,Gravesite Plain (DLC),shop_merchant
7000817,320770,shop,Miranda Powder,PENDING,Multiple merchants (various regions),shop_multi
7000818,320780,shop,Poisonbloom,PENDING,Gravesite Plain (DLC),shop_merchant
7000819,320790,shop,Toxic Mushroom,PENDING,Multiple merchants (various regions),shop_multi
7000820,320800,shop,Toxic Mossling,PENDING,Gravesite Plain (DLC),shop_merchant
7000821,320810,shop,Trina's Lily,PENDING,Multiple merchants (various regions),shop_multi
7000822,320820,synthetic,GP/PT: Forager Brood Cookbook [2] - given by friendly Kindred of Rot E of PT,PENDING,Gravesite Plain (DLC),synthetic_areacode
7000823,330000,shop,[Sorcery] Miriam's Vanishing,PENDING,Cathedral of Manus Metyr (DLC),shop_merchant
7000824,330010,shop,[Sorcery] Glintstone Nail,PENDING,Cathedral of Manus Metyr (DLC),shop_merchant
7000825,330020,shop,[Sorcery] Glintstone Nails,PENDING,Cathedral of Manus Metyr (DLC),shop_merchant
7000826,330030,shop,[Sorcery] Fleeting Microcosm,PENDING,Cathedral of Manus Metyr (DLC),shop_merchant
7000827,330040,shop,[Sorcery] Glintstone Pebble,PENDING,Cathedral of Manus Metyr (DLC),shop_merchant
7000828,330050,shop,[Sorcery] Great Glintstone Shard,PENDING,Cathedral of Manus Metyr (DLC),shop_merchant
7000829,330060,shop,[Sorcery] Glintblade Phalanx,PENDING,Cathedral of Manus Metyr (DLC),shop_merchant
7000830,330070,shop,[Sorcery] Carian Phalanx,PENDING,Cathedral of Manus Metyr (DLC),shop_merchant
7000831,330080,shop,[Sorcery] Carian Retaliation,PENDING,Cathedral of Manus Metyr (DLC),shop_merchant
7000832,370070,shop,Remembrance of a God and a Lord,PENDING,Multiple merchants (various regions),shop_multi
7000833,370080,shop,Remembrance of the Impaler,PENDING,Multiple merchants (various regions),shop_multi
7000834,370180,shop,Remembrance of the Wild Boar Rider,PENDING,Multiple merchants (various regions),shop_multi
7000835,370200,shop,Remembrance of the Shadow Sunflower,PENDING,Multiple merchants (various regions),shop_multi
7000836,370210,shop,Remembrance of the Twin Moon Knight,PENDING,Multiple merchants (various regions),shop_multi
7000837,370220,shop,Remembrance of the Saint of the Bud,PENDING,Multiple merchants (various regions),shop_multi
7000838,370230,shop,Remembrance of the Dancing Lion,PENDING,Multiple merchants (various regions),shop_multi
7000839,370240,shop,Remembrance of the Lord of Frenzied Flame,PENDING,Multiple merchants (various regions),shop_multi
7000840,370250,shop,Remembrance of the Mother of Fingers,PENDING,Multiple merchants (various regions),shop_multi
7000841,370260,shop,Remembrance of Putrescence,PENDING,Multiple merchants (various regions),shop_multi
7000842,400000,shop,Omen Helm,PENDING,Non-merchant reference (gallery list; reuses key-item flags),shop_reference
7000843,400001,map_lot,Rold Medallion,m34_14_00_00,DLC Dungeon,emevd
7000844,400010,map_lot,,PENDING,Global / Common-event (unplaced),global
7000845,400020,map_lot,Neutralizing Boluses,PENDING,Global / Common-event (unplaced),global
7000846,400021,map_lot,,PENDING,Global / Common-event (unplaced),global
7000847,400030,map_lot,Festering Bloody Finger,PENDING,Global / Common-event (unplaced),global
7000848,400031,map_lot,Lord of Blood's Favor,m10_01_00_00,Stormveil Castle,emevd
7000849,400032,map_lot,Pureblood Knight's Medal,PENDING,Global / Common-event (unplaced),global
7000850,400033,map_lot,Lord of Blood's Favor,m10_01_00_00,Stormveil Castle,emevd
7000851,400036,map_lot,Festering Bloody Finger,m12_05_00_00,Eternal Cities & Underground Rivers,emevd
7000852,400037,map_lot,Varre's Bouquet,m12_05_00_00,Eternal Cities & Underground Rivers,emevd
7000853,400040,map_lot,,PENDING,Global / Common-event (unplaced),global
7000854,400041,map_lot,Perfume Bottle,PENDING,Global / Common-event (unplaced),global
7000855,400042,map_lot,Glowstone,PENDING,Global / Common-event (unplaced),global
7000856,400049,map_lot,Kalé's Bell Bearing,PENDING,Global / Common-event (unplaced),global
7000857,400050,map_lot,Grace Mimic,m60_44_36_00,Overworld m60_44_36_00,emevd
7000858,400051,map_lot,Gostoc's Bell Bearing,PENDING,Global / Common-event (unplaced),global
7000859,400060,map_lot,Sacrificial Twig,PENDING,Global / Common-event (unplaced),global
7000860,400061,map_lot,Shabriri Grape,m60_33_44_00,Overworld m60_33_44_00,emevd
7000861,400069,map_lot,[Sorcery] Rancorcall,PENDING,Global / Common-event (unplaced),global
7000862,400070,map_lot,Tonic of Forgetfulness,m60_40_54_00,Overworld m60_40_54_00,emevd
7000863,400071,map_lot,Consort's Mask,m16_00_00_00,Volcano Manor / Mt. Gelmir,emevd
7000864,400072,map_lot,Drawing-Room Key,m16_00_00_00,Volcano Manor / Mt. Gelmir,emevd
7000865,400073,map_lot,Letter from Volcano Manor,m16_00_00_00,Volcano Manor / Mt. Gelmir,emevd
7000866,400074,map_lot,Letter from Volcano Manor,m16_00_00_00,Volcano Manor / Mt. Gelmir,emevd
7000867,400075,map_lot,Red Letter,m16_00_00_00,Volcano Manor / Mt. Gelmir,emevd
7000868,400076,map_lot,[Sorcery] Magma Shot,m16_00_00_00,Volcano Manor / Mt. Gelmir,emevd
7000869,400077,map_lot,Serpentbone Blade,m16_00_00_00,Volcano Manor / Mt. Gelmir,emevd
7000870,400078,map_lot,Taker's Cameo,m16_00_00_00,Volcano Manor / Mt. Gelmir,emevd
7000871,400079,map_lot,[Incantation] Aspects of the Crucible: Breath,PENDING,Global / Common-event (unplaced),global
7000872,400080,map_lot,Irina's Letter,PENDING,Global / Common-event (unplaced),global
7000873,400081,map_lot,Rya's Necklace,PENDING,Global / Common-event (unplaced),global
7000874,400089,map_lot,Frenzied Flame Seal,m35_00_00_00,Divine Tower,emevd
7000875,400090,map_lot,Volcano Manor Invitation,PENDING,Global / Common-event (unplaced),global
7000876,400091,map_lot,Zorayas's Letter,m16_00_00_00,Volcano Manor / Mt. Gelmir,emevd
7000877,400100,map_lot,Sellen's Primal Glintstone,PENDING,Global / Common-event (unplaced),global
7000878,400101,map_lot,Glintstone Kris,PENDING,Global / Common-event (unplaced),global
7000879,400102,map_lot,Sellian Sealbreaker,PENDING,Global / Common-event (unplaced),global
7000880,400103,map_lot,Starlight Shards,PENDING,Global / Common-event (unplaced),global
7000881,400104,map_lot,[Sorcery] Comet Azur,PENDING,Global / Common-event (unplaced),global
7000882,400105,map_lot,[Sorcery] Stars of Ruin,PENDING,Global / Common-event (unplaced),global
7000883,400106,map_lot,Sellen's Bell Bearing,m11_10_00_00,Leyndell / Roundtable / Shunning-Grounds,emevd
7000884,400107,map_lot,Witch's Glintstone Crown,m14_00_00_00,Raya Lucaria Academy,emevd
7000885,400108,map_lot,Glowstone,PENDING,Global / Common-event (unplaced),global
7000886,400109,map_lot,Glowstone,PENDING,Global / Common-event (unplaced),global
7000887,400120,map_lot,Glowstone,PENDING,Global / Common-event (unplaced),global
7000888,400121,map_lot,Glowstone,PENDING,Global / Common-event (unplaced),global
7000889,400122,synthetic,"RH: Rellana's Gloves - Enia shop, defeat CE/CLC mainboss",PENDING,Roundtable Hold,synthetic_areacode
7000890,400130,map_lot,Haligtree Secret Medallion (Right),PENDING,Global / Common-event (unplaced),global
7000891,400140,map_lot,Seluvis's Potion,PENDING,Global / Common-event (unplaced),global
7000892,400141,map_lot,Magic Scorpion Charm,PENDING,Global / Common-event (unplaced),global
7000893,400142,map_lot,,PENDING,Global / Common-event (unplaced),global
7000894,400143,map_lot,Seluvis's Introduction,PENDING,Global / Common-event (unplaced),global
7000895,400144,map_lot,Glowstone,PENDING,Global / Common-event (unplaced),global
7000896,400145,map_lot,Amber Draught,PENDING,Global / Common-event (unplaced),global
7000897,400148,map_lot,Seluvis's Bell Bearing,m60_34_50_00,Overworld m60_34_50_00,emevd
7000898,400149,map_lot,Pidia's Bell Bearing,m60_35_50_00,Overworld m60_35_50_00,emevd
7000899,400150,map_lot,Somber Smithing Stone [2],PENDING,Global / Filler (scattered by design),global_filler
7000900,400158,map_lot,Royal Greatsword,PENDING,Global / Common-event (unplaced),global
7000901,400159,map_lot,Discarded Palace Key,PENDING,Global / Common-event (unplaced),global
7000902,400161,map_lot,Smithing Stone [5],PENDING,Global / Filler (scattered by design),global_filler
7000903,400162,map_lot,Eleonora's Poleblade,PENDING,Global / Common-event (unplaced),global
7000904,400163,map_lot,[Sorcery] Tibia's Summons,m60_39_52_00,Overworld m60_39_52_00,emevd
7000905,400164,map_lot,Iron Kasa,PENDING,Global / Common-event (unplaced),global
7000906,400170,map_lot,Exalted Flesh,PENDING,Global / Common-event (unplaced),global
7000907,400171,map_lot,Exalted Flesh,PENDING,Global / Common-event (unplaced),global
7000908,400172,map_lot,Jar,PENDING,Global / Common-event (unplaced),global
7000909,400173,map_lot,Alexander's Innards,PENDING,Global / Common-event (unplaced),global
7000910,400174,map_lot,Shard of Alexander,m13_00_00_00,Crumbling Farum Azula,emevd
7000911,400175,map_lot,Warrior Jar Shard,m13_00_00_00,Crumbling Farum Azula,emevd
7000912,400180,map_lot,Letter to Patches,m16_00_00_00,Volcano Manor / Mt. Gelmir,emevd
7000913,400181,map_lot,Dancer's Castanets,PENDING,Global / Common-event (unplaced),global
7000914,400182,map_lot,Magma Whip Candlestick,PENDING,Global / Common-event (unplaced),global
7000915,400183,map_lot,Golden Rune [1],m31_00_00_00,Caves,emevd
7000916,400184,map_lot,,PENDING,Global / Common-event (unplaced),global
7000917,400189,map_lot,Patches' Bell Bearing,PENDING,Global / Common-event (unplaced),global
7000918,400190,map_lot,Spirit Jellyfish Ashes,PENDING,Global / Common-event (unplaced),global
7000919,400191,map_lot,Golden Seed,m60_41_38_00,Overworld m60_41_38_00,emevd
7000920,400209,map_lot,Glowstone,PENDING,Global / Common-event (unplaced),global
7000921,400210,map_lot,Whetstone Knife,m30_19_00_00,Hero's Graves (Catacombs),emevd
7000922,400220,map_lot,Golden Seed,PENDING,Global / Filler (scattered by design),global_filler
7000923,400221,map_lot,Erdsteel Dagger,PENDING,Global / Common-event (unplaced),global
7000924,400230,map_lot,Ancient Dragon Smithing Stone,PENDING,Global / Filler (scattered by design),global_filler
7000925,400231,map_lot,[Incantation] Gurranq's Beast Claw,PENDING,Global / Common-event (unplaced),global
7000926,400232,map_lot,Beastclaw Greathammer,PENDING,Global / Common-event (unplaced),global
7000927,400233,map_lot,[Incantation] Stone of Gurranq,PENDING,Global / Common-event (unplaced),global
7000928,400234,map_lot,[Incantation] Beast Claw,PENDING,Global / Common-event (unplaced),global
7000929,400235,map_lot,Ash of War: Beast's Roar,PENDING,Global / Common-event (unplaced),global
7000930,400236,map_lot,[Incantation] Bestial Vitality,PENDING,Global / Common-event (unplaced),global
7000931,400237,map_lot,[Incantation] Bestial Sling,PENDING,Global / Common-event (unplaced),global
7000932,400238,map_lot,Clawmark Seal,PENDING,Global / Common-event (unplaced),global
7000933,400239,map_lot,Beast Eye,PENDING,Global / Common-event (unplaced),global
7000934,400240,map_lot,Iji's Bell Bearing,m60_34_49_00,Overworld m60_34_49_00,emevd
7000935,400241,map_lot,Iji's Mirrorhelm,m60_34_49_00,Overworld m60_34_49_00,emevd
7000936,400260,map_lot,Glowstone,PENDING,Global / Common-event (unplaced),global
7000937,400271,map_lot,Mushroom,PENDING,Global / Common-event (unplaced),global
7000938,400280,map_lot,Haligtree Secret Medallion (Left),PENDING,Leyndell / Roundtable / Shunning-Grounds,flag_prefix
7000939,400281,map_lot,,PENDING,Leyndell / Roundtable / Shunning-Grounds,flag_prefix
7000940,400282,map_lot,[Incantation] Black Flame's Protection,m11_10_00_00,Leyndell / Roundtable / Shunning-Grounds,emevd
7000941,400283,map_lot,[Incantation] Lord's Divine Fortification,m11_10_00_00,Leyndell / Roundtable / Shunning-Grounds,emevd
7000942,400284,map_lot,All-Knowing Gauntlets,PENDING,Leyndell / Roundtable / Shunning-Grounds,flag_prefix
7000943,400285,map_lot,[Incantation] Law of Causality,m11_10_00_00,Leyndell / Roundtable / Shunning-Grounds,emevd
7000944,400286,synthetic,"RH: Rellana's Greaves - Enia shop, defeat CE/CLC mainboss",PENDING,Roundtable Hold,synthetic_areacode
7000945,400290,map_lot,Letter to Bernahl,m16_00_00_00,Volcano Manor / Mt. Gelmir,emevd
7000946,400291,map_lot,[Sorcery] Gelmir's Fury,m16_00_00_00,Volcano Manor / Mt. Gelmir,emevd
7000947,400292,map_lot,Blasphemous Claw,m13_00_00_00,Crumbling Farum Azula,emevd
7000948,400293,map_lot,Devourer's Scepter,PENDING,Global / Common-event (unplaced),global
7000949,400294,map_lot,Beast Champion Helm,PENDING,Global / Common-event (unplaced),global
7000950,400295,map_lot,[Sorcery] Gelmir's Fury,PENDING,Global / Common-event (unplaced),global
7000951,400299,map_lot,Bernahl's Bell Bearing,PENDING,Global / Common-event (unplaced),global
7000952,400300,map_lot,Rya's Necklace,m30_09_00_00,Hero's Graves (Catacombs),emevd
7000953,400308,map_lot,Seedbed Curse,m60_44_52_00,Overworld m60_44_52_00,emevd
7000954,400309,map_lot,[Sorcery] Death Lightning,m60_44_52_00,Overworld m60_44_52_00,emevd
7000955,400310,map_lot,Unalloyed Gold Needle,PENDING,Global / Common-event (unplaced),global
7000956,400311,map_lot,Sellia's Secret,PENDING,Global / Common-event (unplaced),global
7000957,400312,map_lot,Flock's Canvas Talisman,PENDING,Global / Common-event (unplaced),global
7000958,400320,map_lot,Prosthesis-Wearer Heirloom,PENDING,Miquella's Haligtree & Elphael,flag_prefix
7000959,400321,map_lot,Unalloyed Gold Needle,m15_00_00_00,Miquella's Haligtree & Elphael,emevd
7000960,400323,map_lot,Millicent's Prosthesis,m15_00_00_00,Miquella's Haligtree & Elphael,emevd
7000961,400324,map_lot,Miquella's Needle,m15_00_00_00,Miquella's Haligtree & Elphael,emevd
7000962,400325,map_lot,Somber Ancient Dragon Smithing Stone,PENDING,Miquella's Haligtree & Elphael,flag_prefix
7000963,400331,map_lot,Weathered Dagger,PENDING,Global / Common-event (unplaced),global
7000964,400332,map_lot,Sacrificial Twig,PENDING,Global / Common-event (unplaced),global
7000965,400333,map_lot,Radiant Baldachin's Blessing,PENDING,Global / Common-event (unplaced),global
7000966,400334,map_lot,Knifeprint Clue,PENDING,Global / Common-event (unplaced),global
7000967,400339,map_lot,Fia's Hood,m12_03_00_00,Eternal Cities & Underground Rivers,emevd
7000968,400348,map_lot,Inseparable Sword,m12_03_00_00,Eternal Cities & Underground Rivers,emevd
7000969,400349,map_lot,D's Bell Bearing,m11_10_00_00,Leyndell / Roundtable / Shunning-Grounds,emevd
7000970,400356,map_lot,Rogier's Letter,m11_10_00_00,Leyndell / Roundtable / Shunning-Grounds,emevd
7000971,400357,map_lot,Black Knifeprint,PENDING,Leyndell / Roundtable / Shunning-Grounds,flag_prefix
7000972,400358,map_lot,[Sorcery] Explosive Ghostflame,m11_10_00_00,Leyndell / Roundtable / Shunning-Grounds,emevd
7000973,400359,map_lot,Rogier's Bell Bearing,m11_10_00_00,Leyndell / Roundtable / Shunning-Grounds,emevd
7000974,400360,map_lot,Thops's Bell Bearing,m14_00_00_00,Raya Lucaria Academy,emevd
7000975,400361,map_lot,Academy Glintstone Staff,PENDING,Global / Common-event (unplaced),global
7000976,400362,map_lot,[Sorcery] Thops's Barrier,m14_00_00_00,Raya Lucaria Academy,emevd
7000977,400370,map_lot,Corhyn's Bell Bearing,m11_05_00_00,Leyndell / Roundtable / Shunning-Grounds,emevd
7000978,400380,map_lot,Sewer-Gaol Key,PENDING,Global / Common-event (unplaced),global
7000979,400381,map_lot,Sword of Milos,m35_00_00_00,Divine Tower,emevd
7000980,400382,map_lot,Omen Helm,m35_00_00_00,Divine Tower,emevd
7000981,400390,map_lot,Lone Wolf Ashes,m60_42_36_00,Overworld m60_42_36_00,emevd
7000982,400391,map_lot,Carian Inverted Statue,PENDING,Global / Common-event (unplaced),global
7000983,400392,map_lot,Cursemark of Death,PENDING,Global / Common-event (unplaced),global
7000984,400393,map_lot,Dark Moon Greatsword,m60_35_42_00,Overworld m60_35_42_00,emevd
7000985,400394,map_lot,Miniature Ranni,m12_01_00_00,Eternal Cities & Underground Rivers,emevd
7000986,400395,map_lot,Fingerslayer Blade,PENDING,Global / Common-event (unplaced),global
7000987,400396,synthetic,LG/(CE): Missionary's Cookbook [1] - Kalé Shop,PENDING,Limgrave,synthetic_areacode
7000988,400400,map_lot,Ancient Dragon Smithing Stone,PENDING,Global / Filler (scattered by design),global_filler
7000989,400401,map_lot,Eccentric's Hood,m14_00_00_00,Raya Lucaria Academy,emevd
7000990,400410,map_lot,Latenna the Albinauric,m60_36_41_00,Overworld m60_36_41_00,emevd
7000991,400411,map_lot,Somber Ancient Dragon Smithing Stone,m60_47_58_00,Overworld m60_47_58_00,emevd
7000992,400412,map_lot,Blue Silver Mail Hood,PENDING,Global / Common-event (unplaced),global
7000993,400420,map_lot,Arsenal Charm,PENDING,Global / Common-event (unplaced),global
7000994,400421,map_lot,Stormhawk Axe,PENDING,Global / Common-event (unplaced),global
7000995,400422,map_lot,Ancient Dragon Smithing Stone,PENDING,Global / Filler (scattered by design),global_filler
7000996,400430,map_lot,[Sorcery] Stars of Ruin,PENDING,Global / Common-event (unplaced),global
7000997,400431,map_lot,Lusat's Glintstone Crown,m31_11_00_00,Caves,emevd
7000998,400440,map_lot,[Sorcery] Comet Azur,PENDING,Global / Common-event (unplaced),global
7000999,400441,map_lot,Azur's Glintstone Crown,m60_37_53_00,Overworld m60_37_53_00,emevd
7001000,400451,map_lot,Hoslow's Petal Whip,PENDING,Global / Common-event (unplaced),global
7001001,400452,map_lot,Numen's Rune,PENDING,Global / Common-event (unplaced),global
7001002,400460,map_lot,Companion Jar,m60_39_44_00,Overworld m60_39_44_00,emevd
7001003,400470,map_lot,Great-Jar's Arsenal,m60_47_41_00,Overworld m60_47_41_00,emevd
7001004,400480,map_lot,Rotten Winged Sword Insignia,m15_00_00_00,Miquella's Haligtree & Elphael,emevd
7001005,400490,map_lot,Royal Remains Helm,m11_10_00_00,Leyndell / Roundtable / Shunning-Grounds,emevd
7001006,400500,map_lot,Goldmask's Rags,m11_05_00_00,Leyndell / Roundtable / Shunning-Grounds,emevd
7001007,400510,map_lot,Great Stars,m60_40_53_00,Overworld m60_40_53_00,emevd
7001008,400590,map_lot,Lacerating Crossed-Tree,PENDING,Global / Common-event (unplaced),global
7001009,400592,map_lot,Retaliatory Crossed-Tree,PENDING,Global / Common-event (unplaced),global
7001010,400594,map_lot,Ash of War: Swift Slash,m21_00_00_00,DLC Interior,emevd
7001011,400595,map_lot,Ansbach's Longbow,m21_01_00_00,DLC Interior,emevd
7001012,400596,map_lot,Leda's Rune,PENDING,Global / Common-event (unplaced),global
7001013,400598,map_lot,Leda's Armor,m20_01_00_00,Mohgwyn / Consecrated-adjacent,emevd
7001014,400600,map_lot,Golden Lion Shield,PENDING,Global / Common-event (unplaced),global
7001015,400602,map_lot,Freyja's Greatsword,m20_01_00_00,Mohgwyn / Consecrated-adjacent,emevd
7001016,400610,map_lot,Cross Map,PENDING,Global / Common-event (unplaced),global
7001017,400611,map_lot,New Cross Map,PENDING,Global / Common-event (unplaced),global
7001018,400612,map_lot,Furnace Visage,PENDING,Global / Common-event (unplaced),global
7001019,400614,map_lot,Falx,m20_01_00_00,Mohgwyn / Consecrated-adjacent,emevd
7001020,400620,map_lot,Letter for Freyja,m21_01_00_00,DLC Interior,emevd
7001021,400622,map_lot,Wise Man's Mask,m21_01_00_00,DLC Interior,emevd
7001022,400623,map_lot,Ansbach's Longbow,m21_01_00_00,DLC Interior,emevd
7001023,400624,map_lot,Wise Man's Mask,m20_01_00_00,Mohgwyn / Consecrated-adjacent,emevd
7001024,400625,map_lot,Wise Man's Mask,m21_01_00_00,DLC Interior,emevd
7001025,400627,map_lot,Wise Man's Mask,PENDING,Global / Common-event (unplaced),global
7001026,400630,map_lot,Thiollier's Concoction,PENDING,Global / Common-event (unplaced),global
7001027,400632,map_lot,St. Trina's Smile,m22_00_00_00,m22,emevd
7001028,400634,map_lot,Thiollier's Hidden Needle,m20_01_00_00,Mohgwyn / Consecrated-adjacent,emevd
7001029,400636,map_lot,Thiollier's Mask,PENDING,Global / Common-event (unplaced),global
7001030,400642,map_lot,Black Syrup,PENDING,Global / Common-event (unplaced),global
7001031,400644,map_lot,Moore's Bell Bearing,m20_01_00_00,Mohgwyn / Consecrated-adjacent,emevd
7001032,400645,map_lot,Verdigris Greatshield,m20_01_00_00,Mohgwyn / Consecrated-adjacent,emevd
7001033,400660,map_lot,Hole-Laden Necklace,PENDING,Global / Common-event (unplaced),global
7001034,400661,map_lot,Ruins Map (2nd),PENDING,Global / Common-event (unplaced),global
7001035,400662,map_lot,Ruins Map (3rd),PENDING,Global / Common-event (unplaced),global
7001036,400664,map_lot,Ymir's Bell Bearing,PENDING,Global / Common-event (unplaced),global
7001037,400666,map_lot,[Sorcery] Cherishing Fingers,PENDING,Global / Common-event (unplaced),global
7001038,400670,map_lot,Swordhand of Night Jolán,PENDING,Global / Common-event (unplaced),global
7001039,400671,map_lot,Sword of Night,PENDING,Global / Common-event (unplaced),global
7001040,400672,map_lot,Claws of Night,PENDING,Global / Common-event (unplaced),global
7001041,400690,map_lot,Fire Knight Queelign,m21_00_00_00,DLC Interior,emevd
7001042,400692,map_lot,Queelign's Greatsword,m21_00_00_00,DLC Interior,emevd
7001043,400694,map_lot,Crusade Insignia,m20_00_00_00,Mohgwyn / Consecrated-adjacent,emevd
7001044,400696,map_lot,Ash of War: Flame Skewer,m20_00_00_00,Mohgwyn / Consecrated-adjacent,emevd
7001045,400700,map_lot,Ancient Dragon Florissax,PENDING,Global / Common-event (unplaced),global
7001046,400702,map_lot,[Incantation] Dragonbolt of Florissax,PENDING,Global / Common-event (unplaced),global
7001047,400704,map_lot,Priestess Heart,PENDING,Global / Common-event (unplaced),global
7001048,400710,map_lot,Igon's Furled Finger,PENDING,Global / Common-event (unplaced),global
7001049,400711,map_lot,Igon's Greatbow,PENDING,Global / Common-event (unplaced),global
7001050,400712,map_lot,,PENDING,Global / Common-event (unplaced),global
7001051,400714,map_lot,Igon's Greatbow,PENDING,Global / Common-event (unplaced),global
7001052,400720,map_lot,Scorpion Stew,m20_00_00_00,Mohgwyn / Consecrated-adjacent,emevd
7001053,400721,map_lot,[Sorcery] Watchful Spirit,m20_00_00_00,Mohgwyn / Consecrated-adjacent,emevd
7001054,400722,map_lot,Gourmet Scorpion Stew,PENDING,Mohgwyn / Consecrated-adjacent,flag_prefix
7001055,400723,map_lot,Gourmet Scorpion Stew,m20_00_00_00,Mohgwyn / Consecrated-adjacent,emevd
7001056,400730,map_lot,,PENDING,Global / Common-event (unplaced),global
7001057,400732,map_lot,Dane's Footwork,m20_01_00_00,Mohgwyn / Consecrated-adjacent,emevd
7001058,400740,map_lot,St. Trina's Blossom,m22_00_00_00,m22,emevd
7001059,400750,map_lot,Glintslab Firefly,PENDING,Global / Common-event (unplaced),global
7001060,400751,map_lot,Pearlescent Scale,PENDING,Global / Common-event (unplaced),global
7001061,400752,map_lot,Dewgem,PENDING,Global / Common-event (unplaced),global
7001062,400753,map_lot,Black Pyrefly,PENDING,Global / Common-event (unplaced),global
7001063,400754,map_lot,Yellow Fulgurbloom,PENDING,Global / Common-event (unplaced),global
7001064,400755,map_lot,Shadow Sunflower,PENDING,Global / Common-event (unplaced),global
7001065,400901,map_lot,Nomadic Merchant's Bell Bearing [1],PENDING,Global / Common-event (unplaced),global
7001066,400902,map_lot,Nomadic Merchant's Bell Bearing [2],PENDING,Global / Common-event (unplaced),global
7001067,400903,map_lot,Nomadic Merchant's Bell Bearing [3],PENDING,Global / Common-event (unplaced),global
7001068,400904,map_lot,Nomadic Merchant's Bell Bearing [4],PENDING,Global / Common-event (unplaced),global
7001069,400905,map_lot,Nomadic Merchant's Bell Bearing [5],PENDING,Global / Common-event (unplaced),global
7001070,400906,map_lot,Isolated Merchant's Bell Bearing [1],PENDING,Global / Common-event (unplaced),global
7001071,400907,map_lot,Isolated Merchant's Bell Bearing [2],PENDING,Global / Common-event (unplaced),global
7001072,400908,map_lot,Nomadic Merchant's Bell Bearing [6],PENDING,Global / Common-event (unplaced),global
7001073,400909,map_lot,Hermit Merchant's Bell Bearing [1],PENDING,Global / Common-event (unplaced),global
7001074,400910,map_lot,Nomadic Merchant's Bell Bearing [7],PENDING,Global / Common-event (unplaced),global
7001075,400911,map_lot,Nomadic Merchant's Bell Bearing [8],PENDING,Global / Common-event (unplaced),global
7001076,400912,map_lot,Nomadic Merchant's Bell Bearing [9],PENDING,Global / Common-event (unplaced),global
7001077,400913,map_lot,Nomadic Merchant's Bell Bearing [10],PENDING,Global / Common-event (unplaced),global
7001078,400914,map_lot,Nomadic Merchant's Bell Bearing [11],PENDING,Global / Common-event (unplaced),global
7001079,400915,map_lot,Isolated Merchant's Bell Bearing [3],PENDING,Global / Common-event (unplaced),global
7001080,400916,map_lot,Hermit Merchant's Bell Bearing [2],PENDING,Global / Common-event (unplaced),global
7001081,400917,map_lot,Abandoned Merchant's Bell Bearing,PENDING,Global / Common-event (unplaced),global
7001082,400918,map_lot,Hermit Merchant's Bell Bearing [3],PENDING,Global / Common-event (unplaced),global
7001083,400919,map_lot,Imprisoned Merchant's Bell Bearing,PENDING,Global / Common-event (unplaced),global
7001084,500010,map_lot,Roped Fire Pot,PENDING,Global / Common-event (unplaced),global
7001085,500020,map_lot,,PENDING,Global / Common-event (unplaced),global
7001086,500520,map_lot,,PENDING,Global / Common-event (unplaced),global
7001087,510010,map_lot,Remembrance of the Grafted,PENDING,Stormveil Castle,boss_arena
7001088,510030,map_lot,Ornamental Straight Sword,PENDING,Global / Common-event (unplaced),global
7001089,510040,map_lot,Remembrance of the Omen King,PENDING,"Leyndell, Royal Capital",boss_arena
7001090,510060,map_lot,Scepter of the All-Knowing,PENDING,Global / Common-event (unplaced),global
7001091,510070,map_lot,Remembrance of Hoarah Loux,PENDING,Leyndell (Ashen Capital),boss_arena
7001092,510080,map_lot,Remembrance of the Naturalborn,PENDING,Lake of Rot (Astel),boss_arena
7001093,510090,map_lot,[Incantation] Frozen Lightning Spear,PENDING,Global / Common-event (unplaced),global
7001094,510100,map_lot,Gargoyle's Greatsword,m35_00_00_00,Divine Tower,emevd
7001095,510110,map_lot,Remembrance of the Lichdragon,PENDING,Deeproot Depths (Lichdragon Fortissax),boss_arena
7001096,510120,map_lot,Remembrance of the Blood Lord,m30_17_00_00,Hero's Graves (Catacombs),emevd
7001097,510140,map_lot,Smithing-Stone Miner's Bell Bearing [4],PENDING,Global / Common-event (unplaced),global
7001098,510150,map_lot,Remembrance of the Dragonlord,PENDING,Crumbling Farum Azula,boss_arena
7001099,510160,map_lot,Remembrance of the Black Blade,PENDING,Crumbling Farum Azula,boss_arena
7001100,510190,map_lot,[Sorcery] Loretta's Mastery,PENDING,Global / Common-event (unplaced),global
7001101,510200,map_lot,Remembrance of the Rot Goddess,m35_00_00_00,Divine Tower,emevd
7001102,510210,map_lot,Godskin Stitcher,PENDING,Global / Common-event (unplaced),global
7001103,510220,map_lot,Remembrance of the Blasphemous,PENDING,Volcano Manor (Rykard),boss_arena
7001104,510230,map_lot,Elden Remembrance,PENDING,Fractured Marika (final),boss_arena
7001105,510250,map_lot,[Incantation] Bloodflame Talons,PENDING,Global / Common-event (unplaced),global
7001106,510260,map_lot,Magma Wyrm's Scalesword,PENDING,Global / Common-event (unplaced),global
7001107,510280,map_lot,Golden Seed,PENDING,Global / Filler (scattered by design),global_filler
7001108,510290,map_lot,Inquisitor's Girandole,PENDING,Global / Common-event (unplaced),global
7001109,510300,map_lot,Remembrance of the Starscourge,m35_00_00_00,Divine Tower,emevd
7001110,510310,map_lot,Remembrance of the Fire Giant,PENDING,Mountaintops of the Giants,boss_arena
7001111,510320,map_lot,Ancestral Follower Ashes,PENDING,Global / Common-event (unplaced),global
7001112,510330,map_lot,Remembrance of the Regal Ancestor,PENDING,Nokron / Siofra (Ancestor Spirit),boss_arena
7001113,510340,map_lot,Larval Tear,PENDING,Global / Common-event (unplaced),global
7001114,510350,map_lot,[Sorcery] Fia's Mist,PENDING,Global / Common-event (unplaced),global
7001115,510400,map_lot,Remembrance of the Dancing Lion,PENDING,"Belurat, Tower Settlement (DLC)",boss_arena
7001116,510420,map_lot,Leda's Sword,m20_01_00_00,Mohgwyn / Consecrated-adjacent,emevd
7001117,510430,map_lot,Remembrance of a God and a Lord,PENDING,Enir-Ilim (DLC),boss_arena
7001118,510440,map_lot,[Incantation] Aspects of the Crucible: Thorns,PENDING,Global / Common-event (unplaced),global
7001119,510460,map_lot,Remembrance of the Impaler,PENDING,Shadow Keep (DLC),boss_arena
7001120,510480,map_lot,Remembrance of Putrescence,PENDING,Stone Coffin Fissure (DLC),boss_arena
7001121,510550,map_lot,Remembrance of the Mother of Fingers,PENDING,Cathedral of Manus Metyr (DLC),boss_arena
7001122,510560,map_lot,Remembrance of the Lord of Frenzied Flame,PENDING,Midra's Manse (DLC),boss_arena
7001123,510600,map_lot,Remembrance of the Saint of the Bud,PENDING,Church of the Bud (DLC),boss_arena
7001124,510610,map_lot,Barbed Staff-Spear,PENDING,Global / Common-event (unplaced),global
7001125,510620,map_lot,Remembrance of the Shadow Sunflower,PENDING,Scadu Altus (DLC),boss_arena
7001126,510630,map_lot,Heart of Bayle,m12_05_00_00,Eternal Cities & Underground Rivers,emevd
7001127,510640,map_lot,Remembrance of the Wild Boar Rider,PENDING,Scadu Altus (DLC),boss_arena
7001128,510730,map_lot,Godskin Apostle Hood,PENDING,Global / Common-event (unplaced),global
7001129,510740,map_lot,Omenkiller Rollo,m34_14_00_00,DLC Dungeon,emevd
7001130,510800,map_lot,Grafted Blade Greatsword,PENDING,Global / Common-event (unplaced),global
7001131,510810,map_lot,[Sorcery] Loretta's Greatbow,PENDING,Global / Common-event (unplaced),global
7001132,510820,map_lot,Marais Executioner's Sword,PENDING,Global / Common-event (unplaced),global
7001133,510830,map_lot,Ruins Greatsword,PENDING,Global / Common-event (unplaced),global
7001134,510840,map_lot,Veteran's Prosthesis,PENDING,Global / Common-event (unplaced),global
7001135,510900,map_lot,Remembrance of the Twin Moon Knight,PENDING,Castle Ensis (DLC),boss_arena
7001136,520000,map_lot,Lhutel the Headless,m10_00_00_00,Stormveil Castle,emevd
7001137,520010,map_lot,Demi-Human Ashes,m10_00_00_00,Stormveil Castle,emevd
7001138,520020,map_lot,Noble Sorcerer Ashes,m11_05_00_00,Leyndell / Roundtable / Shunning-Grounds,emevd
7001139,520030,map_lot,Assassin's Crimson Dagger,m60_35_45_00,Overworld m60_35_45_00,emevd
7001140,520040,map_lot,Banished Knight Engvall,m34_11_00_00,DLC Dungeon,emevd
7001141,520050,map_lot,Twinsage Sorcerer Ashes,PENDING,Global / Common-event (unplaced),global
7001142,520060,map_lot,Glintstone Sorcerer Ashes,PENDING,Global / Common-event (unplaced),global
7001143,520070,map_lot,Kaiden Sellsword Ashes,PENDING,Global / Common-event (unplaced),global
7001144,520080,map_lot,Ancient Dragon Knight Kristoff,PENDING,Global / Common-event (unplaced),global
7001145,520090,map_lot,Bloodhound Knight Floh,PENDING,Global / Common-event (unplaced),global
7001146,520100,map_lot,Ordovis's Greatsword,PENDING,Global / Common-event (unplaced),global
7001147,520110,map_lot,Perfumer Tricia,PENDING,Global / Common-event (unplaced),global
7001148,520120,map_lot,Glovewort Picker's Bell Bearing [1],PENDING,Global / Filler (scattered by design),global_filler
7001149,520130,map_lot,Soldjars of Fortune Ashes,PENDING,Global / Common-event (unplaced),global
7001150,520140,map_lot,Mad Pumpkin Head Ashes,PENDING,Global / Common-event (unplaced),global
7001151,520150,map_lot,Kindred of Rot Ashes,PENDING,Global / Common-event (unplaced),global
7001152,520160,map_lot,Redmane Knight Ogha,PENDING,Global / Common-event (unplaced),global
7001153,520170,map_lot,Zamor Curved Sword,PENDING,Global / Common-event (unplaced),global
7001154,520180,map_lot,Golden Seed,PENDING,Global / Filler (scattered by design),global_filler
7001155,520190,map_lot,Great Grave Glovewort,PENDING,Global / Filler (scattered by design),global_filler
7001156,520200,map_lot,Blackflame Monk Amon,m60_33_40_00,Overworld m60_33_40_00,emevd
7001157,520210,map_lot,Assassin's Cerulean Dagger,m60_33_40_00,Overworld m60_33_40_00,emevd
7001158,520220,map_lot,Lord of Blood's Exultation,PENDING,Global / Common-event (unplaced),global
7001159,520300,map_lot,Viridian Amber Medallion,m60_33_42_00,Overworld m60_33_42_00,emevd
7001160,520310,map_lot,Spelldrake Talisman,PENDING,Global / Common-event (unplaced),global
7001161,520330,map_lot,Flamedrake Talisman,m31_03_00_00,Caves,emevd
7001162,520340,map_lot,Sewing Needle,m31_15_00_00,Caves,emevd
7001163,520350,map_lot,Blue Dancer Charm,PENDING,Global / Common-event (unplaced),global
7001164,520360,map_lot,Winged Sword Insignia,PENDING,Global / Common-event (unplaced),global
7001165,520370,map_lot,Cerulean Amber Medallion,PENDING,Global / Common-event (unplaced),global
7001166,520380,map_lot,[Sorcery] Crystal Release,PENDING,Global / Common-event (unplaced),global
7001167,520390,map_lot,Kindred of Rot's Exultation,PENDING,Global / Common-event (unplaced),global
7001168,520400,map_lot,Jar Cannon,PENDING,Global / Common-event (unplaced),global
7001169,520410,map_lot,Great Omenkiller Cleaver,PENDING,Global / Common-event (unplaced),global
7001170,520420,map_lot,Concealing Veil,PENDING,Global / Common-event (unplaced),global
7001171,520430,map_lot,Putrid Corpse Ashes,PENDING,Global / Common-event (unplaced),global
7001172,520440,map_lot,Flamedrake Talisman +2,PENDING,Global / Common-event (unplaced),global
7001173,520450,map_lot,Gold Scarab,PENDING,Global / Common-event (unplaced),global
7001174,520460,map_lot,[Sorcery] Crystal Torrent,PENDING,Global / Common-event (unplaced),global
7001175,520470,map_lot,Golden Order Greatsword,PENDING,Global / Common-event (unplaced),global
7001176,520480,map_lot,Godskin Swaddling Cloth,PENDING,Global / Common-event (unplaced),global
7001177,520490,map_lot,Family Heads,PENDING,Global / Common-event (unplaced),global
7001178,520600,map_lot,Rusted Anchor,PENDING,Global / Common-event (unplaced),global
7001179,520610,map_lot,Roar Medallion,PENDING,Global / Common-event (unplaced),global
7001180,520620,map_lot,Smithing-Stone Miner's Bell Bearing [1],PENDING,Global / Common-event (unplaced),global
7001181,520630,map_lot,Great Club,PENDING,Global / Common-event (unplaced),global
7001182,520640,map_lot,Onyx Lord's Greatsword,PENDING,Global / Common-event (unplaced),global
7001183,520650,map_lot,Somberstone Miner's Bell Bearing [2],PENDING,Global / Common-event (unplaced),global
7001184,520660,map_lot,Dragon Heart,PENDING,Global / Common-event (unplaced),global
7001185,520670,map_lot,Somber Smithing Stone [6],PENDING,Global / Filler (scattered by design),global_filler
7001186,520680,map_lot,[Sorcery] Meteorite of Astel,PENDING,Global / Common-event (unplaced),global
7001187,520700,map_lot,Death Knight's Twin Axes,m30_13_00_00,Hero's Graves (Catacombs),emevd
7001188,520710,map_lot,Death Knight's Longhaft Axe,PENDING,Global / Common-event (unplaced),global
7001189,520711,map_lot,Cerulean Amber Medallion +3,PENDING,Global / Common-event (unplaced),global
7001190,520750,map_lot,Demi-Human Swordsman Yosh,PENDING,Global / Common-event (unplaced),global
7001191,520760,map_lot,Curseblade Meera,PENDING,Global / Common-event (unplaced),global
7001192,520770,map_lot,Lamenter's Mask,PENDING,Global / Common-event (unplaced),global
7001193,520800,map_lot,Bloodfiend Hexer's Ashes,PENDING,Global / Common-event (unplaced),global
7001194,520810,map_lot,Dragon-Hunter's Great Katana,PENDING,Global / Common-event (unplaced),global
7001195,530100,map_lot,Golden Halberd,m60_35_45_00,Overworld m60_35_45_00,emevd
7001196,530110,map_lot,Dragon Heart,m60_43_36_00,Overworld m60_43_36_00,emevd
7001197,530120,map_lot,[Incantation] Aspects of the Crucible: Tail,m11_10_00_00,Leyndell / Roundtable / Shunning-Grounds,emevd
7001198,530130,map_lot,Bloodhound's Fang,m11_10_00_00,Leyndell / Roundtable / Shunning-Grounds,emevd
7001199,530170,map_lot,Deathroot,m60_45_39_00,Overworld m60_45_39_00,emevd
7001200,530210,map_lot,Dragon Heart,m60_34_45_00,Overworld m60_34_45_00,emevd
7001201,530225,map_lot,Crucible Knot Talisman,m60_35_42_00,Overworld m60_35_42_00,emevd
7001202,530240,map_lot,Deathroot,m60_39_44_00,Overworld m60_39_44_00,emevd
7001203,530245,map_lot,[Incantation] Flame of the Fell God,m60_38_41_00,Overworld m60_38_41_00,emevd
7001204,530250,map_lot,[Sorcery] Greatblade Phalanx,m60_33_45_00,Overworld m60_33_45_00,emevd
7001205,530255,map_lot,[Sorcery] Meteorite,m60_36_50_00,Overworld m60_36_50_00,emevd
7001206,530260,map_lot,Dragon Heart,m60_34_42_00,Overworld m60_34_42_00,emevd
7001207,530265,map_lot,Black Knife Tiche,m60_33_42_00,Overworld m60_33_42_00,emevd
7001208,530300,map_lot,[Incantation] Lansseax's Glaive,m60_37_51_00,Overworld m60_37_51_00,emevd
7001209,530310,map_lot,Somber Smithing Stone [5],m60_41_50_00,Overworld m60_41_50_00,emevd
7001210,530315,map_lot,Dragon Greatclaw,m60_45_52_00,Overworld m60_45_52_00,emevd
7001211,530325,map_lot,Godskin Peeler,m60_42_55_00,Overworld m60_42_55_00,emevd
7001212,530335,map_lot,Erdtree Greatshield,m60_41_51_00,Overworld m60_41_51_00,emevd
7001213,530350,map_lot,Black Knife,m60_40_52_00,Overworld m60_40_52_00,emevd
7001214,530375,map_lot,Somber Smithing Stone [6],m60_36_54_00,Overworld m60_36_54_00,emevd
7001215,530385,map_lot,Deathroot,m60_38_52_00,Overworld m60_38_52_00,emevd
7001216,530390,map_lot,Dragon Heart,m60_35_53_00,Overworld m60_35_53_00,emevd
7001217,530400,map_lot,Dragon Heart,m60_48_37_00,Overworld m60_48_37_00,emevd
7001218,530405,map_lot,Commander's Standard,PENDING,Global / Common-event (unplaced),global
7001219,530420,map_lot,Dragon Heart,PENDING,Global / Common-event (unplaced),global
7001220,530425,map_lot,Gargoyle's Blackblade,PENDING,Global / Common-event (unplaced),global
7001221,530505,map_lot,Gargoyle's Black Blades,PENDING,Global / Common-event (unplaced),global
7001222,530510,map_lot,Dragon Heart,PENDING,Global / Common-event (unplaced),global
7001223,530515,map_lot,[Incantation] Vyke's Dragonbolt,PENDING,Global / Common-event (unplaced),global
7001224,530530,map_lot,Death Ritual Spear,PENDING,Global / Common-event (unplaced),global
7001225,530550,map_lot,Dragon Heart,PENDING,Global / Common-event (unplaced),global
7001226,530600,map_lot,Dragonscale Blade,m12_01_00_00,Eternal Cities & Underground Rivers,emevd
7001227,530620,map_lot,Dragon Halberd,m12_02_00_00,Eternal Cities & Underground Rivers,emevd
7001228,530800,map_lot,Dragon Heart,PENDING,Global / Common-event (unplaced),global
7001229,530805,map_lot,Ancient Dragon Smithing Stone,PENDING,Global / Filler (scattered by design),global_filler
7001230,530810,map_lot,Dancing Blade of Ranah,PENDING,Global / Common-event (unplaced),global
7001231,530820,map_lot,Greatsword of Solitude,PENDING,Global / Common-event (unplaced),global
7001232,530830,map_lot,Rakshasa's Great Katana,PENDING,Global / Common-event (unplaced),global
7001233,530840,map_lot,Dragon Heart,PENDING,Global / Common-event (unplaced),global
7001234,530845,map_lot,Star-Lined Sword,PENDING,Global / Common-event (unplaced),global
7001235,530850,map_lot,Dragon Heart,PENDING,Global / Common-event (unplaced),global
7001236,530855,map_lot,Ash of War: Ghostflame Call,PENDING,Global / Common-event (unplaced),global
7001237,530860,map_lot,Dragon Heart,PENDING,Global / Common-event (unplaced),global
7001238,530861,map_lot,Somber Ancient Dragon Smithing Stone,PENDING,Global / Filler (scattered by design),global_filler
7001239,530865,map_lot,Moonrithyll's Knight Sword,PENDING,Global / Common-event (unplaced),global
7001240,530900,map_lot,Red Bear's Claw,PENDING,Global / Common-event (unplaced),global
7001241,530905,map_lot,[Incantation] Roar of Rugalea,PENDING,Global / Common-event (unplaced),global
7001242,530930,map_lot,Pelt of Ralva,PENDING,Global / Common-event (unplaced),global
7001243,530935,map_lot,Blessing of Marika,PENDING,Global / Common-event (unplaced),global
7001244,530940,map_lot,[Incantation] Divine Beast Tornado,PENDING,Global / Common-event (unplaced),global
7001245,530945,map_lot,Dragon Heart,PENDING,Global / Common-event (unplaced),global
7001246,530950,map_lot,Blessing of Marika,PENDING,Global / Common-event (unplaced),global
7001247,530955,map_lot,Black Steel Greatshield,PENDING,Global / Common-event (unplaced),global
7001248,530960,map_lot,[Sorcery] Gravitational Missile,PENDING,Global / Common-event (unplaced),global
7001249,530965,map_lot,Ash of War: Aspects of the Crucible: Wings,PENDING,Global / Common-event (unplaced),global
7001250,530995,map_lot,Rimed Rowa,PENDING,Global / Common-event (unplaced),global
7001251,540100,map_lot,Ash of War: Storm Wall,m60_40_39_00,Overworld m60_40_39_00,emevd
7001252,540104,map_lot,Ash of War: Wild Strikes,m60_41_38_00,Overworld m60_41_38_00,emevd
7001253,540108,map_lot,Ash of War: Determination,m60_43_37_00,Overworld m60_43_37_00,emevd
7001254,540112,map_lot,Ash of War: Unsheathe,m60_44_36_00,Overworld m60_44_36_00,emevd
7001255,540116,map_lot,Ash of War: Ground Slam,m60_45_37_00,Overworld m60_45_37_00,emevd
7001256,540118,map_lot,Ash of War: Sacred Blade,m60_46_39_00,Overworld m60_46_39_00,emevd
7001257,540120,map_lot,Ash of War: Stamp (Sweep),m60_41_37_00,Overworld m60_41_37_00,emevd
7001258,540132,map_lot,[Incantation] Divine Fortification,m60_42_33_00,Overworld m60_42_33_00,emevd
7001259,540136,map_lot,[Incantation] Lightning Strike,m60_43_33_00,Overworld m60_43_33_00,emevd
7001260,540138,map_lot,[Incantation] Poison Mist,m60_44_32_00,Overworld m60_44_32_00,emevd
7001261,540140,map_lot,Ash of War: Mighty Shot,m60_44_33_00,Overworld m60_44_33_00,emevd
7001262,540142,map_lot,Somber Smithing Stone [1],m60_44_38_00,Overworld m60_44_38_00,emevd
7001263,540144,map_lot,Somber Smithing Stone [1],m60_41_35_00,Overworld m60_41_35_00,emevd
7001264,540146,map_lot,Somber Smithing Stone [1],m60_42_39_00,Overworld m60_42_39_00,emevd
7001265,540170,map_lot,Ash of War: Storm Assault,m10_00_00_00,Stormveil Castle,emevd
7001266,540172,map_lot,Ash of War: Stormcaller,m10_00_00_00,Stormveil Castle,emevd
7001267,540174,map_lot,[Sorcery] Rancorcall,m10_00_00_00,Stormveil Castle,emevd
7001268,540200,map_lot,Ash of War: Chilling Mist,m60_34_50_00,Overworld m60_34_50_00,emevd
7001269,540202,map_lot,Ash of War: Charge Forth,m60_36_44_00,Overworld m60_36_44_00,emevd
7001270,540204,map_lot,Ash of War: Hoarfrost Stomp,m60_36_49_00,Overworld m60_36_49_00,emevd
7001271,540206,map_lot,Ash of War: Thops's Barrier,m60_39_39_00,Overworld m60_39_39_00,emevd
7001272,540208,map_lot,Ash of War: Vow of the Indomitable,m60_35_42_00,Overworld m60_35_42_00,emevd
7001273,540210,map_lot,Ash of War: Shield Bash,m60_35_47_00,Overworld m60_35_47_00,emevd
7001274,540218,map_lot,[Incantation] Bloodflame Blade,m60_34_44_00,Overworld m60_34_44_00,emevd
7001275,540220,map_lot,[Sorcery] Carian Piercer,m60_35_50_00,Overworld m60_35_50_00,emevd
7001276,540224,map_lot,Ash of War: Barbaric Roar,m60_37_51_00,Overworld m60_37_51_00,emevd
7001277,540236,map_lot,[Incantation] Frenzied Burst,m60_37_48_00,Overworld m60_37_48_00,emevd
7001278,540238,map_lot,Ash of War: Sword Dance,m60_33_43_00,Overworld m60_33_43_00,emevd
7001279,540250,map_lot,[Sorcery] Frozen Armament,m60_35_50_00,Overworld m60_35_50_00,emevd
7001280,540252,map_lot,Somber Smithing Stone [2],m60_39_43_00,Overworld m60_39_43_00,emevd
7001281,540254,map_lot,Somber Smithing Stone [2],m60_37_48_00,Overworld m60_37_48_00,emevd
7001282,540256,map_lot,Somber Smithing Stone [3],m60_38_50_00,Overworld m60_38_50_00,emevd
7001283,540258,map_lot,Somber Smithing Stone [3],m60_39_45_00,Overworld m60_39_45_00,emevd
7001284,540260,map_lot,Somber Smithing Stone [2],m60_34_43_00,Overworld m60_34_43_00,emevd
7001285,540262,map_lot,Somber Smithing Stone [2],m60_37_44_00,Overworld m60_37_44_00,emevd
7001286,540264,map_lot,Somber Smithing Stone [2],m60_33_45_00,Overworld m60_33_45_00,emevd
7001287,540272,map_lot,Ash of War: Spectral Lance,m14_00_00_00,Raya Lucaria Academy,emevd
7001288,540290,map_lot,Somber Smithing Stone [4],m39_20_00_00,DLC Dungeon,emevd
7001289,540300,map_lot,Ash of War: Sacred Order,m60_37_51_00,Overworld m60_37_51_00,emevd
7001290,540302,map_lot,Ash of War: Shield Crash,m60_38_51_00,Overworld m60_38_51_00,emevd
7001291,540304,map_lot,Ash of War: Earthshaker,m60_39_51_00,Overworld m60_39_51_00,emevd
7001292,540306,map_lot,Ash of War: Blood Blade,m60_39_52_00,Overworld m60_39_52_00,emevd
7001293,540308,map_lot,Ash of War: Golden Slam,m60_41_53_00,Overworld m60_41_53_00,emevd
7001294,540310,map_lot,Ash of War: Lightning Ram,m60_40_51_00,Overworld m60_40_51_00,emevd
7001295,540312,map_lot,[Incantation] Protection of the Erdtree,m60_40_54_00,Overworld m60_40_54_00,emevd
7001296,540314,map_lot,Ash of War: Prayerful Strike,m60_43_51_00,Overworld m60_43_51_00,emevd
7001297,540316,map_lot,Ash of War: Golden Parry,m60_43_52_00,Overworld m60_43_52_00,emevd
7001298,540318,map_lot,Ash of War: Lightning Slash,m60_43_53_00,Overworld m60_43_53_00,emevd
7001299,540320,map_lot,Somber Smithing Stone [5],m60_40_53_00,Overworld m60_40_53_00,emevd
7001300,540332,map_lot,Ash of War: Barrage,m60_37_53_00,Overworld m60_37_53_00,emevd
7001301,540334,map_lot,Ash of War: Through and Through,m60_36_54_00,Overworld m60_36_54_00,emevd
7001302,540370,map_lot,[Incantation] Barrier of Gold,m11_00_00_00,Leyndell / Roundtable / Shunning-Grounds,emevd
7001303,540372,map_lot,Ash of War: Thunderbolt,m11_00_00_00,Leyndell / Roundtable / Shunning-Grounds,emevd
7001304,540400,map_lot,"[Incantation] Whirl, O Flame!",m60_47_40_00,Overworld m60_47_40_00,emevd
7001305,540402,map_lot,Ash of War: Lifesteal Fist,m60_48_38_00,Overworld m60_48_38_00,emevd
7001306,540404,map_lot,Ash of War: Sacred Ring of Light,PENDING,Global / Common-event (unplaced),global
7001307,540406,map_lot,Ash of War: Poisonous Mist,m60_48_37_00,Overworld m60_48_37_00,emevd
7001308,540408,map_lot,Ash of War: Flaming Strike,PENDING,Global / Common-event (unplaced),global
7001309,540410,map_lot,Ash of War: Flame of the Redmanes,m60_47_39_00,Overworld m60_47_39_00,emevd
7001310,540412,map_lot,Ash of War: Sky Shot,m60_48_41_00,Overworld m60_48_41_00,emevd
7001311,540414,map_lot,Ash of War: Cragblade,PENDING,Global / Common-event (unplaced),global
7001312,540416,map_lot,[Incantation] Poison Armament,PENDING,Global / Common-event (unplaced),global
7001313,540418,map_lot,Ash of War: Double Slash,PENDING,Global / Common-event (unplaced),global
7001314,540420,map_lot,[Incantation] Bestial Constitution,PENDING,Global / Common-event (unplaced),global
7001315,540422,map_lot,Somber Smithing Stone [4],m60_47_39_00,Overworld m60_47_39_00,emevd
7001316,540424,map_lot,Somber Smithing Stone [4],PENDING,Global / Filler (scattered by design),global_filler
7001317,540426,map_lot,Somber Smithing Stone [8],PENDING,Global / Filler (scattered by design),global_filler
7001318,540428,map_lot,Somber Smithing Stone [9],PENDING,Global / Filler (scattered by design),global_filler
7001319,540500,map_lot,Smithing Stone [1],PENDING,Global / Filler (scattered by design),global_filler
7001320,540502,map_lot,Smithing Stone [1],PENDING,Global / Filler (scattered by design),global_filler
7001321,540504,map_lot,Smithing Stone [1],PENDING,Global / Filler (scattered by design),global_filler
7001322,540506,map_lot,Smithing Stone [1],PENDING,Global / Filler (scattered by design),global_filler
7001323,540508,map_lot,Smithing Stone [1],PENDING,Global / Filler (scattered by design),global_filler
7001324,540510,map_lot,Ash of War: Seppuku,PENDING,Global / Common-event (unplaced),global
7001325,540512,map_lot,Ash of War: Troll's Roar,PENDING,Global / Common-event (unplaced),global
7001326,540514,map_lot,"[Incantation] Flame, Protect Me",PENDING,Global / Common-event (unplaced),global
7001327,540516,map_lot,Ash of War: Prelate's Charge,PENDING,Global / Common-event (unplaced),global
7001328,540520,map_lot,Smithing Stone [1],PENDING,Global / Filler (scattered by design),global_filler
7001329,540522,map_lot,Smithing Stone [1],PENDING,Global / Filler (scattered by design),global_filler
7001330,540524,map_lot,Ash of War: White Shadow's Lure,PENDING,Global / Common-event (unplaced),global
7001331,540526,map_lot,Smithing Stone [1],PENDING,Global / Filler (scattered by design),global_filler
7001332,540528,map_lot,Smithing Stone [1],PENDING,Global / Filler (scattered by design),global_filler
7001333,540570,map_lot,Golden Rune [1],PENDING,Global / Filler (scattered by design),global_filler
7001334,540572,map_lot,Golden Rune [1],PENDING,Global / Filler (scattered by design),global_filler
7001335,540574,map_lot,Golden Rune [1],PENDING,Global / Filler (scattered by design),global_filler
7001336,540576,map_lot,Golden Rune [1],PENDING,Global / Filler (scattered by design),global_filler
7001337,540590,map_lot,Somber Smithing Stone [5],m16_00_00_00,Volcano Manor / Mt. Gelmir,emevd
7001338,540592,map_lot,Somber Smithing Stone [5],m16_00_00_00,Volcano Manor / Mt. Gelmir,emevd
7001339,540600,map_lot,Somber Smithing Stone [6],m12_01_00_00,Eternal Cities & Underground Rivers,emevd
7001340,540602,map_lot,Somber Smithing Stone [6],m12_01_00_00,Eternal Cities & Underground Rivers,emevd
7001341,540610,map_lot,[Sorcery] Great Oracular Bubble,m12_02_00_00,Eternal Cities & Underground Rivers,emevd
7001342,540612,map_lot,Golden Rune [1],PENDING,Global / Filler (scattered by design),global_filler
7001343,540614,map_lot,Golden Rune [1],PENDING,Global / Filler (scattered by design),global_filler
7001344,540616,map_lot,Golden Rune [1],PENDING,Global / Filler (scattered by design),global_filler
7001345,540618,map_lot,Golden Rune [1],PENDING,Global / Filler (scattered by design),global_filler
7001346,540630,map_lot,Ash of War: Square Off,m12_02_00_00,Eternal Cities & Underground Rivers,emevd
7001347,540632,map_lot,Golden Rune [1],PENDING,Global / Filler (scattered by design),global_filler
7001348,540634,map_lot,Golden Rune [1],PENDING,Global / Filler (scattered by design),global_filler
7001349,540636,map_lot,Golden Rune [1],PENDING,Global / Filler (scattered by design),global_filler
7001350,540638,map_lot,Golden Rune [1],PENDING,Global / Filler (scattered by design),global_filler
7001351,540640,map_lot,Golden Rune [1],PENDING,Global / Filler (scattered by design),global_filler
7001352,540642,map_lot,Somber Smithing Stone [5],m12_02_00_00,Eternal Cities & Underground Rivers,emevd
7001353,540644,map_lot,Golden Rune [1],PENDING,Global / Filler (scattered by design),global_filler
7001354,540646,map_lot,Ash of War: Enchanted Shot,m12_02_00_00,Eternal Cities & Underground Rivers,emevd
7001355,540648,map_lot,[Incantation] Order Healing,m12_02_00_00,Eternal Cities & Underground Rivers,emevd
7001356,540650,map_lot,Golden Rune [1],PENDING,Global / Filler (scattered by design),global_filler
7001357,540652,map_lot,[Sorcery] Oracle Bubbles,m12_07_00_00,Eternal Cities & Underground Rivers,emevd
7001358,540660,map_lot,Ash of War: Golden Land,m12_03_00_00,Eternal Cities & Underground Rivers,emevd
7001359,540662,map_lot,Golden Rune [1],PENDING,Global / Filler (scattered by design),global_filler
7001360,540664,map_lot,Golden Rune [1],PENDING,Global / Filler (scattered by design),global_filler
7001361,540666,map_lot,Golden Rune [1],PENDING,Global / Filler (scattered by design),global_filler
7001362,540668,map_lot,Somber Smithing Stone [6],m12_03_00_00,Eternal Cities & Underground Rivers,emevd
7001363,540670,map_lot,Somber Smithing Stone [6],m12_03_00_00,Eternal Cities & Underground Rivers,emevd
7001364,540680,map_lot,Golden Rune [1],m12_05_00_00,Eternal Cities & Underground Rivers,emevd
7001365,540682,map_lot,Golden Rune [1],m12_05_00_00,Eternal Cities & Underground Rivers,emevd
7001366,540684,map_lot,Golden Rune [1],m12_05_00_00,Eternal Cities & Underground Rivers,emevd
7001367,540686,map_lot,Ash of War: Blood Tax,m12_05_00_00,Eternal Cities & Underground Rivers,emevd
7001368,540772,map_lot,[Incantation] Golden Lightning Fortification,m13_00_00_00,Crumbling Farum Azula,emevd
7001369,540900,map_lot,Ash of War: Carian Sovereignty,PENDING,Global / Common-event (unplaced),global
7001370,540902,map_lot,Ash of War: Piercing Throw,PENDING,Global / Common-event (unplaced),global
7001371,540904,map_lot,Ash of War: Rolling Sparks,PENDING,Global / Common-event (unplaced),global
7001372,540906,map_lot,Ash of War: Raging Beast,PENDING,Global / Common-event (unplaced),global
7001373,540910,map_lot,Ash of War: Scattershot Throw,PENDING,Global / Common-event (unplaced),global
7001374,540912,map_lot,Somber Smithing Stone [9],PENDING,Global / Filler (scattered by design),global_filler
7001375,540914,map_lot,Somber Smithing Stone [7],PENDING,Global / Filler (scattered by design),global_filler
7001376,540916,map_lot,Ash of War: The Poison Flower Blooms Twice,PENDING,Global / Common-event (unplaced),global
7001377,540920,map_lot,Somber Smithing Stone [8],PENDING,Global / Filler (scattered by design),global_filler
7001378,540922,map_lot,Somber Smithing Stone [8],PENDING,Global / Filler (scattered by design),global_filler
7001379,540998,map_lot,Rimed Rowa,PENDING,Global / Common-event (unplaced),global
7001380,550000,map_lot,About Sites of Grace,PENDING,Global / Common-event (unplaced),global
7001381,550010,map_lot,About Sorceries and Incantations,PENDING,Global / Common-event (unplaced),global
7001382,550020,map_lot,About Bows,PENDING,Global / Common-event (unplaced),global
7001383,550030,map_lot,About Crouching,PENDING,Global / Common-event (unplaced),global
7001384,550040,map_lot,About Stance-Breaking,PENDING,Global / Common-event (unplaced),global
7001385,550050,map_lot,About Stakes of Marika,m30_00_00_00,Hero's Graves (Catacombs),emevd
7001386,550060,map_lot,About Guard Counters,PENDING,Global / Common-event (unplaced),global
7001387,550070,map_lot,About the Map,PENDING,Global / Common-event (unplaced),global
7001388,550080,map_lot,About Guidance of Grace,PENDING,Global / Common-event (unplaced),global
7001389,550090,map_lot,About Horseback Riding,PENDING,Global / Common-event (unplaced),global
7001390,550100,map_lot,About Death,PENDING,Global / Common-event (unplaced),global
7001391,550110,map_lot,About Summoning Spirits,PENDING,Global / Common-event (unplaced),global
7001392,550120,map_lot,About Guarding,PENDING,Global / Common-event (unplaced),global
7001393,550130,map_lot,About Item Crafting,PENDING,Global / Common-event (unplaced),global
7001394,550140,map_lot,,PENDING,Global / Common-event (unplaced),global
7001395,550150,map_lot,About Flask of Wondrous Physick,PENDING,Global / Common-event (unplaced),global
7001396,550160,map_lot,About Adding Skills,PENDING,Global / Common-event (unplaced),global
7001397,550170,map_lot,About Birdseye Telescopes,PENDING,Global / Common-event (unplaced),global
7001398,550180,map_lot,About Spiritspring Jumping,PENDING,Global / Common-event (unplaced),global
7001399,550190,map_lot,About Vanquishing Enemy Groups,PENDING,Global / Common-event (unplaced),global
7001400,550200,map_lot,About Teardrop Scarabs,PENDING,Global / Common-event (unplaced),global
7001401,550210,map_lot,About Summoning Other Players,PENDING,Global / Common-event (unplaced),global
7001402,550220,map_lot,About Cooperative Multiplayer,PENDING,Global / Common-event (unplaced),global
7001403,550230,map_lot,About Competitive Multiplayer,PENDING,Global / Common-event (unplaced),global
7001404,550240,map_lot,About Invasion Multiplayer,PENDING,Global / Common-event (unplaced),global
7001405,550250,map_lot,About Hunter Multiplayer,PENDING,Global / Common-event (unplaced),global
7001406,550260,map_lot,About Summoning Pools,PENDING,Global / Common-event (unplaced),global
7001407,550270,map_lot,About Monument Icon,PENDING,Global / Common-event (unplaced),global
7001408,550280,map_lot,About Requesting Help from Hunters,PENDING,Global / Common-event (unplaced),global
7001409,550290,map_lot,About Skills,PENDING,Global / Common-event (unplaced),global
7001410,580000,map_lot,"""Homing Instinct"" Painting",m60_43_38_00,Overworld m60_43_38_00,emevd
7001411,580010,map_lot,"""Resurrection"" Painting",m60_38_45_00,Overworld m60_38_45_00,emevd
7001412,580020,map_lot,"""Champion's Song"" Painting",m16_00_00_00,Volcano Manor / Mt. Gelmir,emevd
7001413,580030,map_lot,"""Sorcerer"" Painting",PENDING,Global / Common-event (unplaced),global
7001414,580040,map_lot,"""Prophecy"" Painting",m10_00_00_00,Stormveil Castle,emevd
7001415,580050,map_lot,"""Flightless Bird"" Painting",m11_00_00_00,Leyndell / Roundtable / Shunning-Grounds,emevd
7001416,580060,map_lot,"""Redmane"" Painting",PENDING,Global / Common-event (unplaced),global
7001417,580100,map_lot,"""Incursion"" Painting",PENDING,Global / Common-event (unplaced),global
7001418,580110,map_lot,"""The Sacred Tower"" Painting",PENDING,Global / Common-event (unplaced),global
7001419,580120,map_lot,"""Domain of Dragons"" Painting",m21_00_00_00,DLC Interior,emevd
7001420,580300,map_lot,Incantation Scarab,m60_43_36_00,Overworld m60_43_36_00,treasure
7001421,580310,map_lot,Juvenile Scholar Cap,m60_36_50_00,Overworld m60_36_50_00,emevd
7001422,580320,map_lot,Harp Bow,m60_41_52_00,Overworld m60_41_52_00,treasure
7001423,580330,map_lot,Greathood,m60_50_56_00,Overworld m60_50_56_00,treasure
7001424,580340,map_lot,Warhawk Ashes,m60_42_35_00,Overworld m60_42_35_00,treasure
7001425,580350,map_lot,[Incantation] Fire's Deadly Sin,m60_42_54_00,Overworld m60_42_54_00,emevd
7001426,580360,map_lot,Ash of War: Rain of Arrows,m60_51_40_00,Overworld m60_51_40_00,treasure
7001427,580400,map_lot,Serpent Crest Shield,PENDING,Global / Common-event (unplaced),global
7001428,580410,map_lot,Spiraltree Seal,m61_46_45_00,Land of Shadow (DLC),treasure
7001429,580420,map_lot,Rock Heart,m61_53_39_00,Land of Shadow (DLC),treasure
7001430,580600,map_lot,Message from Leda,m20_00_00_00,Mohgwyn / Consecrated-adjacent,treasure
7001431,590000,map_lot,,m10_00_00_00,Stormveil Castle,emevd
7001432,590200,map_lot,,m21_01_00_00,DLC Interior,emevd
7001433,590210,map_lot,,m60_46_36_00,Overworld m60_46_36_00,treasure
7001434,590220,map_lot,,PENDING,Global / Common-event (unplaced),global
7001435,10007005,map_lot,Wooden Greatshield,m10_00_00_00,Stormveil Castle,treasure
7001436,10007015,map_lot,Hawk Crest Wooden Shield,m10_00_00_00,Stormveil Castle,treasure
7001437,10007025,map_lot,Misericorde,m10_00_00_00,Stormveil Castle,treasure
7001438,10007030,map_lot,Furlcalling Finger Remedy,m10_00_00_00,Stormveil Castle,treasure
7001439,10007035,map_lot,Brick Hammer,m10_00_00_00,Stormveil Castle,treasure
7001440,10007040,map_lot,Fire Grease,m10_00_00_00,Stormveil Castle,treasure
7001441,10007050,map_lot,Gold-Pickled Fowl Foot,m10_00_00_00,Stormveil Castle,treasure
7001442,10007060,map_lot,Festering Bloody Finger,m10_00_00_00,Stormveil Castle,treasure
7001443,10007080,map_lot,Arrow,m10_00_00_00,Stormveil Castle,treasure
7001444,10007082,enemy_lot,Living Jar Shard,PENDING,Global / Filler (scattered by design),global_filler
7001445,10007085,map_lot,Somber Smithing Stone [1],m10_00_00_00,Stormveil Castle,emevd
7001446,10007090,map_lot,Manor Towershield,m10_00_00_00,Stormveil Castle,treasure
7001447,10007100,map_lot,Marred Leather Shield,m10_00_00_00,Stormveil Castle,treasure
7001448,10007110,map_lot,Golden Rune [1],m10_00_00_00,Stormveil Castle,treasure
7001449,10007120,map_lot,Bolt,m10_00_00_00,Stormveil Castle,treasure
7001450,10007130,map_lot,Smithing Stone [3],m10_00_00_00,Stormveil Castle,treasure
7001451,10007140,map_lot,Ruin Fragment,m10_00_00_00,Stormveil Castle,treasure
7001452,10007150,map_lot,Smithing Stone [2],m10_00_00_00,Stormveil Castle,treasure
7001453,10007160,map_lot,Silver-Pickled Fowl Foot,m10_00_00_00,Stormveil Castle,treasure
7001454,10007170,map_lot,Golden Rune [2],m10_00_00_00,Stormveil Castle,treasure
7001455,10007180,map_lot,Hookclaws,m10_00_00_00,Stormveil Castle,treasure
7001456,10007190,map_lot,Throwing Dagger,m10_00_00_00,Stormveil Castle,treasure
7001457,10007195,map_lot,Golden Seed,m10_00_00_00,Stormveil Castle,emevd
7001458,10007200,map_lot,St. Trina's Arrow,m10_00_00_00,Stormveil Castle,treasure
7001459,10007210,map_lot,Smoldering Butterfly,m10_00_00_00,Stormveil Castle,treasure
7001460,10007220,map_lot,Fire Grease,m10_00_00_00,Stormveil Castle,treasure
7001461,10007230,map_lot,Claw Talisman,m10_00_00_00,Stormveil Castle,treasure
7001462,10007240,map_lot,Golden Rune [2],m10_00_00_00,Stormveil Castle,treasure
7001463,10007250,map_lot,Arteria Leaf,m10_00_00_00,Stormveil Castle,treasure
7001464,10007260,map_lot,Throwing Dagger,m10_00_00_00,Stormveil Castle,treasure
7001465,10007270,map_lot,Mushroom,m10_00_00_00,Stormveil Castle,treasure
7001466,10007280,map_lot,Drawstring Fire Grease,m10_00_00_00,Stormveil Castle,treasure
7001467,10007290,map_lot,Golden Rune [2],m10_00_00_00,Stormveil Castle,treasure
7001468,10007295,map_lot,[Incantation] Aspects of the Crucible: Horns,m10_00_00_00,Stormveil Castle,emevd
7001469,10007300,map_lot,Somber Smithing Stone [2],m10_00_00_00,Stormveil Castle,treasure
7001470,10007310,map_lot,Smithing Stone [2],m10_00_00_00,Stormveil Castle,treasure
7001471,10007320,map_lot,Marred Wooden Shield,m10_00_00_00,Stormveil Castle,treasure
7001472,10007330,map_lot,Golden Rune [2],m10_00_00_00,Stormveil Castle,treasure
7001473,10007340,map_lot,Highland Axe,m10_00_00_00,Stormveil Castle,treasure
7001474,10007350,map_lot,Kukri,m10_00_00_00,Stormveil Castle,treasure
7001475,10007360,map_lot,Golden Rune [2],m10_00_00_00,Stormveil Castle,treasure
7001476,10007370,map_lot,Stonesword Key,m10_00_00_00,Stormveil Castle,treasure
7001477,10007380,map_lot,Exalted Flesh,m10_00_00_00,Stormveil Castle,treasure
7001478,10007390,map_lot,Lump of Flesh,m10_00_00_00,Stormveil Castle,treasure
7001479,10007400,map_lot,Golden Rune [1],m10_00_00_00,Stormveil Castle,treasure
7001480,10007410,map_lot,Smithing Stone [2],m10_00_00_00,Stormveil Castle,treasure
7001481,10007430,map_lot,Arrow,m10_00_00_00,Stormveil Castle,treasure
7001482,10007440,map_lot,Fireproof Dried Liver,m10_00_00_00,Stormveil Castle,treasure
7001483,10007450,map_lot,Chrysalids' Memento,m10_00_00_00,Stormveil Castle,treasure
7001484,10007452,map_lot,Crimson Hood,m11_10_00_00,Leyndell / Roundtable / Shunning-Grounds,emevd
7001485,10007460,map_lot,Stanching Boluses,m10_00_00_00,Stormveil Castle,treasure
7001486,10007470,map_lot,Stonesword Key,m10_00_00_00,Stormveil Castle,treasure
7001487,10007500,map_lot,Rusty Key,m10_00_00_00,Stormveil Castle,treasure
7001488,10007510,map_lot,Smithing Stone [1],m10_00_00_00,Stormveil Castle,treasure
7001489,10007520,map_lot,Golden Rune [1],m10_00_00_00,Stormveil Castle,treasure
7001490,10007530,map_lot,Golden Rune [2],m10_00_00_00,Stormveil Castle,treasure
7001491,10007540,map_lot,Ballista Bolt,m10_00_00_00,Stormveil Castle,treasure
7001492,10007550,map_lot,Arbalest,m10_00_00_00,Stormveil Castle,treasure
7001493,10007560,map_lot,Commoner's Simple Garb,m10_00_00_00,Stormveil Castle,treasure
7001494,10007570,map_lot,Golden Rune [2],m10_00_00_00,Stormveil Castle,treasure
7001495,10007580,map_lot,Golden Rune [5],m10_00_00_00,Stormveil Castle,treasure
7001496,10007590,map_lot,Smithing Stone [2],m10_00_00_00,Stormveil Castle,treasure
7001497,10007600,map_lot,Golden Rune [4],m10_00_00_00,Stormveil Castle,treasure
7001498,10007610,map_lot,Fire Arrow,m10_00_00_00,Stormveil Castle,treasure
7001499,10007620,map_lot,Pike,m10_00_00_00,Stormveil Castle,treasure
7001500,10007630,map_lot,Furlcalling Finger Remedy,m10_00_00_00,Stormveil Castle,treasure
7001501,10007640,map_lot,Smithing Stone [1],m10_00_00_00,Stormveil Castle,treasure
7001502,10007650,map_lot,Smoldering Butterfly,m10_00_00_00,Stormveil Castle,treasure
7001503,10007660,map_lot,Golden Rune [4],m10_00_00_00,Stormveil Castle,treasure
7001504,10007670,map_lot,Golden Rune [1],m10_00_00_00,Stormveil Castle,treasure
7001505,10007680,map_lot,Mushroom,m10_00_00_00,Stormveil Castle,treasure
7001506,10007690,map_lot,Golden Rune [2],m10_00_00_00,Stormveil Castle,treasure
7001507,10007700,map_lot,Magic Grease,m10_00_00_00,Stormveil Castle,treasure
7001508,10007710,map_lot,Smithing Stone [2],m10_00_00_00,Stormveil Castle,treasure
7001509,10007720,map_lot,Golden Rune [2],m10_00_00_00,Stormveil Castle,treasure
7001510,10007730,map_lot,Golden Seed,m10_00_00_00,Stormveil Castle,treasure
7001511,10007740,map_lot,Smithing Stone [2],m10_00_00_00,Stormveil Castle,treasure
7001512,10007750,map_lot,Smithing Stone [1],m10_00_00_00,Stormveil Castle,treasure
7001513,10007760,map_lot,Golden Rune [5],m10_00_00_00,Stormveil Castle,treasure
7001514,10007780,map_lot,Smithing Stone [1],m10_00_00_00,Stormveil Castle,treasure
7001515,10007790,map_lot,Kukri,m10_00_00_00,Stormveil Castle,treasure
7001516,10007800,map_lot,Smithing Stone [2],m10_00_00_00,Stormveil Castle,treasure
7001517,10007810,map_lot,Lump of Flesh,m10_00_00_00,Stormveil Castle,treasure
7001518,10007820,map_lot,Smithing Stone [1],m10_00_00_00,Stormveil Castle,treasure
7001519,10007830,map_lot,Golden Rune [2],m10_00_00_00,Stormveil Castle,treasure
7001520,10007840,map_lot,Smithing Stone [3],m10_00_00_00,Stormveil Castle,treasure
7001521,10007850,map_lot,Shabriri Grape,m10_00_00_00,Stormveil Castle,treasure
7001522,10007860,map_lot,Rainbow Stone,m10_00_00_00,Stormveil Castle,treasure
7001523,10007870,map_lot,Smithing Stone [2],m10_00_00_00,Stormveil Castle,treasure
7001524,10007880,map_lot,Arteria Leaf,m10_00_00_00,Stormveil Castle,treasure
7001525,10007890,map_lot,Golden Rune [2],m10_00_00_00,Stormveil Castle,treasure
7001526,10007900,map_lot,Poisonbloom,m10_00_00_00,Stormveil Castle,treasure
7001527,10007910,map_lot,Smoldering Butterfly,m10_00_00_00,Stormveil Castle,treasure
7001528,10007920,map_lot,Stonesword Key,m10_00_00_00,Stormveil Castle,treasure
7001529,10007930,map_lot,Throwing Dagger,m10_00_00_00,Stormveil Castle,treasure
7001530,10007940,map_lot,Prince of Death's Pustule,m10_00_00_00,Stormveil Castle,treasure
7001531,10007950,map_lot,Kukri,m10_00_00_00,Stormveil Castle,treasure
7001532,10007960,map_lot,Pickled Turtle Neck,m10_00_00_00,Stormveil Castle,treasure
7001533,10007965,map_lot,Godslayer's Seal,m10_00_00_00,Stormveil Castle,treasure
7001534,10007970,map_lot,Mimic's Veil,m10_00_00_00,Stormveil Castle,treasure
7001535,10007975,map_lot,Curved Sword Talisman,m10_00_00_00,Stormveil Castle,treasure
7001536,10007980,map_lot,Somber Smithing Stone [2],m10_00_00_00,Stormveil Castle,treasure
7001537,10007990,map_lot,Godskin Prayerbook,m10_00_00_00,Stormveil Castle,treasure
7001538,10017010,map_lot,The Stormhawk King,PENDING,Stormveil Castle,flag_prefix
7001539,10017900,map_lot,Stormhawk Deenh,m10_01_00_00,Stormveil Castle,emevd
7001540,11007000,map_lot,Magic Grease,m11_00_00_00,Leyndell / Roundtable / Shunning-Grounds,emevd
7001541,11007005,map_lot,Alberich's Pointed Hat,m11_00_00_00,Leyndell / Roundtable / Shunning-Grounds,emevd
7001542,11007010,map_lot,Furlcalling Finger Remedy,PENDING,Leyndell / Roundtable / Shunning-Grounds,flag_prefix
7001543,11007015,map_lot,Erdtree Bow,PENDING,Leyndell / Roundtable / Shunning-Grounds,flag_prefix
7001544,11007020,map_lot,Hefty Beast Bone,PENDING,Leyndell / Roundtable / Shunning-Grounds,flag_prefix
7001545,11007025,map_lot,Celestial Dew,PENDING,Leyndell / Roundtable / Shunning-Grounds,flag_prefix
7001546,11007030,map_lot,Smithing Stone [4],PENDING,Leyndell / Roundtable / Shunning-Grounds,flag_prefix
7001547,11007035,map_lot,Deathbed Dress,PENDING,Leyndell / Roundtable / Shunning-Grounds,flag_prefix
7001548,11007040,map_lot,Golden Rune [7],m11_00_00_00,Leyndell / Roundtable / Shunning-Grounds,emevd
7001549,11007045,map_lot,Lionel's Helm,PENDING,Leyndell / Roundtable / Shunning-Grounds,flag_prefix
7001550,11007050,map_lot,Cave Moss,PENDING,Leyndell / Roundtable / Shunning-Grounds,flag_prefix
7001551,11007055,map_lot,Hammer,PENDING,Leyndell / Roundtable / Shunning-Grounds,flag_prefix
7001552,11007060,map_lot,Preserving Boluses,PENDING,Leyndell / Roundtable / Shunning-Grounds,flag_prefix
7001553,11007065,map_lot,Rune Arc,PENDING,Global / Filler (scattered by design),global_filler
7001554,11007070,map_lot,String,PENDING,Leyndell / Roundtable / Shunning-Grounds,flag_prefix
7001555,11007075,map_lot,Hero's Rune [1],PENDING,Leyndell / Roundtable / Shunning-Grounds,flag_prefix
7001556,11007080,map_lot,Upper-Class Robe,PENDING,Leyndell / Roundtable / Shunning-Grounds,flag_prefix
7001557,11007085,map_lot,Golden Rune [12],PENDING,Leyndell / Roundtable / Shunning-Grounds,flag_prefix
7001558,11007090,map_lot,Miranda Powder,PENDING,Leyndell / Roundtable / Shunning-Grounds,flag_prefix
7001559,11007095,map_lot,Guilty Hood,PENDING,Leyndell / Roundtable / Shunning-Grounds,flag_prefix
7001560,11007100,map_lot,Smithing Stone [6],PENDING,Global / Filler (scattered by design),global_filler
7001561,11007105,map_lot,Stormhawk Axe,PENDING,Leyndell / Roundtable / Shunning-Grounds,flag_prefix
7001562,11007110,map_lot,Warming Stone,PENDING,Leyndell / Roundtable / Shunning-Grounds,flag_prefix
7001563,11007115,map_lot,Cane Sword,PENDING,Leyndell / Roundtable / Shunning-Grounds,flag_prefix
7001564,11007120,map_lot,Golden Rune [10],PENDING,Global / Filler (scattered by design),global_filler
7001565,11007125,map_lot,Black-Key Bolt,PENDING,Leyndell / Roundtable / Shunning-Grounds,flag_prefix
7001566,11007135,map_lot,Gravel Stone,PENDING,Leyndell / Roundtable / Shunning-Grounds,flag_prefix
7001567,11007140,map_lot,Fan Daggers,PENDING,Leyndell / Roundtable / Shunning-Grounds,flag_prefix
7001568,11007145,map_lot,Somber Smithing Stone [6],PENDING,Leyndell / Roundtable / Shunning-Grounds,flag_prefix
7001569,11007150,map_lot,Gold Firefly,PENDING,Leyndell / Roundtable / Shunning-Grounds,flag_prefix
7001570,11007155,map_lot,Hero's Rune [5],PENDING,Leyndell / Roundtable / Shunning-Grounds,flag_prefix
7001571,11007160,map_lot,Holy Grease,PENDING,Leyndell / Roundtable / Shunning-Grounds,flag_prefix
7001572,11007165,map_lot,Golden Rune [11],PENDING,Leyndell / Roundtable / Shunning-Grounds,flag_prefix
7001573,11007170,map_lot,Golden Rune [8],PENDING,Leyndell / Roundtable / Shunning-Grounds,flag_prefix
7001574,11007175,map_lot,Hero's Rune [2],PENDING,Leyndell / Roundtable / Shunning-Grounds,flag_prefix
7001575,11007180,map_lot,Old Fang,PENDING,Leyndell / Roundtable / Shunning-Grounds,flag_prefix
7001576,11007185,map_lot,Somber Smithing Stone [6],m11_00_00_00,Leyndell / Roundtable / Shunning-Grounds,emevd
7001577,11007190,map_lot,Smithing Stone [4],PENDING,Leyndell / Roundtable / Shunning-Grounds,flag_prefix
7001578,11007195,map_lot,Somber Smithing Stone [6],m11_00_00_00,Leyndell / Roundtable / Shunning-Grounds,emevd
7001579,11007200,map_lot,Golden Rune [8],m11_00_00_00,Leyndell / Roundtable / Shunning-Grounds,emevd
7001580,11007205,map_lot,Golden Rune [13],m11_00_00_00,Leyndell / Roundtable / Shunning-Grounds,emevd
7001581,11007210,map_lot,Somber Smithing Stone [5],m11_00_00_00,Leyndell / Roundtable / Shunning-Grounds,emevd
7001582,11007215,map_lot,Golden Rune [10],PENDING,Global / Filler (scattered by design),global_filler
7001583,11007220,map_lot,Golden Rune [8],m11_00_00_00,Leyndell / Roundtable / Shunning-Grounds,emevd
7001584,11007225,map_lot,Golden Rune [12],m11_00_00_00,Leyndell / Roundtable / Shunning-Grounds,emevd
7001585,11007230,map_lot,Lordsworn's Bolt,PENDING,Leyndell / Roundtable / Shunning-Grounds,flag_prefix
7001586,11007235,map_lot,Lightningproof Dried Liver,PENDING,Leyndell / Roundtable / Shunning-Grounds,flag_prefix
7001587,11007240,map_lot,Tarnished Golden Sunflower,m11_00_00_00,Leyndell / Roundtable / Shunning-Grounds,emevd
7001588,11007245,map_lot,Golden Rune [11],PENDING,Leyndell / Roundtable / Shunning-Grounds,flag_prefix
7001589,11007250,map_lot,Stonesword Key,m11_00_00_00,Leyndell / Roundtable / Shunning-Grounds,emevd
7001590,11007260,map_lot,Golden Rune [10],PENDING,Global / Filler (scattered by design),global_filler
7001591,11007270,map_lot,Golden Rune [8],m11_00_00_00,Leyndell / Roundtable / Shunning-Grounds,emevd
7001592,11007280,map_lot,Golden Rune [9],m11_00_00_00,Leyndell / Roundtable / Shunning-Grounds,emevd
7001593,11007290,map_lot,Smithing Stone [6],PENDING,Global / Filler (scattered by design),global_filler
7001594,11007300,map_lot,Golden Rune [9],m11_00_00_00,Leyndell / Roundtable / Shunning-Grounds,emevd
7001595,11007310,map_lot,Arteria Leaf,PENDING,Leyndell / Roundtable / Shunning-Grounds,flag_prefix
7001596,11007320,map_lot,Imp Head (Corpse),m11_00_00_00,Leyndell / Roundtable / Shunning-Grounds,emevd
7001597,11007330,map_lot,Golden Rune [9],PENDING,Leyndell / Roundtable / Shunning-Grounds,flag_prefix
7001598,11007340,map_lot,Seedbed Curse,PENDING,Leyndell / Roundtable / Shunning-Grounds,flag_prefix
7001599,11007350,map_lot,Smithing Stone [6],m11_00_00_00,Leyndell / Roundtable / Shunning-Grounds,emevd
7001600,11007360,map_lot,Golden Rune [9],m11_00_00_00,Leyndell / Roundtable / Shunning-Grounds,emevd
7001601,11007370,map_lot,Smithing Stone [5],PENDING,Global / Filler (scattered by design),global_filler
7001602,11007380,map_lot,Stonesword Key,PENDING,Global / Filler (scattered by design),global_filler
7001603,11007390,map_lot,Golden Rune [12],m11_00_00_00,Leyndell / Roundtable / Shunning-Grounds,emevd
7001604,11007400,map_lot,Beast Blood,m11_00_00_00,Leyndell / Roundtable / Shunning-Grounds,emevd
7001605,11007410,map_lot,Nascent Butterfly,m11_00_00_00,Leyndell / Roundtable / Shunning-Grounds,emevd
7001606,11007420,map_lot,Exalted Flesh,m11_00_00_00,Leyndell / Roundtable / Shunning-Grounds,emevd
7001607,11007430,map_lot,Soporific Grease,m11_00_00_00,Leyndell / Roundtable / Shunning-Grounds,emevd
7001608,11007440,map_lot,Somber Smithing Stone [6],m11_00_00_00,Leyndell / Roundtable / Shunning-Grounds,emevd
7001609,11007450,map_lot,Golden Rune [9],m11_00_00_00,Leyndell / Roundtable / Shunning-Grounds,emevd
7001610,11007460,map_lot,Lightningproof Dried Liver,PENDING,Leyndell / Roundtable / Shunning-Grounds,flag_prefix
7001611,11007480,map_lot,Gravel Stone,m11_00_00_00,Leyndell / Roundtable / Shunning-Grounds,emevd
7001612,11007490,map_lot,Stonesword Key,PENDING,Global / Filler (scattered by design),global_filler
7001613,11007500,map_lot,Golden Rune [9],m11_00_00_00,Leyndell / Roundtable / Shunning-Grounds,emevd
7001614,11007510,map_lot,Smithing Stone [4],m11_00_00_00,Leyndell / Roundtable / Shunning-Grounds,emevd
7001615,11007520,map_lot,Golden Arrow,m11_00_00_00,Leyndell / Roundtable / Shunning-Grounds,emevd
7001616,11007530,map_lot,Smithing Stone [6],m11_00_00_00,Leyndell / Roundtable / Shunning-Grounds,emevd
7001617,11007540,map_lot,Clarifying Boluses,m11_00_00_00,Leyndell / Roundtable / Shunning-Grounds,emevd
7001618,11007550,map_lot,Golden Rune [8],PENDING,Leyndell / Roundtable / Shunning-Grounds,flag_prefix
7001619,11007570,map_lot,Lost Ashes of War,PENDING,Leyndell / Roundtable / Shunning-Grounds,flag_prefix
7001620,11007580,map_lot,Rune Arc,m11_00_00_00,Leyndell / Roundtable / Shunning-Grounds,emevd
7001621,11007590,map_lot,Erdsteel Dagger,m11_00_00_00,Leyndell / Roundtable / Shunning-Grounds,emevd
7001622,11007600,map_lot,Poisonbone Dart,m11_00_00_00,Leyndell / Roundtable / Shunning-Grounds,emevd
7001623,11007610,map_lot,Somber Smithing Stone [6],m11_00_00_00,Leyndell / Roundtable / Shunning-Grounds,emevd
7001624,11007620,map_lot,Albinauric Bloodclot,m11_00_00_00,Leyndell / Roundtable / Shunning-Grounds,emevd
7001625,11007630,map_lot,Smithing Stone [5],m11_00_00_00,Leyndell / Roundtable / Shunning-Grounds,emevd
7001626,11007640,map_lot,Pickled Turtle Neck,m11_00_00_00,Leyndell / Roundtable / Shunning-Grounds,emevd
7001627,11007650,map_lot,Smithing Stone [6],m11_00_00_00,Leyndell / Roundtable / Shunning-Grounds,emevd
7001628,11007660,map_lot,Golden Rune [9],PENDING,Leyndell / Roundtable / Shunning-Grounds,flag_prefix
7001629,11007670,map_lot,Black Bow,m11_00_00_00,Leyndell / Roundtable / Shunning-Grounds,emevd
7001630,11007680,map_lot,Dragonwound Grease,PENDING,Leyndell / Roundtable / Shunning-Grounds,flag_prefix
7001631,11007690,map_lot,Two Fingers' Prayerbook,PENDING,Leyndell / Roundtable / Shunning-Grounds,flag_prefix
7001632,11007700,map_lot,Smithing Stone [5],PENDING,Global / Filler (scattered by design),global_filler
7001633,11007710,map_lot,Golden Rune [9],m11_00_00_00,Leyndell / Roundtable / Shunning-Grounds,emevd
7001634,11007720,map_lot,Smithing Stone [6],m11_00_00_00,Leyndell / Roundtable / Shunning-Grounds,emevd
7001635,11007730,map_lot,Holyproof Dried Liver,m11_00_00_00,Leyndell / Roundtable / Shunning-Grounds,emevd
7001636,11007740,map_lot,Furlcalling Finger Remedy,m11_00_00_00,Leyndell / Roundtable / Shunning-Grounds,emevd
7001637,11007750,map_lot,Gravel Stone,m11_00_00_00,Leyndell / Roundtable / Shunning-Grounds,emevd
7001638,11007760,map_lot,Smithing Stone [5],m11_00_00_00,Leyndell / Roundtable / Shunning-Grounds,emevd
7001639,11007770,map_lot,Old Fang,PENDING,Leyndell / Roundtable / Shunning-Grounds,flag_prefix
7001640,11007780,map_lot,Smithing Stone [6],PENDING,Global / Filler (scattered by design),global_filler
7001641,11007790,map_lot,Nascent Butterfly,PENDING,Leyndell / Roundtable / Shunning-Grounds,flag_prefix
7001642,11007800,map_lot,Stonesword Key,m11_00_00_00,Leyndell / Roundtable / Shunning-Grounds,emevd
7001643,11007810,map_lot,Fan Daggers,PENDING,Leyndell / Roundtable / Shunning-Grounds,flag_prefix
7001644,11007820,map_lot,Smithing Stone [6],PENDING,Global / Filler (scattered by design),global_filler
7001645,11007830,map_lot,Golden Rune [9],PENDING,Leyndell / Roundtable / Shunning-Grounds,flag_prefix
7001646,11007840,map_lot,Gravel Stone,PENDING,Leyndell / Roundtable / Shunning-Grounds,flag_prefix
7001647,11007850,map_lot,Seedbed Curse,m11_00_00_00,Leyndell / Roundtable / Shunning-Grounds,emevd
7001648,11007860,map_lot,Smithing Stone [5],PENDING,Global / Filler (scattered by design),global_filler
7001649,11007870,map_lot,Furlcalling Finger Remedy,PENDING,Leyndell / Roundtable / Shunning-Grounds,flag_prefix
7001650,11007880,map_lot,Star Fist,PENDING,Leyndell / Roundtable / Shunning-Grounds,flag_prefix
7001651,11007890,map_lot,Holy Grease,PENDING,Leyndell / Roundtable / Shunning-Grounds,flag_prefix
7001652,11007900,map_lot,Smithing Stone [6],PENDING,Global / Filler (scattered by design),global_filler
7001653,11007910,map_lot,Golden Order Principia,PENDING,Leyndell / Roundtable / Shunning-Grounds,flag_prefix
7001654,11007920,map_lot,Somber Smithing Stone [5],PENDING,Leyndell / Roundtable / Shunning-Grounds,flag_prefix
7001655,11007930,map_lot,Holy Grease,PENDING,Leyndell / Roundtable / Shunning-Grounds,flag_prefix
7001656,11007940,map_lot,Holy Grease,PENDING,Leyndell / Roundtable / Shunning-Grounds,flag_prefix
7001657,11007950,map_lot,Rune Arc,m11_00_00_00,Leyndell / Roundtable / Shunning-Grounds,emevd
7001658,11007960,map_lot,Erdtree Seal,PENDING,Leyndell / Roundtable / Shunning-Grounds,flag_prefix
7001659,11007970,map_lot,Coded Sword,PENDING,Leyndell / Roundtable / Shunning-Grounds,flag_prefix
7001660,11007980,map_lot,Stonesword Key,PENDING,Global / Filler (scattered by design),global_filler
7001661,11007983,enemy_lot,Somber Smithing Stone [4],PENDING,Leyndell / Roundtable / Shunning-Grounds,flag_prefix
7001662,11007985,map_lot,Raging Wolf Helm,m11_00_00_00,Leyndell / Roundtable / Shunning-Grounds,emevd
7001663,11007987,map_lot,Gargoyle's Halberd,m11_00_00_00,Leyndell / Roundtable / Shunning-Grounds,emevd
7001664,11007989,enemy_lot,Gravel Stone Seal,PENDING,Leyndell / Roundtable / Shunning-Grounds,flag_prefix
7001665,11007990,map_lot,Golden Seed,PENDING,Global / Filler (scattered by design),global_filler
7001666,11007991,map_lot,[Incantation] Blessing of the Erdtree,m11_00_00_00,Leyndell / Roundtable / Shunning-Grounds,emevd
7001667,11007992,enemy_lot,Omensmirk Mask,m11_00_00_00,Leyndell / Roundtable / Shunning-Grounds,emevd
7001668,11007993,map_lot,Golden Seed,m11_00_00_00,Leyndell / Roundtable / Shunning-Grounds,emevd
7001669,11007994,map_lot,Blessed Dew Talisman,PENDING,Leyndell / Roundtable / Shunning-Grounds,flag_prefix
7001670,11007995,map_lot,Somber Smithing Stone [7],PENDING,Global / Filler (scattered by design),global_filler
7001671,11007996,map_lot,Ritual Shield Talisman,PENDING,Leyndell / Roundtable / Shunning-Grounds,flag_prefix
7001672,11007997,map_lot,Bolt of Gransax,PENDING,Leyndell / Roundtable / Shunning-Grounds,flag_prefix
7001673,11007998,map_lot,Lord's Rune,m11_00_00_00,Leyndell / Roundtable / Shunning-Grounds,emevd
7001674,11057000,map_lot,[Incantation] Erdtree Heal,m11_05_00_00,Leyndell / Roundtable / Shunning-Grounds,emevd
7001675,11057010,map_lot,Somber Ancient Dragon Smithing Stone,m11_05_00_00,Leyndell / Roundtable / Shunning-Grounds,emevd
7001676,11057020,map_lot,Tarnished Golden Sunflower,m11_05_00_00,Leyndell / Roundtable / Shunning-Grounds,emevd
7001677,11057030,map_lot,Rune Arc,PENDING,Global / Filler (scattered by design),global_filler
7001678,11057040,map_lot,Golden Sunflower,PENDING,Leyndell / Roundtable / Shunning-Grounds,flag_prefix
7001679,11057050,map_lot,Hero's Rune [4],PENDING,Leyndell / Roundtable / Shunning-Grounds,flag_prefix
7001680,11057100,map_lot,Erdtree's Favor +2,PENDING,Leyndell / Roundtable / Shunning-Grounds,flag_prefix
7001681,11107000,map_lot,Cipher Pata,m11_10_00_00,Leyndell / Roundtable / Shunning-Grounds,emevd
7001682,11107700,map_lot,Assassin's Prayerbook,PENDING,Leyndell / Roundtable / Shunning-Grounds,flag_prefix
7001683,11107710,map_lot,Crepus's Black-Key Crossbow,m11_10_00_00,Leyndell / Roundtable / Shunning-Grounds,emevd
7001684,11107900,map_lot,Clinging Bone,m11_10_00_00,Leyndell / Roundtable / Shunning-Grounds,emevd
7001685,12017030,map_lot,Somber Smithing Stone [8],m12_01_00_00,Eternal Cities & Underground Rivers,treasure
7001686,12017040,map_lot,Golden Rune [1],m12_01_00_00,Eternal Cities & Underground Rivers,treasure
7001687,12017050,map_lot,Golden Rune [2],m12_01_00_00,Eternal Cities & Underground Rivers,treasure
7001688,12017060,map_lot,Smithing Stone [1],m12_01_00_00,Eternal Cities & Underground Rivers,treasure
7001689,12017070,map_lot,Magic Grease,m12_01_00_00,Eternal Cities & Underground Rivers,treasure
7001690,12017080,map_lot,Golden Rune [3],m12_01_00_00,Eternal Cities & Underground Rivers,treasure
7001691,12017090,map_lot,Somber Smithing Stone [9],m12_01_00_00,Eternal Cities & Underground Rivers,treasure
7001692,12017100,map_lot,Golden Seed,m12_01_00_00,Eternal Cities & Underground Rivers,treasure
7001693,12017105,map_lot,Golden Rune [10],m12_01_00_00,Eternal Cities & Underground Rivers,emevd
7001694,12017110,map_lot,Rot Grease,m12_01_00_00,Eternal Cities & Underground Rivers,treasure
7001695,12017120,map_lot,Black-Key Bolt,m12_01_00_00,Eternal Cities & Underground Rivers,treasure
7001696,12017130,map_lot,Warming Stone,m12_01_00_00,Eternal Cities & Underground Rivers,treasure
7001697,12017140,map_lot,Lightningproof Dried Liver,m12_01_00_00,Eternal Cities & Underground Rivers,treasure
7001698,12017150,map_lot,Smithing Stone [3],m12_01_00_00,Eternal Cities & Underground Rivers,treasure
7001699,12017160,map_lot,Shattershard Arrow (Fletched),m12_01_00_00,Eternal Cities & Underground Rivers,treasure
7001700,12017170,map_lot,Grace Mimic,m12_01_00_00,Eternal Cities & Underground Rivers,treasure
7001701,12017180,map_lot,Immunizing Horn Charm,m12_01_00_00,Eternal Cities & Underground Rivers,treasure
7001702,12017190,map_lot,Smithing Stone [3],m12_01_00_00,Eternal Cities & Underground Rivers,treasure
7001703,12017200,map_lot,Golden Rune [1],m12_01_00_00,Eternal Cities & Underground Rivers,treasure
7001704,12017210,map_lot,Smithing Stone [3],m12_01_00_00,Eternal Cities & Underground Rivers,treasure
7001705,12017220,map_lot,Throwing Dagger,m12_01_00_00,Eternal Cities & Underground Rivers,treasure
7001706,12017230,map_lot,Smithing Stone [3],m12_01_00_00,Eternal Cities & Underground Rivers,treasure
7001707,12017240,map_lot,Golden Rune [2],m12_01_00_00,Eternal Cities & Underground Rivers,treasure
7001708,12017250,map_lot,Shield Grease,m12_01_00_00,Eternal Cities & Underground Rivers,treasure
7001709,12017260,map_lot,Smithing Stone [3],m12_01_00_00,Eternal Cities & Underground Rivers,treasure
7001710,12017270,map_lot,Smithing Stone [4],m12_01_00_00,Eternal Cities & Underground Rivers,treasure
7001711,12017280,map_lot,Smithing Stone [2],m12_01_00_00,Eternal Cities & Underground Rivers,treasure
7001712,12017290,map_lot,Formic Rock,m12_01_00_00,Eternal Cities & Underground Rivers,treasure
7001713,12017300,map_lot,Crystal Dart,m12_01_00_00,Eternal Cities & Underground Rivers,treasure
7001714,12017310,map_lot,Soap,m12_01_00_00,Eternal Cities & Underground Rivers,treasure
7001715,12017320,map_lot,Somber Smithing Stone [3],m12_01_00_00,Eternal Cities & Underground Rivers,treasure
7001716,12017330,map_lot,Melted Mushroom,m12_01_00_00,Eternal Cities & Underground Rivers,treasure
7001717,12017340,map_lot,Golden Rune [3],m12_01_00_00,Eternal Cities & Underground Rivers,treasure
7001718,12017350,map_lot,Celestial Dew,m12_01_00_00,Eternal Cities & Underground Rivers,treasure
7001719,12017360,map_lot,Golden Rune [3],m12_01_00_00,Eternal Cities & Underground Rivers,treasure
7001720,12017370,map_lot,Aeonian Butterfly,m12_01_00_00,Eternal Cities & Underground Rivers,treasure
7001721,12017380,map_lot,Somber Smithing Stone [7],m12_01_00_00,Eternal Cities & Underground Rivers,treasure
7001722,12017390,map_lot,Silver Firefly,m12_01_00_00,Eternal Cities & Underground Rivers,treasure
7001723,12017400,map_lot,Golden Rune [3],m12_01_00_00,Eternal Cities & Underground Rivers,treasure
7001724,12017410,map_lot,Magic Grease,m12_01_00_00,Eternal Cities & Underground Rivers,treasure
7001725,12017420,map_lot,Golden Rune [3],m12_01_00_00,Eternal Cities & Underground Rivers,treasure
7001726,12017430,map_lot,Furlcalling Finger Remedy,m12_01_00_00,Eternal Cities & Underground Rivers,treasure
7001727,12017440,map_lot,Smithing Stone [1],m12_01_00_00,Eternal Cities & Underground Rivers,treasure
7001728,12017450,map_lot,Golden Rune [9],m12_01_00_00,Eternal Cities & Underground Rivers,treasure
7001729,12017460,map_lot,Mushroom Crown,m12_01_00_00,Eternal Cities & Underground Rivers,treasure
7001730,12017470,map_lot,Preserving Boluses,m12_01_00_00,Eternal Cities & Underground Rivers,treasure
7001731,12017480,map_lot,Golden Rune [7],m12_01_00_00,Eternal Cities & Underground Rivers,treasure
7001732,12017490,map_lot,Golden Rune [10],m12_01_00_00,Eternal Cities & Underground Rivers,treasure
7001733,12017500,map_lot,Golden Rune [7],m12_01_00_00,Eternal Cities & Underground Rivers,treasure
7001734,12017510,map_lot,Human Bone Shard,m12_01_00_00,Eternal Cities & Underground Rivers,treasure
7001735,12017520,map_lot,Somber Smithing Stone [6],m12_01_00_00,Eternal Cities & Underground Rivers,treasure
7001736,12017530,map_lot,Smithing Stone [4],m12_01_00_00,Eternal Cities & Underground Rivers,treasure
7001737,12017540,map_lot,Stimulating Boluses,m12_01_00_00,Eternal Cities & Underground Rivers,treasure
7001738,12017550,map_lot,Shield Grease,m12_01_00_00,Eternal Cities & Underground Rivers,treasure
7001739,12017560,map_lot,Golden Rune [10],m12_01_00_00,Eternal Cities & Underground Rivers,treasure
7001740,12017570,map_lot,Wing of Astel,m12_01_00_00,Eternal Cities & Underground Rivers,treasure
7001741,12017580,map_lot,Stonesword Key,m12_01_00_00,Eternal Cities & Underground Rivers,treasure
7001742,12017590,map_lot,Golden Rune [7],m12_01_00_00,Eternal Cities & Underground Rivers,treasure
7001743,12017600,map_lot,Golden Rune [10],m12_01_00_00,Eternal Cities & Underground Rivers,treasure
7001744,12017610,map_lot,Fan Daggers,m12_01_00_00,Eternal Cities & Underground Rivers,treasure
7001745,12017620,map_lot,Smithing Stone [6],m12_01_00_00,Eternal Cities & Underground Rivers,treasure
7001746,12017630,map_lot,Archer Ashes,m12_01_00_00,Eternal Cities & Underground Rivers,treasure
7001747,12017640,map_lot,Golden Rune [10],m12_01_00_00,Eternal Cities & Underground Rivers,treasure
7001748,12017650,map_lot,Golden Rune [10],m12_01_00_00,Eternal Cities & Underground Rivers,treasure
7001749,12017660,map_lot,Golden Rune [10],m12_01_00_00,Eternal Cities & Underground Rivers,treasure
7001750,12017670,map_lot,Smithing Stone [6],m12_01_00_00,Eternal Cities & Underground Rivers,treasure
7001751,12017680,map_lot,Golden Rune [10],m12_01_00_00,Eternal Cities & Underground Rivers,treasure
7001752,12017690,map_lot,Great Ghost Glovewort,m12_01_00_00,Eternal Cities & Underground Rivers,treasure
7001753,12017700,map_lot,Somber Smithing Stone [7],m12_01_00_00,Eternal Cities & Underground Rivers,treasure
7001754,12017710,map_lot,Clayman Ashes,m12_01_00_00,Eternal Cities & Underground Rivers,treasure
7001755,12017720,map_lot,Stonesword Key,m12_01_00_00,Eternal Cities & Underground Rivers,treasure
7001756,12017730,map_lot,Magic Grease,m12_01_00_00,Eternal Cities & Underground Rivers,treasure
7001757,12017740,map_lot,Drawstring Holy Grease,m12_01_00_00,Eternal Cities & Underground Rivers,treasure
7001758,12017750,map_lot,Silver Tear Husk,m12_01_00_00,Eternal Cities & Underground Rivers,treasure
7001759,12017760,map_lot,Smithing Stone [6],m12_01_00_00,Eternal Cities & Underground Rivers,treasure
7001760,12017770,map_lot,Celestial Dew,m12_01_00_00,Eternal Cities & Underground Rivers,treasure
7001761,12017780,map_lot,Somber Smithing Stone [7],m12_01_00_00,Eternal Cities & Underground Rivers,treasure
7001762,12017790,map_lot,Celestial Dew,m12_01_00_00,Eternal Cities & Underground Rivers,treasure
7001763,12017800,map_lot,Smithing Stone [4],m12_01_00_00,Eternal Cities & Underground Rivers,treasure
7001764,12017810,map_lot,Smithing Stone [5],m12_01_00_00,Eternal Cities & Underground Rivers,treasure
7001765,12017820,map_lot,Golden Rune [10],m12_01_00_00,Eternal Cities & Underground Rivers,treasure
7001766,12017830,map_lot,Smithing Stone [5],m12_01_00_00,Eternal Cities & Underground Rivers,treasure
7001767,12017840,map_lot,Fan Daggers,m12_01_00_00,Eternal Cities & Underground Rivers,treasure
7001768,12017850,map_lot,Golden Rune [10],m12_01_00_00,Eternal Cities & Underground Rivers,treasure
7001769,12017860,map_lot,Smithing Stone [7],m12_01_00_00,Eternal Cities & Underground Rivers,treasure
7001770,12017870,map_lot,Smithing Stone [6],m12_01_00_00,Eternal Cities & Underground Rivers,treasure
7001771,12017880,map_lot,Somber Smithing Stone [8],m12_01_00_00,Eternal Cities & Underground Rivers,treasure
7001772,12017890,map_lot,Somber Smithing Stone [7],m12_01_00_00,Eternal Cities & Underground Rivers,treasure
7001773,12017900,map_lot,Wing of Astel,m12_01_00_00,Eternal Cities & Underground Rivers,treasure
7001774,12017910,map_lot,Great Ghost Glovewort,m12_01_00_00,Eternal Cities & Underground Rivers,treasure
7001775,12017920,map_lot,Scorpion's Stinger,m12_01_00_00,Eternal Cities & Underground Rivers,treasure
7001776,12017930,map_lot,Fire Longsword,m12_01_00_00,Eternal Cities & Underground Rivers,treasure
7001777,12017940,map_lot,Somber Smithing Stone [7],m12_01_00_00,Eternal Cities & Underground Rivers,treasure
7001778,12017950,map_lot,Ghost Glovewort [9],m12_01_00_00,Eternal Cities & Underground Rivers,treasure
7001779,12017960,map_lot,Moon of Nokstella,m12_01_00_00,Eternal Cities & Underground Rivers,treasure
7001780,12017965,enemy_lot,Larval Tear,PENDING,Eternal Cities & Underground Rivers,flag_prefix
7001781,12017970,map_lot,Ant's Skull Plate,m12_01_00_00,Eternal Cities & Underground Rivers,treasure
7001782,12017975,enemy_lot,Larval Tear,PENDING,Eternal Cities & Underground Rivers,flag_prefix
7001783,12017980,map_lot,Ghost-Glovewort Picker's Bell Bearing [2],m12_01_00_00,Eternal Cities & Underground Rivers,treasure
7001784,12017985,enemy_lot,Larval Tear,PENDING,Eternal Cities & Underground Rivers,flag_prefix
7001785,12017990,map_lot,Nightmaiden & Swordstress Puppets,m12_01_00_00,Eternal Cities & Underground Rivers,treasure
7001786,12017992,enemy_lot,Immunizing Horn Charm +1,PENDING,Eternal Cities & Underground Rivers,flag_prefix
7001787,12017995,map_lot,Somber Smithing Stone [7],m12_01_00_00,Eternal Cities & Underground Rivers,emevd
7001788,12017997,map_lot,Golden Seed,m12_01_00_00,Eternal Cities & Underground Rivers,emevd
7001789,12017999,enemy_lot,Alabaster Lord's Sword,m12_01_00_00,Eternal Cities & Underground Rivers,emevd
7001790,12027000,map_lot,Mottled Necklace,m12_02_00_00,Eternal Cities & Underground Rivers,treasure
7001791,12027030,map_lot,Arteria Leaf,m12_02_00_00,Eternal Cities & Underground Rivers,treasure
7001792,12027040,map_lot,Golden Seed,m12_02_00_00,Eternal Cities & Underground Rivers,treasure
7001793,12027050,map_lot,Marika's Scarseal,m12_02_00_00,Eternal Cities & Underground Rivers,treasure
7001794,12027070,map_lot,Lightning Bastard Sword,m12_02_00_00,Eternal Cities & Underground Rivers,treasure
7001795,12027080,map_lot,Fingerslayer Blade,m12_02_00_00,Eternal Cities & Underground Rivers,treasure
7001796,12027090,map_lot,Ancestral Infant's Head,m12_02_00_00,Eternal Cities & Underground Rivers,treasure
7001797,12027100,map_lot,Crab Eggs,m12_02_00_00,Eternal Cities & Underground Rivers,treasure
7001798,12027110,map_lot,Beast Liver,m12_02_00_00,Eternal Cities & Underground Rivers,treasure
7001799,12027120,map_lot,Golden Rune [3],m12_02_00_00,Eternal Cities & Underground Rivers,treasure
7001800,12027140,map_lot,Inverted Hawk Heater Shield,m12_02_00_00,Eternal Cities & Underground Rivers,treasure
7001801,12027150,map_lot,Somber Smithing Stone [2],m12_02_00_00,Eternal Cities & Underground Rivers,treasure
7001802,12027160,map_lot,Old Fang,m12_02_00_00,Eternal Cities & Underground Rivers,treasure
7001803,12027170,map_lot,Golden Rune [2],m12_02_00_00,Eternal Cities & Underground Rivers,treasure
7001804,12027180,map_lot,Shield Grease,m12_02_00_00,Eternal Cities & Underground Rivers,treasure
7001805,12027190,map_lot,Golden Rune [3],m12_02_00_00,Eternal Cities & Underground Rivers,treasure
7001806,12027200,map_lot,Dappled Cured Meat,m12_02_00_00,Eternal Cities & Underground Rivers,treasure
7001807,12027210,map_lot,Somber Smithing Stone [2],m12_02_00_00,Eternal Cities & Underground Rivers,treasure
7001808,12027220,map_lot,Smithing Stone [3],m12_02_00_00,Eternal Cities & Underground Rivers,treasure
7001809,12027230,map_lot,Smithing Stone [2],m12_02_00_00,Eternal Cities & Underground Rivers,treasure
7001810,12027240,map_lot,Dwelling Arrow,m12_02_00_00,Eternal Cities & Underground Rivers,treasure
7001811,12027250,map_lot,Gold-Pickled Fowl Foot,m12_02_00_00,Eternal Cities & Underground Rivers,treasure
7001812,12027260,map_lot,Golden Rune [4],m12_02_00_00,Eternal Cities & Underground Rivers,treasure
7001813,12027270,map_lot,Golden Rune [4],m12_02_00_00,Eternal Cities & Underground Rivers,treasure
7001814,12027280,map_lot,Furlcalling Finger Remedy,m12_02_00_00,Eternal Cities & Underground Rivers,treasure
7001815,12027290,map_lot,Golden Rune [4],m12_02_00_00,Eternal Cities & Underground Rivers,treasure
7001816,12027300,map_lot,Smithing Stone [4],m12_02_00_00,Eternal Cities & Underground Rivers,treasure
7001817,12027310,map_lot,Hefty Beast Bone,m12_02_00_00,Eternal Cities & Underground Rivers,treasure
7001818,12027320,map_lot,Golden Rune [6],m12_02_00_00,Eternal Cities & Underground Rivers,treasure
7001819,12027330,map_lot,Golden Rune [3],m12_02_00_00,Eternal Cities & Underground Rivers,treasure
7001820,12027340,map_lot,Sliver of Meat,m12_02_00_00,Eternal Cities & Underground Rivers,treasure
7001821,12027350,map_lot,Smithing Stone [3],m12_02_00_00,Eternal Cities & Underground Rivers,treasure
7001822,12027360,map_lot,Gold-Pickled Fowl Foot,m12_02_00_00,Eternal Cities & Underground Rivers,treasure
7001823,12027370,map_lot,Golden Rune [4],m12_02_00_00,Eternal Cities & Underground Rivers,treasure
7001824,12027380,map_lot,Dwelling Arrow,m12_02_00_00,Eternal Cities & Underground Rivers,treasure
7001825,12027390,map_lot,Stonesword Key,m12_02_00_00,Eternal Cities & Underground Rivers,treasure
7001826,12027400,map_lot,Golden Rune [4],m12_02_00_00,Eternal Cities & Underground Rivers,treasure
7001827,12027410,map_lot,Smithing Stone [2],m12_02_00_00,Eternal Cities & Underground Rivers,treasure
7001828,12027420,map_lot,Horn Bow,m12_02_00_00,Eternal Cities & Underground Rivers,treasure
7001829,12027430,map_lot,Golden Rune [4],m12_02_00_00,Eternal Cities & Underground Rivers,treasure
7001830,12027435,map_lot,Crucible Hornshield,m12_02_00_00,Eternal Cities & Underground Rivers,emevd
7001831,12027440,map_lot,Sliver of Meat,m12_02_00_00,Eternal Cities & Underground Rivers,treasure
7001832,12027445,map_lot,Somber Smithing Stone [6],m12_02_00_00,Eternal Cities & Underground Rivers,emevd
7001833,12027450,map_lot,Stonesword Key,m12_02_00_00,Eternal Cities & Underground Rivers,treasure
7001834,12027460,map_lot,Rune Arc,m12_02_00_00,Eternal Cities & Underground Rivers,treasure
7001835,12027470,map_lot,Clarifying Horn Charm,m12_02_00_00,Eternal Cities & Underground Rivers,treasure
7001836,12027480,map_lot,Lump of Flesh,m12_02_00_00,Eternal Cities & Underground Rivers,treasure
7001837,12027490,map_lot,Clarifying Horn Charm +1,m12_02_00_00,Eternal Cities & Underground Rivers,treasure
7001838,12027500,map_lot,Golden Rune [4],m12_02_00_00,Eternal Cities & Underground Rivers,treasure
7001839,12027510,map_lot,Dwelling Arrow,m12_02_00_00,Eternal Cities & Underground Rivers,treasure
7001840,12027520,map_lot,Nascent Butterfly,m12_02_00_00,Eternal Cities & Underground Rivers,treasure
7001841,12027530,map_lot,Gold-Tinged Excrement,m12_02_00_00,Eternal Cities & Underground Rivers,treasure
7001842,12027540,map_lot,Fireproof Dried Liver,m12_02_00_00,Eternal Cities & Underground Rivers,treasure
7001843,12027550,map_lot,Golden Rune [4],m12_02_00_00,Eternal Cities & Underground Rivers,treasure
7001844,12027560,map_lot,Shining Horned Headband,m12_02_00_00,Eternal Cities & Underground Rivers,treasure
7001845,12027570,map_lot,Old Fang,m12_02_00_00,Eternal Cities & Underground Rivers,treasure
7001846,12027580,map_lot,Golden Rune [5],m12_02_00_00,Eternal Cities & Underground Rivers,treasure
7001847,12027590,map_lot,Kukri,m12_02_00_00,Eternal Cities & Underground Rivers,treasure
7001848,12027600,map_lot,Hefty Beast Bone,m12_02_00_00,Eternal Cities & Underground Rivers,treasure
7001849,12027610,map_lot,Smithing Stone [5],m12_02_00_00,Eternal Cities & Underground Rivers,treasure
7001850,12027620,map_lot,Mottled Necklace +1,m12_02_00_00,Eternal Cities & Underground Rivers,treasure
7001851,12027630,map_lot,Old Fang,m12_02_00_00,Eternal Cities & Underground Rivers,treasure
7001852,12027640,map_lot,Hefty Beast Bone,m12_02_00_00,Eternal Cities & Underground Rivers,treasure
7001853,12027650,map_lot,Smithing Stone [4],m12_02_00_00,Eternal Cities & Underground Rivers,treasure
7001854,12027660,map_lot,Beast Blood,m12_02_00_00,Eternal Cities & Underground Rivers,treasure
7001855,12027670,map_lot,Beast Blood,m12_02_00_00,Eternal Cities & Underground Rivers,treasure
7001856,12027680,map_lot,Somber Smithing Stone [5],m12_02_00_00,Eternal Cities & Underground Rivers,treasure
7001857,12027690,map_lot,Golden Rune [12],m12_02_00_00,Eternal Cities & Underground Rivers,treasure
7001858,12027700,map_lot,Golden Rune [1],m12_02_00_00,Eternal Cities & Underground Rivers,emevd
7001859,12027710,map_lot,Smithing Stone [5],m12_02_00_00,Eternal Cities & Underground Rivers,treasure
7001860,12027720,map_lot,Smithing Stone [2],m12_02_00_00,Eternal Cities & Underground Rivers,treasure
7001861,12027730,map_lot,Celestial Dew,m12_02_00_00,Eternal Cities & Underground Rivers,treasure
7001862,12027740,map_lot,Smithing Stone [5],m12_02_00_00,Eternal Cities & Underground Rivers,treasure
7001863,12027750,map_lot,Stonesword Key,m12_02_00_00,Eternal Cities & Underground Rivers,treasure
7001864,12027760,map_lot,Silver Tear Husk,m12_02_00_00,Eternal Cities & Underground Rivers,treasure
7001865,12027770,map_lot,Golden Rune [1],m12_02_00_00,Eternal Cities & Underground Rivers,treasure
7001866,12027780,map_lot,Golden Rune [13],m12_02_00_00,Eternal Cities & Underground Rivers,treasure
7001867,12027790,map_lot,Golden Rune [7],m12_02_00_00,Eternal Cities & Underground Rivers,treasure
7001868,12027800,map_lot,Smithing Stone [5],m12_02_00_00,Eternal Cities & Underground Rivers,treasure
7001869,12027810,map_lot,Golden Rune [6],m12_02_00_00,Eternal Cities & Underground Rivers,treasure
7001870,12027820,map_lot,Rune Arc,m12_02_00_00,Eternal Cities & Underground Rivers,treasure
7001871,12027830,map_lot,Smithing Stone [4],m12_02_00_00,Eternal Cities & Underground Rivers,treasure
7001872,12027840,map_lot,Golden Rune [1],PENDING,Global / Filler (scattered by design),global_filler
7001873,12027850,map_lot,Rejuvenating Boluses,m12_02_00_00,Eternal Cities & Underground Rivers,treasure
7001874,12027860,map_lot,Rune Arc,m12_02_00_00,Eternal Cities & Underground Rivers,treasure
7001875,12027870,map_lot,Celestial Dew,m12_02_00_00,Eternal Cities & Underground Rivers,treasure
7001876,12027880,map_lot,Mimic Tear Ashes,m12_02_00_00,Eternal Cities & Underground Rivers,treasure
7001877,12027890,map_lot,Golden Rune [7],m12_02_00_00,Eternal Cities & Underground Rivers,treasure
7001878,12027900,map_lot,Smithing Stone [3],m12_02_00_00,Eternal Cities & Underground Rivers,treasure
7001879,12027910,map_lot,Nox Flowing Hammer,m12_02_00_00,Eternal Cities & Underground Rivers,treasure
7001880,12027920,map_lot,Celestial Dew,m12_02_00_00,Eternal Cities & Underground Rivers,treasure
7001881,12027930,map_lot,Golden Rune [7],m12_02_00_00,Eternal Cities & Underground Rivers,treasure
7001882,12027940,map_lot,Soft Cotton,m12_02_00_00,Eternal Cities & Underground Rivers,treasure
7001883,12027950,map_lot,Somber Smithing Stone [5],m12_02_00_00,Eternal Cities & Underground Rivers,treasure
7001884,12027960,map_lot,Dragonwound Grease,m12_02_00_00,Eternal Cities & Underground Rivers,treasure
7001885,12027970,map_lot,Slumbering Egg,m12_02_00_00,Eternal Cities & Underground Rivers,treasure
7001886,12027980,map_lot,Golden Rune [7],m12_02_00_00,Eternal Cities & Underground Rivers,treasure
7001887,12027985,enemy_lot,Larval Tear,PENDING,Eternal Cities & Underground Rivers,flag_prefix
7001888,12027990,map_lot,Golden Rune [7],m12_02_00_00,Eternal Cities & Underground Rivers,treasure
7001889,12027995,enemy_lot,Shining Horned Headband,PENDING,Eternal Cities & Underground Rivers,flag_prefix
7001890,12037010,map_lot,Stonesword Key,m12_03_00_00,Eternal Cities & Underground Rivers,treasure
7001891,12037020,map_lot,Formic Rock,m12_03_00_00,Eternal Cities & Underground Rivers,treasure
7001892,12037030,map_lot,Golden Rune [5],m12_03_00_00,Eternal Cities & Underground Rivers,treasure
7001893,12037040,map_lot,Golden Rune [8],m12_03_00_00,Eternal Cities & Underground Rivers,treasure
7001894,12037050,map_lot,Golden Arrow,m12_03_00_00,Eternal Cities & Underground Rivers,treasure
7001895,12037060,map_lot,Smithing Stone [6],m12_03_00_00,Eternal Cities & Underground Rivers,treasure
7001896,12037070,map_lot,Holy Grease,m12_03_00_00,Eternal Cities & Underground Rivers,treasure
7001897,12037080,map_lot,[Incantation] Elden Stars,m12_03_00_00,Eternal Cities & Underground Rivers,treasure
7001898,12037090,map_lot,Smithing Stone [4],m12_03_00_00,Eternal Cities & Underground Rivers,treasure
7001899,12037100,map_lot,Golden Rune [5],m12_03_00_00,Eternal Cities & Underground Rivers,treasure
7001900,12037110,map_lot,Golden Rune [6],m12_03_00_00,Eternal Cities & Underground Rivers,treasure
7001901,12037120,map_lot,Warming Stone,m12_03_00_00,Eternal Cities & Underground Rivers,treasure
7001902,12037130,map_lot,Smithing Stone [4],m12_03_00_00,Eternal Cities & Underground Rivers,treasure
7001903,12037140,map_lot,Ash of War: Vacuum Slice,m12_03_00_00,Eternal Cities & Underground Rivers,treasure
7001904,12037150,map_lot,Dragonwound Grease,m12_03_00_00,Eternal Cities & Underground Rivers,treasure
7001905,12037160,map_lot,Hefty Beast Bone,m12_03_00_00,Eternal Cities & Underground Rivers,treasure
7001906,12037170,map_lot,Golden Rune [1],m12_03_00_00,Eternal Cities & Underground Rivers,treasure
7001907,12037180,map_lot,Prince of Death's Staff,m12_03_00_00,Eternal Cities & Underground Rivers,treasure
7001908,12037190,map_lot,Smithing Stone [6],m12_03_00_00,Eternal Cities & Underground Rivers,treasure
7001909,12037200,map_lot,Golden Rune [5],m12_03_00_00,Eternal Cities & Underground Rivers,treasure
7001910,12037210,map_lot,Golden Rune [8],m12_03_00_00,Eternal Cities & Underground Rivers,treasure
7001911,12037220,map_lot,Nascent Butterfly,m12_03_00_00,Eternal Cities & Underground Rivers,treasure
7001912,12037230,map_lot,Somber Smithing Stone [7],m12_03_00_00,Eternal Cities & Underground Rivers,treasure
7001913,12037240,map_lot,Somber Smithing Stone [7],m12_03_00_00,Eternal Cities & Underground Rivers,treasure
7001914,12037250,map_lot,Somber Smithing Stone [7],m12_03_00_00,Eternal Cities & Underground Rivers,treasure
7001915,12037260,map_lot,Fan Daggers,m12_03_00_00,Eternal Cities & Underground Rivers,treasure
7001916,12037270,map_lot,Somber Smithing Stone [6],m12_03_00_00,Eternal Cities & Underground Rivers,treasure
7001917,12037280,map_lot,Golden Rune [8],m12_03_00_00,Eternal Cities & Underground Rivers,treasure
7001918,12037290,map_lot,Golden Rune [8],m12_03_00_00,Eternal Cities & Underground Rivers,treasure
7001919,12037300,map_lot,Crucible Tree Helm,m12_03_00_00,Eternal Cities & Underground Rivers,treasure
7001920,12037310,map_lot,Smithing Stone [6],m12_03_00_00,Eternal Cities & Underground Rivers,treasure
7001921,12037320,map_lot,Golden Rune [8],m12_03_00_00,Eternal Cities & Underground Rivers,treasure
7001922,12037330,map_lot,Somber Smithing Stone [7],m12_03_00_00,Eternal Cities & Underground Rivers,treasure
7001923,12037340,map_lot,Arteria Leaf,m12_03_00_00,Eternal Cities & Underground Rivers,treasure
7001924,12037350,map_lot,Smithing Stone [7],m12_03_00_00,Eternal Cities & Underground Rivers,treasure
7001925,12037360,map_lot,Lightning Greatbolt,m12_03_00_00,Eternal Cities & Underground Rivers,treasure
7001926,12037370,map_lot,Golden Rune [8],m12_03_00_00,Eternal Cities & Underground Rivers,treasure
7001927,12037380,map_lot,Smithing Stone [6],m12_03_00_00,Eternal Cities & Underground Rivers,treasure
7001928,12037390,map_lot,Golden Rune [8],m12_03_00_00,Eternal Cities & Underground Rivers,treasure
7001929,12037400,map_lot,Clarifying Boluses,m12_03_00_00,Eternal Cities & Underground Rivers,treasure
7001930,12037410,map_lot,Smithing Stone [4],m12_03_00_00,Eternal Cities & Underground Rivers,treasure
7001931,12037420,map_lot,Human Bone Shard,m12_03_00_00,Eternal Cities & Underground Rivers,treasure
7001932,12037430,map_lot,Golden Rune [8],m12_03_00_00,Eternal Cities & Underground Rivers,treasure
7001933,12037440,map_lot,Golden Rune [9],m12_03_00_00,Eternal Cities & Underground Rivers,treasure
7001934,12037450,map_lot,Smithing Stone [4],m12_03_00_00,Eternal Cities & Underground Rivers,treasure
7001935,12037460,map_lot,Nascent Butterfly,m12_03_00_00,Eternal Cities & Underground Rivers,treasure
7001936,12037470,map_lot,Golden Rune [8],m12_03_00_00,Eternal Cities & Underground Rivers,treasure
7001937,12037480,map_lot,Smithing Stone [5],m12_03_00_00,Eternal Cities & Underground Rivers,treasure
7001938,12037490,map_lot,Smithing Stone [5],m12_03_00_00,Eternal Cities & Underground Rivers,treasure
7001939,12037500,map_lot,Smithing Stone [6],m12_03_00_00,Eternal Cities & Underground Rivers,treasure
7001940,12037510,map_lot,Rune Arc,m12_03_00_00,Eternal Cities & Underground Rivers,treasure
7001941,12037520,map_lot,Mausoleum Soldier Ashes,m12_03_00_00,Eternal Cities & Underground Rivers,treasure
7001942,12037530,map_lot,Somber Smithing Stone [7],m12_03_00_00,Eternal Cities & Underground Rivers,treasure
7001943,12037540,map_lot,Golden Rune [8],m12_03_00_00,Eternal Cities & Underground Rivers,treasure
7001944,12037550,map_lot,Somber Smithing Stone [6],m12_03_00_00,Eternal Cities & Underground Rivers,treasure
7001945,12037560,map_lot,Golden Rune [1],PENDING,Global / Filler (scattered by design),global_filler
7001946,12037570,map_lot,Golden Rune [1],PENDING,Global / Filler (scattered by design),global_filler
7001947,12037580,map_lot,Golden Rune [1],PENDING,Global / Filler (scattered by design),global_filler
7001948,12037590,map_lot,Golden Rune [1],PENDING,Global / Filler (scattered by design),global_filler
7001949,12037800,map_lot,Numen's Rune,m12_03_00_00,Eternal Cities & Underground Rivers,emevd
7001950,12037810,map_lot,Numen's Rune,m12_03_00_00,Eternal Cities & Underground Rivers,emevd
7001951,12037820,map_lot,Numen's Rune,m12_03_00_00,Eternal Cities & Underground Rivers,emevd
7001952,12037830,map_lot,Numen's Rune,m12_03_00_00,Eternal Cities & Underground Rivers,emevd
7001953,12037840,map_lot,Numen's Rune,m12_03_00_00,Eternal Cities & Underground Rivers,emevd
7001954,12037850,map_lot,Numen's Rune,m12_03_00_00,Eternal Cities & Underground Rivers,emevd
7001955,12037900,map_lot,Lightning Bastard Sword,PENDING,Eternal Cities & Underground Rivers,flag_prefix
7001956,12037910,map_lot,Golden Rune [1],PENDING,Global / Filler (scattered by design),global_filler
7001957,12037950,map_lot,Siluria's Tree,m12_03_00_00,Eternal Cities & Underground Rivers,emevd
7001958,12037960,map_lot,Staff of the Avatar,m12_03_00_00,Eternal Cities & Underground Rivers,emevd
7001959,12037990,enemy_lot,Prince of Death's Cyst,PENDING,Eternal Cities & Underground Rivers,flag_prefix
7001960,12057010,map_lot,Golden Seed,m12_05_00_00,Eternal Cities & Underground Rivers,treasure
7001961,12057020,map_lot,Golden Rune [11],m12_05_00_00,Eternal Cities & Underground Rivers,treasure
7001962,12057030,map_lot,Smithing Stone [6],m12_05_00_00,Eternal Cities & Underground Rivers,treasure
7001963,12057040,map_lot,Bloodrose,m12_05_00_00,Eternal Cities & Underground Rivers,treasure
7001964,12057060,map_lot,Hero's Rune [4],m12_05_00_00,Eternal Cities & Underground Rivers,treasure
7001965,12057070,map_lot,Smithing Stone [8],m12_05_00_00,Eternal Cities & Underground Rivers,treasure
7001966,12057080,map_lot,Hero's Rune [3],m12_05_00_00,Eternal Cities & Underground Rivers,treasure
7001967,12057090,map_lot,Blood-Tainted Excrement,m12_05_00_00,Eternal Cities & Underground Rivers,treasure
7001968,12057100,map_lot,Somber Smithing Stone [9],m12_05_00_00,Eternal Cities & Underground Rivers,treasure
7001969,12057110,map_lot,[Incantation] Swarm of Flies,m12_05_00_00,Eternal Cities & Underground Rivers,treasure
7001970,12057120,map_lot,Drawstring Blood Grease,m12_05_00_00,Eternal Cities & Underground Rivers,treasure
7001971,12057130,map_lot,Blood-Tainted Excrement,m12_05_00_00,Eternal Cities & Underground Rivers,treasure
7001972,12057140,map_lot,Golden Rune [12],m12_05_00_00,Eternal Cities & Underground Rivers,treasure
7001973,12057150,map_lot,Smithing Stone [7],m12_05_00_00,Eternal Cities & Underground Rivers,treasure
7001974,12057160,map_lot,Golden Rune [12],m12_05_00_00,Eternal Cities & Underground Rivers,treasure
7001975,12057170,map_lot,Sacramental Bud,m12_05_00_00,Eternal Cities & Underground Rivers,treasure
7001976,12057180,map_lot,Nascent Butterfly,m12_05_00_00,Eternal Cities & Underground Rivers,treasure
7001977,12057190,map_lot,Rune Arc,m12_05_00_00,Eternal Cities & Underground Rivers,treasure
7001978,12057200,map_lot,Golden Rune [1],m12_05_00_00,Eternal Cities & Underground Rivers,emevd
7001979,12057210,map_lot,Golden Rune [13],m12_05_00_00,Eternal Cities & Underground Rivers,treasure
7001980,12057220,map_lot,Golden Rune [1],PENDING,Global / Filler (scattered by design),global_filler
7001981,12057230,map_lot,Golden Rune [1],PENDING,Global / Filler (scattered by design),global_filler
7001982,12057240,map_lot,Golden Rune [1],m12_05_00_00,Eternal Cities & Underground Rivers,emevd
7001983,12057250,map_lot,Golden Rune [1],m12_05_00_00,Eternal Cities & Underground Rivers,emevd
7001984,12057260,map_lot,Golden Rune [1],PENDING,Global / Filler (scattered by design),global_filler
7001985,12057270,map_lot,Golden Rune [1],PENDING,Global / Filler (scattered by design),global_filler
7001986,12057280,map_lot,Golden Rune [1],m12_05_00_00,Eternal Cities & Underground Rivers,emevd
7001987,12057290,map_lot,Bloodrose,m12_05_00_00,Eternal Cities & Underground Rivers,treasure
7001988,12057300,map_lot,Holy Grease,m12_05_00_00,Eternal Cities & Underground Rivers,treasure
7001989,12057310,map_lot,Stonesword Key,m12_05_00_00,Eternal Cities & Underground Rivers,treasure
7001990,12057320,map_lot,Smithing Stone [6],m12_05_00_00,Eternal Cities & Underground Rivers,treasure
7001991,12057330,map_lot,Arteria Leaf,m12_05_00_00,Eternal Cities & Underground Rivers,treasure
7001992,12057340,map_lot,Golden Rune [13],m12_05_00_00,Eternal Cities & Underground Rivers,treasure
7001993,12057350,map_lot,Clarifying Boluses,m12_05_00_00,Eternal Cities & Underground Rivers,treasure
7001994,12057360,map_lot,Rot Grease,m12_05_00_00,Eternal Cities & Underground Rivers,treasure
7001995,12057370,map_lot,Haligdrake Talisman +2,m12_05_00_00,Eternal Cities & Underground Rivers,treasure
7001996,12057380,map_lot,Golden Rune [1],PENDING,Global / Filler (scattered by design),global_filler
7001997,12057390,map_lot,Golden Rune [1],PENDING,Global / Filler (scattered by design),global_filler
7001998,12057400,map_lot,Golden Rune [1],m12_05_00_00,Eternal Cities & Underground Rivers,emevd
7001999,12057410,map_lot,Golden Rune [1],m12_05_00_00,Eternal Cities & Underground Rivers,emevd
7002000,12057420,map_lot,Golden Rune [1],PENDING,Global / Filler (scattered by design),global_filler
7002001,12057430,map_lot,Golden Rune [1],PENDING,Global / Filler (scattered by design),global_filler
7002002,12057440,map_lot,Golden Rune [1],PENDING,Global / Filler (scattered by design),global_filler
7002003,12057450,map_lot,Golden Rune [1],PENDING,Global / Filler (scattered by design),global_filler
7002004,12057460,map_lot,Golden Rune [1],PENDING,Global / Filler (scattered by design),global_filler
7002005,12057470,map_lot,Golden Rune [1],PENDING,Global / Filler (scattered by design),global_filler
7002006,12057480,map_lot,Golden Rune [1],PENDING,Global / Filler (scattered by design),global_filler
7002007,12057490,map_lot,Golden Rune [1],PENDING,Global / Filler (scattered by design),global_filler
7002008,12057500,map_lot,Golden Rune [1],PENDING,Global / Filler (scattered by design),global_filler
7002009,12057510,map_lot,Golden Rune [1],m12_05_00_00,Eternal Cities & Underground Rivers,emevd
7002010,12057520,map_lot,Golden Rune [1],PENDING,Global / Filler (scattered by design),global_filler
7002011,12057530,map_lot,Golden Rune [1],PENDING,Global / Filler (scattered by design),global_filler
7002012,12057540,map_lot,Golden Rune [1],PENDING,Global / Filler (scattered by design),global_filler
7002013,12057550,map_lot,Golden Rune [1],PENDING,Global / Filler (scattered by design),global_filler
7002014,12057560,map_lot,Golden Rune [1],PENDING,Global / Filler (scattered by design),global_filler
7002015,12057570,map_lot,Golden Rune [1],PENDING,Global / Filler (scattered by design),global_filler
7002016,12057580,map_lot,Golden Rune [1],PENDING,Global / Filler (scattered by design),global_filler
7002017,12057590,map_lot,Smithing Stone [7],m12_05_00_00,Eternal Cities & Underground Rivers,treasure
7002018,12057600,map_lot,Stanching Boluses,m12_05_00_00,Eternal Cities & Underground Rivers,treasure
7002019,12057610,map_lot,Stonesword Key,m12_05_00_00,Eternal Cities & Underground Rivers,treasure
7002020,12057620,map_lot,Bloodrose,m12_05_00_00,Eternal Cities & Underground Rivers,treasure
7002021,12057630,map_lot,Fire Longsword,m12_05_00_00,Eternal Cities & Underground Rivers,treasure
7002022,12057640,map_lot,Smithing Stone [8],m12_05_00_00,Eternal Cities & Underground Rivers,treasure
7002023,12057650,map_lot,Numen's Rune,m12_05_00_00,Eternal Cities & Underground Rivers,treasure
7002024,12057660,map_lot,,PENDING,Eternal Cities & Underground Rivers,flag_prefix
7002025,12057670,map_lot,Golden Rune [13],m12_05_00_00,Eternal Cities & Underground Rivers,treasure
7002026,12057680,map_lot,Golden Rune [11],m12_05_00_00,Eternal Cities & Underground Rivers,treasure
7002027,12057690,map_lot,Lord's Rune,m12_05_00_00,Eternal Cities & Underground Rivers,treasure
7002028,12057700,map_lot,Smithing Stone [6],m12_05_00_00,Eternal Cities & Underground Rivers,treasure
7002029,12057710,map_lot,Golden Rune [1],m12_05_00_00,Eternal Cities & Underground Rivers,emevd
7002030,12057720,map_lot,Golden Rune [1],PENDING,Global / Filler (scattered by design),global_filler
7002031,12057730,map_lot,Golden Rune [1],PENDING,Global / Filler (scattered by design),global_filler
7002032,12057740,map_lot,Golden Rune [1],PENDING,Global / Filler (scattered by design),global_filler
7002033,12057900,map_lot,Somber Ancient Dragon Smithing Stone,m12_05_00_00,Eternal Cities & Underground Rivers,treasure
7002034,12057950,map_lot,White Mask,m12_05_00_00,Eternal Cities & Underground Rivers,emevd
7002035,12077000,map_lot,Furlcalling Finger Remedy,m12_07_00_00,Eternal Cities & Underground Rivers,treasure
7002036,12077010,map_lot,Silver Firefly,m12_07_00_00,Eternal Cities & Underground Rivers,treasure
7002037,12077020,map_lot,Golden Rune [3],m12_07_00_00,Eternal Cities & Underground Rivers,treasure
7002038,12077030,map_lot,Golden Rune [2],m12_07_00_00,Eternal Cities & Underground Rivers,treasure
7002039,12077040,map_lot,Smithing Stone [4],m12_07_00_00,Eternal Cities & Underground Rivers,treasure
7002040,12077050,map_lot,Smithing Stone [2],m12_07_00_00,Eternal Cities & Underground Rivers,treasure
7002041,12077060,map_lot,Golden Rune [2],m12_07_00_00,Eternal Cities & Underground Rivers,treasure
7002042,12077070,map_lot,Immunizing Cured Meat,m12_07_00_00,Eternal Cities & Underground Rivers,treasure
7002043,12077080,map_lot,Golden Rune [2],m12_07_00_00,Eternal Cities & Underground Rivers,treasure
7002044,12077090,map_lot,Rainbow Stone,m12_07_00_00,Eternal Cities & Underground Rivers,treasure
7002045,12077100,map_lot,Golden Rune [4],m12_07_00_00,Eternal Cities & Underground Rivers,treasure
7002046,12077110,map_lot,Budding Horn,m12_07_00_00,Eternal Cities & Underground Rivers,treasure
7002047,12077120,map_lot,Throwing Dagger,m12_07_00_00,Eternal Cities & Underground Rivers,treasure
7002048,12077130,map_lot,Smithing Stone [3],m12_07_00_00,Eternal Cities & Underground Rivers,treasure
7002049,12077140,map_lot,Golden Rune [4],m12_07_00_00,Eternal Cities & Underground Rivers,treasure
7002050,12077150,map_lot,Smithing Stone [4],m12_07_00_00,Eternal Cities & Underground Rivers,treasure
7002051,12077160,map_lot,Soap,m12_07_00_00,Eternal Cities & Underground Rivers,treasure
7002052,12077170,map_lot,Preserving Boluses,m12_07_00_00,Eternal Cities & Underground Rivers,treasure
7002053,12077180,map_lot,Silver-Pickled Fowl Foot,m12_07_00_00,Eternal Cities & Underground Rivers,treasure
7002054,12077190,map_lot,Golden Rune [1],PENDING,Global / Filler (scattered by design),global_filler
7002055,12077200,map_lot,Golden Rune [1],PENDING,Global / Filler (scattered by design),global_filler
7002056,12077210,map_lot,Golden Rune [1],PENDING,Global / Filler (scattered by design),global_filler
7002057,12077220,map_lot,Golden Rune [1],PENDING,Global / Filler (scattered by design),global_filler
7002058,12077230,map_lot,Golden Rune [1],PENDING,Global / Filler (scattered by design),global_filler
7002059,12077240,map_lot,Golden Rune [1],PENDING,Global / Filler (scattered by design),global_filler
7002060,12077250,map_lot,Golden Rune [1],m12_07_00_00,Eternal Cities & Underground Rivers,emevd
7002061,12077260,map_lot,Golden Rune [1],PENDING,Global / Filler (scattered by design),global_filler
7002062,12077270,map_lot,Golden Rune [1],PENDING,Global / Filler (scattered by design),global_filler
7002063,12077280,map_lot,Golden Rune [1],PENDING,Global / Filler (scattered by design),global_filler
7002064,12077290,map_lot,Golden Rune [1],PENDING,Global / Filler (scattered by design),global_filler
7002065,12077300,map_lot,Golden Rune [5],m12_07_00_00,Eternal Cities & Underground Rivers,treasure
7002066,12077310,map_lot,Soporific Grease,m12_07_00_00,Eternal Cities & Underground Rivers,treasure
7002067,12077320,map_lot,Burred Bolt,m12_07_00_00,Eternal Cities & Underground Rivers,treasure
7002068,12077330,map_lot,Nascent Butterfly,m12_07_00_00,Eternal Cities & Underground Rivers,treasure
7002069,12077340,map_lot,Rune Arc,m12_07_00_00,Eternal Cities & Underground Rivers,treasure
7002070,12077350,map_lot,Golden Rune [6],m12_07_00_00,Eternal Cities & Underground Rivers,treasure
7002071,12077360,map_lot,Smithing Stone [5],m12_07_00_00,Eternal Cities & Underground Rivers,treasure
7002072,12077370,map_lot,Furlcalling Finger Remedy,m12_07_00_00,Eternal Cities & Underground Rivers,treasure
7002073,12077380,map_lot,Clarifying White Cured Meat,m12_07_00_00,Eternal Cities & Underground Rivers,treasure
7002074,12077390,map_lot,Golden Rune [6],m12_07_00_00,Eternal Cities & Underground Rivers,treasure
7002075,12077400,map_lot,Ghost-Glovewort Picker's Bell Bearing [1],m12_07_00_00,Eternal Cities & Underground Rivers,treasure
7002076,12077410,map_lot,Smithing Stone [3],m12_07_00_00,Eternal Cities & Underground Rivers,treasure
7002077,12077420,map_lot,Somber Smithing Stone [4],m12_07_00_00,Eternal Cities & Underground Rivers,treasure
7002078,12077430,map_lot,Smithing Stone [5],m12_07_00_00,Eternal Cities & Underground Rivers,treasure
7002079,12077440,map_lot,Greatshield Soldier Ashes,m12_07_00_00,Eternal Cities & Underground Rivers,treasure
7002080,12077450,map_lot,Golden Rune [7],m12_07_00_00,Eternal Cities & Underground Rivers,treasure
7002081,12077460,map_lot,Golden Rune [7],m12_07_00_00,Eternal Cities & Underground Rivers,treasure
7002082,12077470,map_lot,Rune Arc,m12_07_00_00,Eternal Cities & Underground Rivers,treasure
7002083,12077480,map_lot,Larval Tear,m12_07_00_00,Eternal Cities & Underground Rivers,treasure
7002084,12077490,map_lot,Larval Tear,m12_07_00_00,Eternal Cities & Underground Rivers,treasure
7002085,12077500,map_lot,Ghostflame Torch,m12_07_00_00,Eternal Cities & Underground Rivers,treasure
7002086,12077510,map_lot,Golden Rune [1],m12_07_00_00,Eternal Cities & Underground Rivers,emevd
7002087,12077520,map_lot,Golden Rune [1],PENDING,Global / Filler (scattered by design),global_filler
7002088,12077530,map_lot,Golden Rune [1],PENDING,Global / Filler (scattered by design),global_filler
7002089,12077540,map_lot,Golden Rune [1],PENDING,Global / Filler (scattered by design),global_filler
7002090,13007000,map_lot,Smithing Stone [8],m13_00_00_00,Crumbling Farum Azula,treasure
7002091,13007005,map_lot,Somber Ancient Dragon Smithing Stone,m13_00_00_00,Crumbling Farum Azula,treasure
7002092,13007010,map_lot,Golden Rune [9],m13_00_00_00,Crumbling Farum Azula,treasure
7002093,13007015,map_lot,Dragonwound Grease,m13_00_00_00,Crumbling Farum Azula,treasure
7002094,13007020,map_lot,Old Fang,m13_00_00_00,Crumbling Farum Azula,treasure
7002095,13007025,map_lot,Great Grave Glovewort,m13_00_00_00,Crumbling Farum Azula,treasure
7002096,13007030,map_lot,Lightningproof Dried Liver,m13_00_00_00,Crumbling Farum Azula,treasure
7002097,13007035,map_lot,Great Grave Glovewort,m13_00_00_00,Crumbling Farum Azula,treasure
7002098,13007040,map_lot,Smithing Stone [6],m13_00_00_00,Crumbling Farum Azula,treasure
7002099,13007050,map_lot,Smithing Stone [8],m13_00_00_00,Crumbling Farum Azula,treasure
7002100,13007060,map_lot,Dragonwound Grease,m13_00_00_00,Crumbling Farum Azula,treasure
7002101,13007070,map_lot,Smithing Stone [8],m13_00_00_00,Crumbling Farum Azula,treasure
7002102,13007080,map_lot,Smithing Stone [8],m13_00_00_00,Crumbling Farum Azula,treasure
7002103,13007090,map_lot,Lightning Greatbolt,m13_00_00_00,Crumbling Farum Azula,treasure
7002104,13007110,map_lot,Golden Rune [12],m13_00_00_00,Crumbling Farum Azula,treasure
7002105,13007120,map_lot,Ancient Dragon Prayerbook,m13_00_00_00,Crumbling Farum Azula,treasure
7002106,13007130,map_lot,Hero's Rune [2],m13_00_00_00,Crumbling Farum Azula,treasure
7002107,13007140,map_lot,Smithing Stone [6],m13_00_00_00,Crumbling Farum Azula,treasure
7002108,13007150,map_lot,Somberstone Miner's Bell Bearing [4],m13_00_00_00,Crumbling Farum Azula,treasure
7002109,13007170,map_lot,Somber Smithing Stone [9],m13_00_00_00,Crumbling Farum Azula,treasure
7002110,13007180,map_lot,Fulgurbloom,m13_00_00_00,Crumbling Farum Azula,treasure
7002111,13007190,map_lot,Smithing Stone [8],m13_00_00_00,Crumbling Farum Azula,treasure
7002112,13007200,map_lot,Rejuvenating Boluses,m13_00_00_00,Crumbling Farum Azula,treasure
7002113,13007220,map_lot,Smithing Stone [8],m13_00_00_00,Crumbling Farum Azula,treasure
7002114,13007240,map_lot,Gravel Stone,m13_00_00_00,Crumbling Farum Azula,treasure
7002115,13007250,map_lot,Somber Smithing Stone [7],m13_00_00_00,Crumbling Farum Azula,treasure
7002116,13007260,map_lot,Golden Rune [9],m13_00_00_00,Crumbling Farum Azula,treasure
7002117,13007270,map_lot,Golden Arrow,m13_00_00_00,Crumbling Farum Azula,treasure
7002118,13007280,map_lot,Gravel Stone,m13_00_00_00,Crumbling Farum Azula,treasure
7002119,13007290,map_lot,Gravel Stone,m13_00_00_00,Crumbling Farum Azula,treasure
7002120,13007300,map_lot,Golden Rune [10],m13_00_00_00,Crumbling Farum Azula,treasure
7002121,13007310,map_lot,Golden Rune [12],m13_00_00_00,Crumbling Farum Azula,treasure
7002122,13007320,map_lot,Smithing Stone [6],m13_00_00_00,Crumbling Farum Azula,treasure
7002123,13007330,map_lot,Golden Rune [11],m13_00_00_00,Crumbling Farum Azula,treasure
7002124,13007350,map_lot,Stonesword Key,m13_00_00_00,Crumbling Farum Azula,treasure
7002125,13007360,map_lot,Golden Rune [12],m13_00_00_00,Crumbling Farum Azula,treasure
7002126,13007380,map_lot,Rune Arc,m13_00_00_00,Crumbling Farum Azula,treasure
7002127,13007390,map_lot,Somber Smithing Stone [9],m13_00_00_00,Crumbling Farum Azula,treasure
7002128,13007420,map_lot,Golden Rune [11],m13_00_00_00,Crumbling Farum Azula,treasure
7002129,13007430,map_lot,Old Fang,m13_00_00_00,Crumbling Farum Azula,treasure
7002130,13007440,map_lot,Hero's Rune [5],m13_00_00_00,Crumbling Farum Azula,treasure
7002131,13007450,map_lot,Smithing Stone [7],m13_00_00_00,Crumbling Farum Azula,treasure
7002132,13007460,map_lot,Lightning Grease,m13_00_00_00,Crumbling Farum Azula,treasure
7002133,13007470,map_lot,Somber Smithing Stone [9],m13_00_00_00,Crumbling Farum Azula,treasure
7002134,13007480,map_lot,Ancient Dragon Smithing Stone,m13_00_00_00,Crumbling Farum Azula,treasure
7002135,13007490,map_lot,Golden Rune [12],m13_00_00_00,Crumbling Farum Azula,treasure
7002136,13007500,map_lot,Dragoncrest Shield Talisman +2,m13_00_00_00,Crumbling Farum Azula,treasure
7002137,13007510,map_lot,Dappled Cured Meat,m13_00_00_00,Crumbling Farum Azula,treasure
7002138,13007520,map_lot,Smithing Stone [8],m13_00_00_00,Crumbling Farum Azula,treasure
7002139,13007530,map_lot,Lord's Rune,m13_00_00_00,Crumbling Farum Azula,treasure
7002140,13007540,map_lot,Nascent Butterfly,m13_00_00_00,Crumbling Farum Azula,treasure
7002141,13007550,map_lot,Golden Rune [12],m13_00_00_00,Crumbling Farum Azula,treasure
7002142,13007560,map_lot,Smithing Stone [8],m13_00_00_00,Crumbling Farum Azula,treasure
7002143,13007570,map_lot,Rune Arc,m13_00_00_00,Crumbling Farum Azula,treasure
7002144,13007580,map_lot,Smithing Stone [7],m13_00_00_00,Crumbling Farum Azula,treasure
7002145,13007590,map_lot,Dragonwound Grease,m13_00_00_00,Crumbling Farum Azula,treasure
7002146,13007600,map_lot,Smithing Stone [8],m13_00_00_00,Crumbling Farum Azula,treasure
7002147,13007620,map_lot,Golden Rune [12],m13_00_00_00,Crumbling Farum Azula,treasure
7002148,13007640,map_lot,Smithing Stone [7],m13_00_00_00,Crumbling Farum Azula,treasure
7002149,13007660,map_lot,Somber Smithing Stone [8],m13_00_00_00,Crumbling Farum Azula,treasure
7002150,13007670,map_lot,Smithing Stone [6],m13_00_00_00,Crumbling Farum Azula,treasure
7002151,13007680,map_lot,Arteria Leaf,m13_00_00_00,Crumbling Farum Azula,treasure
7002152,13007700,map_lot,Lightning Greatbolt,m13_00_00_00,Crumbling Farum Azula,treasure
7002153,13007710,map_lot,Fulgurbloom,m13_00_00_00,Crumbling Farum Azula,treasure
7002154,13007720,map_lot,Golden Rune [12],m13_00_00_00,Crumbling Farum Azula,treasure
7002155,13007730,map_lot,Smithing Stone [7],m13_00_00_00,Crumbling Farum Azula,treasure
7002156,13007740,map_lot,Golden Rune [12],m13_00_00_00,Crumbling Farum Azula,treasure
7002157,13007760,map_lot,Boltdrake Talisman +2,m13_00_00_00,Crumbling Farum Azula,treasure
7002158,13007770,map_lot,Somber Smithing Stone [7],m13_00_00_00,Crumbling Farum Azula,treasure
7002159,13007790,map_lot,Somberstone Miner's Bell Bearing [5],m13_00_00_00,Crumbling Farum Azula,treasure
7002160,13007800,map_lot,Golden Rune [12],m13_00_00_00,Crumbling Farum Azula,treasure
7002161,13007810,map_lot,Somber Smithing Stone [7],m13_00_00_00,Crumbling Farum Azula,treasure
7002162,13007820,map_lot,Somber Smithing Stone [8],m13_00_00_00,Crumbling Farum Azula,treasure
7002163,13007830,map_lot,Pearldrake Talisman,m13_00_00_00,Crumbling Farum Azula,treasure
7002164,13007850,map_lot,Smithing Stone [7],m13_00_00_00,Crumbling Farum Azula,treasure
7002165,13007860,map_lot,Gravel Stone,m13_00_00_00,Crumbling Farum Azula,treasure
7002166,13007870,map_lot,Somber Smithing Stone [9],m13_00_00_00,Crumbling Farum Azula,treasure
7002167,13007880,map_lot,Smithing Stone [8],m13_00_00_00,Crumbling Farum Azula,treasure
7002168,13007890,map_lot,Azula Beastman Ashes,m13_00_00_00,Crumbling Farum Azula,treasure
7002169,13007900,map_lot,Ancient Dragon Smithing Stone,m13_00_00_00,Crumbling Farum Azula,treasure
7002170,13007910,map_lot,Glovewort Picker's Bell Bearing [3],m13_00_00_00,Crumbling Farum Azula,treasure
7002171,13007920,map_lot,Drake Knight Helm,m13_00_00_00,Crumbling Farum Azula,treasure
7002172,13007940,map_lot,Dragon Towershield,m13_00_00_00,Crumbling Farum Azula,treasure
7002173,13007950,map_lot,Old Lord's Talisman,m13_00_00_00,Crumbling Farum Azula,treasure
7002174,13007980,map_lot,Golden Seed,m13_00_00_00,Crumbling Farum Azula,treasure
7002175,13007990,map_lot,Golden Seed,m13_00_00_00,Crumbling Farum Azula,treasure
7002176,13007991,map_lot,Ancient Dragon Smithing Stone,m13_00_00_00,Crumbling Farum Azula,emevd
7002177,13007993,map_lot,Ancient Dragon Smithing Stone,m13_00_00_00,Crumbling Farum Azula,emevd
7002178,13007995,map_lot,Malformed Dragon Helm,m13_00_00_00,Crumbling Farum Azula,emevd
7002179,14007000,map_lot,Magic Grease,m14_00_00_00,Raya Lucaria Academy,treasure
7002180,14007005,map_lot,Twinsage Glintstone Crown,m14_00_00_00,Raya Lucaria Academy,emevd
7002181,14007015,map_lot,Olivinus Glintstone Crown,m14_00_00_00,Raya Lucaria Academy,treasure
7002182,14007020,map_lot,Rune Arc,m14_00_00_00,Raya Lucaria Academy,treasure
7002183,14007025,map_lot,Lazuli Glintstone Crown,m14_00_00_00,Raya Lucaria Academy,emevd
7002184,14007030,map_lot,Golden Rune [2],m14_00_00_00,Raya Lucaria Academy,treasure
7002185,14007035,map_lot,Karolos Glintstone Crown,m14_00_00_00,Raya Lucaria Academy,emevd
7002186,14007040,map_lot,Somber Smithing Stone [3],m14_00_00_00,Raya Lucaria Academy,treasure
7002187,14007070,map_lot,Grace Mimic,m14_00_00_00,Raya Lucaria Academy,treasure
7002188,14007090,map_lot,Smithing Stone [4],m14_00_00_00,Raya Lucaria Academy,treasure
7002189,14007120,map_lot,Spellproof Dried Liver,m14_00_00_00,Raya Lucaria Academy,treasure
7002190,14007150,map_lot,Marionette Soldier Ashes,m14_00_00_00,Raya Lucaria Academy,treasure
7002191,14007160,map_lot,Silver-Pickled Fowl Foot,m14_00_00_00,Raya Lucaria Academy,treasure
7002192,14007190,map_lot,Magic Grease,m14_00_00_00,Raya Lucaria Academy,treasure
7002193,14007200,map_lot,Golden Rune [4],m14_00_00_00,Raya Lucaria Academy,treasure
7002194,14007220,map_lot,Mushroom,m14_00_00_00,Raya Lucaria Academy,treasure
7002195,14007250,map_lot,Golden Rune [4],m14_00_00_00,Raya Lucaria Academy,treasure
7002196,14007280,map_lot,Golden Rune [3],m14_00_00_00,Raya Lucaria Academy,treasure
7002197,14007290,map_lot,Avionette Soldier Ashes,m14_00_00_00,Raya Lucaria Academy,treasure
7002198,14007300,map_lot,Smithing Stone [5],m14_00_00_00,Raya Lucaria Academy,treasure
7002199,14007320,map_lot,Longtail Cat Talisman,m14_00_00_00,Raya Lucaria Academy,treasure
7002200,14007330,map_lot,Crystal Dart,m14_00_00_00,Raya Lucaria Academy,treasure
7002201,14007350,map_lot,Golden Rune [4],m14_00_00_00,Raya Lucaria Academy,treasure
7002202,14007360,map_lot,Conspectus Scroll,m14_00_00_00,Raya Lucaria Academy,treasure
7002203,14007370,map_lot,Smithing Stone [4],m14_00_00_00,Raya Lucaria Academy,treasure
7002204,14007380,map_lot,Stonesword Key,m14_00_00_00,Raya Lucaria Academy,treasure
7002205,14007390,map_lot,Furlcalling Finger Remedy,m14_00_00_00,Raya Lucaria Academy,treasure
7002206,14007410,map_lot,Living Jar Shard,m14_00_00_00,Raya Lucaria Academy,treasure
7002207,14007420,map_lot,Stonesword Key,m14_00_00_00,Raya Lucaria Academy,treasure
7002208,14007430,map_lot,Glintstone Firefly,m14_00_00_00,Raya Lucaria Academy,treasure
7002209,14007440,map_lot,Golden Rune [2],m14_00_00_00,Raya Lucaria Academy,treasure
7002210,14007450,map_lot,Golden Rune [4],m14_00_00_00,Raya Lucaria Academy,treasure
7002211,14007460,map_lot,Crystal Bud,m14_00_00_00,Raya Lucaria Academy,treasure
7002212,14007470,map_lot,Golden Rune [4],m14_00_00_00,Raya Lucaria Academy,treasure
7002213,14007480,map_lot,Smithing Stone [5],m14_00_00_00,Raya Lucaria Academy,treasure
7002214,14007490,map_lot,Golden Rune [2],m14_00_00_00,Raya Lucaria Academy,treasure
7002215,14007510,map_lot,Golden Rune [3],m14_00_00_00,Raya Lucaria Academy,treasure
7002216,14007520,map_lot,Crystal Dart,m14_00_00_00,Raya Lucaria Academy,treasure
7002217,14007530,map_lot,Golden Rune [4],m14_00_00_00,Raya Lucaria Academy,treasure
7002218,14007540,map_lot,Furlcalling Finger Remedy,m14_00_00_00,Raya Lucaria Academy,treasure
7002219,14007560,map_lot,Golden Rune [7],m14_00_00_00,Raya Lucaria Academy,treasure
7002220,14007600,map_lot,Golden Rune [4],m14_00_00_00,Raya Lucaria Academy,treasure
7002221,14007620,map_lot,Crystal Dart,m14_00_00_00,Raya Lucaria Academy,treasure
7002222,14007630,map_lot,Imbued Sword Key,m14_00_00_00,Raya Lucaria Academy,treasure
7002223,14007660,map_lot,Meteor Bolt,m14_00_00_00,Raya Lucaria Academy,treasure
7002224,14007670,map_lot,Smithing Stone [4],m14_00_00_00,Raya Lucaria Academy,treasure
7002225,14007710,map_lot,Golden Rune [4],m14_00_00_00,Raya Lucaria Academy,treasure
7002226,14007720,map_lot,Smithing Stone [3],m14_00_00_00,Raya Lucaria Academy,treasure
7002227,14007740,map_lot,Magic Grease,m14_00_00_00,Raya Lucaria Academy,treasure
7002228,14007750,map_lot,Golden Rune [3],m14_00_00_00,Raya Lucaria Academy,treasure
7002229,14007760,map_lot,Somber Smithing Stone [4],m14_00_00_00,Raya Lucaria Academy,treasure
7002230,14007770,map_lot,[Sorcery] Shattering Crystal,m14_00_00_00,Raya Lucaria Academy,treasure
7002231,14007840,map_lot,Azur's Glintstone Staff,m14_00_00_00,Raya Lucaria Academy,treasure
7002232,14007850,map_lot,Carian Knight Helm,m14_00_00_00,Raya Lucaria Academy,treasure
7002233,14007860,map_lot,Somber Smithing Stone [3],m14_00_00_00,Raya Lucaria Academy,treasure
7002234,14007870,map_lot,Lost Ashes of War,m14_00_00_00,Raya Lucaria Academy,treasure
7002235,14007880,map_lot,[Sorcery] Comet,m14_00_00_00,Raya Lucaria Academy,treasure
7002236,14007890,map_lot,Graven-School Talisman,m14_00_00_00,Raya Lucaria Academy,treasure
7002237,14007910,map_lot,Glintstone Scarab,m14_00_00_00,Raya Lucaria Academy,treasure
7002238,14007920,map_lot,[Sorcery] Terra Magica,m14_00_00_00,Raya Lucaria Academy,treasure
7002239,14007930,map_lot,Academy Glintstone Key,m14_00_00_00,Raya Lucaria Academy,treasure
7002240,14007940,map_lot,Radagon Icon,m14_00_00_00,Raya Lucaria Academy,treasure
7002241,14007970,map_lot,Full Moon Crossbow,m14_00_00_00,Raya Lucaria Academy,treasure
7002242,14007980,map_lot,Carian Knight's Shield,m14_00_00_00,Raya Lucaria Academy,emevd
7002243,14007990,map_lot,Golden Seed,m14_00_00_00,Raya Lucaria Academy,treasure
7002244,14007995,enemy_lot,[Sorcery] Gravity Well,m14_00_00_00,Raya Lucaria Academy,emevd
7002245,14007997,enemy_lot,Living Jar Shard,PENDING,Global / Filler (scattered by design),global_filler
7002246,15001200,map_lot,Golden Seed,m15_00_00_00,Miquella's Haligtree & Elphael,emevd
7002247,15001210,map_lot,Golden Rune [1],PENDING,Global / Filler (scattered by design),global_filler
7002248,15001250,map_lot,Golden Rune [1],m15_00_00_00,Miquella's Haligtree & Elphael,emevd
7002249,15001260,map_lot,Golden Rune [1],m15_00_00_00,Miquella's Haligtree & Elphael,emevd
7002250,15001270,map_lot,Lord's Rune,m15_00_00_00,Miquella's Haligtree & Elphael,emevd
7002251,15001280,map_lot,Rotten Staff,m15_00_00_00,Miquella's Haligtree & Elphael,emevd
7002252,15001290,map_lot,Golden Rune [1],m15_00_00_00,Miquella's Haligtree & Elphael,emevd
7002253,15001300,enemy_lot,Ghost Glovewort [9],PENDING,Miquella's Haligtree & Elphael,flag_prefix
7002254,15001310,enemy_lot,Ghost Glovewort [9],PENDING,Miquella's Haligtree & Elphael,flag_prefix
7002255,15001320,enemy_lot,Ghost Glovewort [9],PENDING,Miquella's Haligtree & Elphael,flag_prefix
7002256,15001330,enemy_lot,Ghost Glovewort [9],PENDING,Miquella's Haligtree & Elphael,flag_prefix
7002257,15001340,enemy_lot,Ghost Glovewort [9],PENDING,Miquella's Haligtree & Elphael,flag_prefix
7002258,15007000,map_lot,Stonesword Key,m15_00_00_00,Miquella's Haligtree & Elphael,treasure
7002259,15007010,map_lot,Sacramental Bud,m15_00_00_00,Miquella's Haligtree & Elphael,treasure
7002260,15007020,map_lot,Golden Rune [10],m15_00_00_00,Miquella's Haligtree & Elphael,treasure
7002261,15007030,map_lot,Stonesword Key,m15_00_00_00,Miquella's Haligtree & Elphael,treasure
7002262,15007040,map_lot,Fire Grease,m15_00_00_00,Miquella's Haligtree & Elphael,treasure
7002263,15007050,map_lot,Aeonian Butterfly,m15_00_00_00,Miquella's Haligtree & Elphael,treasure
7002264,15007060,map_lot,Preserving Boluses,m15_00_00_00,Miquella's Haligtree & Elphael,treasure
7002265,15007070,map_lot,Golden Rune [10],m15_00_00_00,Miquella's Haligtree & Elphael,treasure
7002266,15007080,map_lot,Envoy Crown,m15_00_00_00,Miquella's Haligtree & Elphael,treasure
7002267,15007090,map_lot,Dappled Cured Meat,m15_00_00_00,Miquella's Haligtree & Elphael,treasure
7002268,15007100,map_lot,Smithing Stone [8],m15_00_00_00,Miquella's Haligtree & Elphael,treasure
7002269,15007110,map_lot,"Prattling Pate ""My beloved""",m15_00_00_00,Miquella's Haligtree & Elphael,treasure
7002270,15007120,map_lot,Warming Stone,m15_00_00_00,Miquella's Haligtree & Elphael,treasure
7002271,15007130,map_lot,Flaming Bolt,m15_00_00_00,Miquella's Haligtree & Elphael,treasure
7002272,15007140,map_lot,Numen's Rune,m15_00_00_00,Miquella's Haligtree & Elphael,treasure
7002273,15007150,map_lot,Golden Rune [13],m15_00_00_00,Miquella's Haligtree & Elphael,treasure
7002274,15007160,map_lot,Lost Ashes of War,m15_00_00_00,Miquella's Haligtree & Elphael,treasure
7002275,15007170,map_lot,Oracle Envoy Ashes,m15_00_00_00,Miquella's Haligtree & Elphael,treasure
7002276,15007180,map_lot,Golden Rune [1],m15_00_00_00,Miquella's Haligtree & Elphael,treasure
7002277,15007190,map_lot,Golden Rune [1],m15_00_00_00,Miquella's Haligtree & Elphael,treasure
7002278,15007200,map_lot,Golden Rune [10],m15_00_00_00,Miquella's Haligtree & Elphael,treasure
7002279,15007210,map_lot,Rot Grease,m15_00_00_00,Miquella's Haligtree & Elphael,treasure
7002280,15007220,map_lot,Pearldrake Talisman +2,m15_00_00_00,Miquella's Haligtree & Elphael,treasure
7002281,15007230,map_lot,Smithing Stone [8],m15_00_00_00,Miquella's Haligtree & Elphael,treasure
7002282,15007240,map_lot,Golden Rune [13],m15_00_00_00,Miquella's Haligtree & Elphael,treasure
7002283,15007250,map_lot,Hefty Beast Bone,m15_00_00_00,Miquella's Haligtree & Elphael,treasure
7002284,15007260,map_lot,Fire Grease,m15_00_00_00,Miquella's Haligtree & Elphael,treasure
7002285,15007270,map_lot,Ancient Dragon Smithing Stone,m15_00_00_00,Miquella's Haligtree & Elphael,treasure
7002286,15007280,map_lot,Somber Smithing Stone [8],m15_00_00_00,Miquella's Haligtree & Elphael,treasure
7002287,15007290,map_lot,Golden Rune [12],m15_00_00_00,Miquella's Haligtree & Elphael,treasure
7002288,15007300,map_lot,Aeonian Butterfly,m15_00_00_00,Miquella's Haligtree & Elphael,treasure
7002289,15007310,map_lot,Smithing Stone [6],m15_00_00_00,Miquella's Haligtree & Elphael,treasure
7002290,15007320,map_lot,Somber Smithing Stone [9],m15_00_00_00,Miquella's Haligtree & Elphael,treasure
7002291,15007330,map_lot,Golden Rune [10],m15_00_00_00,Miquella's Haligtree & Elphael,treasure
7002292,15007340,map_lot,Golden Rune [12],m15_00_00_00,Miquella's Haligtree & Elphael,treasure
7002293,15007350,map_lot,Viridian Amber Medallion +2,m15_00_00_00,Miquella's Haligtree & Elphael,treasure
7002294,15007360,map_lot,Smithing Stone [6],m15_00_00_00,Miquella's Haligtree & Elphael,treasure
7002295,15007370,map_lot,Sacramental Bud,m15_00_00_00,Miquella's Haligtree & Elphael,treasure
7002296,15007380,map_lot,Smithing Stone [7],m15_00_00_00,Miquella's Haligtree & Elphael,treasure
7002297,15007390,map_lot,Hero's Rune [4],m15_00_00_00,Miquella's Haligtree & Elphael,treasure
7002298,15007400,map_lot,Smithing Stone [8],m15_00_00_00,Miquella's Haligtree & Elphael,treasure
7002299,15007410,map_lot,Golden Rune [1],m15_00_00_00,Miquella's Haligtree & Elphael,treasure
7002300,15007420,map_lot,Golden Rune [1],m15_00_00_00,Miquella's Haligtree & Elphael,treasure
7002301,15007430,map_lot,Golden Rune [1],m15_00_00_00,Miquella's Haligtree & Elphael,treasure
7002302,15007440,map_lot,Golden Rune [1],m15_00_00_00,Miquella's Haligtree & Elphael,treasure
7002303,15007450,map_lot,Somber Smithing Stone [9],m15_00_00_00,Miquella's Haligtree & Elphael,treasure
7002304,15007460,map_lot,Ancient Dragon Smithing Stone,m15_00_00_00,Miquella's Haligtree & Elphael,treasure
7002305,15007470,map_lot,Golden Rune [1],m15_00_00_00,Miquella's Haligtree & Elphael,treasure
7002306,15007480,map_lot,Golden Rune [1],m15_00_00_00,Miquella's Haligtree & Elphael,treasure
7002307,15007490,map_lot,Golden Rune [1],m15_00_00_00,Miquella's Haligtree & Elphael,treasure
7002308,15007500,map_lot,Holy Grease,m15_00_00_00,Miquella's Haligtree & Elphael,treasure
7002309,15007510,map_lot,Golden Rune [12],m15_00_00_00,Miquella's Haligtree & Elphael,treasure
7002310,15007520,map_lot,Smithing Stone [8],m15_00_00_00,Miquella's Haligtree & Elphael,treasure
7002311,15007530,map_lot,Miquellan Knight's Sword,m15_00_00_00,Miquella's Haligtree & Elphael,treasure
7002312,15007540,map_lot,Lightning Greatbolt,m15_00_00_00,Miquella's Haligtree & Elphael,treasure
7002313,15007550,map_lot,Smithing Stone [7],m15_00_00_00,Miquella's Haligtree & Elphael,treasure
7002314,15007560,map_lot,[Incantation] Triple Rings of Light,m15_00_00_00,Miquella's Haligtree & Elphael,treasure
7002315,15007570,map_lot,Immunizing White Cured Meat,m15_00_00_00,Miquella's Haligtree & Elphael,treasure
7002316,15007580,map_lot,Cleanrot Knight Finlay,m15_00_00_00,Miquella's Haligtree & Elphael,treasure
7002317,15007590,map_lot,Somber Ancient Dragon Smithing Stone,m15_00_00_00,Miquella's Haligtree & Elphael,treasure
7002318,15007600,map_lot,Numen's Rune,m15_00_00_00,Miquella's Haligtree & Elphael,treasure
7002319,15007610,map_lot,Somber Ancient Dragon Smithing Stone,m15_00_00_00,Miquella's Haligtree & Elphael,treasure
7002320,15007620,map_lot,Somber Smithing Stone [9],m15_00_00_00,Miquella's Haligtree & Elphael,treasure
7002321,15007630,map_lot,Golden Rune [10],m15_00_00_00,Miquella's Haligtree & Elphael,treasure
7002322,15007640,map_lot,Smithing Stone [7],m15_00_00_00,Miquella's Haligtree & Elphael,treasure
7002323,15007650,map_lot,Old Fang,m15_00_00_00,Miquella's Haligtree & Elphael,treasure
7002324,15007660,map_lot,Warming Stone,m15_00_00_00,Miquella's Haligtree & Elphael,treasure
7002325,15007670,map_lot,Spiritflame Arrow,m15_00_00_00,Miquella's Haligtree & Elphael,treasure
7002326,15007680,map_lot,Smithing Stone [8],m15_00_00_00,Miquella's Haligtree & Elphael,treasure
7002327,15007690,map_lot,Haligtree Soldier Ashes,m15_00_00_00,Miquella's Haligtree & Elphael,treasure
7002328,15007700,map_lot,Golden Rune [11],m15_00_00_00,Miquella's Haligtree & Elphael,treasure
7002329,15007710,map_lot,Arteria Leaf,m15_00_00_00,Miquella's Haligtree & Elphael,treasure
7002330,15007720,map_lot,Sacramental Bud,m15_00_00_00,Miquella's Haligtree & Elphael,treasure
7002331,15007730,map_lot,Smithing Stone [8],m15_00_00_00,Miquella's Haligtree & Elphael,treasure
7002332,15007740,map_lot,Lord's Rune,m15_00_00_00,Miquella's Haligtree & Elphael,treasure
7002333,15007750,map_lot,Seedbed Curse,m15_00_00_00,Miquella's Haligtree & Elphael,treasure
7002334,15007760,map_lot,Somber Smithing Stone [9],m15_00_00_00,Miquella's Haligtree & Elphael,treasure
7002335,15007770,map_lot,Pickled Turtle Neck,m15_00_00_00,Miquella's Haligtree & Elphael,treasure
7002336,15007780,map_lot,Beast Blood,m15_00_00_00,Miquella's Haligtree & Elphael,treasure
7002337,15007790,map_lot,Aeonian Butterfly,m15_00_00_00,Miquella's Haligtree & Elphael,treasure
7002338,15007800,map_lot,Marika's Soreseal,m15_00_00_00,Miquella's Haligtree & Elphael,treasure
7002339,15007810,map_lot,Golden Rune [12],m15_00_00_00,Miquella's Haligtree & Elphael,treasure
7002340,15007820,map_lot,Haligtree Knight Helm,m15_00_00_00,Miquella's Haligtree & Elphael,treasure
7002341,15007830,map_lot,Smithing Stone [6],m15_00_00_00,Miquella's Haligtree & Elphael,treasure
7002342,15007840,map_lot,Seedbed Curse,m15_00_00_00,Miquella's Haligtree & Elphael,treasure
7002343,15007850,map_lot,Golden Rune [1],m15_00_00_00,Miquella's Haligtree & Elphael,treasure
7002344,15007860,map_lot,Rotten Crystal Sword,m15_00_00_00,Miquella's Haligtree & Elphael,treasure
7002345,15007870,map_lot,Hero's Rune [5],m15_00_00_00,Miquella's Haligtree & Elphael,treasure
7002346,15007880,map_lot,Rot Grease,m15_00_00_00,Miquella's Haligtree & Elphael,treasure
7002347,15007890,map_lot,Great Grave Glovewort,m15_00_00_00,Miquella's Haligtree & Elphael,treasure
7002348,15007900,map_lot,Golden Rune [10],m15_00_00_00,Miquella's Haligtree & Elphael,treasure
7002349,15007910,map_lot,Ghost-Glovewort Picker's Bell Bearing [3],m15_00_00_00,Miquella's Haligtree & Elphael,treasure
7002350,15007920,map_lot,Nascent Butterfly,m15_00_00_00,Miquella's Haligtree & Elphael,treasure
7002351,15007930,map_lot,Dragoncrest Greatshield Talisman,m15_00_00_00,Miquella's Haligtree & Elphael,treasure
7002352,15007940,map_lot,Aeonian Butterfly,m15_00_00_00,Miquella's Haligtree & Elphael,treasure
7002353,15007950,map_lot,Arteria Leaf,m15_00_00_00,Miquella's Haligtree & Elphael,treasure
7002354,15007960,map_lot,Hero's Rune [5],m15_00_00_00,Miquella's Haligtree & Elphael,treasure
7002355,15007970,map_lot,Numen's Rune,m15_00_00_00,Miquella's Haligtree & Elphael,treasure
7002356,15007980,map_lot,Traveler's Clothes,m15_00_00_00,Miquella's Haligtree & Elphael,treasure
7002357,15007990,map_lot,Miquella's Needle,m15_00_00_00,Miquella's Haligtree & Elphael,treasure
7002358,16007000,map_lot,Smithing Stone [6],m16_00_00_00,Volcano Manor / Mt. Gelmir,treasure
7002359,16007010,map_lot,Depraved Perfumer Carmaan,m16_00_00_00,Volcano Manor / Mt. Gelmir,treasure
7002360,16007020,map_lot,Ash of War: Royal Knight's Resolve,m16_00_00_00,Volcano Manor / Mt. Gelmir,treasure
7002361,16007030,map_lot,Budding Horn,m16_00_00_00,Volcano Manor / Mt. Gelmir,treasure
7002362,16007040,map_lot,Fireproof Dried Liver,m16_00_00_00,Volcano Manor / Mt. Gelmir,treasure
7002363,16007050,map_lot,Golden Rune [9],m16_00_00_00,Volcano Manor / Mt. Gelmir,treasure
7002364,16007060,map_lot,Golden Rune [5],m16_00_00_00,Volcano Manor / Mt. Gelmir,treasure
7002365,16007070,map_lot,Stonesword Key,m16_00_00_00,Volcano Manor / Mt. Gelmir,treasure
7002366,16007080,map_lot,Furlcalling Finger Remedy,m16_00_00_00,Volcano Manor / Mt. Gelmir,treasure
7002367,16007100,map_lot,Somber Smithing Stone [7],m16_00_00_00,Volcano Manor / Mt. Gelmir,treasure
7002368,16007120,map_lot,Smithing Stone [6],m16_00_00_00,Volcano Manor / Mt. Gelmir,treasure
7002369,16007130,map_lot,Erdtree Seal,m16_00_00_00,Volcano Manor / Mt. Gelmir,treasure
7002370,16007140,map_lot,Drawstring Fire Grease,m16_00_00_00,Volcano Manor / Mt. Gelmir,treasure
7002371,16007150,map_lot,Golden Rune [6],m16_00_00_00,Volcano Manor / Mt. Gelmir,treasure
7002372,16007160,map_lot,Fire Arrow,m16_00_00_00,Volcano Manor / Mt. Gelmir,treasure
7002373,16007170,map_lot,Golden Rune [9],m16_00_00_00,Volcano Manor / Mt. Gelmir,treasure
7002374,16007190,map_lot,Explosive Greatbolt,m16_00_00_00,Volcano Manor / Mt. Gelmir,treasure
7002375,16007200,map_lot,Golden Rune [9],m16_00_00_00,Volcano Manor / Mt. Gelmir,treasure
7002376,16007210,map_lot,Somber Smithing Stone [6],m16_00_00_00,Volcano Manor / Mt. Gelmir,treasure
7002377,16007220,map_lot,Fireproof Dried Liver,m16_00_00_00,Volcano Manor / Mt. Gelmir,treasure
7002378,16007230,map_lot,Albinauric Bloodclot,m16_00_00_00,Volcano Manor / Mt. Gelmir,treasure
7002379,16007240,map_lot,Smithing Stone [4],m16_00_00_00,Volcano Manor / Mt. Gelmir,treasure
7002380,16007250,map_lot,Smithing Stone [6],m16_00_00_00,Volcano Manor / Mt. Gelmir,treasure
7002381,16007270,map_lot,Smoldering Butterfly,m16_00_00_00,Volcano Manor / Mt. Gelmir,treasure
7002382,16007280,map_lot,Smithing Stone [7],m16_00_00_00,Volcano Manor / Mt. Gelmir,treasure
7002383,16007290,map_lot,Somber Smithing Stone [5],m16_00_00_00,Volcano Manor / Mt. Gelmir,treasure
7002384,16007310,map_lot,Smoldering Butterfly,m16_00_00_00,Volcano Manor / Mt. Gelmir,treasure
7002385,16007320,map_lot,Golden Rune [9],m16_00_00_00,Volcano Manor / Mt. Gelmir,treasure
7002386,16007330,map_lot,Golden Rune [10],m16_00_00_00,Volcano Manor / Mt. Gelmir,treasure
7002387,16007350,map_lot,Smithing Stone [6],m16_00_00_00,Volcano Manor / Mt. Gelmir,treasure
7002388,16007360,map_lot,Golden Rune [9],m16_00_00_00,Volcano Manor / Mt. Gelmir,treasure
7002389,16007380,map_lot,Smithing Stone [5],m16_00_00_00,Volcano Manor / Mt. Gelmir,treasure
7002390,16007390,map_lot,Smoldering Butterfly,m16_00_00_00,Volcano Manor / Mt. Gelmir,treasure
7002391,16007400,map_lot,Golden Rune [12],m16_00_00_00,Volcano Manor / Mt. Gelmir,treasure
7002392,16007410,map_lot,Furlcalling Finger Remedy,m16_00_00_00,Volcano Manor / Mt. Gelmir,treasure
7002393,16007420,map_lot,Beast Blood,m16_00_00_00,Volcano Manor / Mt. Gelmir,treasure
7002394,16007430,map_lot,Albinauric Staff,m16_00_00_00,Volcano Manor / Mt. Gelmir,treasure
7002395,16007440,map_lot,Drawstring Fire Grease,m16_00_00_00,Volcano Manor / Mt. Gelmir,treasure
7002396,16007480,map_lot,Crimson Tear Scarab,m16_00_00_00,Volcano Manor / Mt. Gelmir,treasure
7002397,16007490,map_lot,Stonesword Key,m16_00_00_00,Volcano Manor / Mt. Gelmir,treasure
7002398,16007500,map_lot,Rune Arc,m16_00_00_00,Volcano Manor / Mt. Gelmir,treasure
7002399,16007510,map_lot,Commoner's Headband,m16_00_00_00,Volcano Manor / Mt. Gelmir,treasure
7002400,16007520,map_lot,Man-Serpent Ashes,m16_00_00_00,Volcano Manor / Mt. Gelmir,treasure
7002401,16007530,map_lot,Somber Smithing Stone [6],m16_00_00_00,Volcano Manor / Mt. Gelmir,treasure
7002402,16007540,map_lot,Crimson Amber Medallion +1,m16_00_00_00,Volcano Manor / Mt. Gelmir,treasure
7002403,16007550,map_lot,Smithing Stone [6],m16_00_00_00,Volcano Manor / Mt. Gelmir,treasure
7002404,16007560,map_lot,Smithing Stone [4],m16_00_00_00,Volcano Manor / Mt. Gelmir,treasure
7002405,16007610,map_lot,Smoldering Shield,m16_00_00_00,Volcano Manor / Mt. Gelmir,treasure
7002406,16007620,map_lot,Dagger Talisman,m16_00_00_00,Volcano Manor / Mt. Gelmir,treasure
7002407,16007690,map_lot,Serpent-Hunter,m16_00_00_00,Volcano Manor / Mt. Gelmir,emevd
7002408,16007700,map_lot,Seedbed Curse,m16_00_00_00,Volcano Manor / Mt. Gelmir,treasure
7002409,16007710,map_lot,Serpent's Amnion,m16_00_00_00,Volcano Manor / Mt. Gelmir,treasure
7002410,16007730,map_lot,Eye Surcoat,m16_00_00_00,Volcano Manor / Mt. Gelmir,treasure
7002411,16007930,enemy_lot,Living Jar Shard,PENDING,Global / Filler (scattered by design),global_filler
7002412,16007940,map_lot,Ghiza's Wheel,m16_00_00_00,Volcano Manor / Mt. Gelmir,emevd
7002413,16007950,map_lot,[Incantation] Aspects of the Crucible: Breath,m16_00_00_00,Volcano Manor / Mt. Gelmir,emevd
7002414,16007960,enemy_lot,Great Omenkiller Cleaver,m16_00_00_00,Volcano Manor / Mt. Gelmir,emevd
7002415,16007970,enemy_lot,Great Omenkiller Cleaver,m16_00_00_00,Volcano Manor / Mt. Gelmir,emevd
7002416,16007980,enemy_lot,Bloodhound Claws,m16_00_00_00,Volcano Manor / Mt. Gelmir,emevd
7002417,16007991,map_lot,Golden Rune [1],PENDING,Global / Filler (scattered by design),global_filler
7002418,16007992,map_lot,Golden Rune [1],PENDING,Global / Filler (scattered by design),global_filler
7002419,16007999,map_lot,Dragon Heart,m16_00_00_00,Volcano Manor / Mt. Gelmir,emevd
7002420,18007000,map_lot,Poisonbone Dart,m18_00_00_00,Stormveil (assoc.),emevd
7002421,18007010,map_lot,Stonesword Key,PENDING,Global / Filler (scattered by design),global_filler
7002422,18007020,map_lot,Golden Rune [5],m18_00_00_00,Stormveil (assoc.),emevd
7002423,18007030,map_lot,Dragonwound Grease,PENDING,Global / Common-event (unplaced),global
7002424,18007040,map_lot,Lightning Grease,PENDING,Global / Common-event (unplaced),global
7002425,18007050,map_lot,Erdtree's Favor,m18_00_00_00,Stormveil (assoc.),emevd
7002426,18007060,map_lot,Grave Glovewort [1],PENDING,Global / Filler (scattered by design),global_filler
7002427,18007070,map_lot,Haligdrake Talisman,PENDING,Global / Common-event (unplaced),global
7002428,18007700,enemy_lot,Dragon Communion Seal,PENDING,Global / Common-event (unplaced),global
7002429,18007900,map_lot,Erdtree Greatbow,m18_00_00_00,Stormveil (assoc.),emevd
7002430,20007000,map_lot,Shadow Realm Rune [1],m20_00_00_00,Mohgwyn / Consecrated-adjacent,treasure
7002431,20007010,map_lot,Fireproof Dried Liver,m20_00_00_00,Mohgwyn / Consecrated-adjacent,treasure
7002432,20007020,map_lot,Black Pyrefly,m20_00_00_00,Mohgwyn / Consecrated-adjacent,treasure
7002433,20007030,map_lot,Neutralizing Boluses,m20_00_00_00,Mohgwyn / Consecrated-adjacent,treasure
7002434,20007040,map_lot,Knot Resin,m20_00_00_00,Mohgwyn / Consecrated-adjacent,treasure
7002435,20007050,map_lot,Stimulating Boluses,m20_00_00_00,Mohgwyn / Consecrated-adjacent,treasure
7002436,20007060,map_lot,Somber Smithing Stone [3],m20_00_00_00,Mohgwyn / Consecrated-adjacent,treasure
7002437,20007070,map_lot,Messmerfire Grease,m20_00_00_00,Mohgwyn / Consecrated-adjacent,treasure
7002438,20007080,map_lot,Black Pyrefly,m20_00_00_00,Mohgwyn / Consecrated-adjacent,treasure
7002439,20007090,map_lot,Silver Horn Tender,m20_00_00_00,Mohgwyn / Consecrated-adjacent,treasure
7002440,20007100,map_lot,Silver Horn Tender,m20_00_00_00,Mohgwyn / Consecrated-adjacent,treasure
7002441,20007110,map_lot,Somber Smithing Stone [4],m20_00_00_00,Mohgwyn / Consecrated-adjacent,treasure
7002442,20007120,map_lot,Rada Fruit,m20_00_00_00,Mohgwyn / Consecrated-adjacent,treasure
7002443,20007130,map_lot,Rada Fruit,m20_00_00_00,Mohgwyn / Consecrated-adjacent,treasure
7002444,20007140,map_lot,Rada Fruit,m20_00_00_00,Mohgwyn / Consecrated-adjacent,treasure
7002445,20007150,map_lot,Rada Fruit,m20_00_00_00,Mohgwyn / Consecrated-adjacent,treasure
7002446,20007160,map_lot,Rada Fruit,m20_00_00_00,Mohgwyn / Consecrated-adjacent,treasure
7002447,20007170,map_lot,Revered Spirit Ash,m20_00_00_00,Mohgwyn / Consecrated-adjacent,treasure
7002448,20007180,map_lot,Rada Fruit,m20_00_00_00,Mohgwyn / Consecrated-adjacent,treasure
7002449,20007190,map_lot,Rada Fruit,m20_00_00_00,Mohgwyn / Consecrated-adjacent,treasure
7002450,20007200,map_lot,Messmerfire Grease,m20_00_00_00,Mohgwyn / Consecrated-adjacent,treasure
7002451,20007210,map_lot,Smithing Stone [2],m20_00_00_00,Mohgwyn / Consecrated-adjacent,treasure
7002452,20007220,map_lot,Thin Beast Bones,m20_00_00_00,Mohgwyn / Consecrated-adjacent,treasure
7002453,20007230,map_lot,Sliver of Meat,m20_00_00_00,Mohgwyn / Consecrated-adjacent,treasure
7002454,20007240,map_lot,Broken Rune,m20_00_00_00,Mohgwyn / Consecrated-adjacent,treasure
7002455,20007250,map_lot,Smithing Stone [3],m20_00_00_00,Mohgwyn / Consecrated-adjacent,treasure
7002456,20007260,map_lot,Poisonbone Dart,m20_00_00_00,Mohgwyn / Consecrated-adjacent,treasure
7002457,20007270,map_lot,Neutralizing Boluses,m20_00_00_00,Mohgwyn / Consecrated-adjacent,treasure
7002458,20007280,map_lot,Serpent Arrow,m20_00_00_00,Mohgwyn / Consecrated-adjacent,treasure
7002459,20007290,map_lot,Beast Liver,m20_00_00_00,Mohgwyn / Consecrated-adjacent,treasure
7002460,20007300,map_lot,Poisoned Hand,m20_00_00_00,Mohgwyn / Consecrated-adjacent,treasure
7002461,20007310,map_lot,Knot Resin,m20_00_00_00,Mohgwyn / Consecrated-adjacent,treasure
7002462,20007320,map_lot,Whiteflesh Mushroom,m20_00_00_00,Mohgwyn / Consecrated-adjacent,treasure
7002463,20007330,map_lot,Euporia,m20_00_00_00,Mohgwyn / Consecrated-adjacent,treasure
7002464,20007340,map_lot,Rada Fruit,m20_00_00_00,Mohgwyn / Consecrated-adjacent,treasure
7002465,20007350,map_lot,Rada Fruit,m20_00_00_00,Mohgwyn / Consecrated-adjacent,treasure
7002466,20007360,map_lot,Rada Fruit,m20_00_00_00,Mohgwyn / Consecrated-adjacent,treasure
7002467,20007370,map_lot,Rada Fruit,m20_00_00_00,Mohgwyn / Consecrated-adjacent,treasure
7002468,20007380,map_lot,Rada Fruit,m20_00_00_00,Mohgwyn / Consecrated-adjacent,treasure
7002469,20007390,map_lot,Rada Fruit,m20_00_00_00,Mohgwyn / Consecrated-adjacent,treasure
7002470,20007400,map_lot,Black Pyrefly,m20_00_00_00,Mohgwyn / Consecrated-adjacent,treasure
7002471,20007410,map_lot,Ash of War: Shriek of Sorrow,m20_00_00_00,Mohgwyn / Consecrated-adjacent,treasure
7002472,20007420,map_lot,Dewgem,m20_00_00_00,Mohgwyn / Consecrated-adjacent,treasure
7002473,20007430,map_lot,Arrow,m20_00_00_00,Mohgwyn / Consecrated-adjacent,treasure
7002474,20007440,map_lot,Black Pyrefly,m20_00_00_00,Mohgwyn / Consecrated-adjacent,treasure
7002475,20007450,map_lot,Thin Beast Bones,m20_00_00_00,Mohgwyn / Consecrated-adjacent,treasure
7002476,20007460,map_lot,Redflesh Mushroom,m20_00_00_00,Mohgwyn / Consecrated-adjacent,treasure
7002477,20007470,map_lot,String,m20_00_00_00,Mohgwyn / Consecrated-adjacent,treasure
7002478,20007480,map_lot,Storeroom Key,m20_00_00_00,Mohgwyn / Consecrated-adjacent,treasure
7002479,20007490,map_lot,Throwing Dagger,m20_00_00_00,Mohgwyn / Consecrated-adjacent,treasure
7002480,20007500,map_lot,Whiteflesh Mushroom,m20_00_00_00,Mohgwyn / Consecrated-adjacent,treasure
7002481,20007510,map_lot,Well Depths Key,m20_00_00_00,Mohgwyn / Consecrated-adjacent,treasure
7002482,20007520,map_lot,Flight Pinion,m20_00_00_00,Mohgwyn / Consecrated-adjacent,treasure
7002483,20007530,map_lot,Smithing Stone [2],m20_00_00_00,Mohgwyn / Consecrated-adjacent,treasure
7002484,20007540,map_lot,Rada Fruit,m20_00_00_00,Mohgwyn / Consecrated-adjacent,treasure
7002485,20007550,map_lot,Rada Fruit,m20_00_00_00,Mohgwyn / Consecrated-adjacent,treasure
7002486,20007560,map_lot,Rada Fruit,m20_00_00_00,Mohgwyn / Consecrated-adjacent,treasure
7002487,20007570,map_lot,Rada Fruit,m20_00_00_00,Mohgwyn / Consecrated-adjacent,treasure
7002488,20007580,map_lot,Rada Fruit,m20_00_00_00,Mohgwyn / Consecrated-adjacent,treasure
7002489,20007590,map_lot,Rada Fruit,m20_00_00_00,Mohgwyn / Consecrated-adjacent,treasure
7002490,20007600,map_lot,Bone Bow,m20_00_00_00,Mohgwyn / Consecrated-adjacent,treasure
7002491,20007610,map_lot,Thin Beast Bones,m20_00_00_00,Mohgwyn / Consecrated-adjacent,treasure
7002492,20007620,map_lot,Scadutree Fragment,m20_00_00_00,Mohgwyn / Consecrated-adjacent,treasure
7002493,20007630,map_lot,Dried Bouquet,m20_00_00_00,Mohgwyn / Consecrated-adjacent,treasure
7002494,20007640,map_lot,Glass Shard,m20_00_00_00,Mohgwyn / Consecrated-adjacent,treasure
7002495,20007650,map_lot,Stanching Boluses,m20_00_00_00,Mohgwyn / Consecrated-adjacent,treasure
7002496,20007660,map_lot,Redflesh Mushroom,m20_00_00_00,Mohgwyn / Consecrated-adjacent,treasure
7002497,20007670,map_lot,Fly Mold,m20_00_00_00,Mohgwyn / Consecrated-adjacent,treasure
7002498,20007680,map_lot,Broken Rune,m20_00_00_00,Mohgwyn / Consecrated-adjacent,treasure
7002499,20007690,map_lot,Black Pyrefly,m20_00_00_00,Mohgwyn / Consecrated-adjacent,treasure
7002500,20007700,map_lot,Revered Spirit Ash,m20_00_00_00,Mohgwyn / Consecrated-adjacent,treasure
7002501,20007710,map_lot,Somber Smithing Stone [1],m20_00_00_00,Mohgwyn / Consecrated-adjacent,treasure
7002502,20007730,map_lot,Black Pyrefly,m20_00_00_00,Mohgwyn / Consecrated-adjacent,treasure
7002503,20007740,map_lot,Rada Fruit,m20_00_00_00,Mohgwyn / Consecrated-adjacent,treasure
7002504,20007750,map_lot,Rada Fruit,m20_00_00_00,Mohgwyn / Consecrated-adjacent,treasure
7002505,20007760,map_lot,Rada Fruit,m20_00_00_00,Mohgwyn / Consecrated-adjacent,treasure
7002506,20007770,map_lot,Rada Fruit,m20_00_00_00,Mohgwyn / Consecrated-adjacent,treasure
7002507,20007780,map_lot,Rada Fruit,m20_00_00_00,Mohgwyn / Consecrated-adjacent,treasure
7002508,20007790,map_lot,Rada Fruit,m20_00_00_00,Mohgwyn / Consecrated-adjacent,treasure
7002509,20007800,map_lot,Revered Spirit Ash,m20_00_00_00,Mohgwyn / Consecrated-adjacent,treasure
7002510,20007810,map_lot,Divine Beast Head,m20_00_00_00,Mohgwyn / Consecrated-adjacent,treasure
7002511,20007820,map_lot,Scadutree Fragment,m20_00_00_00,Mohgwyn / Consecrated-adjacent,treasure
7002512,20007830,map_lot,Tower of Shadow Message,m20_00_00_00,Mohgwyn / Consecrated-adjacent,treasure
7002513,20007900,enemy_lot,Revered Spirit Ash,PENDING,Mohgwyn / Consecrated-adjacent,flag_prefix
7002514,20007991,map_lot,Immunizing Horn Charm +2,m20_00_00_00,Mohgwyn / Consecrated-adjacent,emevd
7002515,20007993,map_lot,Horned Warrior's Sword,m20_00_00_00,Mohgwyn / Consecrated-adjacent,emevd
7002516,20017000,map_lot,Somber Smithing Stone [9],m20_01_00_00,Mohgwyn / Consecrated-adjacent,treasure
7002517,20017010,map_lot,Rada Fruit,m20_01_00_00,Mohgwyn / Consecrated-adjacent,treasure
7002518,20017020,map_lot,Rada Fruit,m20_01_00_00,Mohgwyn / Consecrated-adjacent,treasure
7002519,20017030,map_lot,Messmerfire Grease,m20_01_00_00,Mohgwyn / Consecrated-adjacent,treasure
7002520,20017040,map_lot,Somber Smithing Stone [5],m20_01_00_00,Mohgwyn / Consecrated-adjacent,treasure
7002521,20017050,map_lot,Rada Fruit,m20_01_00_00,Mohgwyn / Consecrated-adjacent,treasure
7002522,20017060,map_lot,Rada Fruit,m20_01_00_00,Mohgwyn / Consecrated-adjacent,treasure
7002523,20017070,map_lot,Rada Fruit,m20_01_00_00,Mohgwyn / Consecrated-adjacent,treasure
7002524,20017080,map_lot,Rada Fruit,m20_01_00_00,Mohgwyn / Consecrated-adjacent,treasure
7002525,20017090,map_lot,Rada Fruit,m20_01_00_00,Mohgwyn / Consecrated-adjacent,treasure
7002526,20017100,map_lot,Rada Fruit,m20_01_00_00,Mohgwyn / Consecrated-adjacent,treasure
7002527,20017110,map_lot,Broken Rune,m20_01_00_00,Mohgwyn / Consecrated-adjacent,treasure
7002528,20017120,map_lot,Rada Fruit,m20_01_00_00,Mohgwyn / Consecrated-adjacent,treasure
7002529,20017130,map_lot,Rune Arc,m20_01_00_00,Mohgwyn / Consecrated-adjacent,treasure
7002530,20017140,map_lot,Budding Horn,m20_01_00_00,Mohgwyn / Consecrated-adjacent,treasure
7002531,20017150,map_lot,Rada Fruit,m20_01_00_00,Mohgwyn / Consecrated-adjacent,treasure
7002532,20017160,map_lot,Lightningproof Pickled Liver,m20_01_00_00,Mohgwyn / Consecrated-adjacent,treasure
7002533,20017170,map_lot,Thin Beast Bones,m20_01_00_00,Mohgwyn / Consecrated-adjacent,treasure
7002534,20017180,map_lot,Whiteflesh Mushroom,m20_01_00_00,Mohgwyn / Consecrated-adjacent,treasure
7002535,20017190,map_lot,Redflesh Mushroom,m20_01_00_00,Mohgwyn / Consecrated-adjacent,treasure
7002536,20017200,map_lot,Revered Spirit Ash,m20_01_00_00,Mohgwyn / Consecrated-adjacent,treasure
7002537,20017210,map_lot,Rada Fruit,m20_01_00_00,Mohgwyn / Consecrated-adjacent,treasure
7002538,20017220,map_lot,Furlcalling Finger Remedy,m20_01_00_00,Mohgwyn / Consecrated-adjacent,treasure
7002539,20017230,map_lot,[Sorcery] Spira,m20_01_00_00,Mohgwyn / Consecrated-adjacent,treasure
7002540,20017240,map_lot,Rada Fruit,m20_01_00_00,Mohgwyn / Consecrated-adjacent,treasure
7002541,20017250,map_lot,Rada Fruit,m20_01_00_00,Mohgwyn / Consecrated-adjacent,treasure
7002542,20017260,map_lot,Rada Fruit,m20_01_00_00,Mohgwyn / Consecrated-adjacent,treasure
7002543,20017270,map_lot,Rada Fruit,m20_01_00_00,Mohgwyn / Consecrated-adjacent,treasure
7002544,20017280,map_lot,Rada Fruit,m20_01_00_00,Mohgwyn / Consecrated-adjacent,treasure
7002545,20017290,map_lot,Rada Fruit,m20_01_00_00,Mohgwyn / Consecrated-adjacent,treasure
7002546,20017300,map_lot,Dragonbolt Grease,m20_01_00_00,Mohgwyn / Consecrated-adjacent,treasure
7002547,20017310,map_lot,Inquisitor Ashes,m20_01_00_00,Mohgwyn / Consecrated-adjacent,treasure
7002548,20017320,map_lot,Drawstring Golden Grease,m20_01_00_00,Mohgwyn / Consecrated-adjacent,treasure
7002549,20017330,map_lot,Fire Arrow,m20_01_00_00,Mohgwyn / Consecrated-adjacent,treasure
7002550,20017340,map_lot,Golden Bolt,m20_01_00_00,Mohgwyn / Consecrated-adjacent,treasure
7002551,20017350,map_lot,Scadutree Fragment,m20_01_00_00,Mohgwyn / Consecrated-adjacent,treasure
7002552,20017360,map_lot,Rada Fruit,m20_01_00_00,Mohgwyn / Consecrated-adjacent,treasure
7002553,20017370,map_lot,Rada Fruit,m20_01_00_00,Mohgwyn / Consecrated-adjacent,treasure
7002554,20017380,map_lot,Smithing Stone [8],m20_01_00_00,Mohgwyn / Consecrated-adjacent,treasure
7002555,20017390,map_lot,Rada Fruit,m20_01_00_00,Mohgwyn / Consecrated-adjacent,treasure
7002556,20017400,map_lot,Revered Spirit Ash,m20_01_00_00,Mohgwyn / Consecrated-adjacent,treasure
7002557,20017410,map_lot,Silver Horn Tender,m20_01_00_00,Mohgwyn / Consecrated-adjacent,treasure
7002558,20017420,map_lot,Horned Warrior Ashes,m20_01_00_00,Mohgwyn / Consecrated-adjacent,treasure
7002559,20017430,map_lot,Neutralizing Boluses,m20_01_00_00,Mohgwyn / Consecrated-adjacent,treasure
7002560,20017440,map_lot,Stanching Boluses,m20_01_00_00,Mohgwyn / Consecrated-adjacent,treasure
7002561,20017450,map_lot,Golden Horn Tender,m20_01_00_00,Mohgwyn / Consecrated-adjacent,treasure
7002562,20017460,map_lot,Rada Fruit,m20_01_00_00,Mohgwyn / Consecrated-adjacent,treasure
7002563,20017470,map_lot,Scadutree Fragment,m20_01_00_00,Mohgwyn / Consecrated-adjacent,treasure
7002564,20017480,map_lot,Sunwarmth Stone,m20_01_00_00,Mohgwyn / Consecrated-adjacent,treasure
7002565,20017490,map_lot,Somber Smithing Stone [6],m20_01_00_00,Mohgwyn / Consecrated-adjacent,treasure
7002566,20017500,map_lot,Gravebird Helm,m20_01_00_00,Mohgwyn / Consecrated-adjacent,treasure
7002567,20017510,map_lot,Rada Fruit,m20_01_00_00,Mohgwyn / Consecrated-adjacent,treasure
7002568,20017520,map_lot,Somber Ancient Dragon Smithing Stone,m20_01_00_00,Mohgwyn / Consecrated-adjacent,treasure
7002569,20017530,map_lot,Rada Fruit,m20_01_00_00,Mohgwyn / Consecrated-adjacent,treasure
7002570,20017540,map_lot,Rada Fruit,m20_01_00_00,Mohgwyn / Consecrated-adjacent,treasure
7002571,20017550,map_lot,Scadutree Fragment,m20_01_00_00,Mohgwyn / Consecrated-adjacent,treasure
7002572,20017560,map_lot,Rada Fruit,m20_01_00_00,Mohgwyn / Consecrated-adjacent,treasure
7002573,20017570,map_lot,Rada Fruit,m20_01_00_00,Mohgwyn / Consecrated-adjacent,treasure
7002574,20017580,map_lot,Rada Fruit,m20_01_00_00,Mohgwyn / Consecrated-adjacent,treasure
7002575,20017590,map_lot,Rada Fruit,m20_01_00_00,Mohgwyn / Consecrated-adjacent,treasure
7002576,20017600,map_lot,Fireproof Pickled Liver,m20_01_00_00,Mohgwyn / Consecrated-adjacent,treasure
7002577,20017610,map_lot,Rada Fruit,m20_01_00_00,Mohgwyn / Consecrated-adjacent,treasure
7002578,20017620,map_lot,Holyproof Pickled Liver,m20_01_00_00,Mohgwyn / Consecrated-adjacent,treasure
7002579,20017630,map_lot,Smithing Stone [8],m20_01_00_00,Mohgwyn / Consecrated-adjacent,treasure
7002580,20017640,map_lot,Lordsworn's Bolt,m20_01_00_00,Mohgwyn / Consecrated-adjacent,treasure
7002581,20017650,map_lot,Somber Smithing Stone [5],m20_01_00_00,Mohgwyn / Consecrated-adjacent,treasure
7002582,20017660,map_lot,Fireproof Pickled Liver,m20_01_00_00,Mohgwyn / Consecrated-adjacent,treasure
7002583,20017670,map_lot,Rada Fruit,PENDING,Global / Filler (scattered by design),global_filler
7002584,20017680,map_lot,Rada Fruit,PENDING,Global / Filler (scattered by design),global_filler
7002585,20017690,map_lot,Rada Fruit,PENDING,Global / Filler (scattered by design),global_filler
7002586,20017900,enemy_lot,Revered Spirit Ash,PENDING,Mohgwyn / Consecrated-adjacent,flag_prefix
7002587,20017981,map_lot,Circlet of Light,m20_01_00_00,Mohgwyn / Consecrated-adjacent,emevd
7002588,20017991,map_lot,Horned Warrior's Greatsword,m20_01_00_00,Mohgwyn / Consecrated-adjacent,emevd
7002589,21007000,map_lot,Festive Grease,m21_00_00_00,DLC Interior,emevd
7002590,21007010,map_lot,Smithing Stone [1],m21_00_00_00,DLC Interior,emevd
7002591,21007020,map_lot,Main-gauche,m21_00_00_00,DLC Interior,emevd
7002592,21007030,map_lot,Redflesh Mushroom,PENDING,DLC Interior,flag_prefix
7002593,21007040,map_lot,Golden Vow,PENDING,DLC Interior,flag_prefix
7002594,21007050,map_lot,Shadow Realm Rune [6],m21_00_00_00,DLC Interior,emevd
7002595,21007060,map_lot,Smithing Stone [5],PENDING,Global / Filler (scattered by design),global_filler
7002596,21007070,map_lot,Talisman of Lord's Bestowal,PENDING,DLC Interior,flag_prefix
7002597,21007080,map_lot,Smithing Stone [8],PENDING,DLC Interior,flag_prefix
7002598,21007090,map_lot,Golden Vow,PENDING,DLC Interior,flag_prefix
7002599,21007100,map_lot,Smithing Stone [1],m21_00_00_00,DLC Interior,emevd
7002600,21007110,map_lot,Holyproof Pickled Liver,PENDING,DLC Interior,flag_prefix
7002601,21007120,map_lot,Messmerfire Grease,PENDING,DLC Interior,flag_prefix
7002602,21007130,map_lot,Drawstring Golden Grease,PENDING,DLC Interior,flag_prefix
7002603,21007140,map_lot,Smithing Stone [8],PENDING,DLC Interior,flag_prefix
7002604,21007160,map_lot,Somber Smithing Stone [8],PENDING,DLC Interior,flag_prefix
7002605,21007170,map_lot,Bone Dart,PENDING,DLC Interior,flag_prefix
7002606,21007180,map_lot,Smithing Stone [2],PENDING,Global / Filler (scattered by design),global_filler
7002607,21007190,map_lot,Silver-Pickled Fowl Foot,PENDING,DLC Interior,flag_prefix
7002608,21007200,map_lot,Rada Fruit,m21_00_00_00,DLC Interior,emevd
7002609,21007210,map_lot,Rada Fruit,m21_00_00_00,DLC Interior,emevd
7002610,21007220,map_lot,Rada Fruit,PENDING,Global / Filler (scattered by design),global_filler
7002611,21007230,map_lot,Rada Fruit,PENDING,Global / Filler (scattered by design),global_filler
7002612,21007240,map_lot,Rada Fruit,m21_00_00_00,DLC Interior,emevd
7002613,21007250,map_lot,Rada Fruit,PENDING,Global / Filler (scattered by design),global_filler
7002614,21007260,map_lot,Rada Fruit,m21_00_00_00,DLC Interior,emevd
7002615,21007270,map_lot,Rada Fruit,PENDING,Global / Filler (scattered by design),global_filler
7002616,21007280,map_lot,Rada Fruit,PENDING,Global / Filler (scattered by design),global_filler
7002617,21007290,map_lot,Rada Fruit,m21_00_00_00,DLC Interior,emevd
7002618,21007300,map_lot,Thin Beast Bones,m21_00_00_00,DLC Interior,emevd
7002619,21007310,map_lot,Strip of White Flesh,PENDING,DLC Interior,flag_prefix
7002620,21007320,map_lot,Great Grave Glovewort,PENDING,DLC Interior,flag_prefix
7002621,21007330,map_lot,Fireproof Pickled Liver,PENDING,DLC Interior,flag_prefix
7002622,21007340,map_lot,Ember of Messmer,m21_00_00_00,DLC Interior,emevd
7002623,21007350,map_lot,Slumbering Egg,m21_00_00_00,DLC Interior,emevd
7002624,21007360,map_lot,Stormhawk Feather,PENDING,DLC Interior,flag_prefix
7002625,21007370,map_lot,Lightningproof Pickled Liver,m21_00_00_00,DLC Interior,emevd
7002626,21007380,map_lot,Rune of an Unsung Hero,m21_00_00_00,DLC Interior,emevd
7002627,21007390,map_lot,Ember of Messmer,PENDING,DLC Interior,flag_prefix
7002628,21007400,map_lot,Scadutree Fragment,PENDING,Global / Filler (scattered by design),global_filler
7002629,21007410,map_lot,Hefty Beast Bone,PENDING,DLC Interior,flag_prefix
7002630,21007420,map_lot,Crab Eggs,PENDING,DLC Interior,flag_prefix
7002631,21007430,map_lot,Rada Fruit,PENDING,Global / Filler (scattered by design),global_filler
7002632,21007440,map_lot,Rada Fruit,PENDING,Global / Filler (scattered by design),global_filler
7002633,21007450,map_lot,Rada Fruit,m21_00_00_00,DLC Interior,emevd
7002634,21007460,map_lot,Rada Fruit,PENDING,Global / Filler (scattered by design),global_filler
7002635,21007470,map_lot,Rada Fruit,m21_00_00_00,DLC Interior,emevd
7002636,21007480,map_lot,Rada Fruit,PENDING,Global / Filler (scattered by design),global_filler
7002637,21007490,map_lot,Rada Fruit,PENDING,Global / Filler (scattered by design),global_filler
7002638,21007500,map_lot,Rada Fruit,m21_00_00_00,DLC Interior,emevd
7002639,21007510,map_lot,Rada Fruit,m21_00_00_00,DLC Interior,emevd
7002640,21007520,map_lot,Rada Fruit,m21_00_00_00,DLC Interior,emevd
7002641,21007530,map_lot,Rada Fruit,m21_00_00_00,DLC Interior,emevd
7002642,21007540,map_lot,Rada Fruit,PENDING,Global / Filler (scattered by design),global_filler
7002643,21007550,map_lot,Somber Smithing Stone [5],PENDING,DLC Interior,flag_prefix
7002644,21007560,map_lot,Well-Pickled Turtle Neck,m21_00_00_00,DLC Interior,emevd
7002645,21007570,map_lot,Crab Eggs,m21_00_00_00,DLC Interior,emevd
7002646,21007580,map_lot,Ghost Glovewort [1],m21_00_00_00,DLC Interior,emevd
7002647,21007590,map_lot,Somber Smithing Stone [5],PENDING,DLC Interior,flag_prefix
7002648,21007600,map_lot,Shadow Realm Rune [5],PENDING,DLC Interior,flag_prefix
7002649,21007610,map_lot,Kukri,PENDING,DLC Interior,flag_prefix
7002650,21007620,map_lot,Smithing Stone [4],PENDING,DLC Interior,flag_prefix
7002651,21007630,map_lot,Crab Eggs,PENDING,DLC Interior,flag_prefix
7002652,21007640,map_lot,Shadow Sunflower,PENDING,DLC Interior,flag_prefix
7002653,21007650,map_lot,Fire Knight's Seal,PENDING,DLC Interior,flag_prefix
7002654,21007670,map_lot,Rada Fruit,PENDING,Global / Filler (scattered by design),global_filler
7002655,21007680,map_lot,String,PENDING,DLC Interior,flag_prefix
7002656,21007690,map_lot,Rada Fruit,PENDING,Global / Filler (scattered by design),global_filler
7002657,21007700,map_lot,Rada Fruit,m21_00_00_00,DLC Interior,emevd
7002658,21007710,map_lot,Rada Fruit,m21_00_00_00,DLC Interior,emevd
7002659,21007720,map_lot,Rada Fruit,m21_00_00_00,DLC Interior,emevd
7002660,21007730,map_lot,Rada Fruit,m21_00_00_00,DLC Interior,emevd
7002661,21007740,map_lot,Rada Fruit,m21_00_00_00,DLC Interior,emevd
7002662,21007750,map_lot,Rada Fruit,m21_00_00_00,DLC Interior,emevd
7002663,21007760,map_lot,Rada Fruit,PENDING,Global / Filler (scattered by design),global_filler
7002664,21007770,map_lot,Rada Fruit,PENDING,Global / Filler (scattered by design),global_filler
7002665,21007780,map_lot,Rada Fruit,PENDING,Global / Filler (scattered by design),global_filler
7002666,21007790,map_lot,Rada Fruit,PENDING,Global / Filler (scattered by design),global_filler
7002667,21007800,map_lot,Iris of Grace,PENDING,DLC Interior,flag_prefix
7002668,21007810,map_lot,Marika's Rune,PENDING,DLC Interior,flag_prefix
7002669,21007820,map_lot,Rada Fruit,PENDING,Global / Filler (scattered by design),global_filler
7002670,21007830,map_lot,Rada Fruit,PENDING,Global / Filler (scattered by design),global_filler
7002671,21007840,map_lot,Rada Fruit,PENDING,Global / Filler (scattered by design),global_filler
7002672,21007850,map_lot,Rada Fruit,m21_00_00_00,DLC Interior,emevd
7002673,21007860,map_lot,Rada Fruit,PENDING,Global / Filler (scattered by design),global_filler
7002674,21007870,map_lot,Rada Fruit,PENDING,Global / Filler (scattered by design),global_filler
7002675,21007880,map_lot,Rada Fruit,PENDING,Global / Filler (scattered by design),global_filler
7002676,21007890,map_lot,Rada Fruit,PENDING,Global / Filler (scattered by design),global_filler
7002677,21007900,map_lot,Rada Fruit,PENDING,Global / Filler (scattered by design),global_filler
7002678,21007910,map_lot,Rada Fruit,PENDING,Global / Filler (scattered by design),global_filler
7002679,21007920,map_lot,Rada Fruit,PENDING,Global / Filler (scattered by design),global_filler
7002680,21007930,map_lot,Rada Fruit,PENDING,Global / Filler (scattered by design),global_filler
7002681,21007940,map_lot,Rada Fruit,PENDING,Global / Filler (scattered by design),global_filler
7002682,21007950,map_lot,Rada Fruit,PENDING,Global / Filler (scattered by design),global_filler
7002683,21007960,map_lot,Rada Fruit,PENDING,Global / Filler (scattered by design),global_filler
7002684,21007970,map_lot,Rada Fruit,PENDING,Global / Filler (scattered by design),global_filler
7002685,21007980,map_lot,Rada Fruit,PENDING,Global / Filler (scattered by design),global_filler
7002686,21007990,map_lot,Rada Fruit,PENDING,Global / Filler (scattered by design),global_filler
7002687,21007991,map_lot,[Sorcery] Mantle of Thorns,m21_00_00_00,DLC Interior,emevd
7002688,21007993,map_lot,Iris of Occultation,m21_00_00_00,DLC Interior,emevd
7002689,21007995,map_lot,Death Mask Helm,m21_00_00_00,DLC Interior,emevd
7002690,21017000,map_lot,Fireproof Pickled Liver,m21_01_00_00,DLC Interior,emevd
7002691,21017010,map_lot,Rune Arc,m21_01_00_00,DLC Interior,emevd
7002692,21017020,map_lot,Revered Spirit Ash,PENDING,DLC Interior,flag_prefix
7002693,21017030,map_lot,Ember of Messmer,PENDING,DLC Interior,flag_prefix
7002694,21017040,map_lot,Fire Coil,PENDING,DLC Interior,flag_prefix
7002695,21017050,map_lot,Hefty Beast Bone,m21_01_00_00,DLC Interior,emevd
7002696,21017060,map_lot,Smithing Stone [8],PENDING,DLC Interior,flag_prefix
7002697,21017070,map_lot,Black Pyrefly,PENDING,DLC Interior,flag_prefix
7002698,21017080,map_lot,Beast Horn,PENDING,DLC Interior,flag_prefix
7002699,21017090,map_lot,Smithing Stone [5],PENDING,Global / Filler (scattered by design),global_filler
7002700,21017100,map_lot,Boltdrake Talisman +3,PENDING,DLC Interior,flag_prefix
7002701,21017110,map_lot,Beast Horn,m21_01_00_00,DLC Interior,emevd
7002702,21017120,map_lot,Pearldrake Talisman +3,PENDING,DLC Interior,flag_prefix
7002703,21017130,map_lot,Blessed Bone Shard,PENDING,DLC Interior,flag_prefix
7002704,21017140,map_lot,Furlcalling Finger Remedy,PENDING,DLC Interior,flag_prefix
7002705,21017150,map_lot,,PENDING,DLC Interior,flag_prefix
7002706,21017160,map_lot,Lump of Flesh,PENDING,DLC Interior,flag_prefix
7002707,21017170,map_lot,Beast Horn,PENDING,DLC Interior,flag_prefix
7002708,21017180,map_lot,Storehouse Cross Message,PENDING,DLC Interior,flag_prefix
7002709,21017200,map_lot,Scadutree Fragment,m21_01_00_00,DLC Interior,emevd
7002710,21017210,map_lot,Rada Fruit,m21_01_00_00,DLC Interior,emevd
7002711,21017220,map_lot,Rada Fruit,PENDING,Global / Filler (scattered by design),global_filler
7002712,21017230,map_lot,Rada Fruit,m21_01_00_00,DLC Interior,emevd
7002713,21017240,map_lot,Rada Fruit,PENDING,Global / Filler (scattered by design),global_filler
7002714,21017250,map_lot,Rada Fruit,m21_01_00_00,DLC Interior,emevd
7002715,21017260,map_lot,Rada Fruit,PENDING,Global / Filler (scattered by design),global_filler
7002716,21017270,map_lot,Rada Fruit,m21_01_00_00,DLC Interior,emevd
7002717,21017280,map_lot,Rada Fruit,m21_01_00_00,DLC Interior,emevd
7002718,21017290,map_lot,Rada Fruit,m21_01_00_00,DLC Interior,emevd
7002719,21017300,map_lot,Stormhawk Feather,m21_01_00_00,DLC Interior,emevd
7002720,21017310,map_lot,Black Pyrefly,m21_01_00_00,DLC Interior,emevd
7002721,21017320,map_lot,Shadow Realm Rune [5],PENDING,DLC Interior,flag_prefix
7002722,21017330,map_lot,Holyproof Pickled Liver,PENDING,DLC Interior,flag_prefix
7002723,21017340,map_lot,Secret Rite Scroll,PENDING,DLC Interior,flag_prefix
7002724,21017350,map_lot,Redflesh Mushroom,PENDING,DLC Interior,flag_prefix
7002725,21017360,map_lot,Ember of Messmer,m21_01_00_00,DLC Interior,emevd
7002726,21017370,map_lot,Rada Fruit,m21_01_00_00,DLC Interior,emevd
7002727,21017380,map_lot,Rada Fruit,PENDING,Global / Filler (scattered by design),global_filler
7002728,21017390,map_lot,Rada Fruit,PENDING,Global / Filler (scattered by design),global_filler
7002729,21017400,map_lot,Smithing Stone [6],PENDING,Global / Filler (scattered by design),global_filler
7002730,21017410,map_lot,Fire Coil,PENDING,DLC Interior,flag_prefix
7002731,21017420,map_lot,Smithing Stone [7],PENDING,Global / Filler (scattered by design),global_filler
7002732,21017430,map_lot,Silver-Pickled Fowl Foot,PENDING,DLC Interior,flag_prefix
7002733,21017440,map_lot,Spirit Calculus,PENDING,DLC Interior,flag_prefix
7002734,21017450,map_lot,Sliver of Meat,m21_01_00_00,DLC Interior,emevd
7002735,21017460,map_lot,Revered Spirit Ash,m21_01_00_00,DLC Interior,emevd
7002736,21017470,map_lot,Ember of Messmer,PENDING,DLC Interior,flag_prefix
7002737,21017480,map_lot,Shadow Realm Rune [5],PENDING,DLC Interior,flag_prefix
7002738,21017490,map_lot,Ember of Messmer,PENDING,DLC Interior,flag_prefix
7002739,21017500,map_lot,Scadutree Fragment,m21_01_00_00,DLC Interior,emevd
7002740,21017510,map_lot,[Sorcery] Impenetrable Thorns,m21_01_00_00,DLC Interior,emevd
7002741,21017520,map_lot,Rada Fruit,m21_01_00_00,DLC Interior,emevd
7002742,21017530,map_lot,Rada Fruit,m21_01_00_00,DLC Interior,emevd
7002743,21017540,map_lot,Rada Fruit,PENDING,Global / Filler (scattered by design),global_filler
7002744,21017550,map_lot,Rada Fruit,PENDING,Global / Filler (scattered by design),global_filler
7002745,21017560,map_lot,Rada Fruit,PENDING,Global / Filler (scattered by design),global_filler
7002746,21017570,map_lot,Rada Fruit,m21_01_00_00,DLC Interior,emevd
7002747,21017580,map_lot,Rada Fruit,m21_01_00_00,DLC Interior,emevd
7002748,21017590,map_lot,Rada Fruit,PENDING,Global / Filler (scattered by design),global_filler
7002749,21017600,map_lot,Somber Smithing Stone [9],PENDING,DLC Interior,flag_prefix
7002750,21017610,map_lot,Glintslab Firefly,PENDING,DLC Interior,flag_prefix
7002751,21017620,map_lot,Carian Thrusting Shield,PENDING,DLC Interior,flag_prefix
7002752,21017630,map_lot,Fire Coil,PENDING,DLC Interior,flag_prefix
7002753,21017640,map_lot,Ghost Glovewort [3],PENDING,DLC Interior,flag_prefix
7002754,21017650,map_lot,[Incantation] Fire Serpent,PENDING,DLC Interior,flag_prefix
7002755,21017660,map_lot,Shadow Sunflower,PENDING,DLC Interior,flag_prefix
7002756,21017670,map_lot,Blessed Bone Shard,PENDING,DLC Interior,flag_prefix
7002757,21017680,map_lot,Rada Fruit,PENDING,Global / Filler (scattered by design),global_filler
7002758,21017690,map_lot,Rada Fruit,PENDING,Global / Filler (scattered by design),global_filler
7002759,21017700,map_lot,Rada Fruit,m21_01_00_00,DLC Interior,emevd
7002760,21017710,map_lot,Rada Fruit,m21_01_00_00,DLC Interior,emevd
7002761,21017720,map_lot,Rada Fruit,m21_01_00_00,DLC Interior,emevd
7002762,21017730,map_lot,Rada Fruit,m21_01_00_00,DLC Interior,emevd
7002763,21017740,map_lot,Rada Fruit,m21_01_00_00,DLC Interior,emevd
7002764,21017750,map_lot,Thin Beast Bones,PENDING,DLC Interior,flag_prefix
7002765,21017760,map_lot,Smithing Stone [7],m21_01_00_00,DLC Interior,emevd
7002766,21017770,map_lot,Somber Smithing Stone [8],m21_01_00_00,DLC Interior,emevd
7002767,21017780,map_lot,[Incantation] Wrath from Afar,PENDING,DLC Interior,flag_prefix
7002768,21017790,map_lot,Rune of an Unsung Hero,PENDING,DLC Interior,flag_prefix
7002769,21017800,map_lot,Fire Knight Hilde,m21_01_00_00,DLC Interior,emevd
7002770,21017810,map_lot,Rada Fruit,PENDING,Global / Filler (scattered by design),global_filler
7002771,21017820,map_lot,Rada Fruit,m21_01_00_00,DLC Interior,emevd
7002772,21017830,map_lot,Rada Fruit,PENDING,Global / Filler (scattered by design),global_filler
7002773,21017840,map_lot,Rada Fruit,PENDING,Global / Filler (scattered by design),global_filler
7002774,21017850,map_lot,Rada Fruit,PENDING,Global / Filler (scattered by design),global_filler
7002775,21017860,map_lot,Rada Fruit,PENDING,Global / Filler (scattered by design),global_filler
7002776,21017870,map_lot,Rada Fruit,PENDING,Global / Filler (scattered by design),global_filler
7002777,21017880,map_lot,Rada Fruit,PENDING,Global / Filler (scattered by design),global_filler
7002778,21017890,map_lot,Rada Fruit,PENDING,Global / Filler (scattered by design),global_filler
7002779,21017900,map_lot,Rada Fruit,PENDING,Global / Filler (scattered by design),global_filler
7002780,21017910,map_lot,Rada Fruit,PENDING,Global / Filler (scattered by design),global_filler
7002781,21017920,map_lot,Rada Fruit,PENDING,Global / Filler (scattered by design),global_filler
7002782,21017930,map_lot,Rada Fruit,PENDING,Global / Filler (scattered by design),global_filler
7002783,21017940,map_lot,Rada Fruit,PENDING,Global / Filler (scattered by design),global_filler
7002784,21017950,map_lot,Rada Fruit,m21_01_00_00,DLC Interior,emevd
7002785,21017960,map_lot,Rada Fruit,PENDING,Global / Filler (scattered by design),global_filler
7002786,21017970,map_lot,Rada Fruit,PENDING,Global / Filler (scattered by design),global_filler
7002787,21017980,map_lot,Rada Fruit,PENDING,Global / Filler (scattered by design),global_filler
7002788,21017990,map_lot,Rada Fruit,PENDING,Global / Filler (scattered by design),global_filler
7002789,21017991,map_lot,Winged Serpent Helm,m21_01_00_00,DLC Interior,emevd
7002790,21027000,map_lot,Rada Fruit,PENDING,Global / Filler (scattered by design),global_filler
7002791,21027010,map_lot,Gold-Pickled Fowl Foot,PENDING,DLC Interior,flag_prefix
7002792,21027020,map_lot,Ash of War: Wall of Sparks,PENDING,DLC Interior,flag_prefix
7002793,21027040,map_lot,Iris of Grace,PENDING,DLC Interior,flag_prefix
7002794,21027050,map_lot,Innard Meat,m21_02_00_00,DLC Interior,emevd
7002795,21027070,map_lot,Rada Fruit,PENDING,Global / Filler (scattered by design),global_filler
7002796,21027080,map_lot,Rada Fruit,PENDING,Global / Filler (scattered by design),global_filler
7002797,21027090,map_lot,Rada Fruit,PENDING,Global / Filler (scattered by design),global_filler
7002798,21027100,map_lot,Rada Fruit,PENDING,Global / Filler (scattered by design),global_filler
7002799,21027110,map_lot,Rada Fruit,PENDING,Global / Filler (scattered by design),global_filler
7002800,21027120,map_lot,Rada Fruit,PENDING,Global / Filler (scattered by design),global_filler
7002801,21027130,map_lot,Rada Fruit,PENDING,Global / Filler (scattered by design),global_filler
7002802,21027140,map_lot,Rada Fruit,PENDING,Global / Filler (scattered by design),global_filler
7002803,21027150,map_lot,Rada Fruit,PENDING,Global / Filler (scattered by design),global_filler
7002804,21027160,map_lot,Rada Fruit,PENDING,Global / Filler (scattered by design),global_filler
7002805,21027170,map_lot,Rada Fruit,PENDING,Global / Filler (scattered by design),global_filler
7002806,21027180,map_lot,Rada Fruit,PENDING,Global / Filler (scattered by design),global_filler
7002807,21027190,map_lot,Rada Fruit,PENDING,Global / Filler (scattered by design),global_filler
7002808,21027200,map_lot,Smithing Stone [3],PENDING,DLC Interior,flag_prefix
7002809,21027210,map_lot,Beast Liver,PENDING,DLC Interior,flag_prefix
7002810,21027220,map_lot,Beast Blood,PENDING,DLC Interior,flag_prefix
7002811,21027230,map_lot,Smithing Stone [4],m21_02_00_00,DLC Interior,emevd
7002812,21027240,map_lot,Redflesh Mushroom,PENDING,DLC Interior,flag_prefix
7002813,21027250,map_lot,Thin Beast Bones,m21_02_00_00,DLC Interior,emevd
7002814,21027260,map_lot,Somber Smithing Stone [2],PENDING,DLC Interior,flag_prefix
7002815,21027270,map_lot,Somber Smithing Stone [9],m21_02_00_00,DLC Interior,emevd
7002816,21027280,map_lot,Rada Fruit,PENDING,Global / Filler (scattered by design),global_filler
7002817,21027290,map_lot,Rada Fruit,PENDING,Global / Filler (scattered by design),global_filler
7002818,21027300,map_lot,Rada Fruit,PENDING,Global / Filler (scattered by design),global_filler
7002819,21027310,map_lot,Rada Fruit,PENDING,Global / Filler (scattered by design),global_filler
7002820,21027320,map_lot,Rada Fruit,PENDING,Global / Filler (scattered by design),global_filler
7002821,21027330,map_lot,Rada Fruit,PENDING,Global / Filler (scattered by design),global_filler
7002822,21027340,map_lot,Rada Fruit,PENDING,Global / Filler (scattered by design),global_filler
7002823,21027350,map_lot,Rada Fruit,PENDING,Global / Filler (scattered by design),global_filler
7002824,21027360,map_lot,Rada Fruit,PENDING,Global / Filler (scattered by design),global_filler
7002825,21027370,map_lot,Rada Fruit,PENDING,Global / Filler (scattered by design),global_filler
7002826,21027380,map_lot,Rada Fruit,PENDING,Global / Filler (scattered by design),global_filler
7002827,21027390,map_lot,Rada Fruit,PENDING,Global / Filler (scattered by design),global_filler
7002828,21027400,map_lot,Rada Fruit,PENDING,Global / Filler (scattered by design),global_filler
7002829,21027985,enemy_lot,Living Jar Shard,PENDING,Global / Filler (scattered by design),global_filler
7002830,21027991,map_lot,Salza's Hood,m21_02_00_00,DLC Interior,emevd
7002831,22007000,map_lot,Scadutree Fragment,m22_00_00_00,m22,emevd
7002832,22007100,map_lot,Congealed Putrescence,m22_00_00_00,m22,emevd
7002833,22007110,map_lot,St. Trina's Arrow,PENDING,m22,flag_prefix
7002834,22007120,map_lot,Deep-Purple Lily,PENDING,m22,flag_prefix
7002835,22007130,map_lot,Shadow Realm Rune [3],PENDING,m22,flag_prefix
7002836,22007140,map_lot,Grave Glovewort [8],PENDING,m22,flag_prefix
7002837,22007150,map_lot,Velvet Sword of St. Trina,PENDING,m22,flag_prefix
7002838,22007160,map_lot,Grave Glovewort [3],PENDING,m22,flag_prefix
7002839,22007170,map_lot,Grave Glovewort [2],PENDING,m22,flag_prefix
7002840,22007190,map_lot,Smithing Stone [6],PENDING,Global / Filler (scattered by design),global_filler
7002841,22007200,map_lot,Grave Glovewort [7],m22_00_00_00,m22,emevd
7002842,22007210,map_lot,[Sorcery] Mass of Putrescence,m22_00_00_00,m22,emevd
7002843,22007220,map_lot,Congealed Putrescence,m22_00_00_00,m22,emevd
7002844,22007230,map_lot,Dewgem,PENDING,m22,flag_prefix
7002845,22007240,map_lot,Grave Glovewort [6],m22_00_00_00,m22,emevd
7002846,22007900,map_lot,[Incantation] Multilayered Ring of Light,m22_00_00_00,m22,emevd
7002847,22007910,enemy_lot,Smithing Stone [8],PENDING,m22,flag_prefix
7002848,28007000,map_lot,Swollen Grape,m28_00_00_00,m28,treasure
7002849,28007010,map_lot,Torn Diary Page,m28_00_00_00,m28,treasure
7002850,28007020,map_lot,Swollen Grape,m28_00_00_00,m28,treasure
7002851,28007030,map_lot,Thin Beast Bones,m28_00_00_00,m28,treasure
7002852,28007040,map_lot,Shadow Realm Rune [6],m28_00_00_00,m28,treasure
7002853,28007050,map_lot,Surging Frenzied Flame,m28_00_00_00,m28,treasure
7002854,28007070,map_lot,Golden Horn Tender,PENDING,m28,flag_prefix
7002855,28007080,map_lot,Shadow Realm Rune [7],PENDING,m28,flag_prefix
7002856,28007090,map_lot,Swollen Grape,PENDING,m28,flag_prefix
7002857,28007100,map_lot,Nanaya's Torch,m28_00_00_00,m28,emevd
7002858,28007110,map_lot,Revered Spirit Ash,PENDING,m28,flag_prefix
7002859,28007900,enemy_lot,Revered Spirit Ash,PENDING,m28,flag_prefix
7002860,30007010,map_lot,Human Bone Shard,m30_00_00_00,Hero's Graves (Catacombs),treasure
7002861,30007020,map_lot,Golden Rune [2],m30_00_00_00,Hero's Graves (Catacombs),treasure
7002862,30007040,map_lot,"Prattling Pate ""Thank you""",m30_00_00_00,Hero's Graves (Catacombs),treasure
7002863,30017010,map_lot,Root Resin,PENDING,Hero's Graves (Catacombs),flag_prefix
7002864,30017020,map_lot,"Prattling Pate ""Please help""",PENDING,Hero's Graves (Catacombs),flag_prefix
7002865,30027000,map_lot,Root Resin,PENDING,Hero's Graves (Catacombs),flag_prefix
7002866,30027010,map_lot,Smoldering Butterfly,PENDING,Hero's Graves (Catacombs),flag_prefix
7002867,30027020,map_lot,Wandering Noble Ashes,PENDING,Hero's Graves (Catacombs),flag_prefix
7002868,30027030,map_lot,"Prattling Pate ""Hello""",PENDING,Hero's Graves (Catacombs),flag_prefix
7002869,30037000,map_lot,Root Resin,m30_03_00_00,Hero's Graves (Catacombs),treasure
7002870,30037010,map_lot,Raya Lucaria Soldier Ashes,m30_03_00_00,Hero's Graves (Catacombs),treasure
7002871,30037020,map_lot,Human Bone Shard,m30_03_00_00,Hero's Graves (Catacombs),treasure
7002872,30037030,map_lot,Rune Arc,m30_03_00_00,Hero's Graves (Catacombs),treasure
7002873,30037040,map_lot,Watchdog's Staff,m30_03_00_00,Hero's Graves (Catacombs),treasure
7002874,30047000,map_lot,Root Resin,PENDING,Hero's Graves (Catacombs),flag_prefix
7002875,30057000,map_lot,Rosus' Axe,m30_05_00_00,Hero's Graves (Catacombs),treasure
7002876,30057010,map_lot,Rune Arc,m30_05_00_00,Hero's Graves (Catacombs),treasure
7002877,30057030,map_lot,Deathroot,m30_05_00_00,Hero's Graves (Catacombs),treasure
7002878,30057040,map_lot,Spellproof Dried Liver,m30_05_00_00,Hero's Graves (Catacombs),treasure
7002879,30067000,map_lot,Root Resin,PENDING,Hero's Graves (Catacombs),flag_prefix
7002880,30067010,map_lot,Nox Mirrorhelm,PENDING,Hero's Graves (Catacombs),flag_prefix
7002881,30067020,map_lot,Golden Rune [3],PENDING,Global / Filler (scattered by design),global_filler
7002882,30067030,map_lot,Page Ashes,PENDING,Hero's Graves (Catacombs),flag_prefix
7002883,30067040,map_lot,Rune Arc,PENDING,Global / Filler (scattered by design),global_filler
7002884,30067050,map_lot,Old Fang,PENDING,Hero's Graves (Catacombs),flag_prefix
7002885,30067060,map_lot,Hefty Beast Bone,PENDING,Hero's Graves (Catacombs),flag_prefix
7002886,30067070,map_lot,Scythe,PENDING,Hero's Graves (Catacombs),flag_prefix
7002887,30067080,map_lot,"Prattling Pate ""Wonderful""",PENDING,Hero's Graves (Catacombs),flag_prefix
7002888,30077010,map_lot,Golden Rune [5],PENDING,Global / Filler (scattered by design),global_filler
7002889,30077020,map_lot,Magic Grease,PENDING,Hero's Graves (Catacombs),flag_prefix
7002890,30077600,map_lot,Lightning Scorpion Charm,m30_07_00_00,Hero's Graves (Catacombs),emevd
7002891,30077900,map_lot,Golden Rune [1],PENDING,Global / Filler (scattered by design),global_filler
7002892,30087010,map_lot,Crimson Seed Talisman,PENDING,Hero's Graves (Catacombs),flag_prefix
7002893,30087020,map_lot,Leyndell Soldier Ashes,PENDING,Hero's Graves (Catacombs),flag_prefix
7002894,30087030,map_lot,Dragoncrest Shield Talisman +1,PENDING,Hero's Graves (Catacombs),flag_prefix
7002895,30087040,map_lot,Root Resin,PENDING,Hero's Graves (Catacombs),flag_prefix
7002896,30087050,map_lot,"Prattling Pate ""Let's get to it""",PENDING,Hero's Graves (Catacombs),flag_prefix
7002897,30087060,map_lot,Human Bone Shard,PENDING,Hero's Graves (Catacombs),flag_prefix
7002898,30087970,enemy_lot,Ghost Glovewort [4],PENDING,Hero's Graves (Catacombs),flag_prefix
7002899,30087980,enemy_lot,Ghost Glovewort [4],PENDING,Hero's Graves (Catacombs),flag_prefix
7002900,30087990,enemy_lot,Ghost Glovewort [4],PENDING,Hero's Graves (Catacombs),flag_prefix
7002901,30097000,map_lot,Deathroot,m30_09_00_00,Hero's Graves (Catacombs),emevd
7002902,30097010,map_lot,Ringed Finger,PENDING,Hero's Graves (Catacombs),flag_prefix
7002903,30097020,map_lot,Golden Rune [6],PENDING,Global / Filler (scattered by design),global_filler
7002904,30097030,map_lot,Smoldering Butterfly,PENDING,Hero's Graves (Catacombs),flag_prefix
7002905,30097040,map_lot,Stonesword Key,PENDING,Global / Filler (scattered by design),global_filler
7002906,30097050,map_lot,Gelmir Knight Helm,m30_09_00_00,Hero's Graves (Catacombs),emevd
7002907,30097060,map_lot,Root Resin,PENDING,Hero's Graves (Catacombs),flag_prefix
7002908,30097070,map_lot,Beast Blood,PENDING,Hero's Graves (Catacombs),flag_prefix
7002909,30097700,enemy_lot,Mantis Blade,PENDING,Hero's Graves (Catacombs),flag_prefix
7002910,30097800,enemy_lot,Bloodhound Knight Helm,PENDING,Hero's Graves (Catacombs),flag_prefix
7002911,30107010,map_lot,Holy Grease,PENDING,Hero's Graves (Catacombs),flag_prefix
7002912,30107020,map_lot,Fan Daggers,PENDING,Hero's Graves (Catacombs),flag_prefix
7002913,30107030,map_lot,Golden Rune [7],PENDING,Hero's Graves (Catacombs),flag_prefix
7002914,30107040,map_lot,Crucible Feather Talisman,PENDING,Hero's Graves (Catacombs),flag_prefix
7002915,30107050,map_lot,Golden Epitaph,m30_10_00_00,Hero's Graves (Catacombs),emevd
7002916,30107060,map_lot,Great Dragonfly Head,PENDING,Hero's Graves (Catacombs),flag_prefix
7002917,30107070,map_lot,Stonesword Key,PENDING,Global / Filler (scattered by design),global_filler
7002918,30107080,map_lot,Vulgar Militia Ashes,PENDING,Hero's Graves (Catacombs),flag_prefix
7002919,30107100,map_lot,Ash of War: Holy Ground,m30_10_00_00,Hero's Graves (Catacombs),emevd
7002920,30117000,map_lot,Deathroot,m30_11_00_00,Hero's Graves (Catacombs),emevd
7002921,30117010,map_lot,Bloodrose,PENDING,Hero's Graves (Catacombs),flag_prefix
7002922,30117020,map_lot,Uchigatana,PENDING,Hero's Graves (Catacombs),flag_prefix
7002923,30127000,map_lot,Holy Grease,PENDING,Hero's Graves (Catacombs),flag_prefix
7002924,30127010,map_lot,Winged Misbegotten Ashes,PENDING,Hero's Graves (Catacombs),flag_prefix
7002925,30127020,map_lot,Rune Arc,PENDING,Global / Filler (scattered by design),global_filler
7002926,30127030,map_lot,"Prattling Pate ""Apologies""",PENDING,Hero's Graves (Catacombs),flag_prefix
7002927,30127900,map_lot,Golden Rune [1],PENDING,Global / Filler (scattered by design),global_filler
7002928,30137020,map_lot,Golden Rune [7],m30_13_00_00,Hero's Graves (Catacombs),treasure
7002929,30137030,map_lot,Smithing Stone [5],m30_13_00_00,Hero's Graves (Catacombs),treasure
7002930,30137040,map_lot,Root Resin,m30_13_00_00,Hero's Graves (Catacombs),treasure
7002931,30137960,enemy_lot,Living Jar Shard,PENDING,Global / Filler (scattered by design),global_filler
7002932,30137970,enemy_lot,Living Jar Shard,PENDING,Global / Filler (scattered by design),global_filler
7002933,30137980,enemy_lot,Living Jar Shard,PENDING,Global / Filler (scattered by design),global_filler
7002934,30137990,enemy_lot,Living Jar Shard,PENDING,Global / Filler (scattered by design),global_filler
7002935,30147000,map_lot,Imp Head (Wolf),PENDING,Hero's Graves (Catacombs),flag_prefix
7002936,30147010,map_lot,Grave Violet,PENDING,Hero's Graves (Catacombs),flag_prefix
7002937,30147020,map_lot,Sacramental Bud,PENDING,Hero's Graves (Catacombs),flag_prefix
7002938,30147030,map_lot,Aeonian Butterfly,PENDING,Hero's Graves (Catacombs),flag_prefix
7002939,30147040,map_lot,Golden Rune [4],PENDING,Global / Filler (scattered by design),global_filler
7002940,30147900,map_lot,Golden Rune [1],PENDING,Global / Filler (scattered by design),global_filler
7002941,30157000,map_lot,Miranda Sprout Ashes,PENDING,Hero's Graves (Catacombs),flag_prefix
7002942,30167000,map_lot,Golden Rune [6],PENDING,Global / Filler (scattered by design),global_filler
7002943,30167010,map_lot,Magic Grease,PENDING,Hero's Graves (Catacombs),flag_prefix
7002944,30167020,map_lot,Radahn Soldier Ashes,PENDING,Hero's Graves (Catacombs),flag_prefix
7002945,30167030,map_lot,Silver-Pickled Fowl Foot,PENDING,Hero's Graves (Catacombs),flag_prefix
7002946,30167040,map_lot,[Sorcery] Collapsing Stars,PENDING,Hero's Graves (Catacombs),flag_prefix
7002947,30177000,map_lot,Cranial Vessel Candlestand,PENDING,Hero's Graves (Catacombs),flag_prefix
7002948,30177010,map_lot,"[Incantation] Flame, Protect Me",PENDING,Hero's Graves (Catacombs),flag_prefix
7002949,30177020,map_lot,Lightning Bastard Sword,PENDING,Hero's Graves (Catacombs),flag_prefix
7002950,30177030,map_lot,Giant's Seal,PENDING,Hero's Graves (Catacombs),flag_prefix
7002951,30177040,map_lot,Freezing Grease,PENDING,Hero's Graves (Catacombs),flag_prefix
7002952,30177050,map_lot,Golden Rune [11],m30_17_00_00,Hero's Graves (Catacombs),emevd
7002953,30177060,map_lot,Golden Rune [1],PENDING,Global / Filler (scattered by design),global_filler
7002954,30187000,map_lot,Golden Rune [10],PENDING,Global / Filler (scattered by design),global_filler
7002955,30187010,map_lot,Stimulating Boluses,PENDING,Hero's Graves (Catacombs),flag_prefix
7002956,30187020,map_lot,Nascent Butterfly,PENDING,Hero's Graves (Catacombs),flag_prefix
7002957,30187030,map_lot,Root Resin,PENDING,Hero's Graves (Catacombs),flag_prefix
7002958,30187070,map_lot,Fire Monk Ashes,PENDING,Hero's Graves (Catacombs),flag_prefix
7002959,30187900,map_lot,Deathroot,m30_18_00_00,Hero's Graves (Catacombs),emevd
7002960,30187950,enemy_lot,Living Jar Shard,PENDING,Global / Filler (scattered by design),global_filler
7002961,30187960,enemy_lot,Living Jar Shard,PENDING,Global / Filler (scattered by design),global_filler
7002962,30187970,enemy_lot,Living Jar Shard,PENDING,Global / Filler (scattered by design),global_filler
7002963,30187980,enemy_lot,Living Jar Shard,PENDING,Global / Filler (scattered by design),global_filler
7002964,30187990,enemy_lot,Living Jar Shard,PENDING,Global / Filler (scattered by design),global_filler
7002965,30197000,map_lot,Golden Rune [12],PENDING,Hero's Graves (Catacombs),flag_prefix
7002966,30197010,map_lot,Rejuvenating Boluses,PENDING,Hero's Graves (Catacombs),flag_prefix
7002967,30197020,map_lot,Root Resin,PENDING,Hero's Graves (Catacombs),flag_prefix
7002968,30197030,map_lot,Human Bone Shard,PENDING,Hero's Graves (Catacombs),flag_prefix
7002969,30197040,map_lot,Imp Head (Elder),PENDING,Hero's Graves (Catacombs),flag_prefix
7002970,30197900,map_lot,Golden Rune [1],PENDING,Global / Filler (scattered by design),global_filler
7002971,30207000,map_lot,Warming Stone,m30_20_00_00,Hero's Graves (Catacombs),emevd
7002972,30207010,map_lot,Sacramental Bud,PENDING,Global / Common-event (unplaced),global
7002973,30207020,map_lot,Hero's Rune [1],PENDING,Global / Common-event (unplaced),global
7002974,30207030,map_lot,Old Fang,PENDING,Global / Common-event (unplaced),global
7002975,30207040,map_lot,Root Resin,PENDING,Global / Common-event (unplaced),global
7002976,30207050,map_lot,Freezing Grease,PENDING,Global / Common-event (unplaced),global
7002977,30207060,map_lot,Spelldrake Talisman +2,PENDING,Global / Common-event (unplaced),global
7002978,30207900,map_lot,Silver Scarab,PENDING,Global / Common-event (unplaced),global
7002979,30207910,map_lot,Deathroot,m30_20_00_00,Hero's Graves (Catacombs),emevd
7002980,31007000,map_lot,Mushroom,m31_00_00_00,Caves,treasure
7002981,31007010,map_lot,Cloth Garb,m31_00_00_00,Caves,treasure
7002982,31007030,map_lot,Glass Shard,m31_00_00_00,Caves,treasure
7002983,31017000,map_lot,Golden Rune [1],m31_01_00_00,Caves,treasure
7002984,31017010,map_lot,Glowstone,m31_01_00_00,Caves,treasure
7002985,31017020,map_lot,Kukri,m31_01_00_00,Caves,treasure
7002986,31017030,map_lot,Smoldering Butterfly,m31_01_00_00,Caves,treasure
7002987,31017040,map_lot,Trina's Lily,m31_01_00_00,Caves,treasure
7002988,31017060,map_lot,Pickled Turtle Neck,m31_01_00_00,Caves,treasure
7002989,31027000,map_lot,Golden Rune [2],PENDING,Global / Filler (scattered by design),global_filler
7002990,31027010,map_lot,Furlcalling Finger Remedy,PENDING,Caves,flag_prefix
7002991,31027020,map_lot,Poisonbone Dart,PENDING,Caves,flag_prefix
7002992,31027030,map_lot,Arteria Leaf,PENDING,Caves,flag_prefix
7002993,31027050,map_lot,Immunizing White Cured Meat,PENDING,Caves,flag_prefix
7002994,31037000,map_lot,Golden Rune [1],PENDING,Global / Filler (scattered by design),global_filler
7002995,31037010,map_lot,Glowstone,PENDING,Caves,flag_prefix
7002996,31047000,map_lot,Golden Rune [3],m31_04_00_00,Caves,treasure
7002997,31047010,map_lot,Golden Rune [4],m31_04_00_00,Caves,treasure
7002998,31047020,map_lot,Serpent Arrow,m31_04_00_00,Caves,treasure
7002999,31047030,map_lot,Golden Rune [5],m31_04_00_00,Caves,treasure
7003000,31047040,map_lot,Glowstone,m31_04_00_00,Caves,treasure
7003001,31047050,map_lot,Poison Grease,m31_04_00_00,Caves,treasure
7003002,31047060,map_lot,Sage Hood,m31_04_00_00,Caves,treasure
7003003,31047990,enemy_lot,Golden Rune [6],m31_04_00_00,Caves,emevd
7003004,31057000,map_lot,Hefty Beast Bone,m31_05_00_00,Caves,treasure
7003005,31057010,map_lot,Throwing Dagger,m31_05_00_00,Caves,treasure
7003006,31057020,map_lot,Golden Rune [5],m31_05_00_00,Caves,treasure
7003007,31057030,map_lot,Soft Cotton,m31_05_00_00,Caves,treasure
7003008,31057040,map_lot,Smithing Stone [4],m31_05_00_00,Caves,treasure
7003009,31057050,map_lot,Smithing Stone [2],m31_05_00_00,Caves,treasure
7003010,31057060,map_lot,Lump of Flesh,m31_05_00_00,Caves,treasure
7003011,31057070,map_lot,Arteria Leaf,m31_05_00_00,Caves,treasure
7003012,31057100,map_lot,Spear Talisman,m31_05_00_00,Caves,treasure
7003013,31067000,map_lot,Cuckoo Glintstone,m31_06_00_00,Caves,emevd
7003014,31067010,map_lot,Stonesword Key,PENDING,Global / Filler (scattered by design),global_filler
7003015,31067030,map_lot,Crystal Staff,PENDING,Caves,flag_prefix
7003016,31067100,map_lot,Rune Arc,PENDING,Global / Filler (scattered by design),global_filler
7003017,31077000,map_lot,Poison Grease,m31_07_00_00,Caves,emevd
7003018,31077010,map_lot,Lump of Flesh,PENDING,Caves,flag_prefix
7003019,31077020,map_lot,Preserving Boluses,PENDING,Caves,flag_prefix
7003020,31077030,map_lot,Mushroom Head,PENDING,Caves,flag_prefix
7003021,31077040,map_lot,Poisonbone Dart,PENDING,Caves,flag_prefix
7003022,31077050,map_lot,Golden Rune [6],PENDING,Global / Filler (scattered by design),global_filler
7003023,31077060,map_lot,Golden Rune [7],PENDING,Caves,flag_prefix
7003024,31077070,map_lot,Immunizing Cured Meat,PENDING,Caves,flag_prefix
7003025,31097000,map_lot,Golden Rune [6],m31_09_00_00,Caves,emevd
7003026,31097010,map_lot,Sliver of Meat,PENDING,Caves,flag_prefix
7003027,31097020,map_lot,Arteria Leaf,PENDING,Caves,flag_prefix
7003028,31097030,map_lot,Lump of Flesh,PENDING,Caves,flag_prefix
7003029,31097040,map_lot,Coil Shield,PENDING,Caves,flag_prefix
7003030,31107000,map_lot,Warming Stone,m31_10_00_00,Caves,emevd
7003031,31107010,map_lot,Golden Rune [12],PENDING,Caves,flag_prefix
7003032,31107050,map_lot,Bull-Goat's Talisman,PENDING,Caves,flag_prefix
7003033,31107110,map_lot,Golden Rune [8],PENDING,Caves,flag_prefix
7003034,31107120,map_lot,Beast Blood,PENDING,Caves,flag_prefix
7003035,31117000,map_lot,Golden Rune [3],m31_11_00_00,Caves,emevd
7003036,31117010,map_lot,Lost Ashes of War,PENDING,Caves,flag_prefix
7003037,31117020,map_lot,Golden Rune [5],PENDING,Global / Filler (scattered by design),global_filler
7003038,31117030,map_lot,Stimulating Boluses,PENDING,Caves,flag_prefix
7003039,31117040,map_lot,Somber Smithing Stone [4],PENDING,Caves,flag_prefix
7003040,31117080,map_lot,Preserving Boluses,PENDING,Caves,flag_prefix
7003041,31117090,map_lot,Crystal Dart,PENDING,Caves,flag_prefix
7003042,31117100,map_lot,Golden Rune [5],PENDING,Global / Filler (scattered by design),global_filler
7003043,31117110,map_lot,Glowstone,PENDING,Caves,flag_prefix
7003044,31117200,map_lot,Crystal Spear,m31_11_00_00,Caves,emevd
7003045,31117220,map_lot,Crystalian Ashes,PENDING,Caves,flag_prefix
7003046,31117300,map_lot,Smithing Stone [1],m31_11_00_00,Caves,emevd
7003047,31117990,enemy_lot,Ghost Glovewort [4],PENDING,Caves,flag_prefix
7003048,31127000,map_lot,Golden Rune [7],m31_12_00_00,Caves,emevd
7003049,31127010,map_lot,Freezing Grease,PENDING,Caves,flag_prefix
7003050,31127020,map_lot,Hero's Rune [2],PENDING,Caves,flag_prefix
7003051,31127030,map_lot,Rune Arc,PENDING,Global / Filler (scattered by design),global_filler
7003052,31127040,map_lot,Miquella's Lily,PENDING,Caves,flag_prefix
7003053,31127050,map_lot,Nascent Butterfly,PENDING,Caves,flag_prefix
7003054,31127060,map_lot,Thawfrost Boluses,PENDING,Caves,flag_prefix
7003055,31127070,map_lot,Crystal Dart,PENDING,Caves,flag_prefix
7003056,31127080,map_lot,Thawfrost Boluses,PENDING,Caves,flag_prefix
7003057,31127090,map_lot,Freezing Grease,PENDING,Caves,flag_prefix
7003058,31127100,map_lot,Freezing Grease,PENDING,Caves,flag_prefix
7003059,31127110,map_lot,Golden Rune [10],PENDING,Global / Filler (scattered by design),global_filler
7003060,31127120,map_lot,Spiritflame Arrow,PENDING,Caves,flag_prefix
7003061,31157010,map_lot,Land Octopus Ovary,m31_15_00_00,Caves,treasure
7003062,31157020,map_lot,Smoldering Butterfly,m31_15_00_00,Caves,treasure
7003063,31177010,map_lot,Golden Rune [1],m31_17_00_00,Caves,treasure
7003064,31177020,map_lot,Arteria Leaf,m31_17_00_00,Caves,treasure
7003065,31177030,map_lot,Smithing Stone [1],m31_17_00_00,Caves,treasure
7003066,31177040,map_lot,Smithing Stone [2],m31_17_00_00,Caves,treasure
7003067,31177050,map_lot,Golden Rune [4],m31_17_00_00,Caves,treasure
7003068,31177060,map_lot,Fire Grease,m31_17_00_00,Caves,treasure
7003069,31177070,map_lot,Furlcalling Finger Remedy,m31_17_00_00,Caves,treasure
7003070,31177080,map_lot,Shamshir,m31_17_00_00,Caves,treasure
7003071,31187020,map_lot,Living Jar Shard,m31_18_00_00,Caves,treasure
7003072,31187030,map_lot,Living Jar Shard,m31_18_00_00,Caves,treasure
7003073,31187040,map_lot,Arteria Leaf,m31_18_00_00,Caves,treasure
7003074,31187050,map_lot,Golden Rune [5],m31_18_00_00,Caves,treasure
7003075,31187060,map_lot,Miranda Powder,m31_18_00_00,Caves,treasure
7003076,31187070,map_lot,Warming Stone,m31_18_00_00,Caves,treasure
7003077,31187080,map_lot,Golden Rune [5],m31_18_00_00,Caves,treasure
7003078,31197000,map_lot,Rejuvenating Boluses,m31_19_00_00,Caves,treasure
7003079,31197010,map_lot,Lost Ashes of War,m31_19_00_00,Caves,treasure
7003080,31197030,map_lot,Candletree Wooden Shield,m31_19_00_00,Caves,treasure
7003081,31197040,map_lot,Silver-Pickled Fowl Foot,m31_19_00_00,Caves,treasure
7003082,31197050,map_lot,Black Hood,m31_19_00_00,Caves,treasure
7003083,31197060,map_lot,Nascent Butterfly,m31_19_00_00,Caves,treasure
7003084,31197080,map_lot,Stonesword Key,m31_19_00_00,Caves,treasure
7003085,31197090,map_lot,Dragonwound Grease,m31_19_00_00,Caves,treasure
7003086,31197100,map_lot,Raptor Talons,m31_19_00_00,Caves,treasure
7003087,31197110,map_lot,Golden Great Arrow,m31_19_00_00,Caves,treasure
7003088,31197120,map_lot,Raptor's Black Feathers,m31_19_00_00,Caves,treasure
7003089,31197130,map_lot,Skeletal Mask,m31_19_00_00,Caves,treasure
7003090,31197200,map_lot,Golden Rune [5],m31_19_00_00,Caves,treasure
7003091,31197210,map_lot,Golden Rune [5],m31_19_00_00,Caves,treasure
7003092,31207000,map_lot,Dragonwound Grease,m31_20_00_00,Caves,treasure
7003093,31207010,map_lot,Venomous Fang,m31_20_00_00,Caves,treasure
7003094,31207020,map_lot,Serpent Bow,m31_20_00_00,Caves,treasure
7003095,31207030,map_lot,Fire Grease,m31_20_00_00,Caves,treasure
7003096,31217000,map_lot,Golden Rune [2],m31_21_00_00,Caves,treasure
7003097,31217030,map_lot,Golden Rune [2],m31_21_00_00,Caves,treasure
7003098,31217040,map_lot,Old Fang,m31_21_00_00,Caves,treasure
7003099,31217070,map_lot,Golden Rune [2],m31_21_00_00,Caves,treasure
7003100,31217080,map_lot,Golden Rune [4],m31_21_00_00,Caves,treasure
7003101,31217090,map_lot,Stonesword Key,m31_21_00_00,Caves,treasure
7003102,31217100,map_lot,Wakizashi,m31_21_00_00,Caves,treasure
7003103,31217110,map_lot,Golden Rune [4],m31_21_00_00,Caves,treasure
7003104,31217120,map_lot,Turtle Neck Meat,m31_21_00_00,Caves,treasure
7003105,31217140,map_lot,Golden Rune [5],m31_21_00_00,Caves,treasure
7003106,31217150,map_lot,Rainbow Stone,m31_21_00_00,Caves,treasure
7003107,31217160,map_lot,Golden Rune [4],m31_21_00_00,Caves,treasure
7003108,31217190,map_lot,Glowstone,m31_21_00_00,Caves,treasure
7003109,31217200,map_lot,Somber Smithing Stone [5],m31_21_00_00,Caves,treasure
7003110,31217210,map_lot,Pillory Shield,m31_21_00_00,Caves,treasure
7003111,31217350,map_lot,Regalia of Eochaid,m31_21_00_00,Caves,treasure
7003112,31217400,map_lot,Rune Arc,m31_21_00_00,Caves,treasure
7003113,31227000,map_lot,White Reed Armor,m31_22_00_00,Caves,treasure
7003114,31227010,map_lot,Golden Rune [6],m31_22_00_00,Caves,treasure
7003115,31227020,map_lot,Golden Rune [12],m31_22_00_00,Caves,treasure
7003116,31227030,map_lot,Freezing Grease,m31_22_00_00,Caves,treasure
7003117,31227040,map_lot,Golden Rune [10],m31_22_00_00,Caves,treasure
7003118,31227050,map_lot,Hero's Rune [1],m31_22_00_00,Caves,treasure
7003119,31227060,map_lot,Rune Arc,m31_22_00_00,Caves,treasure
7003120,31227070,map_lot,Invigorating White Cured Meat,m31_22_00_00,Caves,treasure
7003121,31227080,map_lot,Arteria Leaf,m31_22_00_00,Caves,treasure
7003122,32007000,map_lot,Golden Rune [2],m32_00_00_00,Tunnels,treasure
7003123,32007010,map_lot,Golden Rune [4],m32_00_00_00,Tunnels,treasure
7003124,32007020,map_lot,Large Glintstone Scrap,m32_00_00_00,Tunnels,treasure
7003125,32007030,map_lot,Stanching Boluses,m32_00_00_00,Tunnels,treasure
7003126,32007060,map_lot,Soft Cotton,m32_00_00_00,Tunnels,treasure
7003127,32007070,map_lot,Arteria Leaf,m32_00_00_00,Tunnels,treasure
7003128,32007900,map_lot,Exalted Flesh,m32_00_00_00,Tunnels,treasure
7003129,32017000,map_lot,Smithing Stone [1],m32_01_00_00,Tunnels,treasure
7003130,32017010,map_lot,Golden Rune [4],m32_01_00_00,Tunnels,treasure
7003131,32017020,map_lot,Large Glintstone Scrap,m32_01_00_00,Tunnels,treasure
7003132,32017030,map_lot,Golden Rune [1],m32_01_00_00,Tunnels,treasure
7003133,32017040,map_lot,Glintstone Scrap,m32_01_00_00,Tunnels,treasure
7003134,32027000,map_lot,Somber Smithing Stone [2],m32_02_00_00,Tunnels,treasure
7003135,32027010,map_lot,Somber Smithing Stone [3],m32_02_00_00,Tunnels,treasure
7003136,32027020,map_lot,Golden Rune [3],m32_02_00_00,Tunnels,treasure
7003137,32027030,map_lot,Smithing Stone [3],m32_02_00_00,Tunnels,treasure
7003138,32027040,map_lot,Somber Smithing Stone [3],m32_02_00_00,Tunnels,treasure
7003139,32027060,map_lot,Smithing Stone [1],m32_02_00_00,Tunnels,treasure
7003140,32027070,map_lot,[Sorcery] Shatter Earth,m32_02_00_00,Tunnels,treasure
7003141,32027900,map_lot,Crystal Knife,m32_02_00_00,Tunnels,treasure
7003142,32047000,map_lot,Golden Rune [6],m32_04_00_00,Tunnels,treasure
7003143,32047010,map_lot,Stanching Boluses,m32_04_00_00,Tunnels,treasure
7003144,32047020,map_lot,Somber Smithing Stone [4],m32_04_00_00,Tunnels,treasure
7003145,32047030,map_lot,Explosive Stone Clump,m32_04_00_00,Tunnels,treasure
7003146,32047040,map_lot,Boltdrake Talisman +1,m32_04_00_00,Tunnels,treasure
7003147,32047050,map_lot,Troll's Hammer,m32_04_00_00,Tunnels,treasure
7003148,32057000,map_lot,Crystal Dart,m32_05_00_00,Tunnels,treasure
7003149,32057010,map_lot,Arteria Leaf,m32_05_00_00,Tunnels,treasure
7003150,32057020,map_lot,Golden Rune [7],m32_05_00_00,Tunnels,treasure
7003151,32057030,map_lot,Arsenal Charm +1,m32_05_00_00,Tunnels,treasure
7003152,32057040,map_lot,Glintstone Scrap,m32_05_00_00,Tunnels,treasure
7003153,32057900,map_lot,Glintstone Scrap,m32_05_00_00,Tunnels,treasure
7003154,32057910,map_lot,Rune Arc,m32_05_00_00,Tunnels,treasure
7003155,32077000,map_lot,Somber Smithing Stone [2],m32_07_00_00,Tunnels,treasure
7003156,32077010,map_lot,Golden Rune [5],m32_07_00_00,Tunnels,treasure
7003157,32077020,map_lot,Cross-Naginata,m32_07_00_00,Tunnels,treasure
7003158,32077030,map_lot,Gold-Pickled Fowl Foot,m32_07_00_00,Tunnels,treasure
7003159,32077060,map_lot,Large Glintstone Scrap,m32_07_00_00,Tunnels,treasure
7003160,32077070,map_lot,Grace Mimic,m32_07_00_00,Tunnels,treasure
7003161,32087000,map_lot,Rot Grease,m32_08_00_00,Tunnels,treasure
7003162,32087020,map_lot,Golden Rune [5],m32_08_00_00,Tunnels,treasure
7003163,32087030,map_lot,Glintstone Scrap,m32_08_00_00,Tunnels,treasure
7003164,32087050,map_lot,Rune Arc,m32_08_00_00,Tunnels,treasure
7003165,32087060,map_lot,Cuckoo Glintstone,m32_08_00_00,Tunnels,treasure
7003166,32087070,map_lot,Somber Smithing Stone [4],m32_08_00_00,Tunnels,treasure
7003167,32087100,map_lot,Golden Rune [4],m32_08_00_00,Tunnels,treasure
7003168,32087110,map_lot,Dragonwound Grease,m32_08_00_00,Tunnels,treasure
7003169,32087120,map_lot,Faithful's Canvas Talisman,m32_08_00_00,Tunnels,treasure
7003170,32087900,map_lot,Gravity Stone Fan,m32_08_00_00,Tunnels,treasure
7003171,32087910,map_lot,[Sorcery] Rock Blaster,m32_08_00_00,Tunnels,treasure
7003172,32117000,map_lot,Freezing Grease,m32_11_00_00,Tunnels,treasure
7003173,32117020,map_lot,Golden Rune [10],m32_11_00_00,Tunnels,treasure
7003174,32117030,map_lot,Ancient Dragon Smithing Stone,m32_11_00_00,Tunnels,treasure
7003175,32117040,map_lot,Rune Arc,m32_11_00_00,Tunnels,treasure
7003176,32117060,map_lot,Explosive Stone Clump,m32_11_00_00,Tunnels,treasure
7003177,32117080,map_lot,Hero's Rune [5],m32_11_00_00,Tunnels,treasure
7003178,32117700,enemy_lot,Alabaster Lord's Sword,m32_11_00_00,Tunnels,emevd
7003179,34107000,map_lot,Warming Stone,m34_10_00_00,DLC Dungeon,treasure
7003180,34107010,map_lot,Soft Cotton,m34_10_00_00,DLC Dungeon,treasure
7003181,34107070,map_lot,Stormhawk Feather,m34_10_00_00,DLC Dungeon,treasure
7003182,34107080,map_lot,Silver-Pickled Fowl Foot,m34_10_00_00,DLC Dungeon,treasure
7003183,34107090,map_lot,Golden Rune [2],m34_10_00_00,DLC Dungeon,treasure
7003184,34107100,map_lot,Boltdrake Talisman,m34_10_00_00,DLC Dungeon,treasure
7003185,34107110,map_lot,Ash-of-War Scarab,m34_10_00_00,DLC Dungeon,treasure
7003186,34117010,map_lot,Golden Rune [3],m34_11_00_00,DLC Dungeon,treasure
7003187,34117060,map_lot,Golden Rune [4],m34_11_00_00,DLC Dungeon,treasure
7003188,34117080,map_lot,Cerulean Seed Talisman,m34_11_00_00,DLC Dungeon,treasure
7003189,34117100,map_lot,Mask of Confidence,m34_11_00_00,DLC Dungeon,treasure
7003190,34117110,map_lot,Holyproof Dried Liver,m34_11_00_00,DLC Dungeon,treasure
7003191,34117120,map_lot,Glintstone Firefly,m34_11_00_00,DLC Dungeon,treasure
7003192,34117200,map_lot,Carian Glintstone Staff,m34_11_00_00,DLC Dungeon,treasure
7003193,34117400,map_lot,Godskin Noble Hood,m34_11_00_00,DLC Dungeon,emevd
7003194,34117401,map_lot,Godskin Noble Robe,m34_11_00_00,DLC Dungeon,emevd
7003195,34117402,map_lot,Godskin Noble Bracelets,m34_11_00_00,DLC Dungeon,emevd
7003196,34117403,map_lot,Godskin Noble Trousers,m34_11_00_00,DLC Dungeon,emevd
7003197,34117500,map_lot,Cursemark of Death,m34_11_00_00,DLC Dungeon,treasure
7003198,34117700,map_lot,[Sorcery] Magic Downpour,m34_11_00_00,DLC Dungeon,emevd
7003199,34117710,map_lot,[Sorcery] Lucidity,m34_11_00_00,DLC Dungeon,emevd
7003200,34127010,map_lot,Golden Rune [5],m34_12_00_00,DLC Dungeon,treasure
7003201,34127020,map_lot,Golden Rune [5],m34_12_00_00,DLC Dungeon,treasure
7003202,34127040,map_lot,Hefty Beast Bone,m34_12_00_00,DLC Dungeon,treasure
7003203,34127050,map_lot,Gold-Pickled Fowl Foot,m34_12_00_00,DLC Dungeon,treasure
7003204,34127060,map_lot,Stonesword Key,m34_12_00_00,DLC Dungeon,treasure
7003205,34127070,map_lot,Rune Arc,m34_12_00_00,DLC Dungeon,treasure
7003206,34127080,map_lot,Golden Rune [1],m34_12_00_00,DLC Dungeon,treasure
7003207,34127090,map_lot,Furlcalling Finger Remedy,m34_12_00_00,DLC Dungeon,treasure
7003208,34127100,map_lot,Old Fang,m34_12_00_00,DLC Dungeon,treasure
7003209,34127110,map_lot,Grace Mimic,m34_12_00_00,DLC Dungeon,treasure
7003210,34127120,map_lot,Large Glintstone Scrap,m34_12_00_00,DLC Dungeon,treasure
7003211,34127130,map_lot,Smithing Stone [6],m34_12_00_00,DLC Dungeon,treasure
7003212,34127150,map_lot,Lightning Grease,m34_12_00_00,DLC Dungeon,treasure
7003213,34127160,map_lot,Golden Rune [9],m34_12_00_00,DLC Dungeon,treasure
7003214,34127900,map_lot,Smithing-Stone Miner's Bell Bearing [2],m34_12_00_00,DLC Dungeon,treasure
7003215,34137000,map_lot,Stonesword Key,m34_13_00_00,DLC Dungeon,treasure
7003216,34137010,map_lot,Rune Arc,m34_13_00_00,DLC Dungeon,treasure
7003217,34137020,map_lot,Golden Rune [12],m34_13_00_00,DLC Dungeon,treasure
7003218,34137900,map_lot,Godslayer's Greatsword,m34_13_00_00,DLC Dungeon,treasure
7003219,34147000,map_lot,Invigorating White Cured Meat,m34_14_00_00,DLC Dungeon,treasure
7003220,34147010,map_lot,Official's Attire,m34_14_00_00,DLC Dungeon,treasure
7003221,34147020,map_lot,Flamedrake Talisman +1,m34_14_00_00,DLC Dungeon,treasure
7003222,34147720,map_lot,Somber Smithing Stone [6],m34_14_00_00,DLC Dungeon,emevd
7003223,34147800,map_lot,Golden Rune [9],m34_14_00_00,DLC Dungeon,treasure
7003224,34147810,map_lot,Blade of Calling,m34_14_00_00,DLC Dungeon,treasure
7003225,35007000,map_lot,Poisonbone Dart,m35_00_00_00,Divine Tower,treasure
7003226,35007010,map_lot,Glass Shard,m35_00_00_00,Divine Tower,emevd
7003227,35007020,map_lot,Golden Rune [1],m35_00_00_00,Divine Tower,emevd
7003228,35007030,map_lot,Crimson Amber Medallion +2,m35_00_00_00,Divine Tower,treasure
7003229,35007040,map_lot,Golden Rune [11],m35_00_00_00,Divine Tower,treasure
7003230,35007050,map_lot,Bloodsoaked Manchettes,m35_00_00_00,Divine Tower,treasure
7003231,35007060,map_lot,Eye of Yelough,m35_00_00_00,Divine Tower,treasure
7003232,35007080,map_lot,Preserving Boluses,m35_00_00_00,Divine Tower,treasure
7003233,35007090,map_lot,Furlcalling Finger Remedy,m35_00_00_00,Divine Tower,treasure
7003234,35007100,map_lot,Golden Rune [1],m35_00_00_00,Divine Tower,emevd
7003235,35007110,map_lot,Golden Rune [11],m35_00_00_00,Divine Tower,treasure
7003236,35007120,map_lot,Rune Arc,m35_00_00_00,Divine Tower,treasure
7003237,35007130,map_lot,Lost Ashes of War,m35_00_00_00,Divine Tower,treasure
7003238,35007150,map_lot,Glass Shard,m35_00_00_00,Divine Tower,treasure
7003239,35007160,map_lot,Stonesword Key,m35_00_00_00,Divine Tower,treasure
7003240,35007170,map_lot,Rainbow Stone Arrow (Fletched),m35_00_00_00,Divine Tower,treasure
7003241,35007180,map_lot,Grave Violet,m35_00_00_00,Divine Tower,treasure
7003242,35007190,map_lot,Smithing Stone [7],m35_00_00_00,Divine Tower,treasure
7003243,35007200,map_lot,Fireproof Dried Liver,m35_00_00_00,Divine Tower,treasure
7003244,35007210,map_lot,Somber Smithing Stone [8],m35_00_00_00,Divine Tower,treasure
7003245,35007220,map_lot,Smithing Stone [7],m35_00_00_00,Divine Tower,treasure
7003246,35007240,map_lot,Grace Mimic,m35_00_00_00,Divine Tower,treasure
7003247,35007250,map_lot,String,m35_00_00_00,Divine Tower,treasure
7003248,35007260,map_lot,Fire Grease,m35_00_00_00,Divine Tower,treasure
7003249,35007270,map_lot,Nomad Ashes,m35_00_00_00,Divine Tower,treasure
7003250,35007280,map_lot,Preserving Boluses,m35_00_00_00,Divine Tower,treasure
7003251,35007300,map_lot,Glass Shard,m35_00_00_00,Divine Tower,treasure
7003252,35007310,map_lot,Mohg's Shackle,m35_00_00_00,Divine Tower,treasure
7003253,35007320,map_lot,Dappled White Cured Meat,m35_00_00_00,Divine Tower,treasure
7003254,35007330,map_lot,Glass Shard,m35_00_00_00,Divine Tower,treasure
7003255,35007340,map_lot,Golden Centipede,m35_00_00_00,Divine Tower,treasure
7003256,35007350,map_lot,Poisoned Stone,m35_00_00_00,Divine Tower,treasure
7003257,35007370,map_lot,Freezing Grease,m35_00_00_00,Divine Tower,treasure
7003258,35007380,map_lot,Serpent Arrow,m35_00_00_00,Divine Tower,treasure
7003259,35007390,map_lot,Fire Grease,m35_00_00_00,Divine Tower,treasure
7003260,35007400,map_lot,Somber Smithing Stone [6],m35_00_00_00,Divine Tower,treasure
7003261,35007410,map_lot,Smithing Stone [7],m35_00_00_00,Divine Tower,treasure
7003262,35007420,map_lot,[Incantation] Shadow Bait,m35_00_00_00,Divine Tower,treasure
7003263,35007430,map_lot,Golden Rune [10],m35_00_00_00,Divine Tower,treasure
7003264,35007450,map_lot,Somber Smithing Stone [7],m35_00_00_00,Divine Tower,treasure
7003265,35007460,map_lot,Smithing Stone [7],m35_00_00_00,Divine Tower,treasure
7003266,35007470,map_lot,Glass Shard,m35_00_00_00,Divine Tower,treasure
7003267,35007480,map_lot,Smithing Stone [7],m35_00_00_00,Divine Tower,treasure
7003268,35007500,map_lot,Golden Rune [9],m35_00_00_00,Divine Tower,treasure
7003269,35007510,map_lot,Golden Rune [11],m35_00_00_00,Divine Tower,treasure
7003270,35007530,map_lot,Warming Stone,m35_00_00_00,Divine Tower,treasure
7003271,35007540,map_lot,Smithing Stone [8],m35_00_00_00,Divine Tower,treasure
7003272,35007550,map_lot,Eye of Yelough,m35_00_00_00,Divine Tower,treasure
7003273,35007560,map_lot,Golden Rune [8],m35_00_00_00,Divine Tower,treasure
7003274,35007570,map_lot,Smithing Stone [7],m35_00_00_00,Divine Tower,treasure
7003275,35007580,map_lot,Golden Rune [1],m35_00_00_00,Divine Tower,emevd
7003276,35007590,map_lot,Golden Rune [11],m35_00_00_00,Divine Tower,treasure
7003277,35007600,map_lot,Smithing Stone [5],m35_00_00_00,Divine Tower,treasure
7003278,35007630,map_lot,Smithing Stone [6],m35_00_00_00,Divine Tower,treasure
7003279,35007650,map_lot,Grace Mimic,m35_00_00_00,Divine Tower,treasure
7003280,35007660,map_lot,Golden Rune [11],m35_00_00_00,Divine Tower,treasure
7003281,35007670,map_lot,Hefty Beast Bone,m35_00_00_00,Divine Tower,treasure
7003282,35007680,map_lot,[Incantation] Inescapable Frenzy,m35_00_00_00,Divine Tower,treasure
7003283,35007700,map_lot,Erdtree's Favor +1,m35_00_00_00,Divine Tower,treasure
7003284,35007710,map_lot,Nomadic Merchant's Chapeau,m35_00_00_00,Divine Tower,treasure
7003285,35007720,map_lot,Fingerprint Stone Shield,m35_00_00_00,Divine Tower,treasure
7003286,35007730,map_lot,Warming Stone,m35_00_00_00,Divine Tower,treasure
7003287,35007740,map_lot,Poisoned Stone,m35_00_00_00,Divine Tower,treasure
7003288,35007750,map_lot,Smithing Stone [1],PENDING,Global / Filler (scattered by design),global_filler
7003289,35007770,map_lot,Fire Longsword,m35_00_00_00,Divine Tower,treasure
7003290,35007780,map_lot,Rune Arc,m35_00_00_00,Divine Tower,treasure
7003291,35007900,map_lot,Ghost Glovewort [6],m35_00_00_00,Divine Tower,treasure
7003292,35007910,map_lot,Root Resin,m35_00_00_00,Divine Tower,treasure
7003293,35007920,map_lot,Mushroom,PENDING,Divine Tower,flag_prefix
7003294,35007930,map_lot,Sacramental Bud,m35_00_00_00,Divine Tower,treasure
7003295,35007940,map_lot,Crucible Scale Talisman,m35_00_00_00,Divine Tower,treasure
7003296,35007950,map_lot,Haligdrake Talisman +1,m35_00_00_00,Divine Tower,treasure
7003297,35007960,map_lot,Rune Arc,PENDING,Global / Filler (scattered by design),global_filler
7003298,35007970,map_lot,Somber Smithing Stone [6],m35_00_00_00,Divine Tower,emevd
7003299,35007980,map_lot,Somber Smithing Stone [7],m35_00_00_00,Divine Tower,emevd
7003300,35007990,enemy_lot,Omen Bairn,PENDING,Divine Tower,flag_prefix
7003301,35007993,enemy_lot,Somber Smithing Stone [7],m35_00_00_00,Divine Tower,emevd
7003302,35007995,enemy_lot,Ghost Glovewort [6],PENDING,Divine Tower,flag_prefix
7003303,35007997,enemy_lot,Living Jar Shard,PENDING,Global / Filler (scattered by design),global_filler
7003304,39207000,map_lot,Golden Rune [1],m39_20_00_00,DLC Dungeon,emevd
7003305,39207010,map_lot,Smithing Stone [5],PENDING,Global / Filler (scattered by design),global_filler
7003306,39207020,map_lot,Rune Arc,PENDING,Global / Filler (scattered by design),global_filler
7003307,39207030,map_lot,Somber Smithing Stone [3],PENDING,Global / Filler (scattered by design),global_filler
7003308,39207040,map_lot,Serpent-God's Curved Sword,PENDING,Global / Common-event (unplaced),global
7003309,39207050,map_lot,Smithing Stone [4],PENDING,Global / Filler (scattered by design),global_filler
7003310,39207060,map_lot,Golden Rune [4],PENDING,Global / Filler (scattered by design),global_filler
7003311,39207070,map_lot,Golden Rune [5],PENDING,Global / Filler (scattered by design),global_filler
7003312,39207080,map_lot,Rune Arc,PENDING,Global / Filler (scattered by design),global_filler
7003313,39207090,map_lot,Soft Cotton,PENDING,Global / Common-event (unplaced),global
7003314,39207100,map_lot,Golden Rune [5],PENDING,Global / Filler (scattered by design),global_filler
7003315,39207110,map_lot,Golden Rune [5],PENDING,Global / Filler (scattered by design),global_filler
7003316,39207120,map_lot,Lost Ashes of War,PENDING,Global / Common-event (unplaced),global
7003317,39207130,map_lot,Smithing Stone [3],PENDING,Global / Filler (scattered by design),global_filler
7003318,39207140,map_lot,Smithing Stone [3],PENDING,Global / Filler (scattered by design),global_filler
7003319,39207150,map_lot,Smithing Stone [3],PENDING,Global / Filler (scattered by design),global_filler
7003320,39207160,map_lot,Lightning Grease,PENDING,Global / Common-event (unplaced),global
7003321,39207170,map_lot,Sacred Tear,PENDING,Global / Common-event (unplaced),global
7003322,39207200,map_lot,Smithing Stone [1],PENDING,Global / Filler (scattered by design),global_filler
7003323,39207500,map_lot,Bull-Goat Helm,m39_20_00_00,DLC Dungeon,emevd
7003324,39207970,enemy_lot,Golden Rune [6],PENDING,Global / Filler (scattered by design),global_filler
7003325,39207980,enemy_lot,Golden Rune [6],PENDING,Global / Filler (scattered by design),global_filler
7003326,39207990,enemy_lot,Golden Rune [6],PENDING,Global / Filler (scattered by design),global_filler
7003327,40007000,map_lot,Grave Glovewort [1],m40_00_00_00,DLC Dungeon,emevd
7003328,40007020,map_lot,Knot Resin,PENDING,Global / Common-event (unplaced),global
7003329,40007040,map_lot,Dragonbolt Grease,PENDING,Global / Common-event (unplaced),global
7003330,40007050,map_lot,Grave Glovewort [2],PENDING,Global / Filler (scattered by design),global_filler
7003331,40007060,map_lot,Glass Shard,PENDING,Global / Common-event (unplaced),global
7003332,40007070,map_lot,Broken Rune,PENDING,Global / Common-event (unplaced),global
7003333,40007080,map_lot,Ghost Glovewort [4],PENDING,Global / Filler (scattered by design),global_filler
7003334,40007090,map_lot,[Incantation] Electrocharge,PENDING,Global / Common-event (unplaced),global
7003335,40007100,map_lot,Ghost Glovewort [5],PENDING,Global / Filler (scattered by design),global_filler
7003336,40007110,map_lot,Grave Glovewort [7],PENDING,Global / Filler (scattered by design),global_filler
7003337,40007120,map_lot,Rada Fruit,PENDING,Global / Filler (scattered by design),global_filler
7003338,40007800,map_lot,Great Ghost Glovewort,m40_00_00_00,DLC Dungeon,emevd
7003339,40007810,map_lot,Black Knight Commander Andreas,PENDING,Global / Common-event (unplaced),global
7003340,40007820,map_lot,Shadow Realm Rune [3],PENDING,Global / Common-event (unplaced),global
7003341,40007900,map_lot,Ash of War: Blinkbolt,PENDING,Global / Common-event (unplaced),global
7003342,40017000,map_lot,Rejuvenating Boluses,m40_01_00_00,DLC Dungeon,emevd
7003343,40017010,map_lot,Grave Glovewort [3],PENDING,Global / Filler (scattered by design),global_filler
7003344,40017020,map_lot,Redflesh Mushroom,PENDING,Global / Common-event (unplaced),global
7003345,40017030,map_lot,Ghost Glovewort [5],PENDING,Global / Filler (scattered by design),global_filler
7003346,40017040,map_lot,Ghost Glovewort [3],PENDING,Global / Filler (scattered by design),global_filler
7003347,40017050,map_lot,Black Knight Captain Huw,PENDING,Global / Common-event (unplaced),global
7003348,40017060,map_lot,Ghost Glovewort [6],PENDING,Global / Filler (scattered by design),global_filler
7003349,40017070,map_lot,Imp Head (Lion),PENDING,Global / Common-event (unplaced),global
7003350,40017080,map_lot,[Incantation] Knight's Lightning Spear,PENDING,Global / Common-event (unplaced),global
7003351,40017090,map_lot,Yellow Fulgurbloom,PENDING,Global / Common-event (unplaced),global
7003352,40017100,map_lot,Grave Glovewort [4],PENDING,Global / Filler (scattered by design),global_filler
7003353,40017110,map_lot,Rejuvenating Boluses,PENDING,Global / Common-event (unplaced),global
7003354,40017120,map_lot,Great Ghost Glovewort,PENDING,Global / Filler (scattered by design),global_filler
7003355,40017130,map_lot,Ghost Glovewort [8],PENDING,Global / Filler (scattered by design),global_filler
7003356,40017140,map_lot,Shadow Realm Rune [4],PENDING,Global / Common-event (unplaced),global
7003357,40017150,map_lot,Broken Rune,PENDING,Global / Common-event (unplaced),global
7003358,40027000,map_lot,Grave Glovewort [5],m40_02_00_00,DLC Dungeon,emevd
7003359,40027010,map_lot,Grave Glovewort [1],PENDING,Global / Filler (scattered by design),global_filler
7003360,40027020,map_lot,Viridian Amber Medallion +3,PENDING,Global / Common-event (unplaced),global
7003361,40027100,map_lot,Ghost Glovewort [2],PENDING,Global / Filler (scattered by design),global_filler
7003362,40027110,map_lot,Thin Beast Bones,PENDING,Global / Common-event (unplaced),global
7003363,40027120,map_lot,Shadow Realm Rune [5],PENDING,Global / Common-event (unplaced),global
7003364,40027130,map_lot,Death Knight Helm,PENDING,Global / Common-event (unplaced),global
7003365,40027140,map_lot,Ghost Glovewort [9],PENDING,Global / Filler (scattered by design),global_filler
7003366,40027200,map_lot,Ghost Glovewort [8],m40_02_00_00,DLC Dungeon,emevd
7003367,40027210,map_lot,Ghost Glovewort [4],PENDING,Global / Filler (scattered by design),global_filler
7003368,40027220,map_lot,Bigmouth Imp Ashes,m40_02_00_00,DLC Dungeon,emevd
7003369,40027900,enemy_lot,Great Ghost Glovewort,PENDING,Global / Filler (scattered by design),global_filler
7003370,41007000,map_lot,Frozen Maggot,m41_00_00_00,DLC Legacy Dungeon,emevd
7003371,41007010,map_lot,Silver Horn Tender,PENDING,Global / Common-event (unplaced),global
7003372,41007020,map_lot,Frozen Maggot,PENDING,Global / Common-event (unplaced),global
7003373,41007100,map_lot,Broken Rune,PENDING,Global / Common-event (unplaced),global
7003374,41007110,map_lot,Thawfrost Boluses,PENDING,Global / Common-event (unplaced),global
7003375,41007120,map_lot,Shadow Realm Rune [3],PENDING,Global / Common-event (unplaced),global
7003376,41007130,map_lot,Glass Shard,PENDING,Global / Common-event (unplaced),global
7003377,41007200,map_lot,Smithing Stone [6],m41_00_00_00,DLC Legacy Dungeon,emevd
7003378,41007210,map_lot,Innard Meat,PENDING,Global / Common-event (unplaced),global
7003379,41007250,map_lot,Greatjar,PENDING,Global / Common-event (unplaced),global
7003380,41007260,map_lot,Smithing Stone [3],m41_00_00_00,DLC Legacy Dungeon,emevd
7003381,41007270,map_lot,Lost Ashes of War,PENDING,Global / Common-event (unplaced),global
7003382,41007970,enemy_lot,Living Jar Shard,PENDING,Global / Filler (scattered by design),global_filler
7003383,41007975,enemy_lot,Living Jar Shard,PENDING,Global / Filler (scattered by design),global_filler
7003384,41007980,enemy_lot,Living Jar Shard,PENDING,Global / Filler (scattered by design),global_filler
7003385,41007985,enemy_lot,Living Jar Shard,PENDING,Global / Filler (scattered by design),global_filler
7003386,41007990,enemy_lot,Living Jar Shard,PENDING,Global / Filler (scattered by design),global_filler
7003387,41007995,enemy_lot,Living Jar Shard,PENDING,Global / Filler (scattered by design),global_filler
7003388,41017010,map_lot,Bolt,PENDING,DLC Legacy Dungeon,flag_prefix
7003389,41017020,map_lot,Stalwart Horn Charm +2,PENDING,DLC Legacy Dungeon,flag_prefix
7003390,41017030,map_lot,Frozen Maggot,PENDING,DLC Legacy Dungeon,flag_prefix
7003391,41017100,map_lot,Broken Rune,PENDING,DLC Legacy Dungeon,flag_prefix
7003392,41017110,map_lot,Smithing Stone [2],PENDING,Global / Filler (scattered by design),global_filler
7003393,41017120,map_lot,Invigorating Cured Meat,PENDING,DLC Legacy Dungeon,flag_prefix
7003394,41017130,map_lot,Broken Rune,PENDING,DLC Legacy Dungeon,flag_prefix
7003395,41017200,map_lot,Broken Rune,PENDING,DLC Legacy Dungeon,flag_prefix
7003396,41017210,map_lot,Lost Ashes of War,m41_01_00_00,DLC Legacy Dungeon,emevd
7003397,41017220,map_lot,Shield of Night,m41_01_00_00,DLC Legacy Dungeon,emevd
7003398,41017230,map_lot,Innard Meat,PENDING,DLC Legacy Dungeon,flag_prefix
7003399,41017240,map_lot,Raw Meat Dumpling,PENDING,Global / Filler (scattered by design),global_filler
7003400,41017300,map_lot,Helm of Night,m41_01_00_00,DLC Legacy Dungeon,emevd
7003401,41017310,map_lot,Silver Horn Tender,PENDING,DLC Legacy Dungeon,flag_prefix
7003402,41017975,enemy_lot,Living Jar Shard,PENDING,Global / Filler (scattered by design),global_filler
7003403,41017980,enemy_lot,Living Jar Shard,PENDING,Global / Filler (scattered by design),global_filler
7003404,41017985,enemy_lot,Living Jar Shard,PENDING,Global / Filler (scattered by design),global_filler
7003405,41017990,enemy_lot,Living Jar Shard,PENDING,Global / Filler (scattered by design),global_filler
7003406,41017995,enemy_lot,Living Jar Shard,PENDING,Global / Filler (scattered by design),global_filler
7003407,41027000,map_lot,Gaol Upper Level Key,m41_02_00_00,DLC Legacy Dungeon,emevd
7003408,41027010,map_lot,"Prattling Pate ""Lamentation""",PENDING,Global / Common-event (unplaced),global
7003409,41027100,map_lot,Chilling Perfume Bottle,PENDING,Global / Common-event (unplaced),global
7003410,41027110,map_lot,Call of Tibia,PENDING,Global / Common-event (unplaced),global
7003411,41027120,map_lot,Shadow Realm Rune [4],PENDING,Global / Common-event (unplaced),global
7003412,41027130,map_lot,Lamenting Visage,PENDING,Global / Common-event (unplaced),global
7003413,41027200,map_lot,Innard Meat,m41_02_00_00,DLC Legacy Dungeon,emevd
7003414,41027210,map_lot,Clarifying Horn Charm +2,m41_02_00_00,DLC Legacy Dungeon,emevd
7003415,41027300,map_lot,Living Jar Shard,m41_02_00_00,DLC Legacy Dungeon,emevd
7003416,41027320,map_lot,Gaol Lower Level Key,m41_02_00_00,DLC Legacy Dungeon,emevd
7003417,41027985,enemy_lot,Living Jar Shard,PENDING,Global / Filler (scattered by design),global_filler
7003418,41027990,enemy_lot,Living Jar Shard,PENDING,Global / Filler (scattered by design),global_filler
7003419,41027995,enemy_lot,Living Jar Shard,PENDING,Global / Filler (scattered by design),global_filler
7003420,42007000,map_lot,Anvil Hammer,m42_00_00_00,DLC Dungeon,emevd
7003421,42007100,map_lot,Smithing Stone [5],PENDING,Global / Filler (scattered by design),global_filler
7003422,42007110,map_lot,Smithing Stone [2],PENDING,Global / Filler (scattered by design),global_filler
7003423,42007130,map_lot,Smithing Stone [4],PENDING,Global / Filler (scattered by design),global_filler
7003424,42007140,map_lot,Smithing Stone [7],PENDING,Global / Filler (scattered by design),global_filler
7003425,42007150,map_lot,Smithscript Dagger,PENDING,Global / Common-event (unplaced),global
7003426,42007160,map_lot,Somber Smithing Stone [6],PENDING,Global / Filler (scattered by design),global_filler
7003427,42007170,map_lot,Somber Smithing Stone [2],PENDING,Global / Filler (scattered by design),global_filler
7003428,42007180,map_lot,Glass Shard,PENDING,Global / Common-event (unplaced),global
7003429,42027000,map_lot,Ancient Meteoric Ore Greatsword,m42_02_00_00,DLC Legacy Dungeon,emevd
7003430,42027010,map_lot,Glass Shard,PENDING,Global / Common-event (unplaced),global
7003431,42027020,map_lot,Somber Smithing Stone [7],PENDING,Global / Filler (scattered by design),global_filler
7003432,42027030,map_lot,Smithing Talisman,PENDING,Global / Common-event (unplaced),global
7003433,42027040,map_lot,Somber Smithing Stone [8],PENDING,Global / Filler (scattered by design),global_filler
7003434,42027050,map_lot,Smithscript Spear,PENDING,Global / Common-event (unplaced),global
7003435,42027060,map_lot,Smithscript Cirque,PENDING,Global / Common-event (unplaced),global
7003436,42027070,map_lot,Smithing Stone [3],PENDING,Global / Filler (scattered by design),global_filler
7003437,42027080,map_lot,Smithing Stone [8],PENDING,Global / Filler (scattered by design),global_filler
7003438,42037000,map_lot,Taylew the Golem Smith,m42_03_00_00,DLC Legacy Dungeon,emevd
7003439,42037100,map_lot,Smithscript Axe,m42_03_00_00,DLC Legacy Dungeon,treasure
7003440,42037110,map_lot,Ancient Dragon Smithing Stone,m42_03_00_00,DLC Legacy Dungeon,treasure
7003441,42037120,map_lot,Smithscript Shield,m42_03_00_00,DLC Legacy Dungeon,treasure
7003442,42037130,map_lot,Somber Smithing Stone [3],m42_03_00_00,DLC Legacy Dungeon,treasure
7003443,42037140,map_lot,Somber Smithing Stone [8],m42_03_00_00,DLC Legacy Dungeon,treasure
7003444,42037150,map_lot,Shadow Realm Rune [3],m42_03_00_00,DLC Legacy Dungeon,treasure
7003445,42037160,map_lot,Smithscript Greathammer,m42_03_00_00,DLC Legacy Dungeon,treasure
7003446,42037170,map_lot,Smithing Stone [4],m42_03_00_00,DLC Legacy Dungeon,treasure
7003447,42037180,map_lot,Smithing Stone [8],m42_03_00_00,DLC Legacy Dungeon,treasure
7003448,43007000,map_lot,Sliver of Meat,m43_00_00_00,DLC Dungeon,emevd
7003449,43007010,map_lot,Hefty Beast Bone,PENDING,Global / Common-event (unplaced),global
7003450,43007020,map_lot,Shadow Realm Rune [1],PENDING,Global / Common-event (unplaced),global
7003451,43007030,map_lot,Sanguine Amaryllis,PENDING,Global / Common-event (unplaced),global
7003452,43007040,map_lot,Sacred Bloody Flesh,PENDING,Global / Common-event (unplaced),global
7003453,43007050,map_lot,Sacred Bloody Flesh,PENDING,Global / Common-event (unplaced),global
7003454,43017000,map_lot,Smithing Stone [1],m43_01_00_00,DLC Legacy Dungeon,emevd
7003455,43017010,map_lot,Shadow Realm Rune [2],PENDING,Global / Common-event (unplaced),global
7003456,43017020,map_lot,Knot Resin,PENDING,Global / Common-event (unplaced),global
7003457,43017030,map_lot,Smithing Stone [5],PENDING,Global / Filler (scattered by design),global_filler
7003458,43017040,map_lot,Smithing Stone [4],PENDING,Global / Filler (scattered by design),global_filler
7003459,43017900,map_lot,Dragon Heart,m43_01_00_00,DLC Legacy Dungeon,emevd
7003460,53000700,enemy_lot,,PENDING,Global / Common-event (unplaced),global
7003461,59930000,map_lot,Veteran's Helm,PENDING,Global / Common-event (unplaced),global
7003462,59930001,map_lot,,PENDING,Global / Common-event (unplaced),global
7003463,59930010,map_lot,,PENDING,Global / Common-event (unplaced),global
7003464,59931000,map_lot,Soft Cotton,PENDING,Global / Common-event (unplaced),global
7003465,59990000,map_lot,,PENDING,Global / Common-event (unplaced),global
7003466,59990010,map_lot,,PENDING,Global / Common-event (unplaced),global
7003467,99017000,map_lot,Golden Rune [1],PENDING,Global / Filler (scattered by design),global_filler
7003468,99997000,map_lot,,PENDING,Global / Common-event (unplaced),global
7003469,99997010,map_lot,,PENDING,Global / Common-event (unplaced),global
7003470,99997020,map_lot,Cracked Pot,PENDING,Global / Common-event (unplaced),global
7003471,99997030,map_lot,Perfume Bottle,PENDING,Global / Common-event (unplaced),global
7003472,1032500030,synthetic,"SA/FR: Smithing Stone [6] x8 - in chest to SE inside, in center room below, inside cage",PENDING,Scadu Altus (DLC),synthetic_areacode
7003473,1033407100,map_lot,[Sorcery] Ranni's Dark Moon,m60_33_40_00,Overworld m60_33_40_00,treasure
7003474,1033417000,map_lot,Smithing Stone [7],m60_33_41_00,Overworld m60_33_41_00,treasure
7003475,1033417010,map_lot,Smithing Stone [8],m60_33_41_00,Overworld m60_33_41_00,treasure
7003476,1033417020,map_lot,Smithing Stone [7],m60_33_41_00,Overworld m60_33_41_00,treasure
7003477,1033417400,map_lot,Dragon Heart,m60_33_41_00,Overworld m60_33_41_00,emevd
7003478,1033417410,map_lot,Dragon Heart,m60_33_41_00,Overworld m60_33_41_00,emevd
7003479,1033447000,map_lot,Raw Meat Dumpling,m60_33_44_00,Overworld m60_33_44_00,emevd
7003480,1033447010,map_lot,Raw Meat Dumpling,PENDING,Global / Filler (scattered by design),global_filler
7003481,1033447020,map_lot,Raw Meat Dumpling,PENDING,Global / Filler (scattered by design),global_filler
7003482,1033447030,map_lot,Raw Meat Dumpling,PENDING,Global / Filler (scattered by design),global_filler
7003483,1033447040,map_lot,Raw Meat Dumpling,PENDING,Global / Filler (scattered by design),global_filler
7003484,1033457100,map_lot,Dragonscale Blade,PENDING,Global / Common-event (unplaced),global
7003485,1033457990,enemy_lot,Golden Rune [6],PENDING,Global / Filler (scattered by design),global_filler
7003486,1033467000,map_lot,Strip of White Flesh,m60_33_46_00,Overworld m60_33_46_00,emevd
7003487,1033467030,map_lot,Blood Grease,PENDING,Global / Common-event (unplaced),global
7003488,1033467040,map_lot,Jellyfish Shield,PENDING,Global / Common-event (unplaced),global
7003489,1033477000,map_lot,Somber Smithing Stone [3],m60_33_47_00,Overworld m60_33_47_00,emevd
7003490,1033477010,map_lot,Smithing Stone [4],PENDING,Global / Filler (scattered by design),global_filler
7003491,1033477020,map_lot,Imbued Sword Key,PENDING,Global / Common-event (unplaced),global
7003492,1033477030,map_lot,Rune Arc,PENDING,Global / Filler (scattered by design),global_filler
7003493,1033477200,map_lot,Carian Knight's Sword,m60_33_47_00,Overworld m60_33_47_00,emevd
7003494,1033477900,map_lot,Albinauric Bloodclot,PENDING,Global / Common-event (unplaced),global
7003495,1033477910,map_lot,Cuckoo Glintstone,PENDING,Global / Common-event (unplaced),global
7003496,1034417000,map_lot,Gravel Stone,m60_34_41_00,Overworld m60_34_41_00,emevd
7003497,1034427000,map_lot,Golden Rune [9],m60_34_42_00,Overworld m60_34_42_00,treasure
7003498,1034427010,map_lot,Magic Grease,m60_34_42_00,Overworld m60_34_42_00,treasure
7003499,1034427020,map_lot,Albinauric Bloodclot,m60_34_42_00,Overworld m60_34_42_00,treasure
7003500,1034427030,map_lot,Smithing Stone [2],m60_34_42_00,Overworld m60_34_42_00,treasure
7003501,1034427040,map_lot,Rune Arc,m60_34_42_00,Overworld m60_34_42_00,treasure
7003502,1034427050,map_lot,Crystal Sword,m60_34_42_00,Overworld m60_34_42_00,treasure
7003503,1034427060,map_lot,Larval Tear,m60_34_42_00,Overworld m60_34_42_00,treasure
7003504,1034427100,map_lot,Somber Smithing Stone [8],m60_34_42_00,Overworld m60_34_42_00,treasure
7003505,1034427400,map_lot,Dragon Heart,m60_34_42_00,Overworld m60_34_42_00,emevd
7003506,1034437000,map_lot,Magic Grease,m60_34_43_00,Overworld m60_34_43_00,treasure
7003507,1034437200,map_lot,Golden Rune [6],m60_34_43_00,Overworld m60_34_43_00,emevd
7003508,1034437300,map_lot,Cuckoo Glintstone,m60_34_43_00,Overworld m60_34_43_00,treasure
7003509,1034447000,map_lot,Rimed Crystal Bud,m60_34_44_00,Overworld m60_34_44_00,treasure
7003510,1034447010,map_lot,Smithing Stone [2],m60_34_44_00,Overworld m60_34_44_00,treasure
7003511,1034447900,map_lot,Icerind Hatchet,m60_34_44_00,Overworld m60_34_44_00,treasure
7003512,1034457010,map_lot,Dragonwound Grease,m60_34_45_00,Overworld m60_34_45_00,treasure
7003513,1034457020,map_lot,Kukri,m60_34_45_00,Overworld m60_34_45_00,treasure
7003514,1034457100,map_lot,Academy Glintstone Key,m60_34_45_00,Overworld m60_34_45_00,treasure
7003515,1034467100,map_lot,Smithing Stone [3],m60_34_46_00,Overworld m60_34_46_00,treasure
7003516,1034477000,map_lot,Throwing Dagger,m60_34_47_00,Overworld m60_34_47_00,treasure
7003517,1034477110,map_lot,Golden Rune [1],m60_34_47_00,Overworld m60_34_47_00,treasure
7003518,1034477120,map_lot,Golden Rune [3],m60_34_47_00,Overworld m60_34_47_00,treasure
7003519,1034477130,map_lot,Golden Rune [3],m60_34_47_00,Overworld m60_34_47_00,treasure
7003520,1034477140,map_lot,Golden Rune [1],m60_34_47_00,Overworld m60_34_47_00,treasure
7003521,1034477150,map_lot,Golden Rune [5],m60_34_47_00,Overworld m60_34_47_00,treasure
7003522,1034477160,map_lot,Golden Rune [3],m60_34_47_00,Overworld m60_34_47_00,treasure
7003523,1034477170,map_lot,Golden Rune [2],m60_34_47_00,Overworld m60_34_47_00,treasure
7003524,1034477180,map_lot,Golden Rune [3],m60_34_47_00,Overworld m60_34_47_00,treasure
7003525,1034477190,map_lot,Golden Rune [3],m60_34_47_00,Overworld m60_34_47_00,treasure
7003526,1034477200,map_lot,Golden Rune [4],m60_34_47_00,Overworld m60_34_47_00,treasure
7003527,1034477210,map_lot,Golden Rune [2],m60_34_47_00,Overworld m60_34_47_00,treasure
7003528,1034477220,map_lot,Golden Rune [4],m60_34_47_00,Overworld m60_34_47_00,treasure
7003529,1034477300,map_lot,Golden Rune [6],m60_34_47_00,Overworld m60_34_47_00,emevd
7003530,1034477310,map_lot,Golden Rune [6],m60_34_47_00,Overworld m60_34_47_00,emevd
7003531,1034477500,map_lot,Golden Rune [2],m60_34_47_00,Overworld m60_34_47_00,treasure
7003532,1034487000,map_lot,Rimed Crystal Bud,m60_34_48_00,Overworld m60_34_48_00,treasure
7003533,1034487010,map_lot,Glintstone Firefly,m60_34_48_00,Overworld m60_34_48_00,treasure
7003534,1034487100,map_lot,Frozen Needle,m60_34_48_00,Overworld m60_34_48_00,treasure
7003535,1034487300,map_lot,Golden Rune [6],m60_34_48_00,Overworld m60_34_48_00,emevd
7003536,1034487310,map_lot,Golden Rune [6],m60_34_48_00,Overworld m60_34_48_00,emevd
7003537,1034497010,map_lot,,m60_34_49_00,Overworld m60_34_49_00,treasure
7003538,1034507010,map_lot,Golden Rune [3],m60_34_50_00,Overworld m60_34_50_00,treasure
7003539,1034507020,map_lot,Golden Rune [4],m60_34_50_00,Overworld m60_34_50_00,treasure
7003540,1034507030,map_lot,Golden Rune [5],m60_34_50_00,Overworld m60_34_50_00,treasure
7003541,1034507040,map_lot,Golden Rune [1],m60_34_50_00,Overworld m60_34_50_00,treasure
7003542,1034507050,map_lot,Golden Rune [3],m60_34_50_00,Overworld m60_34_50_00,treasure
7003543,1034507060,map_lot,Golden Rune [3],m60_34_50_00,Overworld m60_34_50_00,treasure
7003544,1034507070,map_lot,Golden Rune [2],m60_34_50_00,Overworld m60_34_50_00,treasure
7003545,1034507080,map_lot,Golden Rune [3],m60_34_50_00,Overworld m60_34_50_00,treasure
7003546,1034507090,map_lot,Black Wolf Mask,m60_34_50_00,Overworld m60_34_50_00,treasure
7003547,1034507200,map_lot,,m60_34_50_00,Overworld m60_34_50_00,emevd
7003548,1034517900,map_lot,Snow Witch Hat,m60_34_51_00,Overworld m60_34_51_00,treasure
7003549,1035417000,map_lot,Golden Rune [10],m60_35_41_00,Overworld m60_35_41_00,treasure
7003550,1035417010,map_lot,Glintstone Firefly,m60_35_41_00,Overworld m60_35_41_00,treasure
7003551,1035417100,map_lot,Cerulean Amber Medallion +2,m60_35_41_00,Overworld m60_35_41_00,treasure
7003552,1035417110,map_lot,Smithing Stone [8],m60_35_41_00,Overworld m60_35_41_00,treasure
7003553,1035417980,enemy_lot,Ghost Glovewort [2],PENDING,Global / Filler (scattered by design),global_filler
7003554,1035417990,enemy_lot,Ghost Glovewort [2],PENDING,Global / Filler (scattered by design),global_filler
7003555,1035427010,map_lot,Smithing Stone [2],PENDING,Global / Filler (scattered by design),global_filler
7003556,1035427030,map_lot,Rune Arc,PENDING,Global / Filler (scattered by design),global_filler
7003557,1035427040,map_lot,Ivory Sickle,PENDING,Global / Common-event (unplaced),global
7003558,1035427100,map_lot,Starlight Shards,PENDING,Global / Common-event (unplaced),global
7003559,1035427110,map_lot,Starlight Shards,PENDING,Global / Common-event (unplaced),global
7003560,1035427120,map_lot,Starlight Shards,PENDING,Global / Common-event (unplaced),global
7003561,1035427130,map_lot,Starlight Shards,PENDING,Global / Common-event (unplaced),global
7003562,1035427140,map_lot,Starlight Shards,PENDING,Global / Common-event (unplaced),global
7003563,1035427150,map_lot,Starlight Shards,m60_35_42_00,Overworld m60_35_42_00,emevd
7003564,1035427160,map_lot,Starlight Shards,PENDING,Global / Common-event (unplaced),global
7003565,1035427170,map_lot,Starlight Shards,PENDING,Global / Common-event (unplaced),global
7003566,1035427180,map_lot,Starlight Shards,PENDING,Global / Common-event (unplaced),global
7003567,1035427190,map_lot,Starlight Shards,PENDING,Global / Common-event (unplaced),global
7003568,1035427200,map_lot,Starlight Shards,m60_35_42_00,Overworld m60_35_42_00,emevd
7003569,1035437010,map_lot,Somber Smithing Stone [1],m60_35_43_00,Overworld m60_35_43_00,treasure
7003570,1035437100,map_lot,Larval Tear,m60_35_43_00,Overworld m60_35_43_00,emevd
7003571,1035447000,map_lot,Smithing Stone [3],m60_35_44_00,Overworld m60_35_44_00,treasure
7003572,1035447010,map_lot,Golden Rune [1],m60_35_44_00,Overworld m60_35_44_00,treasure
7003573,1035447020,map_lot,Golden Rune [4],m60_35_44_00,Overworld m60_35_44_00,treasure
7003574,1035447030,map_lot,Golden Rune [3],m60_35_44_00,Overworld m60_35_44_00,treasure
7003575,1035447040,map_lot,Golden Rune [2],m60_35_44_00,Overworld m60_35_44_00,treasure
7003576,1035447050,map_lot,Golden Rune [4],m60_35_44_00,Overworld m60_35_44_00,treasure
7003577,1035447060,map_lot,Golden Rune [2],m60_35_44_00,Overworld m60_35_44_00,treasure
7003578,1035447070,map_lot,Golden Rune [1],m60_35_44_00,Overworld m60_35_44_00,treasure
7003579,1035447080,map_lot,Golden Rune [5],m60_35_44_00,Overworld m60_35_44_00,treasure
7003580,1035447090,map_lot,Golden Rune [2],m60_35_44_00,Overworld m60_35_44_00,treasure
7003581,1035447100,map_lot,Golden Rune [3],m60_35_44_00,Overworld m60_35_44_00,treasure
7003582,1035447110,map_lot,Smithing Stone [2],m60_35_44_00,Overworld m60_35_44_00,treasure
7003583,1035447120,map_lot,Blue-White Wooden Shield,m60_35_44_00,Overworld m60_35_44_00,treasure
7003584,1035447990,enemy_lot,Smoldering Butterfly,PENDING,Global / Common-event (unplaced),global
7003585,1035457000,map_lot,Celestial Dew,m60_35_45_00,Overworld m60_35_45_00,emevd
7003586,1035457030,map_lot,Strip of White Flesh,PENDING,Global / Common-event (unplaced),global
7003587,1035457100,map_lot,Meeting Place Map,m60_35_45_00,Overworld m60_35_45_00,emevd
7003588,1035467020,map_lot,Stonesword Key,PENDING,Global / Filler (scattered by design),global_filler
7003589,1035467100,map_lot,Golden Seed,PENDING,Global / Filler (scattered by design),global_filler
7003590,1035467700,map_lot,Ash of War: Raptor of the Mists,m60_35_46_00,Overworld m60_35_46_00,emevd
7003591,1035477000,map_lot,Golden Rune [1],m60_35_47_00,Overworld m60_35_47_00,emevd
7003592,1035477010,map_lot,Smithing Stone [2],m60_35_47_00,Overworld m60_35_47_00,treasure
7003593,1035487010,map_lot,Old Fang,m60_35_48_00,Overworld m60_35_48_00,treasure
7003594,1035487020,map_lot,Soporific Grease,m60_35_48_00,Overworld m60_35_48_00,treasure
7003595,1035487030,map_lot,Lump of Flesh,m60_35_48_00,Overworld m60_35_48_00,treasure
7003596,1035487100,map_lot,Golden Rune [6],m60_35_48_00,Overworld m60_35_48_00,emevd
7003597,1035497020,map_lot,Somber Smithing Stone [4],PENDING,Global / Filler (scattered by design),global_filler
7003598,1035497990,enemy_lot,Somber Smithing Stone [2],PENDING,Global / Filler (scattered by design),global_filler
7003599,1035507000,map_lot,Rune Arc,m60_35_50_00,Overworld m60_35_50_00,emevd
7003600,1035507010,map_lot,Golden Rune [4],PENDING,Global / Filler (scattered by design),global_filler
7003601,1035507020,map_lot,Stonesword Key,PENDING,Global / Filler (scattered by design),global_filler
7003602,1035507030,map_lot,Slumbering Egg,PENDING,Global / Common-event (unplaced),global
7003603,1035507050,map_lot,Somber Smithing Stone [3],PENDING,Global / Filler (scattered by design),global_filler
7003604,1035507060,map_lot,Golden Rune [3],PENDING,Global / Filler (scattered by design),global_filler
7003605,1035507070,map_lot,Crystal Dart,PENDING,Global / Common-event (unplaced),global
7003606,1035507080,map_lot,Smithing Stone [4],PENDING,Global / Filler (scattered by design),global_filler
7003607,1035507090,map_lot,Ash of War: Carian Grandeur,PENDING,Global / Common-event (unplaced),global
7003608,1035507100,map_lot,Somber Smithing Stone [3],PENDING,Global / Filler (scattered by design),global_filler
7003609,1035507110,map_lot,Spellproof Dried Liver,PENDING,Global / Common-event (unplaced),global
7003610,1035507120,map_lot,Rimed Crystal Bud,PENDING,Global / Common-event (unplaced),global
7003611,1035507130,map_lot,Smithing Stone [2],PENDING,Global / Filler (scattered by design),global_filler
7003612,1035507140,map_lot,Smithing Stone [4],PENDING,Global / Filler (scattered by design),global_filler
7003613,1035507150,map_lot,Urumi,PENDING,Global / Common-event (unplaced),global
7003614,1035507160,map_lot,Smithing Stone [3],PENDING,Global / Filler (scattered by design),global_filler
7003615,1035507170,map_lot,Golden Rune [4],PENDING,Global / Filler (scattered by design),global_filler
7003616,1035507180,map_lot,Old Fang,PENDING,Global / Common-event (unplaced),global
7003617,1035507190,map_lot,Glintstone Firefly,PENDING,Global / Common-event (unplaced),global
7003618,1035507200,map_lot,Ice Crest Shield,m60_35_50_00,Overworld m60_35_50_00,emevd
7003619,1035507220,map_lot,Magic Grease,m60_35_50_00,Overworld m60_35_50_00,emevd
7003620,1035507230,map_lot,Rimed Crystal Bud,m60_35_50_00,Overworld m60_35_50_00,emevd
7003621,1035507240,map_lot,Rimed Crystal Bud,m60_35_50_00,Overworld m60_35_50_00,emevd
7003622,1035507250,map_lot,Rimed Crystal Bud,PENDING,Global / Common-event (unplaced),global
7003623,1035507260,map_lot,Rimed Crystal Bud,PENDING,Global / Common-event (unplaced),global
7003624,1035507270,map_lot,Rimed Crystal Bud,PENDING,Global / Common-event (unplaced),global
7003625,1035507280,map_lot,Rimed Crystal Bud,m60_35_50_00,Overworld m60_35_50_00,emevd
7003626,1035507300,map_lot,Golden Seed,PENDING,Global / Filler (scattered by design),global_filler
7003627,1035507610,enemy_lot,Living Jar Shard,PENDING,Global / Filler (scattered by design),global_filler
7003628,1035507620,enemy_lot,Living Jar Shard,PENDING,Global / Filler (scattered by design),global_filler
7003629,1035507630,enemy_lot,Living Jar Shard,PENDING,Global / Filler (scattered by design),global_filler
7003630,1035507650,enemy_lot,Somber Smithing Stone [2],PENDING,Global / Filler (scattered by design),global_filler
7003631,1035507660,enemy_lot,Somber Smithing Stone [2],PENDING,Global / Filler (scattered by design),global_filler
7003632,1035507670,enemy_lot,Somber Smithing Stone [2],PENDING,Global / Filler (scattered by design),global_filler
7003633,1035507680,enemy_lot,Somber Smithing Stone [2],PENDING,Global / Filler (scattered by design),global_filler
7003634,1035507690,enemy_lot,Somber Smithing Stone [2],PENDING,Global / Filler (scattered by design),global_filler
7003635,1035507700,enemy_lot,Somber Smithing Stone [2],PENDING,Global / Filler (scattered by design),global_filler
7003636,1035507710,enemy_lot,Somber Smithing Stone [2],PENDING,Global / Filler (scattered by design),global_filler
7003637,1035507720,enemy_lot,Somber Smithing Stone [2],PENDING,Global / Filler (scattered by design),global_filler
7003638,1035507730,enemy_lot,Somber Smithing Stone [2],PENDING,Global / Filler (scattered by design),global_filler
7003639,1035507740,enemy_lot,Somber Smithing Stone [2],PENDING,Global / Filler (scattered by design),global_filler
7003640,1035507750,enemy_lot,Somber Smithing Stone [2],PENDING,Global / Filler (scattered by design),global_filler
7003641,1035507760,enemy_lot,Somber Smithing Stone [2],PENDING,Global / Filler (scattered by design),global_filler
7003642,1035507770,enemy_lot,Somber Smithing Stone [2],PENDING,Global / Filler (scattered by design),global_filler
7003643,1035507780,enemy_lot,Somber Smithing Stone [2],PENDING,Global / Filler (scattered by design),global_filler
7003644,1035507790,enemy_lot,Somber Smithing Stone [2],PENDING,Global / Filler (scattered by design),global_filler
7003645,1035507800,enemy_lot,Somber Smithing Stone [2],PENDING,Global / Filler (scattered by design),global_filler
7003646,1035507900,map_lot,Sword of Night and Flame,PENDING,Global / Common-event (unplaced),global
7003647,1035507990,enemy_lot,Troll Knight's Sword,PENDING,Global / Common-event (unplaced),global
7003648,1035527010,map_lot,Golden Rune [2],m60_35_52_00,Overworld m60_35_52_00,treasure
7003649,1035527020,map_lot,Golden Rune [4],m60_35_52_00,Overworld m60_35_52_00,treasure
7003650,1035527030,map_lot,Golden Rune [2],m60_35_52_00,Overworld m60_35_52_00,treasure
7003651,1035527040,map_lot,Golden Rune [6],m60_35_52_00,Overworld m60_35_52_00,treasure
7003652,1035537000,map_lot,Smoldering Butterfly,m60_35_53_00,Overworld m60_35_53_00,treasure
7003653,1035537010,map_lot,Golden Rune [3],m60_35_53_00,Overworld m60_35_53_00,treasure
7003654,1035537020,map_lot,Mushroom,PENDING,Global / Common-event (unplaced),global
7003655,1035537030,map_lot,Smoldering Butterfly,m60_35_53_00,Overworld m60_35_53_00,treasure
7003656,1035537040,map_lot,Smoldering Butterfly,m60_35_53_00,Overworld m60_35_53_00,treasure
7003657,1035537050,map_lot,Golden Rune [5],m60_35_53_00,Overworld m60_35_53_00,treasure
7003658,1035537980,enemy_lot,Smoldering Butterfly,PENDING,Global / Common-event (unplaced),global
7003659,1035537990,enemy_lot,Smoldering Butterfly,PENDING,Global / Common-event (unplaced),global
7003660,1035547000,map_lot,Dragonwound Grease,m60_35_54_00,Overworld m60_35_54_00,treasure
7003661,1035547010,map_lot,Golden Rune [3],m60_35_54_00,Overworld m60_35_54_00,treasure
7003662,1035547020,map_lot,Stonesword Key,m60_35_54_00,Overworld m60_35_54_00,treasure
7003663,1035547050,map_lot,Fire Scorpion Charm,m60_35_54_00,Overworld m60_35_54_00,treasure
7003664,1035547060,map_lot,Golden Rune [8],m60_35_54_00,Overworld m60_35_54_00,treasure
7003665,1035547070,map_lot,Slumbering Egg,m60_35_54_00,Overworld m60_35_54_00,treasure
7003666,1035547700,enemy_lot,Prelate's Inferno Crozier,PENDING,Global / Common-event (unplaced),global
7003667,1035547980,enemy_lot,Somber Smithing Stone [4],PENDING,Global / Filler (scattered by design),global_filler
7003668,1035547990,enemy_lot,Smoldering Butterfly,PENDING,Global / Common-event (unplaced),global
7003669,1036417000,map_lot,Fire Monks' Prayerbook,m60_36_41_00,Overworld m60_36_41_00,treasure
7003670,1036417010,map_lot,Dappled Cured Meat,m60_36_41_00,Overworld m60_36_41_00,treasure
7003671,1036417020,map_lot,Rune Arc,m60_36_41_00,Overworld m60_36_41_00,treasure
7003672,1036437000,map_lot,Smithing Stone [2],m60_36_43_00,Overworld m60_36_43_00,emevd
7003673,1036437010,map_lot,Confessor Hood,PENDING,Global / Common-event (unplaced),global
7003674,1036437020,map_lot,Tarnished Golden Sunflower,PENDING,Global / Common-event (unplaced),global
7003675,1036437030,map_lot,Rainbow Stone,PENDING,Global / Common-event (unplaced),global
7003676,1036447000,map_lot,Crystal Bud,PENDING,Global / Common-event (unplaced),global
7003677,1036447010,map_lot,Arteria Leaf,PENDING,Global / Common-event (unplaced),global
7003678,1036447040,map_lot,Smithing Stone [2],PENDING,Global / Filler (scattered by design),global_filler
7003679,1036447050,map_lot,Shattershard Arrow (Fletched),PENDING,Global / Common-event (unplaced),global
7003680,1036447060,map_lot,Glintstone Firefly,PENDING,Global / Common-event (unplaced),global
7003681,1036447300,map_lot,Golden Seed,PENDING,Global / Filler (scattered by design),global_filler
7003682,1036457020,map_lot,Crystal Cave Moss,PENDING,Global / Common-event (unplaced),global
7003683,1036457110,map_lot,Stonesword Key,PENDING,Global / Filler (scattered by design),global_filler
7003684,1036457400,map_lot,[Sorcery] Ancient Death Rancor,m60_36_45_00,Overworld m60_36_45_00,emevd
7003685,1036477000,map_lot,Somber Smithing Stone [3],PENDING,Global / Filler (scattered by design),global_filler
7003686,1036477100,map_lot,Golden Rune [1],PENDING,Global / Filler (scattered by design),global_filler
7003687,1036487000,map_lot,Sanctuary Stone,m60_36_48_00,Overworld m60_36_48_00,treasure
7003688,1036487100,map_lot,Golden Rune [1],PENDING,Global / Filler (scattered by design),global_filler
7003689,1036487400,map_lot,Ash of War: Giant Hunt,m60_36_48_00,Overworld m60_36_48_00,emevd
7003690,1036497000,map_lot,Sacred Tear,m60_36_49_00,Overworld m60_36_49_00,emevd
7003691,1036507010,map_lot,Golden Rune [3],PENDING,Global / Filler (scattered by design),global_filler
7003692,1036507020,map_lot,Thawfrost Boluses,PENDING,Global / Common-event (unplaced),global
7003693,1036507030,map_lot,Albinauric Ashes,PENDING,Global / Common-event (unplaced),global
7003694,1036517000,map_lot,Golden Rune [5],PENDING,Global / Filler (scattered by design),global_filler
7003695,1036517700,enemy_lot,Omenkiller Robe,PENDING,Global / Common-event (unplaced),global
7003696,1036527000,map_lot,Smithing Stone [6],m60_36_52_00,Overworld m60_36_52_00,treasure
7003697,1036527010,map_lot,Perfumer's Talisman,m60_36_52_00,Overworld m60_36_52_00,treasure
7003698,1036527020,map_lot,Budding Cave Moss,m60_36_52_00,Overworld m60_36_52_00,treasure
7003699,1036527030,map_lot,Nascent Butterfly,m60_36_52_00,Overworld m60_36_52_00,treasure
7003700,1036527040,map_lot,Gravel Stone,m60_36_52_00,Overworld m60_36_52_00,treasure
7003701,1036527050,map_lot,[Sorcery] Roiling Magma,m60_36_52_00,Overworld m60_36_52_00,treasure
7003702,1036527060,map_lot,Pulley Crossbow,m60_36_52_00,Overworld m60_36_52_00,treasure
7003703,1036537000,map_lot,Golden Rune [6],m60_36_53_00,Overworld m60_36_53_00,treasure
7003704,1036547000,map_lot,Golden Rune [3],m60_36_54_00,Overworld m60_36_54_00,treasure
7003705,1036547010,map_lot,Smoldering Butterfly,m60_36_54_00,Overworld m60_36_54_00,treasure
7003706,1036547020,map_lot,Golden Rune [7],m60_36_54_00,Overworld m60_36_54_00,treasure
7003707,1036547030,map_lot,Smoldering Butterfly,m60_36_54_00,Overworld m60_36_54_00,treasure
7003708,1036547040,map_lot,Starlight Shards,m60_36_54_00,Overworld m60_36_54_00,treasure
7003709,1036547050,map_lot,Fireproof Dried Liver,m60_36_54_00,Overworld m60_36_54_00,treasure
7003710,1036547100,map_lot,Larval Tear,m60_36_54_00,Overworld m60_36_54_00,emevd
7003711,1036547400,map_lot,Golden Seed,m60_36_54_00,Overworld m60_36_54_00,treasure
7003712,1036547990,enemy_lot,Somber Smithing Stone [4],PENDING,Global / Filler (scattered by design),global_filler
7003713,1037417010,map_lot,Ballista Bolt,m60_37_41_00,Overworld m60_37_41_00,treasure
7003714,1037427000,map_lot,Golden Rune [3],m60_37_42_00,Overworld m60_37_42_00,emevd
7003715,1037427010,map_lot,Smithing Stone [3],PENDING,Global / Filler (scattered by design),global_filler
7003716,1037427030,map_lot,Glass Shard,PENDING,Global / Common-event (unplaced),global
7003717,1037427400,map_lot,Red-Feathered Branchsword,m60_37_42_00,Overworld m60_37_42_00,emevd
7003718,1037427900,map_lot,Wraith Calling Bell,PENDING,Global / Common-event (unplaced),global
7003719,1037427990,enemy_lot,Ghost Glovewort [2],PENDING,Global / Filler (scattered by design),global_filler
7003720,1037437000,map_lot,Golden Rune [3],PENDING,Global / Filler (scattered by design),global_filler
7003721,1037437010,map_lot,Smithing Stone [3],PENDING,Global / Filler (scattered by design),global_filler
7003722,1037447000,map_lot,Golden Rune [4],m60_37_44_00,Overworld m60_37_44_00,treasure
7003723,1037447010,map_lot,Magic Grease,m60_37_44_00,Overworld m60_37_44_00,treasure
7003724,1037457100,map_lot,Smithing Stone [3],PENDING,Global / Filler (scattered by design),global_filler
7003725,1037467000,map_lot,Gold Sewing Needle,m60_37_46_00,Overworld m60_37_46_00,treasure
7003726,1037467010,map_lot,Stormhawk Feather,m60_37_46_00,Overworld m60_37_46_00,treasure
7003727,1037467400,map_lot,Meat Peddler's Bell Bearing,m60_37_46_00,Overworld m60_37_46_00,emevd
7003728,1037477000,map_lot,Grave Violet,m60_37_47_00,Overworld m60_37_47_00,treasure
7003729,1037477010,map_lot,Arteria Leaf,m60_37_47_00,Overworld m60_37_47_00,treasure
7003730,1037477020,map_lot,Stalwart Horn Charm,m60_37_47_00,Overworld m60_37_47_00,treasure
7003731,1037477030,map_lot,Spiralhorn Shield,m60_37_47_00,Overworld m60_37_47_00,treasure
7003732,1037487000,map_lot,Slumbering Egg,m60_37_48_00,Overworld m60_37_48_00,treasure
7003733,1037487010,map_lot,Golden Rune [3],m60_37_48_00,Overworld m60_37_48_00,treasure
7003734,1037487020,map_lot,Golden Rune [3],m60_37_48_00,Overworld m60_37_48_00,treasure
7003735,1037487030,map_lot,Golden Rune [1],m60_37_48_00,Overworld m60_37_48_00,treasure
7003736,1037487040,map_lot,Golden Rune [7],m60_37_48_00,Overworld m60_37_48_00,treasure
7003737,1037487050,map_lot,Golden Rune [3],m60_37_48_00,Overworld m60_37_48_00,treasure
7003738,1037487060,map_lot,Golden Rune [2],m60_37_48_00,Overworld m60_37_48_00,treasure
7003739,1037487070,map_lot,Golden Rune [4],m60_37_48_00,Overworld m60_37_48_00,treasure
7003740,1037487080,map_lot,Golden Rune [3],m60_37_48_00,Overworld m60_37_48_00,treasure
7003741,1037487100,map_lot,Golden Rune [1],PENDING,Global / Filler (scattered by design),global_filler
7003742,1037497000,map_lot,Cuckoo Glintstone,m60_37_49_00,Overworld m60_37_49_00,treasure
7003743,1037497010,map_lot,Rune Arc,m60_37_49_00,Overworld m60_37_49_00,treasure
7003744,1037497020,map_lot,Rune Arc,m60_37_49_00,Overworld m60_37_49_00,treasure
7003745,1037497030,map_lot,Finger Maiden Fillet,m60_37_49_00,Overworld m60_37_49_00,treasure
7003746,1037497100,map_lot,Sacred Tear,m60_37_49_00,Overworld m60_37_49_00,treasure
7003747,1037497200,map_lot,Great Mace,m60_37_49_00,Overworld m60_37_49_00,treasure
7003748,1037497300,map_lot,Fingerprint Grape,m60_37_49_00,Overworld m60_37_49_00,emevd
7003749,1037497990,enemy_lot,Smoldering Butterfly,PENDING,Global / Common-event (unplaced),global
7003750,1037507000,map_lot,Neutralizing Boluses,m60_37_50_00,Overworld m60_37_50_00,treasure
7003751,1037507100,map_lot,Golden Seed,m60_37_50_00,Overworld m60_37_50_00,treasure
7003752,1037517000,map_lot,Smithing Stone [5],m60_37_51_00,Overworld m60_37_51_00,treasure
7003753,1037517010,map_lot,Fulgurbloom,m60_37_51_00,Overworld m60_37_51_00,treasure
7003754,1037517020,map_lot,Ruler's Mask,m60_37_51_00,Overworld m60_37_51_00,treasure
7003755,1037527020,map_lot,Arrow,m60_37_52_00,Overworld m60_37_52_00,treasure
7003756,1037527030,map_lot,Sacramental Bud,m60_37_52_00,Overworld m60_37_52_00,treasure
7003757,1037527040,map_lot,String,m60_37_52_00,Overworld m60_37_52_00,treasure
7003758,1037527050,map_lot,Gold-Tinged Excrement,m60_37_52_00,Overworld m60_37_52_00,treasure
7003759,1037527060,map_lot,Gold Firefly,m60_37_52_00,Overworld m60_37_52_00,treasure
7003760,1037527070,map_lot,"Prattling Pate ""You're beautiful""",m60_37_52_00,Overworld m60_37_52_00,treasure
7003761,1037527080,map_lot,Starlight Shards,m60_37_52_00,Overworld m60_37_52_00,treasure
7003762,1037527090,map_lot,Hierodas Glintstone Crown,m60_37_52_00,Overworld m60_37_52_00,treasure
7003763,1037527100,map_lot,Errant Sorcerer Manchettes,m60_37_52_00,Overworld m60_37_52_00,treasure
7003764,1037537000,map_lot,Mushroom,m60_37_53_00,Overworld m60_37_53_00,treasure
7003765,1037537010,map_lot,Golden Rune [6],m60_37_53_00,Overworld m60_37_53_00,treasure
7003766,1037537020,map_lot,Smithing Stone [5],m60_37_53_00,Overworld m60_37_53_00,treasure
7003767,1037537400,map_lot,Golden Seed,m60_37_53_00,Overworld m60_37_53_00,treasure
7003768,1037547000,map_lot,Beast Blood,m60_37_54_00,Overworld m60_37_54_00,treasure
7003769,1037547010,map_lot,Stonesword Key,m60_37_54_00,Overworld m60_37_54_00,treasure
7003770,1037547020,map_lot,Soporific Grease,m60_37_54_00,Overworld m60_37_54_00,treasure
7003771,1037547030,map_lot,Herba,m60_37_54_00,Overworld m60_37_54_00,treasure
7003772,1037547040,map_lot,Eye of Yelough,m60_37_54_00,Overworld m60_37_54_00,treasure
7003773,1037547050,map_lot,Golden Arrow,m60_37_54_00,Overworld m60_37_54_00,treasure
7003774,1037547060,map_lot,Glass Shard,m60_37_54_00,Overworld m60_37_54_00,treasure
7003775,1037547070,map_lot,Nascent Butterfly,m60_37_54_00,Overworld m60_37_54_00,treasure
7003776,1037547080,map_lot,Rejuvenating Boluses,m60_37_54_00,Overworld m60_37_54_00,treasure
7003777,1037547090,map_lot,Hefty Beast Bone,m60_37_54_00,Overworld m60_37_54_00,treasure
7003778,1037547100,map_lot,Golden Rune [6],m60_37_54_00,Overworld m60_37_54_00,treasure
7003779,1037547110,map_lot,Great Arrow,m60_37_54_00,Overworld m60_37_54_00,treasure
7003780,1037547120,map_lot,Fan Daggers,m60_37_54_00,Overworld m60_37_54_00,treasure
7003781,1037547130,map_lot,Drawstring Fire Grease,m60_37_54_00,Overworld m60_37_54_00,treasure
7003782,1037547140,map_lot,Golden Rune [4],m60_37_54_00,Overworld m60_37_54_00,treasure
7003783,1037547150,map_lot,Scavenger's Curved Sword,m60_37_54_00,Overworld m60_37_54_00,treasure
7003784,1037557000,map_lot,Poison Grease,m60_37_55_00,Overworld m60_37_55_00,treasure
7003785,1038397000,map_lot,Warming Stone,m60_38_39_00,Overworld m60_38_39_00,treasure
7003786,1038407000,map_lot,Smoldering Butterfly,m60_38_40_00,Overworld m60_38_40_00,treasure
7003787,1038417010,map_lot,Sacrificial Twig,m60_38_41_00,Overworld m60_38_41_00,treasure
7003788,1038417100,map_lot,Ash of War: Gravitas,PENDING,Global / Common-event (unplaced),global
7003789,1038427000,map_lot,Smithing Stone [2],m60_38_42_00,Overworld m60_38_42_00,treasure
7003790,1038427010,map_lot,Golden Rune [4],m60_38_42_00,Overworld m60_38_42_00,treasure
7003791,1038427020,map_lot,Carian Glintblade Staff,m60_38_42_00,Overworld m60_38_42_00,treasure
7003792,1038437000,map_lot,Strip of White Flesh,m60_38_43_00,Overworld m60_38_43_00,treasure
7003793,1038437010,map_lot,Sliver of Meat,m60_38_43_00,Overworld m60_38_43_00,treasure
7003794,1038437020,map_lot,Silver-Pickled Fowl Foot,m60_38_43_00,Overworld m60_38_43_00,treasure
7003795,1038437100,map_lot,Golden Rune [6],m60_38_43_00,Overworld m60_38_43_00,emevd
7003796,1038447030,map_lot,Smithing Stone [3],m60_38_44_00,Overworld m60_38_44_00,treasure
7003797,1038447040,map_lot,Land Squirt Ashes,m60_38_44_00,Overworld m60_38_44_00,treasure
7003798,1038447100,map_lot,Dragon Cult Prayerbook,PENDING,Global / Common-event (unplaced),global
7003799,1038447500,enemy_lot,Dragon Cult Prayerbook,PENDING,Global / Common-event (unplaced),global
7003800,1038457000,map_lot,Smoldering Butterfly,m60_38_45_00,Overworld m60_38_45_00,treasure
7003801,1038457010,map_lot,"[Incantation] Flame, Cleanse Me",m60_38_45_00,Overworld m60_38_45_00,treasure
7003802,1038457020,map_lot,Smithing Stone [4],m60_38_45_00,Overworld m60_38_45_00,treasure
7003803,1038457500,synthetic,LL/GTB: Smithing Stone [2] x3 - to S in gazebo E of HLT,PENDING,Liurnia of the Lakes,synthetic_areacode
7003804,1038467000,map_lot,Immunizing White Cured Meat,m60_38_46_00,Overworld m60_38_46_00,treasure
7003805,1038467400,map_lot,Golden Rune [1],PENDING,Global / Filler (scattered by design),global_filler
7003806,1038467990,enemy_lot,Smoldering Butterfly,PENDING,Global / Common-event (unplaced),global
7003807,1038477010,map_lot,Frenzyflame Stone,PENDING,Global / Common-event (unplaced),global
7003808,1038477030,map_lot,Stonesword Key,PENDING,Global / Filler (scattered by design),global_filler
7003809,1038477100,map_lot,Golden Rune [1],PENDING,Global / Filler (scattered by design),global_filler
7003810,1038487020,map_lot,Eye of Yelough,m60_38_48_00,Overworld m60_38_48_00,treasure
7003811,1038487030,map_lot,Stonesword Key,m60_38_48_00,Overworld m60_38_48_00,treasure
7003812,1038487100,map_lot,Shabriri's Woe,m60_38_48_00,Overworld m60_38_48_00,treasure
7003813,1038487120,map_lot,Eye of Yelough,m60_38_48_00,Overworld m60_38_48_00,treasure
7003814,1038487130,map_lot,Frenzyflame Stone,m60_38_48_00,Overworld m60_38_48_00,treasure
7003815,1038497000,map_lot,Yellow Ember,PENDING,Global / Common-event (unplaced),global
7003816,1038497010,map_lot,Smithing Stone [2],PENDING,Global / Filler (scattered by design),global_filler
7003817,1038497030,map_lot,Burred Bolt,PENDING,Global / Common-event (unplaced),global
7003818,1038497040,map_lot,Golden Rune [3],PENDING,Global / Filler (scattered by design),global_filler
7003819,1038497900,map_lot,[Incantation] Howl of Shabriri,PENDING,Global / Common-event (unplaced),global
7003820,1038507000,map_lot,Smithing Stone [5],m60_38_50_00,Overworld m60_38_50_00,treasure
7003821,1038507010,map_lot,Dragonwound Grease,m60_38_50_00,Overworld m60_38_50_00,treasure
7003822,1038517000,map_lot,Nascent Butterfly,PENDING,Global / Common-event (unplaced),global
7003823,1038517010,map_lot,String,PENDING,Global / Common-event (unplaced),global
7003824,1038517020,map_lot,Lightningproof Dried Liver,PENDING,Global / Common-event (unplaced),global
7003825,1038517030,map_lot,Greatshield Talisman,PENDING,Global / Common-event (unplaced),global
7003826,1038517040,map_lot,Lightningproof Dried Liver,PENDING,Global / Common-event (unplaced),global
7003827,1038517050,map_lot,Ritual Sword Talisman,PENDING,Global / Common-event (unplaced),global
7003828,1038517060,map_lot,Lightning Grease,PENDING,Global / Common-event (unplaced),global
7003829,1038517070,map_lot,String,PENDING,Global / Common-event (unplaced),global
7003830,1038517080,map_lot,Golden Rune [3],PENDING,Global / Filler (scattered by design),global_filler
7003831,1038517090,map_lot,Troll's Golden Sword,PENDING,Global / Common-event (unplaced),global
7003832,1038517400,map_lot,Golden Seed,m60_38_51_00,Overworld m60_38_51_00,emevd
7003833,1038527000,map_lot,Pearldrake Talisman +1,m60_38_52_00,Overworld m60_38_52_00,treasure
7003834,1038527010,map_lot,Smithing Stone [5],m60_38_52_00,Overworld m60_38_52_00,treasure
7003835,1038527020,map_lot,Golden Rune [3],m60_38_52_00,Overworld m60_38_52_00,treasure
7003836,1038527030,map_lot,Golden Rune [7],m60_38_52_00,Overworld m60_38_52_00,treasure
7003837,1038527040,map_lot,Dappled White Cured Meat,m60_38_52_00,Overworld m60_38_52_00,treasure
7003838,1038527050,map_lot,Stormhawk Feather,m60_38_52_00,Overworld m60_38_52_00,treasure
7003839,1038527060,map_lot,Golden Rune [4],m60_38_52_00,Overworld m60_38_52_00,treasure
7003840,1038527070,map_lot,Human Bone Shard,m60_38_52_00,Overworld m60_38_52_00,treasure
7003841,1038537000,map_lot,Golden Rune [2],m60_38_53_00,Overworld m60_38_53_00,emevd
7003842,1038537010,map_lot,Golden Rune [3],PENDING,Global / Filler (scattered by design),global_filler
7003843,1038537020,map_lot,Golden Rune [4],PENDING,Global / Filler (scattered by design),global_filler
7003844,1038537030,map_lot,Golden Rune [7],PENDING,Global / Filler (scattered by design),global_filler
7003845,1038537040,map_lot,Golden Rune [3],PENDING,Global / Filler (scattered by design),global_filler
7003846,1038537050,map_lot,Somber Smithing Stone [6],PENDING,Global / Filler (scattered by design),global_filler
7003847,1038547000,map_lot,Bloodrose,m60_38_54_00,Overworld m60_38_54_00,treasure
7003848,1038547010,map_lot,Explosive Greatbolt,m60_38_54_00,Overworld m60_38_54_00,treasure
7003849,1038547020,map_lot,Golden Rune [8],m60_38_54_00,Overworld m60_38_54_00,treasure
7003850,1038547030,map_lot,Fire Arrow,m60_38_54_00,Overworld m60_38_54_00,treasure
7003851,1038547050,map_lot,[Incantation] Golden Vow,m60_38_54_00,Overworld m60_38_54_00,treasure
7003852,1038547060,map_lot,Arteria Leaf,m60_38_54_00,Overworld m60_38_54_00,treasure
7003853,1038547070,map_lot,Throwing Dagger,m60_38_54_00,Overworld m60_38_54_00,treasure
7003854,1038547080,map_lot,Beast Blood,m60_38_54_00,Overworld m60_38_54_00,treasure
7003855,1038547090,map_lot,Smithing Stone [5],m60_38_54_00,Overworld m60_38_54_00,treasure
7003856,1038547100,map_lot,Antspur Rapier,m60_38_54_00,Overworld m60_38_54_00,emevd
7003857,1038547110,map_lot,Pulley Bow,m60_38_54_00,Overworld m60_38_54_00,treasure
7003858,1038547700,map_lot,Sacred Butchering Knife,m60_38_54_00,Overworld m60_38_54_00,emevd
7003859,1039397000,map_lot,Sacred Tear,m60_39_39_00,Overworld m60_39_39_00,treasure
7003860,1039407000,map_lot,Academy Scroll,m60_39_40_00,Overworld m60_39_40_00,treasure
7003861,1039417000,map_lot,Golden Rune [3],m60_39_41_00,Overworld m60_39_41_00,emevd
7003862,1039417010,map_lot,Cuckoo Glintstone,PENDING,Global / Common-event (unplaced),global
7003863,1039417020,map_lot,Somber Smithing Stone [2],PENDING,Global / Filler (scattered by design),global_filler
7003864,1039417030,map_lot,Stormhawk Feather,PENDING,Global / Common-event (unplaced),global
7003865,1039417100,map_lot,Two Fingers Heirloom,PENDING,Global / Common-event (unplaced),global
7003866,1039417200,map_lot,Shabriri Grape,m60_39_41_00,Overworld m60_39_41_00,emevd
7003867,1039417300,map_lot,Golden Rune [6],m60_39_41_00,Overworld m60_39_41_00,emevd
7003868,1039417310,map_lot,Golden Rune [6],m60_39_41_00,Overworld m60_39_41_00,emevd
7003869,1039427000,map_lot,Mushroom,m60_39_42_00,Overworld m60_39_42_00,treasure
7003870,1039427010,map_lot,Crystal Dart,m60_39_42_00,Overworld m60_39_42_00,treasure
7003871,1039427020,map_lot,Golden Rune [6],m60_39_42_00,Overworld m60_39_42_00,treasure
7003872,1039427030,map_lot,Golden Rune [3],m60_39_42_00,Overworld m60_39_42_00,treasure
7003873,1039427040,map_lot,Beast Blood,m60_39_42_00,Overworld m60_39_42_00,treasure
7003874,1039427050,map_lot,Lucerne,m60_39_42_00,Overworld m60_39_42_00,treasure
7003875,1039437010,map_lot,Golden Rune [2],m60_39_43_00,Overworld m60_39_43_00,treasure
7003876,1039437020,map_lot,Golden Rune [6],m60_39_43_00,Overworld m60_39_43_00,treasure
7003877,1039437030,map_lot,Golden Rune [1],m60_39_43_00,Overworld m60_39_43_00,treasure
7003878,1039437040,map_lot,Golden Rune [3],m60_39_43_00,Overworld m60_39_43_00,treasure
7003879,1039437050,map_lot,Golden Rune [2],m60_39_43_00,Overworld m60_39_43_00,treasure
7003880,1039437060,map_lot,Golden Rune [3],m60_39_43_00,Overworld m60_39_43_00,treasure
7003881,1039437100,map_lot,Starlight Shards,m60_39_43_00,Overworld m60_39_43_00,treasure
7003882,1039437400,map_lot,Ash of War: Ice Spear,m60_39_43_00,Overworld m60_39_43_00,emevd
7003883,1039447000,map_lot,Smithing Stone [3],m60_39_44_00,Overworld m60_39_44_00,treasure
7003884,1039447010,map_lot,Great Dragonfly Head,m60_39_44_00,Overworld m60_39_44_00,treasure
7003885,1039447020,map_lot,Trina's Lily,m60_39_44_00,Overworld m60_39_44_00,treasure
7003886,1039447030,map_lot,Smithing Stone [3],m60_39_44_00,Overworld m60_39_44_00,treasure
7003887,1039447040,map_lot,Living Jar Shard,m60_39_44_00,Overworld m60_39_44_00,treasure
7003888,1039447980,enemy_lot,Living Jar Shard,PENDING,Global / Filler (scattered by design),global_filler
7003889,1039447990,enemy_lot,Living Jar Shard,PENDING,Global / Filler (scattered by design),global_filler
7003890,1039487000,map_lot,Crystal Dart,m60_39_48_00,Overworld m60_39_48_00,treasure
7003891,1039487100,map_lot,[Sorcery] Cannon of Haima,m60_39_48_00,Overworld m60_39_48_00,treasure
7003892,1039507000,map_lot,Hefty Beast Bone,PENDING,Global / Common-event (unplaced),global
7003893,1039507010,map_lot,Stonesword Key,PENDING,Global / Filler (scattered by design),global_filler
7003894,1039507020,map_lot,Golden Rune [4],PENDING,Global / Filler (scattered by design),global_filler
7003895,1039507100,map_lot,Godfrey Icon,m60_39_50_00,Overworld m60_39_50_00,emevd
7003896,1039517010,map_lot,Fan Daggers,m60_39_51_00,Overworld m60_39_51_00,treasure
7003897,1039517020,map_lot,Sacrificial Twig,m60_39_51_00,Overworld m60_39_51_00,treasure
7003898,1039517030,map_lot,Warming Stone,m60_39_51_00,Overworld m60_39_51_00,treasure
7003899,1039517040,map_lot,Turtle Neck Meat,m60_39_51_00,Overworld m60_39_51_00,treasure
7003900,1039517200,map_lot,Ash of War: Shared Order,m60_39_51_00,Overworld m60_39_51_00,emevd
7003901,1039517400,map_lot,Golden Seed,m60_39_51_00,Overworld m60_39_51_00,treasure
7003902,1039527000,map_lot,Human Bone Shard,PENDING,Global / Common-event (unplaced),global
7003903,1039527020,map_lot,Magic Grease,PENDING,Global / Common-event (unplaced),global
7003904,1039527400,map_lot,Sacred Tear,m60_39_52_00,Overworld m60_39_52_00,emevd
7003905,1039527700,map_lot,Eleonora's Poleblade,PENDING,Global / Common-event (unplaced),global
7003906,1039537000,map_lot,Golden Rune [4],m60_39_53_00,Overworld m60_39_53_00,treasure
7003907,1039537010,map_lot,Blood Grease,m60_39_53_00,Overworld m60_39_53_00,treasure
7003908,1039537020,map_lot,Golden Rune [3],m60_39_53_00,Overworld m60_39_53_00,treasure
7003909,1039537030,map_lot,Miquella's Lily,m60_39_53_00,Overworld m60_39_53_00,treasure
7003910,1039537040,map_lot,Nascent Butterfly,m60_39_53_00,Overworld m60_39_53_00,treasure
7003911,1039537050,map_lot,[Sorcery] Unseen Blade,m60_39_53_00,Overworld m60_39_53_00,treasure
7003912,1039537060,map_lot,Slumbering Egg,m60_39_53_00,Overworld m60_39_53_00,treasure
7003913,1039537070,map_lot,Golden Rune [3],m60_39_53_00,Overworld m60_39_53_00,treasure
7003914,1039537080,map_lot,Mirage Riddle,m60_39_53_00,Overworld m60_39_53_00,emevd
7003915,1039537700,map_lot,Crepus's Vial,m60_39_53_00,Overworld m60_39_53_00,emevd
7003916,1039537750,enemy_lot,Golden Rune [10],PENDING,Global / Filler (scattered by design),global_filler
7003917,1039547010,map_lot,Golden Rune [3],PENDING,Global / Filler (scattered by design),global_filler
7003918,1039547020,map_lot,Smithing Stone [5],PENDING,Global / Filler (scattered by design),global_filler
7003919,1039547030,map_lot,Poisonbloom,PENDING,Global / Common-event (unplaced),global
7003920,1039547050,map_lot,Poisonbone Dart,PENDING,Global / Common-event (unplaced),global
7003921,1039547060,map_lot,Golden Rune [6],PENDING,Global / Filler (scattered by design),global_filler
7003922,1039547070,map_lot,Smithing Stone [4],PENDING,Global / Filler (scattered by design),global_filler
7003923,1039547080,map_lot,Somber Smithing Stone [5],PENDING,Global / Filler (scattered by design),global_filler
7003924,1039547090,map_lot,Smithing Stone [5],PENDING,Global / Filler (scattered by design),global_filler
7003925,1039547100,map_lot,Drawstring Fire Grease,PENDING,Global / Common-event (unplaced),global
7003926,1039547110,map_lot,Golden Rune [6],PENDING,Global / Filler (scattered by design),global_filler
7003927,1039547120,map_lot,Beast Blood,PENDING,Global / Common-event (unplaced),global
7003928,1039547130,map_lot,Neutralizing Boluses,PENDING,Global / Common-event (unplaced),global
7003929,1039547140,map_lot,Glass Shard,PENDING,Global / Common-event (unplaced),global
7003930,1039547150,map_lot,Stonesword Key,PENDING,Global / Filler (scattered by design),global_filler
7003931,1039547160,map_lot,Golden Rune [6],PENDING,Global / Filler (scattered by design),global_filler
7003932,1039547170,map_lot,Poison Grease,PENDING,Global / Common-event (unplaced),global
7003933,1039547180,map_lot,Hefty Beast Bone,PENDING,Global / Common-event (unplaced),global
7003934,1039547200,map_lot,Smithing Stone [5],PENDING,Global / Filler (scattered by design),global_filler
7003935,1039547210,map_lot,Gold Firefly,PENDING,Global / Common-event (unplaced),global
7003936,1039547220,map_lot,Glass Shard,m60_39_54_00,Overworld m60_39_54_00,emevd
7003937,1039547230,map_lot,Smithing Stone [5],m60_39_54_00,Overworld m60_39_54_00,emevd
7003938,1039547240,map_lot,Smithing Stone [5],PENDING,Global / Filler (scattered by design),global_filler
7003939,1039547250,map_lot,Golden Rune [4],m60_39_54_00,Overworld m60_39_54_00,emevd
7003940,1039547260,map_lot,Smithing Stone [4],PENDING,Global / Filler (scattered by design),global_filler
7003941,1039547300,map_lot,Valkyrie's Prosthesis,PENDING,Global / Common-event (unplaced),global
7003942,1039547350,map_lot,Starlight Shards,m60_39_54_00,Overworld m60_39_54_00,emevd
7003943,1039547980,enemy_lot,Ghost Glovewort [4],PENDING,Global / Filler (scattered by design),global_filler
7003944,1039547990,enemy_lot,Ghost Glovewort [4],PENDING,Global / Filler (scattered by design),global_filler
7003945,1039570000,map_lot,Rot Grease,m60_39_54_00,Overworld m60_39_54_00,emevd
7003946,1040387000,map_lot,Smithing Stone [1],m60_40_38_00,Overworld m60_40_38_00,treasure
7003947,1040407000,map_lot,Treespear,PENDING,Global / Common-event (unplaced),global
7003948,1040507000,map_lot,Gravity Stone Fan,m60_40_50_00,Overworld m60_40_50_00,treasure
7003949,1040517000,map_lot,Celestial Dew,m60_40_51_00,Overworld m60_40_51_00,treasure
7003950,1040517010,map_lot,Old Fang,m60_40_51_00,Overworld m60_40_51_00,treasure
7003951,1040517020,map_lot,[Incantation] Dragonbolt Blessing,m60_40_51_00,Overworld m60_40_51_00,treasure
7003952,1040517030,map_lot,Beast Blood,m60_40_51_00,Overworld m60_40_51_00,treasure
7003953,1040517040,map_lot,Lightning Greatbolt,m60_40_51_00,Overworld m60_40_51_00,treasure
7003954,1040517400,map_lot,Sacred Tear,m60_40_51_00,Overworld m60_40_51_00,treasure
7003955,1040527000,map_lot,Amber Starlight,PENDING,Global / Common-event (unplaced),global
7003956,1040527010,map_lot,Golden Rune [6],PENDING,Global / Filler (scattered by design),global_filler
7003957,1040527020,map_lot,Golden Rune [6],PENDING,Global / Filler (scattered by design),global_filler
7003958,1040527030,map_lot,Golden Rune [4],PENDING,Global / Filler (scattered by design),global_filler
7003959,1040527040,map_lot,Golden Rune [3],PENDING,Global / Filler (scattered by design),global_filler
7003960,1040527050,map_lot,Golden Rune [4],PENDING,Global / Filler (scattered by design),global_filler
7003961,1040537000,map_lot,Golden Rune [5],m60_40_53_00,Overworld m60_40_53_00,treasure
7003962,1040537010,map_lot,Bloody Helice,m60_40_53_00,Overworld m60_40_53_00,treasure
7003963,1040537020,map_lot,Nascent Butterfly,m60_40_53_00,Overworld m60_40_53_00,treasure
7003964,1040537030,map_lot,Fulgurbloom,m60_40_53_00,Overworld m60_40_53_00,treasure
7003965,1040537040,map_lot,Golden Arrow,m60_40_53_00,Overworld m60_40_53_00,treasure
7003966,1040537050,map_lot,Lump of Flesh,m60_40_53_00,Overworld m60_40_53_00,treasure
7003967,1040537060,map_lot,Hefty Beast Bone,m60_40_53_00,Overworld m60_40_53_00,treasure
7003968,1040547000,map_lot,Great Stars,PENDING,Global / Common-event (unplaced),global
7003969,1040547010,map_lot,Gravel Stone,m60_40_54_00,Overworld m60_40_54_00,treasure
7003970,1040547030,map_lot,Stimulating Boluses,m60_40_54_00,Overworld m60_40_54_00,treasure
7003971,1040547050,map_lot,Dragonwound Grease,PENDING,Global / Common-event (unplaced),global
7003972,1040547090,map_lot,Radiant Gold Mask,m60_40_54_00,Overworld m60_40_54_00,treasure
7003973,1040547700,enemy_lot,Golden Rune [10],PENDING,Global / Filler (scattered by design),global_filler
7003974,1040557000,map_lot,Giant Rat Ashes,m60_40_55_00,Overworld m60_40_55_00,treasure
7003975,1040557700,enemy_lot,Haima Glintstone Crown,PENDING,Global / Common-event (unplaced),global
7003976,1041327000,map_lot,Golden Rune [1],m60_41_32_00,Overworld m60_41_32_00,treasure
7003977,1041327010,map_lot,Golden Rune [1],m60_41_32_00,Overworld m60_41_32_00,treasure
7003978,1041327020,map_lot,Golden Rune [2],m60_41_32_00,Overworld m60_41_32_00,treasure
7003979,1041327030,map_lot,Golden Rune [1],m60_41_32_00,Overworld m60_41_32_00,treasure
7003980,1041327040,map_lot,Golden Rune [1],m60_41_32_00,Overworld m60_41_32_00,treasure
7003981,1041327050,map_lot,Golden Rune [3],m60_41_32_00,Overworld m60_41_32_00,treasure
7003982,1041337000,map_lot,Golden Rune [1],m60_41_33_00,Overworld m60_41_33_00,emevd
7003983,1041337010,map_lot,Golden Rune [5],PENDING,Global / Filler (scattered by design),global_filler
7003984,1041337030,map_lot,Great Dragonfly Head,PENDING,Global / Common-event (unplaced),global
7003985,1041337100,map_lot,[Sorcery] Ambush Shard,PENDING,Global / Common-event (unplaced),global
7003986,1041337200,map_lot,Sacred Tear,m60_41_33_00,Overworld m60_41_33_00,emevd
7003987,1041357000,map_lot,Great Dragonfly Head,m60_41_35_00,Overworld m60_41_35_00,emevd
7003988,1041357010,map_lot,Smithing Stone [2],PENDING,Global / Filler (scattered by design),global_filler
7003989,1041357020,map_lot,Exalted Flesh,PENDING,Global / Common-event (unplaced),global
7003990,1041367000,map_lot,Land Octopus Ovary,PENDING,Global / Common-event (unplaced),global
7003991,1041377000,map_lot,Strip of White Flesh,PENDING,Global / Common-event (unplaced),global
7003992,1041377020,map_lot,Starlight Shards,PENDING,Global / Common-event (unplaced),global
7003993,1041387010,map_lot,Magic Grease,PENDING,Global / Common-event (unplaced),global
7003994,1041387030,map_lot,Smithing Stone [1],PENDING,Global / Filler (scattered by design),global_filler
7003995,1041387040,map_lot,Stonesword Key,PENDING,Global / Filler (scattered by design),global_filler
7003996,1041387050,map_lot,Godrick Soldier Ashes,PENDING,Global / Common-event (unplaced),global
7003997,1041387100,map_lot,Golden Seed,PENDING,Global / Filler (scattered by design),global_filler
7003998,1041387200,map_lot,Bloodrose,PENDING,Global / Common-event (unplaced),global
7003999,1041397000,map_lot,Lump of Flesh,PENDING,Global / Common-event (unplaced),global
7004000,1041517000,map_lot,Golden Rune [3],m60_41_51_00,Overworld m60_41_51_00,treasure
7004001,1041517010,map_lot,Golden Rune [6],m60_41_51_00,Overworld m60_41_51_00,treasure
7004002,1041517020,map_lot,Silver-Pickled Fowl Foot,m60_41_51_00,Overworld m60_41_51_00,treasure
7004003,1041517030,map_lot,Gravity Stone Chunk,m60_41_51_00,Overworld m60_41_51_00,treasure
7004004,1041527000,map_lot,Golden Rune [8],m60_41_52_00,Overworld m60_41_52_00,treasure
7004005,1041527010,map_lot,Golden Rune [6],m60_41_52_00,Overworld m60_41_52_00,treasure
7004006,1041527020,map_lot,Golden Rune [4],m60_41_52_00,Overworld m60_41_52_00,treasure
7004007,1041527030,map_lot,Golden Rune [3],m60_41_52_00,Overworld m60_41_52_00,treasure
7004008,1041527040,map_lot,Golden Rune [1],m60_41_52_00,Overworld m60_41_52_00,treasure
7004009,1041527070,map_lot,Lump of Flesh,m60_41_52_00,Overworld m60_41_52_00,treasure
7004010,1041527080,map_lot,Land Octopus Ovary,m60_41_52_00,Overworld m60_41_52_00,treasure
7004011,1041527090,map_lot,Stonesword Key,m60_41_52_00,Overworld m60_41_52_00,treasure
7004012,1041537010,map_lot,Poisonbone Dart,PENDING,Global / Common-event (unplaced),global
7004013,1041537020,map_lot,[Incantation] Wrath of Gold,PENDING,Global / Common-event (unplaced),global
7004014,1041537030,map_lot,Invigorating White Cured Meat,PENDING,Global / Common-event (unplaced),global
7004015,1041537040,map_lot,Beast Blood,PENDING,Global / Common-event (unplaced),global
7004016,1041537060,map_lot,Gravel Stone,PENDING,Global / Common-event (unplaced),global
7004017,1041537070,map_lot,Soft Cotton,PENDING,Global / Common-event (unplaced),global
7004018,1041537080,map_lot,Icon Shield,PENDING,Global / Common-event (unplaced),global
7004019,1041547000,map_lot,Poison Grease,PENDING,Global / Common-event (unplaced),global
7004020,1041547400,map_lot,Golden Seed,PENDING,Global / Filler (scattered by design),global_filler
7004021,1041557000,map_lot,Twinned Knight Swords,PENDING,Global / Common-event (unplaced),global
7004022,1041557010,map_lot,Raw Meat Dumpling,PENDING,Global / Filler (scattered by design),global_filler
7004023,1041557020,map_lot,Navy Hood,PENDING,Global / Common-event (unplaced),global
7004024,1042327000,map_lot,Great Dragonfly Head,m60_42_32_00,Overworld m60_42_32_00,treasure
7004025,1042327020,map_lot,Mushroom,m60_42_32_00,Overworld m60_42_32_00,treasure
7004026,1042327100,map_lot,Composite Bow,m60_42_32_00,Overworld m60_42_32_00,treasure
7004027,1042337000,map_lot,Eclipse Crest Heater Shield,m60_42_33_00,Overworld m60_42_33_00,treasure
7004028,1042337100,map_lot,Radagon's Scarseal,m60_42_33_00,Overworld m60_42_33_00,emevd
7004029,1042337200,map_lot,Golden Rune [1],PENDING,Global / Filler (scattered by design),global_filler
7004030,1042347000,map_lot,Blood Grease,m60_42_34_00,Overworld m60_42_34_00,treasure
7004031,1042347010,map_lot,Beast Liver,m60_42_34_00,Overworld m60_42_34_00,treasure
7004032,1042347020,map_lot,Golden Rune [2],m60_42_34_00,Overworld m60_42_34_00,treasure
7004033,1042347030,map_lot,Gilded Iron Shield,m60_42_34_00,Overworld m60_42_34_00,treasure
7004034,1042347100,map_lot,Winged Scythe,m60_42_34_00,Overworld m60_42_34_00,treasure
7004035,1042357000,map_lot,Lump of Flesh,m60_42_35_00,Overworld m60_42_35_00,treasure
7004036,1042357010,map_lot,Gold-Pickled Fowl Foot,m60_42_35_00,Overworld m60_42_35_00,treasure
7004037,1042357020,map_lot,Sliver of Meat,m60_42_35_00,Overworld m60_42_35_00,treasure
7004038,1042357030,map_lot,Bewitching Branch,m60_42_35_00,Overworld m60_42_35_00,treasure
7004039,1042367010,map_lot,Silver-Pickled Fowl Foot,m60_42_36_00,Overworld m60_42_36_00,treasure
7004040,1042367030,map_lot,Golden Rune [2],m60_42_36_00,Overworld m60_42_36_00,treasure
7004041,1042367040,map_lot,Golden Rune [1],m60_42_36_00,Overworld m60_42_36_00,treasure
7004042,1042367050,map_lot,Smithing Stone [1],m60_42_36_00,Overworld m60_42_36_00,treasure
7004043,1042367060,map_lot,Smithing Stone [1],m60_42_36_00,Overworld m60_42_36_00,treasure
7004044,1042377000,map_lot,Ruin Fragment,m60_42_37_00,Overworld m60_42_37_00,treasure
7004045,1042377010,map_lot,Kukri,m60_42_37_00,Overworld m60_42_37_00,treasure
7004046,1042377020,map_lot,,PENDING,Global / Common-event (unplaced),global
7004047,1042377060,map_lot,Flail,m60_10_09_02,Overworld m60_10_09_02,treasure
7004048,1042377070,map_lot,Lordsworn's Greatsword,m60_10_09_02,Overworld m60_10_09_02,treasure
7004049,1042377100,map_lot,Assassin's Crimson Dagger,PENDING,Global / Common-event (unplaced),global
7004050,1042377110,map_lot,Ash of War: Storm Stomp,PENDING,Global / Common-event (unplaced),global
7004051,1042377111,synthetic,LG/DBR: Smithing Stone [1] - W of DBR,PENDING,Limgrave,synthetic_areacode
7004052,1042377300,map_lot,Arrow's Reach Talisman,m60_42_37_00,Overworld m60_42_37_00,treasure
7004053,1042377700,map_lot,Reduvia,m60_43_37_00,Overworld m60_43_37_00,emevd
7004054,1042387000,map_lot,Beast Liver,m60_42_38_00,Overworld m60_42_38_00,treasure
7004055,1042387010,map_lot,Golden Rune [1],m60_42_38_00,Overworld m60_42_38_00,treasure
7004056,1042387020,map_lot,Fire Arrow,m60_42_38_00,Overworld m60_42_38_00,treasure
7004057,1042387030,map_lot,Golden Rune [5],m60_42_38_00,Overworld m60_42_38_00,treasure
7004058,1042387040,map_lot,Golden Rune [1],m60_42_38_00,Overworld m60_42_38_00,treasure
7004059,1042387050,map_lot,Golden Rune [3],m60_42_38_00,Overworld m60_42_38_00,treasure
7004060,1042387070,map_lot,Golden Rune [2],m60_42_38_00,Overworld m60_42_38_00,treasure
7004061,1042387080,map_lot,Golden Rune [1],m60_42_38_00,Overworld m60_42_38_00,treasure
7004062,1042387090,map_lot,Golden Rune [2],m60_42_38_00,Overworld m60_42_38_00,treasure
7004063,1042387100,map_lot,Golden Rune [1],m60_42_38_00,Overworld m60_42_38_00,treasure
7004064,1042387110,map_lot,Golden Rune [1],m60_42_38_00,Overworld m60_42_38_00,treasure
7004065,1042387120,map_lot,Golden Rune [2],m60_42_38_00,Overworld m60_42_38_00,treasure
7004066,1042387140,map_lot,Lump of Flesh,m60_42_38_00,Overworld m60_42_38_00,treasure
7004067,1042387200,map_lot,Smoldering Butterfly,m60_42_38_00,Overworld m60_42_38_00,treasure
7004068,1042387400,map_lot,Blue-Feathered Branchsword,m60_42_38_00,Overworld m60_42_38_00,emevd
7004069,1042387410,map_lot,Bone Peddler's Bell Bearing,m60_42_38_00,Overworld m60_42_38_00,emevd
7004070,1042387600,map_lot,Smithing Stone [1],m60_42_38_00,Overworld m60_42_38_00,treasure
7004071,1042397010,map_lot,Lance,m60_10_09_02,Overworld m60_10_09_02,treasure
7004072,1042397500,map_lot,Scaled Helm,m60_42_39_00,Overworld m60_42_39_00,emevd
7004073,1042397700,map_lot,Hammer Talisman,m60_42_39_00,Overworld m60_42_39_00,emevd
7004074,1042397900,map_lot,Beast Crest Heater Shield,PENDING,Global / Common-event (unplaced),global
7004075,1042507000,map_lot,Giant-Crusher,PENDING,Global / Common-event (unplaced),global
7004076,1042507020,map_lot,Golden Seed,m60_42_50_00,Overworld m60_42_50_00,emevd
7004077,1042517000,map_lot,Holy Grease,m60_42_51_00,Overworld m60_42_51_00,treasure
7004078,1042517400,map_lot,Golden Seed,m60_42_51_00,Overworld m60_42_51_00,treasure
7004079,1042517410,map_lot,Golden Seed,m60_42_51_00,Overworld m60_42_51_00,treasure
7004080,1042517900,map_lot,Gargoyle's Great Axe,m60_42_51_00,Overworld m60_42_51_00,emevd
7004081,1042527000,map_lot,Old Fang,PENDING,Global / Common-event (unplaced),global
7004082,1042527010,map_lot,Golden Rune [4],PENDING,Global / Filler (scattered by design),global_filler
7004083,1042527020,map_lot,Rainbow Stone,PENDING,Global / Common-event (unplaced),global
7004084,1042527030,map_lot,Golden Rune [10],PENDING,Global / Filler (scattered by design),global_filler
7004085,1042527040,map_lot,Arteria Leaf,PENDING,Global / Common-event (unplaced),global
7004086,1042527990,enemy_lot,Golden Rune [9],PENDING,Global / Filler (scattered by design),global_filler
7004087,1042537000,map_lot,Lightning Greatbolt,PENDING,Global / Common-event (unplaced),global
7004088,1042537010,map_lot,Somber Smithing Stone [5],PENDING,Global / Filler (scattered by design),global_filler
7004089,1042547000,map_lot,Four-Toed Fowl Foot,PENDING,Global / Common-event (unplaced),global
7004090,1042547010,map_lot,Golden Rune [5],PENDING,Global / Filler (scattered by design),global_filler
7004091,1042547020,map_lot,Holyproof Dried Liver,PENDING,Global / Common-event (unplaced),global
7004092,1042547030,map_lot,Stormhawk Feather,PENDING,Global / Common-event (unplaced),global
7004093,1042547040,map_lot,Hefty Beast Bone,PENDING,Global / Common-event (unplaced),global
7004094,1042547050,map_lot,Golden Arrow,PENDING,Global / Common-event (unplaced),global
7004095,1042547060,map_lot,Greatbow,PENDING,Global / Common-event (unplaced),global
7004096,1042547070,map_lot,Gold Firefly,PENDING,Global / Common-event (unplaced),global
7004097,1042547080,map_lot,Lightning Grease,PENDING,Global / Common-event (unplaced),global
7004098,1042547090,map_lot,Exalted Flesh,PENDING,Global / Common-event (unplaced),global
7004099,1042547100,map_lot,Rune Arc,PENDING,Global / Filler (scattered by design),global_filler
7004100,1042547400,map_lot,Golden Seed,m60_42_54_00,Overworld m60_42_54_00,emevd
7004101,1042557000,map_lot,Celebrant's Skull,m60_42_55_00,Overworld m60_42_55_00,emevd
7004102,1043307000,map_lot,Somber Smithing Stone [1],m60_43_30_00,Overworld m60_43_30_00,treasure
7004103,1043307010,map_lot,Fire Arrow,m60_43_30_00,Overworld m60_43_30_00,treasure
7004104,1043317000,map_lot,Fire Grease,m60_43_31_00,Overworld m60_43_31_00,treasure
7004105,1043317020,map_lot,Smithing Stone [2],m60_43_31_00,Overworld m60_43_31_00,treasure
7004106,1043317080,map_lot,Golden Rune [2],m60_43_31_00,Overworld m60_43_31_00,treasure
7004107,1043317090,map_lot,Smithing Stone [2],m60_43_31_00,Overworld m60_43_31_00,treasure
7004108,1043317110,map_lot,Golden Rune [2],m60_43_31_00,Overworld m60_43_31_00,treasure
7004109,1043317140,map_lot,Pickled Turtle Neck,m60_43_31_00,Overworld m60_43_31_00,treasure
7004110,1043317170,map_lot,Stonesword Key,m60_43_31_00,Overworld m60_43_31_00,treasure
7004111,1043317220,map_lot,Tarnished Golden Sunflower,m60_43_31_00,Overworld m60_43_31_00,treasure
7004112,1043317240,map_lot,Smithing Stone [2],m60_43_31_00,Overworld m60_43_31_00,treasure
7004113,1043317280,map_lot,Throwing Dagger,m60_43_31_00,Overworld m60_43_31_00,treasure
7004114,1043317320,map_lot,Furlcalling Finger Remedy,m60_43_31_00,Overworld m60_43_31_00,treasure
7004115,1043317330,map_lot,Steel-Wire Torch,m60_43_31_00,Overworld m60_43_31_00,treasure
7004116,1043317350,map_lot,Smithing Stone [1],m60_43_31_00,Overworld m60_43_31_00,treasure
7004117,1043317360,map_lot,Ballista Bolt,m60_43_31_00,Overworld m60_43_31_00,treasure
7004118,1043317370,map_lot,Whip,m60_43_31_00,Overworld m60_43_31_00,treasure
7004119,1043317400,map_lot,Golden Rune [1],m60_43_31_00,Overworld m60_43_31_00,treasure
7004120,1043317500,map_lot,Smithing Stone [1],PENDING,Global / Filler (scattered by design),global_filler
7004121,1043317900,map_lot,Twinblade Talisman,m60_43_31_00,Overworld m60_43_31_00,treasure
7004122,1043317910,map_lot,Claymore,m60_43_31_00,Overworld m60_43_31_00,treasure
7004123,1043327000,map_lot,Yellow Ember,PENDING,Global / Common-event (unplaced),global
7004124,1043327010,map_lot,Sliver of Meat,PENDING,Global / Common-event (unplaced),global
7004125,1043327990,enemy_lot,Golden Rune [6],PENDING,Global / Filler (scattered by design),global_filler
7004126,1043337000,map_lot,Golden Rune [2],m60_43_33_00,Overworld m60_43_33_00,emevd
7004127,1043337010,map_lot,Golden Rune [2],PENDING,Global / Filler (scattered by design),global_filler
7004128,1043347000,map_lot,Arteria Leaf,m60_43_34_00,Overworld m60_43_34_00,treasure
7004129,1043347040,map_lot,Gold-Tinged Excrement,m60_43_34_00,Overworld m60_43_34_00,treasure
7004130,1043347050,map_lot,String,m60_43_34_00,Overworld m60_43_34_00,treasure
7004131,1043347100,map_lot,Shield of the Guilty,m60_43_34_00,Overworld m60_43_34_00,treasure
7004132,1043347400,map_lot,Demi-Human Queen's Staff,m60_43_34_00,Overworld m60_43_34_00,emevd
7004133,1043357000,map_lot,Crab Eggs,m60_43_35_00,Overworld m60_43_35_00,treasure
7004134,1043357010,map_lot,Golden Rune [1],m60_43_35_00,Overworld m60_43_35_00,treasure
7004135,1043357030,map_lot,Slumbering Egg,m60_43_35_00,Overworld m60_43_35_00,treasure
7004136,1043357100,map_lot,Sacred Tear,m60_43_35_00,Overworld m60_43_35_00,treasure
7004137,1043357500,enemy_lot,Ash of War: Gravitas,PENDING,Global / Common-event (unplaced),global
7004138,1043367010,map_lot,Stonesword Key,m60_43_36_00,Overworld m60_43_36_00,treasure
7004139,1043367020,map_lot,Golden Rune [2],m60_43_36_00,Overworld m60_43_36_00,treasure
7004140,1043367040,map_lot,Crab Eggs,m60_43_36_00,Overworld m60_43_36_00,treasure
7004141,1043367070,map_lot,Arteria Leaf,m60_43_36_00,Overworld m60_43_36_00,treasure
7004142,1043367110,map_lot,Twinblade,m60_43_36_00,Overworld m60_43_36_00,treasure
7004143,1043377000,map_lot,Smithing Stone [1],m60_43_37_00,Overworld m60_43_37_00,emevd
7004144,1043377010,map_lot,Fire Grease,PENDING,Global / Common-event (unplaced),global
7004145,1043377020,map_lot,Arteria Leaf,PENDING,Global / Common-event (unplaced),global
7004146,1043377400,map_lot,Ash of War: Repeating Thrust,m60_43_37_00,Overworld m60_43_37_00,emevd
7004147,1043387010,map_lot,Smithing Stone [1],m60_43_38_00,Overworld m60_43_38_00,treasure
7004148,1043387020,map_lot,Golden Rune [2],m60_43_38_00,Overworld m60_43_38_00,treasure
7004149,1043397010,map_lot,Exalted Flesh,PENDING,Global / Common-event (unplaced),global
7004150,1043397020,map_lot,Smithing Stone [1],PENDING,Global / Filler (scattered by design),global_filler
7004151,1043397030,map_lot,Turtle Neck Meat,PENDING,Global / Common-event (unplaced),global
7004152,1043397200,map_lot,Golden Rune [3],PENDING,Global / Filler (scattered by design),global_filler
7004153,1043397500,enemy_lot,Ash of War: Golden Vow,PENDING,Global / Common-event (unplaced),global
7004154,1043407000,map_lot,Soporific Grease,m60_43_40_00,Overworld m60_43_40_00,treasure
7004155,1043407010,map_lot,Lance Talisman,m60_43_40_00,Overworld m60_43_40_00,treasure
7004156,1043507000,map_lot,Golden Order Seal,m60_43_50_00,Overworld m60_43_50_00,treasure
7004157,1043507010,map_lot,Smoldering Butterfly,m60_43_50_00,Overworld m60_43_50_00,treasure
7004158,1043527000,map_lot,Lost Ashes of War,m60_43_52_00,Overworld m60_43_52_00,treasure
7004159,1043527030,map_lot,Golden Rune [5],m60_43_52_00,Overworld m60_43_52_00,treasure
7004160,1043527400,map_lot,Golden Seed,m60_43_52_00,Overworld m60_43_52_00,treasure
7004161,1043527410,map_lot,Golden Seed,m60_43_52_00,Overworld m60_43_52_00,treasure
7004162,1043527500,map_lot,Viridian Amber Medallion +1,m60_43_52_00,Overworld m60_43_52_00,emevd
7004163,1043527700,enemy_lot,Golden Rune [12],PENDING,Global / Filler (scattered by design),global_filler
7004164,1043527750,enemy_lot,Golden Rune [13],PENDING,Global / Filler (scattered by design),global_filler
7004165,1043527760,enemy_lot,Golden Rune [13],PENDING,Global / Filler (scattered by design),global_filler
7004166,1043537000,map_lot,Golden Rune [9],PENDING,Global / Filler (scattered by design),global_filler
7004167,1043537010,map_lot,Golden Rune [10],PENDING,Global / Filler (scattered by design),global_filler
7004168,1043537020,map_lot,Grace Mimic,PENDING,Global / Common-event (unplaced),global
7004169,1043537030,map_lot,Drawstring Holy Grease,PENDING,Global / Common-event (unplaced),global
7004170,1043537040,map_lot,Smithing Stone [5],PENDING,Global / Filler (scattered by design),global_filler
7004171,1043537050,map_lot,Golden Rune [5],PENDING,Global / Filler (scattered by design),global_filler
7004172,1043537060,map_lot,Golden Rune [7],PENDING,Global / Filler (scattered by design),global_filler
7004173,1043537070,map_lot,Mushroom,PENDING,Global / Common-event (unplaced),global
7004174,1043537100,map_lot,Larval Tear,m60_42_53_00,Overworld m60_42_53_00,emevd
7004175,1043537400,map_lot,Medicine Peddler's Bell Bearing,m60_43_53_00,Overworld m60_43_53_00,emevd
7004176,1044317010,map_lot,Golden Rune [4],m60_44_31_00,Overworld m60_44_31_00,treasure
7004177,1044317020,map_lot,Arteria Leaf,m60_44_31_00,Overworld m60_44_31_00,treasure
7004178,1044317030,map_lot,Somber Smithing Stone [2],m60_44_31_00,Overworld m60_44_31_00,treasure
7004179,1044327010,map_lot,Smithing Stone [1],m60_44_32_00,Overworld m60_44_32_00,treasure
7004180,1044327020,map_lot,Golden Seed,m60_44_32_00,Overworld m60_44_32_00,treasure
7004181,1044327030,map_lot,Warming Stone,m60_44_32_00,Overworld m60_44_32_00,treasure
7004182,1044327040,map_lot,Great Turtle Shell,m60_44_32_00,Overworld m60_44_32_00,treasure
7004183,1044327400,map_lot,Sacrificial Axe,m60_44_32_00,Overworld m60_44_32_00,emevd
7004184,1044327410,map_lot,Ash of War: Barricade Shield,m60_44_32_00,Overworld m60_44_32_00,emevd
7004185,1044337000,map_lot,Flame Crest Wooden Shield,m60_44_33_00,Overworld m60_44_33_00,treasure
7004186,1044337020,map_lot,Rainbow Stone,m60_44_33_00,Overworld m60_44_33_00,treasure
7004187,1044337030,map_lot,Strip of White Flesh,m60_44_33_00,Overworld m60_44_33_00,treasure
7004188,1044337050,map_lot,Golden Rune [2],m60_44_33_00,Overworld m60_44_33_00,treasure
7004189,1044337070,map_lot,Golden Rune [2],m60_44_33_00,Overworld m60_44_33_00,treasure
7004190,1044337080,map_lot,[Incantation] The Flame of Frenzy,m60_44_33_00,Overworld m60_44_33_00,treasure
7004191,1044337100,map_lot,Sacred Tear,m60_44_33_00,Overworld m60_44_33_00,treasure
7004192,1044337200,map_lot,Smithing Stone [2],m60_44_33_00,Overworld m60_44_33_00,treasure
7004193,1044337210,map_lot,Morning Star,m60_44_33_00,Overworld m60_44_33_00,emevd
7004194,1044347000,map_lot,Stonesword Key,m60_44_34_00,Overworld m60_44_34_00,emevd
7004195,1044347010,map_lot,Smithing Stone [1],PENDING,Global / Filler (scattered by design),global_filler
7004196,1044347040,map_lot,Rainbow Stone,PENDING,Global / Common-event (unplaced),global
7004197,1044347050,map_lot,Ruin Fragment,PENDING,Global / Common-event (unplaced),global
7004198,1044347060,map_lot,Golden Rune [1],PENDING,Global / Filler (scattered by design),global_filler
7004199,1044347070,map_lot,Golden Rune [1],PENDING,Global / Filler (scattered by design),global_filler
7004200,1044347080,map_lot,Large Club,PENDING,Global / Common-event (unplaced),global
7004201,1044347100,map_lot,Hand Ballista,PENDING,Global / Common-event (unplaced),global
7004202,1044357000,map_lot,Golden Rune [2],m60_44_35_00,Overworld m60_44_35_00,emevd
7004203,1044357010,map_lot,Royal House Scroll,PENDING,Global / Common-event (unplaced),global
7004204,1044357020,map_lot,Golden Rune [1],PENDING,Global / Filler (scattered by design),global_filler
7004205,1044357030,map_lot,Sliver of Meat,PENDING,Global / Common-event (unplaced),global
7004206,1044357040,map_lot,Crab Eggs,PENDING,Global / Common-event (unplaced),global
7004207,1044357050,map_lot,[Incantation] Flame Sling,PENDING,Global / Common-event (unplaced),global
7004208,1044357060,map_lot,Golden Rune [1],PENDING,Global / Filler (scattered by design),global_filler
7004209,1044357070,map_lot,Starlight Shards,PENDING,Global / Common-event (unplaced),global
7004210,1044357100,map_lot,Larval Tear,m60_44_35_00,Overworld m60_44_35_00,emevd
7004211,1044357900,map_lot,Great Epee,PENDING,Global / Common-event (unplaced),global
7004212,1044367000,map_lot,Glowstone,m60_44_36_00,Overworld m60_44_36_00,treasure
7004213,1044367010,map_lot,Golden Rune [1],m60_44_36_00,Overworld m60_44_36_00,treasure
7004214,1044367020,map_lot,Immunizing Cured Meat,m60_44_36_00,Overworld m60_44_36_00,treasure
7004215,1044367030,map_lot,Smoldering Butterfly,m60_44_36_00,Overworld m60_44_36_00,treasure
7004216,1044367040,map_lot,Somber Smithing Stone [1],m60_44_36_00,Overworld m60_44_36_00,treasure
7004217,1044367100,map_lot,Trina's Lily,m60_44_36_00,Overworld m60_44_36_00,treasure
7004218,1044367200,map_lot,Greataxe,PENDING,Global / Common-event (unplaced),global
7004219,1044367300,map_lot,Golden Rune [1],m60_44_36_00,Overworld m60_44_36_00,treasure
7004220,1044367310,map_lot,Golden Rune [1],m60_44_36_00,Overworld m60_44_36_00,treasure
7004221,1044367320,map_lot,Golden Rune [2],m60_44_36_00,Overworld m60_44_36_00,treasure
7004222,1044367330,map_lot,Golden Rune [1],m60_44_36_00,Overworld m60_44_36_00,treasure
7004223,1044367340,map_lot,Golden Rune [3],m60_44_36_00,Overworld m60_44_36_00,treasure
7004224,1044367700,enemy_lot,Glintstone Staff,PENDING,Global / Common-event (unplaced),global
7004225,1044377010,map_lot,Golden Rune [1],m60_44_37_00,Overworld m60_44_37_00,treasure
7004226,1044377020,map_lot,Sacrificial Twig,m60_44_37_00,Overworld m60_44_37_00,treasure
7004227,1044377200,map_lot,Gold-Pickled Fowl Foot,m60_44_37_00,Overworld m60_44_37_00,treasure
7004228,1044387010,map_lot,Smithing Stone [1],m60_44_38_00,Overworld m60_44_38_00,treasure
7004229,1044387040,map_lot,Poisonbloom,m60_44_38_00,Overworld m60_44_38_00,treasure
7004230,1044387100,map_lot,Golden Rune [1],m60_44_38_00,Overworld m60_44_38_00,treasure
7004231,1044397010,map_lot,,m60_44_39_00,Overworld m60_44_39_00,treasure
7004232,1044527000,map_lot,Great Arrow,m60_44_52_00,Overworld m60_44_52_00,treasure
7004233,1044527010,map_lot,Golden Rune [6],m60_44_52_00,Overworld m60_44_52_00,treasure
7004234,1044527020,map_lot,Golden Rune [2],m60_44_52_00,Overworld m60_44_52_00,treasure
7004235,1044537010,map_lot,Golden Rune [4],m60_44_53_00,Overworld m60_44_53_00,treasure
7004236,1044537300,map_lot,Twinbird Kite Shield,m60_44_53_00,Overworld m60_44_53_00,emevd
7004237,1045337000,map_lot,Starlight Shards,m60_45_33_00,Overworld m60_45_33_00,treasure
7004238,1045347000,map_lot,Stonesword Key,PENDING,Global / Filler (scattered by design),global_filler
7004239,1045357000,map_lot,Golden Rune [1],PENDING,Global / Filler (scattered by design),global_filler
7004240,1045357020,map_lot,Golden Rune [1],PENDING,Global / Filler (scattered by design),global_filler
7004241,1045357030,map_lot,Golden Rune [4],PENDING,Global / Filler (scattered by design),global_filler
7004242,1045357040,map_lot,Golden Rune [3],PENDING,Global / Filler (scattered by design),global_filler
7004243,1045357050,map_lot,Golden Rune [2],PENDING,Global / Filler (scattered by design),global_filler
7004244,1045357060,map_lot,Golden Rune [1],PENDING,Global / Filler (scattered by design),global_filler
7004245,1045357070,map_lot,Golden Rune [2],PENDING,Global / Filler (scattered by design),global_filler
7004246,1045357080,map_lot,Golden Rune [1],PENDING,Global / Filler (scattered by design),global_filler
7004247,1045357090,map_lot,Golden Rune [1],PENDING,Global / Filler (scattered by design),global_filler
7004248,1045377000,map_lot,Golden Rune [2],PENDING,Global / Filler (scattered by design),global_filler
7004249,1045377010,map_lot,Smithing Stone [2],PENDING,Global / Filler (scattered by design),global_filler
7004250,1045377040,map_lot,,PENDING,Global / Common-event (unplaced),global
7004251,1045377050,map_lot,Golden Rune [1],PENDING,Global / Filler (scattered by design),global_filler
7004252,1045377060,map_lot,Thin Beast Bones,PENDING,Global / Common-event (unplaced),global
7004253,1045377070,map_lot,Gold-Tinged Excrement,PENDING,Global / Common-event (unplaced),global
7004254,1045377080,map_lot,Throwing Dagger,PENDING,Global / Common-event (unplaced),global
7004255,1045377090,map_lot,Golden Rune [5],PENDING,Global / Filler (scattered by design),global_filler
7004256,1045377100,map_lot,Axe Talisman,PENDING,Global / Common-event (unplaced),global
7004257,1045387000,map_lot,Magic Grease,PENDING,Global / Common-event (unplaced),global
7004258,1045387020,map_lot,Golden Rune [1],PENDING,Global / Filler (scattered by design),global_filler
7004259,1045387030,map_lot,Golden Rune [1],PENDING,Global / Filler (scattered by design),global_filler
7004260,1045387040,map_lot,Golden Rune [1],PENDING,Global / Filler (scattered by design),global_filler
7004261,1045387050,map_lot,Golden Rune [2],PENDING,Global / Filler (scattered by design),global_filler
7004262,1045387060,map_lot,Golden Rune [4],PENDING,Global / Filler (scattered by design),global_filler
7004263,1045387070,map_lot,Golden Rune [4],PENDING,Global / Filler (scattered by design),global_filler
7004264,1045387080,map_lot,Golden Rune [6],PENDING,Global / Filler (scattered by design),global_filler
7004265,1045397000,map_lot,Golden Rune [4],PENDING,Global / Filler (scattered by design),global_filler
7004266,1045397020,map_lot,Mushroom,PENDING,Global / Common-event (unplaced),global
7004267,1045397040,map_lot,Smithing Stone [2],PENDING,Global / Filler (scattered by design),global_filler
7004268,1045397050,map_lot,Golden Rune [1],PENDING,Global / Filler (scattered by design),global_filler
7004269,1045397060,map_lot,Golden Rune [1],PENDING,Global / Filler (scattered by design),global_filler
7004270,1045397070,map_lot,Golden Rune [1],PENDING,Global / Filler (scattered by design),global_filler
7004271,1045397080,map_lot,Golden Rune [1],PENDING,Global / Filler (scattered by design),global_filler
7004272,1045397090,map_lot,Golden Rune [5],PENDING,Global / Filler (scattered by design),global_filler
7004273,1045397100,map_lot,Golden Rune [2],PENDING,Global / Filler (scattered by design),global_filler
7004274,1045397110,map_lot,Golden Rune [1],PENDING,Global / Filler (scattered by design),global_filler
7004275,1045397120,map_lot,Green Turtle Talisman,PENDING,Global / Common-event (unplaced),global
7004276,1045397140,map_lot,Smithing Stone [1],PENDING,Global / Filler (scattered by design),global_filler
7004277,1045527000,map_lot,Gravity Stone Fan,m60_11_13_02,Overworld m60_11_13_02,treasure
7004278,1045527010,map_lot,Gravel Stone,m60_45_52_00,Overworld m60_45_52_00,treasure
7004279,1045527020,map_lot,Smithing Stone [6],m60_45_52_00,Overworld m60_45_52_00,treasure
7004280,1045527030,map_lot,Smithing Stone [5],m60_45_52_00,Overworld m60_45_52_00,treasure
7004281,1046367000,map_lot,Smithing Stone [1],m60_46_36_00,Overworld m60_46_36_00,treasure
7004282,1046367010,map_lot,Bloodrose,m60_46_36_00,Overworld m60_46_36_00,treasure
7004283,1046367030,map_lot,Bloodrose,m60_46_36_00,Overworld m60_46_36_00,treasure
7004284,1046367100,map_lot,Golden Seed,m60_46_36_00,Overworld m60_46_36_00,treasure
7004285,1046367500,map_lot,Dectus Medallion (Left),m60_46_36_00,Overworld m60_46_36_00,treasure
7004286,1046367700,map_lot,Ash of War: Bloody Slash,m60_46_36_00,Overworld m60_46_36_00,emevd
7004287,1046377000,map_lot,Strip of White Flesh,m60_46_37_00,Overworld m60_46_37_00,treasure
7004288,1046387010,map_lot,Neutralizing Boluses,m60_46_38_00,Overworld m60_46_38_00,treasure
7004289,1046387100,map_lot,Sacred Tear,m60_46_38_00,Overworld m60_46_38_00,treasure
7004290,1046397000,map_lot,Golden Rune [1],m60_46_39_00,Overworld m60_46_39_00,treasure
7004291,1046397001,synthetic,LG/(FH): Ash of War: Bloody Slash - enemy drop upper area,PENDING,Limgrave,synthetic_areacode
7004292,1046397010,map_lot,Golden Rune [2],m60_46_39_00,Overworld m60_46_39_00,treasure
7004293,1046397020,map_lot,Golden Rune [3],m60_46_39_00,Overworld m60_46_39_00,treasure
7004294,1046407000,map_lot,Nascent Butterfly,m60_46_40_00,Overworld m60_46_40_00,treasure
7004295,1046407010,map_lot,Rune Arc,m60_46_40_00,Overworld m60_46_40_00,treasure
7004296,1046407020,map_lot,Golden Rune [3],m60_46_40_00,Overworld m60_46_40_00,treasure
7004297,1046407040,map_lot,Preserving Boluses,m60_46_40_00,Overworld m60_46_40_00,treasure
7004298,1046407060,map_lot,Drawstring Lightning Grease,m60_46_40_00,Overworld m60_46_40_00,treasure
7004299,1046407700,map_lot,Sacred Scorpion Charm,m60_46_40_00,Overworld m60_46_40_00,emevd
7004300,1046577300,map_lot,Golden Rune [1],m60_46_57_00,Overworld m60_46_57_00,treasure
7004301,1046577800,map_lot,Smithing Stone [7],m60_46_57_00,Overworld m60_46_57_00,treasure
7004302,1047377000,map_lot,Golden Rune [1],m60_47_37_00,Overworld m60_47_37_00,treasure
7004303,1047377010,map_lot,Golden Rune [5],m60_47_37_00,Overworld m60_47_37_00,treasure
7004304,1047377020,map_lot,Golden Rune [1],m60_47_37_00,Overworld m60_47_37_00,treasure
7004305,1047377030,map_lot,Golden Rune [2],m60_47_37_00,Overworld m60_47_37_00,treasure
7004306,1047377040,map_lot,Poisonbloom,m60_47_37_00,Overworld m60_47_37_00,treasure
7004307,1047377050,map_lot,Starlight Shards,m60_47_37_00,Overworld m60_47_37_00,treasure
7004308,1047377100,map_lot,Larval Tear,m60_47_37_00,Overworld m60_47_37_00,emevd
7004309,1047387010,map_lot,Somber Smithing Stone [4],m60_47_38_00,Overworld m60_47_38_00,treasure
7004310,1047387030,map_lot,Great Dragonfly Head,m60_47_38_00,Overworld m60_47_38_00,treasure
7004311,1047387040,map_lot,Rot Grease,m60_47_38_00,Overworld m60_47_38_00,treasure
7004312,1047387070,map_lot,Rune Arc,m60_47_38_00,Overworld m60_47_38_00,treasure
7004313,1047387080,map_lot,Warming Stone,m60_47_38_00,Overworld m60_47_38_00,treasure
7004314,1047387100,map_lot,Smoldering Butterfly,m60_47_38_00,Overworld m60_47_38_00,treasure
7004315,1047387110,map_lot,Mushroom,m60_47_38_00,Overworld m60_47_38_00,treasure
7004316,1047387120,map_lot,"[Incantation] Flame, Grant Me Strength",m60_47_38_00,Overworld m60_47_38_00,treasure
7004317,1047387130,map_lot,Explosive Greatbolt,m60_47_38_00,Overworld m60_47_38_00,treasure
7004318,1047387700,map_lot,Ash of War: Lion's Claw,m60_47_38_00,Overworld m60_47_38_00,emevd
7004319,1047387900,map_lot,Starscourge Heirloom,m60_47_38_00,Overworld m60_47_38_00,treasure
7004320,1047387910,map_lot,Meteoric Ore Blade,m60_47_38_00,Overworld m60_47_38_00,treasure
7004321,1047387920,map_lot,Katar,m60_47_38_00,Overworld m60_47_38_00,treasure
7004322,1047387980,enemy_lot,Smoldering Butterfly,PENDING,Global / Common-event (unplaced),global
7004323,1047387990,enemy_lot,Smoldering Butterfly,PENDING,Global / Common-event (unplaced),global
7004324,1047397000,map_lot,Smithing Stone [5],m60_47_39_00,Overworld m60_47_39_00,emevd
7004325,1047397040,map_lot,Golden Rune [9],PENDING,Global / Filler (scattered by design),global_filler
7004326,1047397080,map_lot,Slumbering Egg,PENDING,Global / Common-event (unplaced),global
7004327,1047397990,enemy_lot,Smoldering Butterfly,PENDING,Global / Common-event (unplaced),global
7004328,1047407000,map_lot,Golden Rune [5],PENDING,Global / Filler (scattered by design),global_filler
7004329,1047407020,map_lot,Smithing Stone [4],PENDING,Global / Filler (scattered by design),global_filler
7004330,1047407030,map_lot,Somber Smithing Stone [4],PENDING,Global / Filler (scattered by design),global_filler
7004331,1047407040,map_lot,Explosive Bolt,PENDING,Global / Common-event (unplaced),global
7004332,1047407070,map_lot,Drawstring Fire Grease,PENDING,Global / Common-event (unplaced),global
7004333,1047407080,map_lot,Smoldering Butterfly,PENDING,Global / Common-event (unplaced),global
7004334,1047407900,map_lot,Rune Arc,m60_47_40_00,Overworld m60_47_40_00,emevd
7004335,1047407910,map_lot,Sword of St. Trina,PENDING,Global / Common-event (unplaced),global
7004336,1047407920,map_lot,Greatsword,PENDING,Global / Common-event (unplaced),global
7004337,1047407990,enemy_lot,Smoldering Butterfly,PENDING,Global / Common-event (unplaced),global
7004338,1047517000,map_lot,Drawstring Fire Grease,m60_47_51_00,Overworld m60_47_51_00,treasure
7004339,1047517010,map_lot,Golden Rune [7],m60_47_51_00,Overworld m60_47_51_00,treasure
7004340,1047517300,map_lot,Dragonwound Grease,m60_47_51_00,Overworld m60_47_51_00,treasure
7004341,1047557000,map_lot,Smithing Stone [7],m60_47_55_00,Overworld m60_47_55_00,treasure
7004342,1047557010,map_lot,Rimed Rowa,m60_47_55_00,Overworld m60_47_55_00,treasure
7004343,1047557020,map_lot,Golden Rune [13],m60_47_55_00,Overworld m60_47_55_00,treasure
7004344,1047557030,map_lot,Stonesword Key,m60_47_55_00,Overworld m60_47_55_00,treasure
7004345,1047557040,map_lot,Golden Rune [7],PENDING,Global / Filler (scattered by design),global_filler
7004346,1047557900,map_lot,[Incantation] Unendurable Frenzy,m60_47_55_00,Overworld m60_47_55_00,treasure
7004347,1047567300,map_lot,Hero's Rune [2],m60_47_56_00,Overworld m60_47_56_00,treasure
7004348,1047567310,map_lot,Smithing Stone [8],m60_47_56_00,Overworld m60_47_56_00,treasure
7004349,1047567320,map_lot,Thawfrost Boluses,PENDING,Global / Common-event (unplaced),global
7004350,1047567330,map_lot,Crystal Dart,m60_47_56_00,Overworld m60_47_56_00,treasure
7004351,1047567700,map_lot,Sanguine Noble Hood,m60_47_56_00,Overworld m60_47_56_00,emevd
7004352,1047577300,map_lot,Golden Rune [7],m60_47_57_00,Overworld m60_47_57_00,treasure
7004353,1047577310,map_lot,Golden Rune [12],m60_47_57_00,Overworld m60_47_57_00,treasure
7004354,1047587000,map_lot,Somber Smithing Stone [9],m60_47_58_00,Overworld m60_47_58_00,treasure
7004355,1047587800,map_lot,Silver Mirrorshield,m60_47_58_00,Overworld m60_47_58_00,treasure
7004356,1048377000,map_lot,Crab Eggs,m60_48_37_00,Overworld m60_48_37_00,treasure
7004357,1048377020,map_lot,Golden Rune [3],m60_48_37_00,Overworld m60_48_37_00,treasure
7004358,1048377030,map_lot,Golden Rune [4],m60_48_37_00,Overworld m60_48_37_00,treasure
7004359,1048387000,map_lot,Golden Rune [4],m60_48_38_00,Overworld m60_48_38_00,treasure
7004360,1048387010,map_lot,,m60_48_38_00,Overworld m60_48_38_00,treasure
7004361,1048387020,map_lot,,m60_48_38_00,Overworld m60_48_38_00,treasure
7004362,1048387030,map_lot,,m60_48_38_00,Overworld m60_48_38_00,treasure
7004363,1048387500,map_lot,Sacramental Bud,m60_48_38_00,Overworld m60_48_38_00,emevd
7004364,1048397000,map_lot,Sacramental Bud,m60_48_39_00,Overworld m60_48_39_00,treasure
7004365,1048397010,map_lot,Somber Smithing Stone [5],m60_48_39_00,Overworld m60_48_39_00,treasure
7004366,1048397040,map_lot,Great Dragonfly Head,m60_48_39_00,Overworld m60_48_39_00,treasure
7004367,1048397050,map_lot,Stonesword Key,m60_48_39_00,Overworld m60_48_39_00,treasure
7004368,1048397900,map_lot,[Sorcery] Rock Sling,m60_48_39_00,Overworld m60_48_39_00,treasure
7004369,1048407010,map_lot,Golden Rune [1],PENDING,Global / Filler (scattered by design),global_filler
7004370,1048407020,map_lot,Golden Rune [6],PENDING,Global / Filler (scattered by design),global_filler
7004371,1048407030,map_lot,Golden Rune [2],PENDING,Global / Filler (scattered by design),global_filler
7004372,1048407040,map_lot,Sacramental Bud,PENDING,Global / Common-event (unplaced),global
7004373,1048407050,map_lot,Hefty Beast Bone,PENDING,Global / Common-event (unplaced),global
7004374,1048407060,map_lot,Spiked Palisade Shield,PENDING,Global / Common-event (unplaced),global
7004375,1048407900,map_lot,Visage Shield,PENDING,Global / Common-event (unplaced),global
7004376,1048407980,enemy_lot,Smoldering Butterfly,PENDING,Global / Common-event (unplaced),global
7004377,1048407990,enemy_lot,Smoldering Butterfly,PENDING,Global / Common-event (unplaced),global
7004378,1048417800,map_lot,Gravity Stone Peddler's Bell Bearing,m60_48_41_00,Overworld m60_48_41_00,emevd
7004379,1048517000,map_lot,Somber Smithing Stone [7],m60_48_51_00,Overworld m60_48_51_00,treasure
7004380,1048517700,map_lot,Ash of War: Phantom Slash,m60_48_51_00,Overworld m60_48_51_00,emevd
7004381,1048547800,map_lot,Golden Rune [1],m60_48_54_00,Overworld m60_48_54_00,treasure
7004382,1048547810,map_lot,Golden Rune [3],m60_48_54_00,Overworld m60_48_54_00,treasure
7004383,1048547820,map_lot,Golden Rune [6],m60_48_54_00,Overworld m60_48_54_00,treasure
7004384,1048547830,map_lot,Golden Rune [9],m60_48_54_00,Overworld m60_48_54_00,treasure
7004385,1048547840,map_lot,Golden Rune [11],m60_48_54_00,Overworld m60_48_54_00,treasure
7004386,1048547990,enemy_lot,Rotten Battle Hammer,PENDING,Global / Common-event (unplaced),global
7004387,1048557300,map_lot,Golden Rune [13],m60_48_55_00,Overworld m60_48_55_00,treasure
7004388,1048557600,map_lot,Stalwart Horn Charm +1,m60_48_55_00,Overworld m60_48_55_00,treasure
7004389,1048557700,map_lot,Ancient Dragon Smithing Stone,PENDING,Global / Filler (scattered by design),global_filler
7004390,1048557710,map_lot,Night's Cavalry Helm,PENDING,Global / Common-event (unplaced),global
7004391,1048557900,map_lot,Flowing Curved Sword,m60_12_13_02,Overworld m60_12_13_02,treasure
7004392,1048567300,map_lot,Stonesword Key,m60_48_56_00,Overworld m60_48_56_00,treasure
7004393,1048567800,map_lot,Somber Ancient Dragon Smithing Stone,PENDING,Global / Filler (scattered by design),global_filler
7004394,1048577000,map_lot,Rune Arc,m60_48_57_00,Overworld m60_48_57_00,treasure
7004395,1048577010,map_lot,Golden Rune [13],m60_48_57_00,Overworld m60_48_57_00,treasure
7004396,1048577020,map_lot,Hefty Beast Bone,m60_48_57_00,Overworld m60_48_57_00,treasure
7004397,1048577030,map_lot,Golden Rune [13],m60_48_57_00,Overworld m60_48_57_00,treasure
7004398,1048577040,map_lot,Freezing Grease,m60_48_57_00,Overworld m60_48_57_00,treasure
7004399,1048577050,map_lot,Cuckoo Glintstone,m60_48_57_00,Overworld m60_48_57_00,treasure
7004400,1048577060,map_lot,Crystal Dart,m60_48_57_00,Overworld m60_48_57_00,treasure
7004401,1048577070,map_lot,Old Fang,m60_48_57_00,Overworld m60_48_57_00,treasure
7004402,1048577080,map_lot,Slumbering Egg,m60_48_57_00,Overworld m60_48_57_00,treasure
7004403,1048577090,map_lot,Golden Rune [12],m60_48_57_00,Overworld m60_48_57_00,treasure
7004404,1048577300,map_lot,Invigorating Cured Meat,m60_48_57_00,Overworld m60_48_57_00,treasure
7004405,1048577310,map_lot,Golden Rune [10],m60_48_57_00,Overworld m60_48_57_00,treasure
7004406,1048577700,map_lot,[Sorcery] Explosive Ghostflame,PENDING,Global / Common-event (unplaced),global
7004407,1048577800,map_lot,Golden Seed,m60_48_57_00,Overworld m60_48_57_00,treasure
7004408,1048577810,map_lot,Black Knife Hood,m60_48_57_00,Overworld m60_48_57_00,treasure
7004409,1048577900,map_lot,Ghost Glovewort [9],PENDING,Global / Filler (scattered by design),global_filler
7004410,1048577910,map_lot,Ghost Glovewort [9],PENDING,Global / Filler (scattered by design),global_filler
7004411,1048577920,map_lot,Ghost Glovewort [9],PENDING,Global / Filler (scattered by design),global_filler
7004412,1048577930,map_lot,Ghost Glovewort [9],PENDING,Global / Filler (scattered by design),global_filler
7004413,1048577990,enemy_lot,Rotten Duelist Greaves,PENDING,Global / Common-event (unplaced),global
7004414,1048587300,map_lot,Golden Rune [13],m60_48_58_00,Overworld m60_48_58_00,treasure
7004415,1049367000,map_lot,Smoldering Butterfly,m60_49_36_00,Overworld m60_49_36_00,treasure
7004416,1049367010,map_lot,Fan Daggers,m60_49_36_00,Overworld m60_49_36_00,treasure
7004417,1049377010,map_lot,Beast Blood,m60_49_37_00,Overworld m60_49_37_00,treasure
7004418,1049377020,map_lot,Golden Seed,m60_49_37_00,Overworld m60_49_37_00,treasure
7004419,1049377050,map_lot,Beast Blood,m60_49_37_00,Overworld m60_49_37_00,treasure
7004420,1049377070,map_lot,Golden Rune [2],m60_49_37_00,Overworld m60_49_37_00,treasure
7004421,1049377100,map_lot,Ash of War: Poison Moth Flight,PENDING,Global / Common-event (unplaced),global
7004422,1049377110,map_lot,Death's Poker,PENDING,Global / Common-event (unplaced),global
7004423,1049377700,map_lot,Somber Smithing Stone [4],PENDING,Global / Filler (scattered by design),global_filler
7004424,1049387010,map_lot,Somber Smithing Stone [4],PENDING,Global / Filler (scattered by design),global_filler
7004425,1049387020,map_lot,Aeonian Butterfly,PENDING,Global / Common-event (unplaced),global
7004426,1049387030,map_lot,Smithing Stone [4],PENDING,Global / Filler (scattered by design),global_filler
7004427,1049387040,map_lot,Black-Key Bolt,PENDING,Global / Common-event (unplaced),global
7004428,1049387060,map_lot,Sacramental Bud,PENDING,Global / Common-event (unplaced),global
7004429,1049387070,map_lot,Rune Arc,PENDING,Global / Filler (scattered by design),global_filler
7004430,1049387080,map_lot,Golden Rune [4],PENDING,Global / Filler (scattered by design),global_filler
7004431,1049387110,map_lot,Golden Rune [5],PENDING,Global / Filler (scattered by design),global_filler
7004432,1049387120,map_lot,Glass Shard,PENDING,Global / Common-event (unplaced),global
7004433,1049387800,map_lot,[Sorcery] Eternal Darkness,PENDING,Global / Common-event (unplaced),global
7004434,1049397000,map_lot,Stonesword Key,PENDING,Global / Filler (scattered by design),global_filler
7004435,1049397010,map_lot,Poisonbloom,PENDING,Global / Common-event (unplaced),global
7004436,1049397020,map_lot,Rune Arc,PENDING,Global / Filler (scattered by design),global_filler
7004437,1049397030,map_lot,Staff of Loss,PENDING,Global / Common-event (unplaced),global
7004438,1049397040,map_lot,Rotten Stray Ashes,PENDING,Global / Common-event (unplaced),global
7004439,1049397800,map_lot,Nox Flowing Sword,PENDING,Global / Common-event (unplaced),global
7004440,1049397850,map_lot,Battlemage Hugues,PENDING,Global / Common-event (unplaced),global
7004441,1049397900,map_lot,Lusat's Glintstone Staff,PENDING,Global / Common-event (unplaced),global
7004442,1049397910,map_lot,Spelldrake Talisman +1,PENDING,Global / Common-event (unplaced),global
7004443,1049407000,map_lot,Golden Rune [5],m60_49_40_00,Overworld m60_49_40_00,treasure
7004444,1049407010,map_lot,Gravel Stone,m60_49_40_00,Overworld m60_49_40_00,treasure
7004445,1049407020,map_lot,Sliver of Meat,m60_49_40_00,Overworld m60_49_40_00,treasure
7004446,1049407040,map_lot,Smithing Stone [5],m60_49_40_00,Overworld m60_49_40_00,treasure
7004447,1049417040,map_lot,Arteria Leaf,m60_49_41_00,Overworld m60_49_41_00,treasure
7004448,1049417070,map_lot,Dragonwound Grease,m60_49_41_00,Overworld m60_49_41_00,treasure
7004449,1049417080,map_lot,Rune Arc,m60_49_41_00,Overworld m60_49_41_00,treasure
7004450,1049417090,map_lot,Somber Smithing Stone [9],m60_49_41_00,Overworld m60_49_41_00,treasure
7004451,1049417100,map_lot,Numen's Rune,m60_49_41_00,Overworld m60_49_41_00,treasure
7004452,1049527000,map_lot,Freezing Grease,m60_49_52_00,Overworld m60_49_52_00,treasure
7004453,1049527800,map_lot,Golden Seed,m60_49_52_00,Overworld m60_49_52_00,treasure
7004454,1049537000,map_lot,Sliver of Meat,m60_49_53_00,Overworld m60_49_53_00,treasure
7004455,1049537010,map_lot,Invigorating Cured Meat,m60_49_53_00,Overworld m60_49_53_00,treasure
7004456,1049537020,map_lot,Golden Rune [10],m60_49_53_00,Overworld m60_49_53_00,treasure
7004457,1049537030,map_lot,[Sorcery] Zamor Ice Storm,m60_49_53_00,Overworld m60_49_53_00,treasure
7004458,1049537300,map_lot,Beast Blood,m60_49_53_00,Overworld m60_49_53_00,treasure
7004459,1049537900,map_lot,Smithing-Stone Miner's Bell Bearing [3],m60_49_53_00,Overworld m60_49_53_00,treasure
7004460,1049547300,map_lot,Golden Rune [13],m60_49_54_00,Overworld m60_49_54_00,treasure
7004461,1049547310,map_lot,Golden Rune [11],m60_49_54_00,Overworld m60_49_54_00,treasure
7004462,1049547700,map_lot,Somber Smithing Stone [8],PENDING,Global / Filler (scattered by design),global_filler
7004463,1049547900,map_lot,St. Trina's Torch,m60_12_13_02,Overworld m60_12_13_02,treasure
7004464,1049557300,map_lot,Somber Smithing Stone [9],PENDING,Global / Filler (scattered by design),global_filler
7004465,1049557310,map_lot,Old Fang,PENDING,Global / Common-event (unplaced),global
7004466,1049557320,map_lot,Fire Blossom,PENDING,Global / Common-event (unplaced),global
7004467,1049557330,map_lot,Miquella's Lily,PENDING,Global / Common-event (unplaced),global
7004468,1049557700,map_lot,Larval Tear,PENDING,Global / Common-event (unplaced),global
7004469,1049557800,map_lot,Golden Seed,PENDING,Global / Filler (scattered by design),global_filler
7004470,1049557810,map_lot,Golden Rune [11],PENDING,Global / Filler (scattered by design),global_filler
7004471,1049567300,map_lot,Albinauric Bloodclot,PENDING,Global / Common-event (unplaced),global
7004472,1049567310,map_lot,Old Fang,PENDING,Global / Common-event (unplaced),global
7004473,1049567320,map_lot,Strip of White Flesh,PENDING,Global / Common-event (unplaced),global
7004474,1049567330,map_lot,Dragonwound Grease,PENDING,Global / Common-event (unplaced),global
7004475,1049567340,map_lot,Nascent Butterfly,PENDING,Global / Common-event (unplaced),global
7004476,1049567350,map_lot,Smithing Stone [8],PENDING,Global / Filler (scattered by design),global_filler
7004477,1049577700,map_lot,Somber Smithing Stone [7],PENDING,Global / Filler (scattered by design),global_filler
7004478,1049577710,map_lot,Somber Smithing Stone [8],PENDING,Global / Filler (scattered by design),global_filler
7004479,1049577720,map_lot,Somber Smithing Stone [9],PENDING,Global / Filler (scattered by design),global_filler
7004480,1050367000,map_lot,Mushroom,m60_50_36_00,Overworld m60_50_36_00,treasure
7004481,1050367900,map_lot,Arrow's Sting Talisman,m60_50_36_00,Overworld m60_50_36_00,treasure
7004482,1050387000,map_lot,Golden Rune [5],m60_50_38_00,Overworld m60_50_38_00,treasure
7004483,1050387010,map_lot,Drawstring Poison Grease,m60_50_38_00,Overworld m60_50_38_00,treasure
7004484,1050387020,map_lot,Sacred Tear,m60_50_38_00,Overworld m60_50_38_00,treasure
7004485,1050387950,enemy_lot,Golden Rune [9],PENDING,Global / Filler (scattered by design),global_filler
7004486,1050387960,enemy_lot,Golden Rune [9],PENDING,Global / Filler (scattered by design),global_filler
7004487,1050387970,enemy_lot,Golden Rune [9],PENDING,Global / Filler (scattered by design),global_filler
7004488,1050387980,enemy_lot,Golden Rune [9],PENDING,Global / Filler (scattered by design),global_filler
7004489,1050387990,enemy_lot,Golden Rune [9],PENDING,Global / Filler (scattered by design),global_filler
7004490,1050397000,map_lot,Poison Grease,m60_50_39_00,Overworld m60_50_39_00,treasure
7004491,1050397010,map_lot,Toxic Mushroom,m60_50_39_00,Overworld m60_50_39_00,treasure
7004492,1050397020,map_lot,Smithing Stone [7],m60_50_39_00,Overworld m60_50_39_00,treasure
7004493,1050397030,map_lot,Smithing Stone [7],m60_50_39_00,Overworld m60_50_39_00,treasure
7004494,1050397040,map_lot,Stonesword Key,m60_50_39_00,Overworld m60_50_39_00,treasure
7004495,1050397050,map_lot,Smithing Stone [8],m60_50_39_00,Overworld m60_50_39_00,treasure
7004496,1050397060,map_lot,Starlight Shards,m60_50_39_00,Overworld m60_50_39_00,treasure
7004497,1050397070,map_lot,Cerulean Tear Scarab,m60_50_39_00,Overworld m60_50_39_00,treasure
7004498,1050397090,map_lot,Beast Blood,m60_50_39_00,Overworld m60_50_39_00,treasure
7004499,1050397100,map_lot,Golden Seed,m60_50_39_00,Overworld m60_50_39_00,treasure
7004500,1050397900,map_lot,[Sorcery] Night Comet,m60_50_39_00,Overworld m60_50_39_00,treasure
7004501,1050397910,map_lot,Imbued Sword Key,m60_50_39_00,Overworld m60_50_39_00,treasure
7004502,1050407800,map_lot,Dragon Heart,PENDING,Global / Common-event (unplaced),global
7004503,1050537000,map_lot,Somber Smithing Stone [7],m60_50_53_00,Overworld m60_50_53_00,treasure
7004504,1050537300,map_lot,Smoldering Butterfly,m60_50_53_00,Overworld m60_50_53_00,treasure
7004505,1050537700,map_lot,Somber Smithing Stone [7],PENDING,Global / Filler (scattered by design),global_filler
7004506,1050537980,enemy_lot,Somber Smithing Stone [7],PENDING,Global / Filler (scattered by design),global_filler
7004507,1050537990,enemy_lot,Somber Smithing Stone [7],PENDING,Global / Filler (scattered by design),global_filler
7004508,1050547000,map_lot,Lost Ashes of War,m60_50_54_00,Overworld m60_50_54_00,treasure
7004509,1050547800,map_lot,Arteria Leaf,m60_50_54_00,Overworld m60_50_54_00,treasure
7004510,1050547810,map_lot,[Sorcery] Briars of Punishment,m60_50_54_00,Overworld m60_50_54_00,treasure
7004511,1050557300,map_lot,Hefty Beast Bone,m60_50_55_00,Overworld m60_50_55_00,treasure
7004512,1050557310,map_lot,Golden Rune [9],m60_50_55_00,Overworld m60_50_55_00,treasure
7004513,1050557320,map_lot,Lump of Flesh,m60_50_55_00,Overworld m60_50_55_00,treasure
7004514,1050557800,map_lot,Somber Smithing Stone [8],m60_50_55_00,Overworld m60_50_55_00,treasure
7004515,1050557900,map_lot,Rune Arc,m60_50_55_00,Overworld m60_50_55_00,treasure
7004516,1050567300,map_lot,Tarnished Golden Sunflower,m60_50_56_00,Overworld m60_50_56_00,treasure
7004517,1050567500,map_lot,Warming Stone,m60_50_56_00,Overworld m60_50_56_00,treasure
7004518,1050567510,map_lot,Invigorating White Cured Meat,m60_50_56_00,Overworld m60_50_56_00,treasure
7004519,1050567520,map_lot,Smithing Stone [7],m60_50_56_00,Overworld m60_50_56_00,treasure
7004520,1050567600,map_lot,Ancient Dragon Smithing Stone,m60_50_56_00,Overworld m60_50_56_00,treasure
7004521,1050567620,map_lot,Traveling Maiden Hood,m60_50_56_00,Overworld m60_50_56_00,treasure
7004522,1050567700,map_lot,Hoslow's Petal Whip,PENDING,Global / Common-event (unplaced),global
7004523,1050567800,map_lot,Smithing Stone [8],m60_50_56_00,Overworld m60_50_56_00,treasure
7004524,1050567820,map_lot,Graven-Mass Talisman,m60_50_56_00,Overworld m60_50_56_00,treasure
7004525,1050577300,map_lot,Warming Stone,m60_50_57_00,Overworld m60_50_57_00,treasure
7004526,1050577800,map_lot,Starlight Shards,m60_50_57_00,Overworld m60_50_57_00,treasure
7004527,1051357000,map_lot,Smoldering Butterfly,m60_51_35_00,Overworld m60_51_35_00,treasure
7004528,1051357990,enemy_lot,Golden Rune [9],PENDING,Global / Filler (scattered by design),global_filler
7004529,1051367000,map_lot,Golden Rune [6],m60_51_36_00,Overworld m60_51_36_00,treasure
7004530,1051367020,map_lot,Smithing Stone [6],m60_51_36_00,Overworld m60_51_36_00,treasure
7004531,1051367030,map_lot,Smithing Stone [3],m60_51_36_00,Overworld m60_51_36_00,treasure
7004532,1051367040,map_lot,Smithing Stone [4],m60_51_36_00,Overworld m60_51_36_00,treasure
7004533,1051367050,map_lot,Smithing Stone [3],m60_51_36_00,Overworld m60_51_36_00,treasure
7004534,1051367060,map_lot,Smithing Stone [5],m60_51_36_00,Overworld m60_51_36_00,treasure
7004535,1051367080,map_lot,Smithing Stone [5],m60_51_36_00,Overworld m60_51_36_00,treasure
7004536,1051367090,map_lot,Smithing Stone [4],m60_51_36_00,Overworld m60_51_36_00,treasure
7004537,1051367100,map_lot,Smithing Stone [6],m60_51_36_00,Overworld m60_51_36_00,treasure
7004538,1051367110,map_lot,Somber Smithing Stone [5],m60_51_36_00,Overworld m60_51_36_00,treasure
7004539,1051367130,map_lot,Flamberge,m60_51_36_00,Overworld m60_51_36_00,treasure
7004540,1051367700,map_lot,Somber Smithing Stone [4],PENDING,Global / Filler (scattered by design),global_filler
7004541,1051367800,map_lot,Somber Smithing Stone [4],PENDING,Global / Filler (scattered by design),global_filler
7004542,1051367910,map_lot,Smithing Stone [6],m60_51_36_00,Overworld m60_51_36_00,treasure
7004543,1051387000,map_lot,Radahn's Spear,m60_51_38_00,Overworld m60_51_38_00,treasure
7004544,1051387010,map_lot,Radahn's Spear,m60_51_38_00,Overworld m60_51_38_00,treasure
7004545,1051387020,map_lot,Radahn's Spear,m60_51_38_00,Overworld m60_51_38_00,treasure
7004546,1051397040,map_lot,Golden Rune [12],m60_51_39_00,Overworld m60_51_39_00,treasure
7004547,1051397050,map_lot,Neutralizing Boluses,m60_51_39_00,Overworld m60_51_39_00,treasure
7004548,1051397060,map_lot,Radagon's Soreseal,m60_51_39_00,Overworld m60_51_39_00,treasure
7004549,1051397900,map_lot,Dectus Medallion (Right),m60_51_39_00,Overworld m60_51_39_00,treasure
7004550,1051397960,enemy_lot,Golden Rune [9],PENDING,Global / Filler (scattered by design),global_filler
7004551,1051397970,enemy_lot,Golden Rune [9],PENDING,Global / Filler (scattered by design),global_filler
7004552,1051397980,enemy_lot,Golden Rune [9],PENDING,Global / Filler (scattered by design),global_filler
7004553,1051397990,enemy_lot,Golden Rune [9],PENDING,Global / Filler (scattered by design),global_filler
7004554,1051407040,map_lot,Rune Arc,m60_51_40_00,Overworld m60_51_40_00,treasure
7004555,1051417000,map_lot,Soft Cotton,PENDING,Global / Common-event (unplaced),global
7004556,1051417010,map_lot,Cinquedea,PENDING,Global / Common-event (unplaced),global
7004557,1051417030,map_lot,Dragoncrest Shield Talisman,PENDING,Global / Common-event (unplaced),global
7004558,1051437020,map_lot,Golden Seed,PENDING,Global / Filler (scattered by design),global_filler
7004559,1051537000,map_lot,Ancient Dragon Smithing Stone,m60_51_53_00,Overworld m60_51_53_00,treasure
7004560,1051537010,map_lot,Smithing Stone [7],m60_51_53_00,Overworld m60_51_53_00,treasure
7004561,1051537300,map_lot,Drawstring Holy Grease,m60_51_53_00,Overworld m60_51_53_00,treasure
7004562,1051537500,map_lot,Rivers of Blood,PENDING,Global / Common-event (unplaced),global
7004563,1051537600,map_lot,Ash of War: Troll's Roar,m60_51_53_00,Overworld m60_51_53_00,treasure
7004564,1051537700,map_lot,Somber Smithing Stone [8],PENDING,Global / Filler (scattered by design),global_filler
7004565,1051537800,map_lot,Sacred Tear,m60_51_53_00,Overworld m60_51_53_00,treasure
7004566,1051537810,map_lot,Warming Stone,m60_51_53_00,Overworld m60_51_53_00,treasure
7004567,1051537950,enemy_lot,Somber Smithing Stone [7],PENDING,Global / Filler (scattered by design),global_filler
7004568,1051537960,enemy_lot,Somber Smithing Stone [7],PENDING,Global / Filler (scattered by design),global_filler
7004569,1051537970,enemy_lot,Somber Smithing Stone [7],PENDING,Global / Filler (scattered by design),global_filler
7004570,1051537980,enemy_lot,Somber Smithing Stone [7],PENDING,Global / Filler (scattered by design),global_filler
7004571,1051537990,enemy_lot,Somber Smithing Stone [7],PENDING,Global / Filler (scattered by design),global_filler
7004572,1051547000,map_lot,Invigorating White Cured Meat,m60_51_54_00,Overworld m60_51_54_00,treasure
7004573,1051547800,map_lot,Fan Daggers,m60_51_54_00,Overworld m60_51_54_00,treasure
7004574,1051547960,enemy_lot,Somber Smithing Stone [7],PENDING,Global / Filler (scattered by design),global_filler
7004575,1051547970,enemy_lot,Somber Smithing Stone [7],PENDING,Global / Filler (scattered by design),global_filler
7004576,1051547980,enemy_lot,Somber Smithing Stone [7],PENDING,Global / Filler (scattered by design),global_filler
7004577,1051547990,enemy_lot,Somber Smithing Stone [7],PENDING,Global / Filler (scattered by design),global_filler
7004578,1051557300,map_lot,Golden Rune [7],m60_51_55_00,Overworld m60_51_55_00,treasure
7004579,1051557310,map_lot,Drawstring Holy Grease,m60_51_55_00,Overworld m60_51_55_00,treasure
7004580,1051557320,map_lot,Rainbow Stone,m60_51_55_00,Overworld m60_51_55_00,treasure
7004581,1051557330,map_lot,Golden Rune [13],m60_51_55_00,Overworld m60_51_55_00,treasure
7004582,1051567020,map_lot,Somber Smithing Stone [9],m60_51_56_00,Overworld m60_51_56_00,treasure
7004583,1051567030,map_lot,Freezing Grease,m60_51_56_00,Overworld m60_51_56_00,treasure
7004584,1051567300,map_lot,Formic Rock,m60_51_56_00,Overworld m60_51_56_00,treasure
7004585,1051567310,map_lot,Soft Cotton,m60_51_56_00,Overworld m60_51_56_00,treasure
7004586,1051567320,map_lot,Golden Rune [10],m60_51_56_00,Overworld m60_51_56_00,treasure
7004587,1051567700,map_lot,Somber Smithing Stone [8],PENDING,Global / Filler (scattered by design),global_filler
7004588,1051567800,map_lot,Miquella's Lily,m60_51_56_00,Overworld m60_51_56_00,treasure
7004589,1051567810,map_lot,Miquella's Lily,m60_51_56_00,Overworld m60_51_56_00,treasure
7004590,1051567900,map_lot,Primal Glintstone Blade,m60_51_56_00,Overworld m60_51_56_00,treasure
7004591,1051577000,map_lot,Freezing Grease,m60_51_57_00,Overworld m60_51_57_00,treasure
7004592,1051577010,map_lot,Golden Rune [10],m60_51_57_00,Overworld m60_51_57_00,treasure
7004593,1051577020,map_lot,Smithing Stone [5],m60_51_57_00,Overworld m60_51_57_00,treasure
7004594,1051577030,map_lot,Fan Daggers,m60_51_57_00,Overworld m60_51_57_00,treasure
7004595,1051577040,map_lot,Golden Rune [10],m60_51_57_00,Overworld m60_51_57_00,treasure
7004596,1051577050,map_lot,Golden Rune [10],m60_51_57_00,Overworld m60_51_57_00,treasure
7004597,1051577060,map_lot,Nascent Butterfly,m60_51_57_00,Overworld m60_51_57_00,treasure
7004598,1051577070,map_lot,Cerulean Amber Medallion +1,m60_51_57_00,Overworld m60_51_57_00,treasure
7004599,1051577080,map_lot,Smithing Stone [7],m60_51_57_00,Overworld m60_51_57_00,treasure
7004600,1051577090,map_lot,Smithing Stone [5],m60_51_57_00,Overworld m60_51_57_00,treasure
7004601,1051577100,map_lot,Smithing Stone [6],m60_51_57_00,Overworld m60_51_57_00,treasure
7004602,1051577110,map_lot,Somber Smithing Stone [8],m60_51_57_00,Overworld m60_51_57_00,treasure
7004603,1051577120,map_lot,Golden Rune [10],m60_51_57_00,Overworld m60_51_57_00,treasure
7004604,1051577130,map_lot,Human Bone Shard,m60_51_57_00,Overworld m60_51_57_00,treasure
7004605,1051577140,map_lot,Golden Rune [11],m60_51_57_00,Overworld m60_51_57_00,treasure
7004606,1051577150,map_lot,Thawfrost Boluses,m60_51_57_00,Overworld m60_51_57_00,treasure
7004607,1051577160,map_lot,Furlcalling Finger Remedy,m60_51_57_00,Overworld m60_51_57_00,treasure
7004608,1051577170,map_lot,Smithing Stone [6],m60_51_57_00,Overworld m60_51_57_00,treasure
7004609,1051577180,map_lot,Thawfrost Boluses,m60_51_57_00,Overworld m60_51_57_00,treasure
7004610,1051577190,map_lot,Somber Smithing Stone [8],m60_51_57_00,Overworld m60_51_57_00,treasure
7004611,1051577200,map_lot,Golden Rune [9],m60_51_57_00,Overworld m60_51_57_00,treasure
7004612,1051577210,map_lot,Rune Arc,m60_51_57_00,Overworld m60_51_57_00,treasure
7004613,1051577220,map_lot,Stormhawk Axe,m60_51_57_00,Overworld m60_51_57_00,treasure
7004614,1051577230,map_lot,Golden Rune [10],m60_51_57_00,Overworld m60_51_57_00,treasure
7004615,1051577300,map_lot,Stonesword Key,m60_51_57_00,Overworld m60_51_57_00,treasure
7004616,1051577600,map_lot,Eclipse Shotel,m60_51_57_00,Overworld m60_51_57_00,treasure
7004617,1051577720,map_lot,Helphen's Steeple,PENDING,Global / Common-event (unplaced),global
7004618,1051577800,map_lot,Somber Smithing Stone [7],PENDING,Global / Filler (scattered by design),global_filler
7004619,1051577810,map_lot,Somber Smithing Stone [7],PENDING,Global / Filler (scattered by design),global_filler
7004620,1051587800,map_lot,Haligtree Secret Medallion (Left),m60_36_41_00,Overworld m60_36_41_00,emevd
7004621,1052417000,map_lot,Golden Rune [8],m60_52_41_00,Overworld m60_52_41_00,treasure
7004622,1052417010,map_lot,Golden Rune [6],m60_52_41_00,Overworld m60_52_41_00,treasure
7004623,1052417020,map_lot,Golden Rune [3],m60_52_41_00,Overworld m60_52_41_00,treasure
7004624,1052417030,map_lot,Golden Rune [1],m60_52_41_00,Overworld m60_52_41_00,treasure
7004625,1052417100,map_lot,Ash of War: Bloodhound's Step,PENDING,Global / Common-event (unplaced),global
7004626,1052437000,map_lot,Starlight Shards,m60_52_43_00,Overworld m60_52_43_00,treasure
7004627,1052537000,map_lot,Golden Rune [10],m60_52_53_00,Overworld m60_52_53_00,treasure
7004628,1052537800,map_lot,Golden Seed,m60_52_53_00,Overworld m60_52_53_00,treasure
7004629,1052547000,map_lot,Grace Mimic,m60_52_54_00,Overworld m60_52_54_00,treasure
7004630,1052547010,map_lot,Golden Rune [10],m60_52_54_00,Overworld m60_52_54_00,treasure
7004631,1052547020,map_lot,Golden Rune [10],m60_52_54_00,Overworld m60_52_54_00,treasure
7004632,1052547800,map_lot,Starlight Shards,m60_52_54_00,Overworld m60_52_54_00,treasure
7004633,1052547980,enemy_lot,Somber Smithing Stone [7],PENDING,Global / Filler (scattered by design),global_filler
7004634,1052547990,enemy_lot,Somber Smithing Stone [7],PENDING,Global / Filler (scattered by design),global_filler
7004635,1052557000,map_lot,Smoldering Butterfly,m60_52_55_00,Overworld m60_52_55_00,treasure
7004636,1052557010,map_lot,Smithing Stone [7],m60_52_55_00,Overworld m60_52_55_00,treasure
7004637,1052557020,map_lot,Golden Rune [10],m60_52_55_00,Overworld m60_52_55_00,treasure
7004638,1052557030,map_lot,Smoldering Butterfly,m60_52_55_00,Overworld m60_52_55_00,treasure
7004639,1052557040,map_lot,Smithing Stone [7],PENDING,Global / Filler (scattered by design),global_filler
7004640,1052557300,map_lot,Golden Rune [8],m60_52_55_00,Overworld m60_52_55_00,treasure
7004641,1052557310,map_lot,Stonesword Key,m60_52_55_00,Overworld m60_52_55_00,treasure
7004642,1052557700,map_lot,One-Eyed Shield,PENDING,Global / Common-event (unplaced),global
7004643,1052557800,map_lot,Gravel Stone,m60_52_55_00,Overworld m60_52_55_00,treasure
7004644,1052557900,map_lot,Giant's Prayerbook,m60_52_55_00,Overworld m60_52_55_00,treasure
7004645,1052567300,map_lot,Explosive Greatbolt,m60_52_56_00,Overworld m60_52_56_00,treasure
7004646,1052567310,map_lot,Rune Arc,m60_52_56_00,Overworld m60_52_56_00,treasure
7004647,1052577000,map_lot,Stimulating Boluses,PENDING,Global / Common-event (unplaced),global
7004648,1052577300,map_lot,Thawfrost Boluses,PENDING,Global / Common-event (unplaced),global
7004649,1052577310,map_lot,Old Fang,PENDING,Global / Common-event (unplaced),global
7004650,1052577800,map_lot,Golden Seed,PENDING,Global / Filler (scattered by design),global_filler
7004651,1052577810,map_lot,Smithing Stone [7],PENDING,Global / Filler (scattered by design),global_filler
7004652,1052577900,map_lot,[Sorcery] Founding Rain of Stars,PENDING,Global / Common-event (unplaced),global
7004653,1052587800,map_lot,Golden Rune [4],PENDING,Global / Filler (scattered by design),global_filler
7004654,1052587810,map_lot,Golden Rune [5],PENDING,Global / Filler (scattered by design),global_filler
7004655,1052587820,map_lot,Golden Rune [10],PENDING,Global / Filler (scattered by design),global_filler
7004656,1053567300,map_lot,Somber Smithing Stone [8],m60_53_56_00,Overworld m60_53_56_00,treasure
7004657,1053567310,map_lot,Golden Rune [10],m60_53_56_00,Overworld m60_53_56_00,treasure
7004658,1053567700,map_lot,Golden Rune [12],PENDING,Global / Filler (scattered by design),global_filler
7004659,1053567710,map_lot,Golden Rune [12],PENDING,Global / Filler (scattered by design),global_filler
7004660,1053567720,map_lot,Golden Rune [12],PENDING,Global / Filler (scattered by design),global_filler
7004661,1053567800,map_lot,Golden Rune [7],m60_53_56_00,Overworld m60_53_56_00,treasure
7004662,1053567810,map_lot,Golden Rune [7],m60_53_56_00,Overworld m60_53_56_00,treasure
7004663,1053577300,map_lot,Golden Rune [11],m60_53_57_00,Overworld m60_53_57_00,treasure
7004664,1054557000,map_lot,Smithing Stone [7],m60_54_55_00,Overworld m60_54_55_00,treasure
7004665,1054557310,map_lot,Somberstone Miner's Bell Bearing [3],m60_54_55_00,Overworld m60_54_55_00,treasure
7004666,1054557800,map_lot,Sacred Tear,m60_54_55_00,Overworld m60_54_55_00,treasure
7004667,2044417000,map_lot,Ghost Glovewort [4],m61_44_41_00,Land of Shadow (DLC),treasure
7004668,2044417995,enemy_lot,Scadutree Fragment,PENDING,Global / Filler (scattered by design),global_filler
7004669,2044457000,map_lot,Scadutree Fragment,m61_44_45_00,Land of Shadow (DLC),treasure
7004670,2044457010,map_lot,Four-Toed Fowl Foot,m61_44_45_00,Land of Shadow (DLC),treasure
7004671,2044457020,map_lot,Spiritgrave Stone,m61_44_45_00,Land of Shadow (DLC),treasure
7004672,2044457900,map_lot,Talisman of All Crucibles,m61_44_45_00,Land of Shadow (DLC),treasure
7004673,2044457950,enemy_lot,Spirit Calculus,PENDING,Land of Shadow (DLC),flag_prefix
7004674,2044467000,map_lot,Revered Spirit Ash,m61_44_46_00,Land of Shadow (DLC),treasure
7004675,2044467010,map_lot,Dappled White Cured Meat,m61_44_46_00,Land of Shadow (DLC),treasure
7004676,2044467020,map_lot,Immunizing Cured Meat,m61_44_46_00,Land of Shadow (DLC),treasure
7004677,2044467030,map_lot,Shadow Realm Rune [4],m61_44_46_00,Land of Shadow (DLC),treasure
7004678,2044467040,map_lot,[Incantation] Pest-Thread Spears,m61_44_46_00,Land of Shadow (DLC),treasure
7004679,2044467050,map_lot,Knot Resin,m61_44_46_00,Land of Shadow (DLC),treasure
7004680,2044467060,map_lot,Smithing Stone [2],m61_44_46_00,Land of Shadow (DLC),treasure
7004681,2044467070,map_lot,Fly Mold,m61_44_46_00,Land of Shadow (DLC),treasure
7004682,2044467080,map_lot,Scarlet Bud,m61_44_46_00,Land of Shadow (DLC),treasure
7004683,2044467110,map_lot,[Incantation] Divine Bird Feathers,m61_44_46_00,Land of Shadow (DLC),treasure
7004684,2044467950,enemy_lot,Revered Spirit Ash,PENDING,Land of Shadow (DLC),flag_prefix
7004685,2044477000,map_lot,Ghost Glovewort [2],PENDING,Land of Shadow (DLC),flag_prefix
7004686,2044477010,map_lot,Leather Headband,PENDING,Land of Shadow (DLC),flag_prefix
7004687,2044477020,map_lot,Beast Blood,PENDING,Land of Shadow (DLC),flag_prefix
7004688,2044477030,map_lot,Lump of Flesh,PENDING,Land of Shadow (DLC),flag_prefix
7004689,2044477040,map_lot,Throwing Dagger,PENDING,Land of Shadow (DLC),flag_prefix
7004690,2044477050,map_lot,Somber Smithing Stone [1],PENDING,Land of Shadow (DLC),flag_prefix
7004691,2044477900,map_lot,Larval Tear,PENDING,Land of Shadow (DLC),flag_prefix
7004692,2045417000,map_lot,Beast Blood,m61_45_41_00,Land of Shadow (DLC),treasure
7004693,2045417010,map_lot,Whiteflesh Mushroom,m61_45_41_00,Land of Shadow (DLC),treasure
7004694,2045417020,map_lot,Sanguine Amaryllis,m61_45_41_00,Land of Shadow (DLC),treasure
7004695,2045417030,map_lot,Somber Smithing Stone [4],m61_45_41_00,Land of Shadow (DLC),treasure
7004696,2045417040,map_lot,Smithing Stone [4],m61_45_41_00,Land of Shadow (DLC),treasure
7004697,2045417050,map_lot,Great Arrow,m61_45_41_00,Land of Shadow (DLC),treasure
7004698,2045417700,map_lot,Revered Spirit Ash,m61_45_41_00,Land of Shadow (DLC),treasure
7004699,2045417710,map_lot,String-Seller's Bell Bearing,m61_45_41_00,Land of Shadow (DLC),treasure
7004700,2045417800,map_lot,Outer God Heirloom,m61_45_41_00,Land of Shadow (DLC),treasure
7004701,2045417900,map_lot,Larval Tear,m61_45_41_00,Land of Shadow (DLC),treasure
7004702,2045417950,enemy_lot,Bloodfiend's Arm,PENDING,Land of Shadow (DLC),flag_prefix
7004703,2045427000,map_lot,Smithing Stone [3],PENDING,Land of Shadow (DLC),flag_prefix
7004704,2045427700,map_lot,Scadutree Fragment,PENDING,Global / Filler (scattered by design),global_filler
7004705,2045437000,map_lot,Shadow Realm Rune [1],PENDING,Land of Shadow (DLC),flag_prefix
7004706,2045437700,map_lot,Ash of War: Savage Lion's Claw,PENDING,Land of Shadow (DLC),flag_prefix
7004707,2045447000,map_lot,Whiteflesh Mushroom,PENDING,Land of Shadow (DLC),flag_prefix
7004708,2045447010,map_lot,,PENDING,Land of Shadow (DLC),flag_prefix
7004709,2045447020,map_lot,Gravebird Armor,PENDING,Land of Shadow (DLC),flag_prefix
7004710,2045457000,map_lot,Kukri,PENDING,Land of Shadow (DLC),flag_prefix
7004711,2045457010,map_lot,Grave Glovewort [5],PENDING,Land of Shadow (DLC),flag_prefix
7004712,2045457020,map_lot,Spirit Calculus,PENDING,Land of Shadow (DLC),flag_prefix
7004713,2045467000,map_lot,Beast Horn,m61_45_46_10,Land of Shadow (DLC),treasure
7004714,2045467020,map_lot,Smithing Stone [7],m61_45_46_10,Land of Shadow (DLC),treasure
7004715,2045467040,map_lot,Golden Horn Tender,m61_45_46_10,Land of Shadow (DLC),treasure
7004716,2045467050,map_lot,Shadow Realm Rune [7],m61_45_46_10,Land of Shadow (DLC),treasure
7004717,2045467060,map_lot,Smithing Stone [7],m61_45_46_10,Land of Shadow (DLC),treasure
7004718,2045467070,map_lot,Gravebird's Blackquill Armor,m61_45_46_10,Land of Shadow (DLC),treasure
7004719,2045467080,map_lot,Whiteflesh Mushroom,m61_45_46_10,Land of Shadow (DLC),treasure
7004720,2045467090,map_lot,Preserving Boluses,m61_45_46_10,Land of Shadow (DLC),treasure
7004721,2045467500,map_lot,Furnace Visage,PENDING,Land of Shadow (DLC),flag_prefix
7004722,2045467900,map_lot,Mottled Necklace +2,m61_45_46_10,Land of Shadow (DLC),treasure
7004723,2045467910,map_lot,Beast Horn,m61_45_46_10,Land of Shadow (DLC),treasure
7004724,2045467995,enemy_lot,Sacred Bloody Flesh,PENDING,Land of Shadow (DLC),flag_prefix
7004725,2045477010,map_lot,Shadow Realm Rune [7],m61_45_47_00,Land of Shadow (DLC),treasure
7004726,2045477020,map_lot,Flight Pinion,m61_45_47_00,Land of Shadow (DLC),treasure
7004727,2045477040,map_lot,[Incantation] Aspects of the Crucible: Bloom,m61_45_47_00,Land of Shadow (DLC),treasure
7004728,2045477050,map_lot,Broken Rune,m61_45_47_00,Land of Shadow (DLC),treasure
7004729,2045477060,map_lot,Dewgem,m61_45_47_00,Land of Shadow (DLC),treasure
7004730,2045477070,map_lot,Rauh Burrow,m61_45_47_00,Land of Shadow (DLC),treasure
7004731,2045477400,map_lot,Devonia's Hammer,PENDING,Land of Shadow (DLC),flag_prefix
7004732,2045477500,map_lot,Sword of Light,PENDING,Land of Shadow (DLC),flag_prefix
7004733,2045477510,map_lot,,PENDING,Land of Shadow (DLC),flag_prefix
7004734,2045477520,map_lot,,PENDING,Land of Shadow (DLC),flag_prefix
7004735,2045477530,map_lot,,PENDING,Land of Shadow (DLC),flag_prefix
7004736,2045477540,map_lot,,PENDING,Land of Shadow (DLC),flag_prefix
7004737,2045477550,map_lot,,PENDING,Land of Shadow (DLC),flag_prefix
7004738,2045477560,map_lot,,PENDING,Land of Shadow (DLC),flag_prefix
7004739,2045477570,map_lot,,PENDING,Land of Shadow (DLC),flag_prefix
7004740,2045477580,map_lot,,PENDING,Land of Shadow (DLC),flag_prefix
7004741,2045477590,map_lot,,PENDING,Land of Shadow (DLC),flag_prefix
7004742,2045477600,map_lot,,PENDING,Land of Shadow (DLC),flag_prefix
7004743,2045477700,map_lot,Sword of Darkness,m40_00_00_00,DLC Dungeon,emevd
7004744,2045477710,map_lot,,m40_00_00_00,DLC Dungeon,emevd
7004745,2045477720,map_lot,,m40_00_00_00,DLC Dungeon,emevd
7004746,2045477730,map_lot,,m40_00_00_00,DLC Dungeon,emevd
7004747,2045477740,map_lot,,m40_00_00_00,DLC Dungeon,emevd
7004748,2045477750,map_lot,,m40_00_00_00,DLC Dungeon,emevd
7004749,2045477760,map_lot,,m40_00_00_00,DLC Dungeon,emevd
7004750,2045477770,map_lot,,m40_00_00_00,DLC Dungeon,emevd
7004751,2045477780,map_lot,,m40_00_00_00,DLC Dungeon,emevd
7004752,2045477790,map_lot,,m40_00_00_00,DLC Dungeon,emevd
7004753,2045477800,map_lot,,m40_00_00_00,DLC Dungeon,emevd
7004754,2045477900,map_lot,Stone-Sheathed Sword,m40_00_00_00,DLC Dungeon,emevd
7004755,2045487000,map_lot,Fine Crucible Feather Talisman,m61_45_48_00,Land of Shadow (DLC),treasure
7004756,2046387000,map_lot,Lost Ashes of War,m61_46_38_00,Land of Shadow (DLC),treasure
7004757,2046387010,map_lot,Shadow Realm Rune [3],m61_46_38_00,Land of Shadow (DLC),treasure
7004758,2046387020,map_lot,String,m61_46_38_00,Land of Shadow (DLC),treasure
7004759,2046387030,map_lot,Spiritgrave Stone,m61_46_38_00,Land of Shadow (DLC),treasure
7004760,2046387040,map_lot,Crab Eggs,m61_46_38_00,Land of Shadow (DLC),treasure
7004761,2046387050,map_lot,Somber Smithing Stone [4],m61_46_38_00,Land of Shadow (DLC),treasure
7004762,2046387070,map_lot,Perfumed Oil of Ranah,m61_46_38_00,Land of Shadow (DLC),treasure
7004763,2046397000,map_lot,Grave Glovewort [2],PENDING,Land of Shadow (DLC),flag_prefix
7004764,2046397020,map_lot,Great Grave Glovewort,PENDING,Land of Shadow (DLC),flag_prefix
7004765,2046397030,map_lot,Fireproof Pickled Liver,PENDING,Land of Shadow (DLC),flag_prefix
7004766,2046397040,map_lot,Gravebird Ashes,PENDING,Land of Shadow (DLC),flag_prefix
7004767,2046397050,map_lot,Grave Glovewort [8],PENDING,Land of Shadow (DLC),flag_prefix
7004768,2046397060,map_lot,Furnace Visage,PENDING,Land of Shadow (DLC),flag_prefix
7004769,2046407000,map_lot,Pata,PENDING,Land of Shadow (DLC),flag_prefix
7004770,2046407001,map_lot,Oathseeker Knight Helm,PENDING,Land of Shadow (DLC),flag_prefix
7004771,2046407002,map_lot,Oathseeker Knight Armor,PENDING,Land of Shadow (DLC),flag_prefix
7004772,2046407003,map_lot,Oathseeker Knight Gauntlets,PENDING,Land of Shadow (DLC),flag_prefix
7004773,2046407004,map_lot,Oathseeker Knight Greaves,PENDING,Land of Shadow (DLC),flag_prefix
7004774,2046407040,map_lot,Great Grave Glovewort,PENDING,Land of Shadow (DLC),flag_prefix
7004775,2046407050,map_lot,Ghost Glovewort [7],PENDING,Land of Shadow (DLC),flag_prefix
7004776,2046407060,map_lot,Ghost Glovewort [9],PENDING,Land of Shadow (DLC),flag_prefix
7004777,2046407700,map_lot,Blessed Blue Dew Talisman,PENDING,Land of Shadow (DLC),flag_prefix
7004778,2046427700,map_lot,Scadutree Fragment,PENDING,Global / Filler (scattered by design),global_filler
7004779,2046427980,map_lot,Furnace Visage,PENDING,Land of Shadow (DLC),flag_prefix
7004780,2046437000,map_lot,Ballista Bolt,PENDING,Land of Shadow (DLC),flag_prefix
7004781,2046437010,map_lot,Lost Ashes of War,PENDING,Land of Shadow (DLC),flag_prefix
7004782,2046437020,map_lot,Shadow Realm Rune [1],PENDING,Land of Shadow (DLC),flag_prefix
7004783,2046437040,map_lot,Smithing Stone [6],PENDING,Global / Filler (scattered by design),global_filler
7004784,2046437700,map_lot,Furnace Visage,PENDING,Land of Shadow (DLC),flag_prefix
7004785,2046437710,map_lot,Furnace Visage,PENDING,Land of Shadow (DLC),flag_prefix
7004786,2046447000,map_lot,Broken Rune,PENDING,Land of Shadow (DLC),flag_prefix
7004787,2046447010,map_lot,Human Bone Shard,PENDING,Land of Shadow (DLC),flag_prefix
7004788,2046447020,map_lot,Fly Mold,PENDING,Land of Shadow (DLC),flag_prefix
7004789,2046447030,map_lot,Ailment Talisman,PENDING,Land of Shadow (DLC),flag_prefix
7004790,2046447050,map_lot,Silver Horn Tender,PENDING,Land of Shadow (DLC),flag_prefix
7004791,2046447060,map_lot,Fly Mold,PENDING,Land of Shadow (DLC),flag_prefix
7004792,2046447070,map_lot,Black Pyrefly,PENDING,Land of Shadow (DLC),flag_prefix
7004793,2046447700,map_lot,Revered Spirit Ash,PENDING,Land of Shadow (DLC),flag_prefix
7004794,2046447710,map_lot,Mushroom-Seller's Bell Bearing [1],PENDING,Land of Shadow (DLC),flag_prefix
7004795,2046447900,map_lot,Larval Tear,PENDING,Land of Shadow (DLC),flag_prefix
7004796,2046457000,map_lot,Two-Headed Turtle Talisman,m61_46_45_00,Land of Shadow (DLC),treasure
7004797,2046457020,map_lot,Arrow,m61_46_45_00,Land of Shadow (DLC),treasure
7004798,2046457030,map_lot,Beast Blood,m61_46_45_00,Land of Shadow (DLC),treasure
7004799,2046457040,map_lot,Scadutree Fragment,m61_46_45_00,Land of Shadow (DLC),treasure
7004800,2046457050,map_lot,Spiritgrave Stone,m61_46_45_00,Land of Shadow (DLC),treasure
7004801,2046457060,map_lot,Somber Smithing Stone [3],m61_46_45_00,Land of Shadow (DLC),treasure
7004802,2046457070,map_lot,Smithing Stone [3],m61_46_45_00,Land of Shadow (DLC),treasure
7004803,2046457720,map_lot,Revered Spirit Ash,m61_46_45_00,Land of Shadow (DLC),treasure
7004804,2046457910,map_lot,Two-Handed Sword Talisman,m61_46_45_00,Land of Shadow (DLC),treasure
7004805,2046457920,map_lot,Divine Bird Warrior Ornis,m61_46_45_00,Land of Shadow (DLC),treasure
7004806,2046457950,enemy_lot,Rauh Burrow,PENDING,Land of Shadow (DLC),flag_prefix
7004807,2046467000,map_lot,Scadutree Fragment,PENDING,Global / Filler (scattered by design),global_filler
7004808,2046467010,map_lot,Redflesh Mushroom,PENDING,Land of Shadow (DLC),flag_prefix
7004809,2046467020,map_lot,Smithing Stone [8],PENDING,Land of Shadow (DLC),flag_prefix
7004810,2046467800,map_lot,Larval Tear,PENDING,Land of Shadow (DLC),flag_prefix
7004811,2046477000,map_lot,Throwing Dagger,m61_46_47_00,Land of Shadow (DLC),treasure
7004812,2046477010,map_lot,Shadow Realm Rune [6],m61_46_47_00,Land of Shadow (DLC),treasure
7004813,2046477020,map_lot,Spider Scorpion Ashes,m61_46_47_00,Land of Shadow (DLC),treasure
7004814,2046477030,map_lot,Somber Smithing Stone [9],m61_46_47_00,Land of Shadow (DLC),treasure
7004815,2046477060,map_lot,Fire Spritestone,m61_46_47_00,Land of Shadow (DLC),treasure
7004816,2046477070,map_lot,Somber Smithing Stone [6],m61_46_47_00,Land of Shadow (DLC),treasure
7004817,2046477090,map_lot,Dewgem,m61_46_47_00,Land of Shadow (DLC),treasure
7004818,2046477100,map_lot,Thin Beast Bones,m61_46_47_00,Land of Shadow (DLC),treasure
7004819,2046477120,map_lot,Sliver of Meat,m61_46_47_00,Land of Shadow (DLC),treasure
7004820,2046477130,map_lot,Scorpion Liver,m61_46_47_00,Land of Shadow (DLC),treasure
7004821,2046477140,map_lot,Glass Shard,m61_46_47_00,Land of Shadow (DLC),treasure
7004822,2046477150,map_lot,Ash of War: Dryleaf Whirlwind,m61_46_47_00,Land of Shadow (DLC),treasure
7004823,2046477160,map_lot,Beast Horn,m61_46_47_00,Land of Shadow (DLC),treasure
7004824,2046477700,map_lot,Somber Smithing Stone [8],PENDING,Land of Shadow (DLC),flag_prefix
7004825,2046477720,map_lot,Verdigris Discus,m61_46_47_00,Land of Shadow (DLC),treasure
7004826,2046477750,map_lot,Scadutree Fragment,m61_46_47_00,Land of Shadow (DLC),treasure
7004827,2046477950,enemy_lot,Revered Spirit Ash,PENDING,Land of Shadow (DLC),flag_prefix
7004828,2046477955,enemy_lot,Spirit Calculus,PENDING,Land of Shadow (DLC),flag_prefix
7004829,2046477960,enemy_lot,Scadutree Fragment,PENDING,Global / Filler (scattered by design),global_filler
7004830,2046477970,enemy_lot,Fire Spritestone,PENDING,Land of Shadow (DLC),flag_prefix
7004831,2046487000,map_lot,Shadow Realm Rune [5],m61_46_48_00,Land of Shadow (DLC),treasure
7004832,2046487010,map_lot,Bondstone,m61_46_48_00,Land of Shadow (DLC),treasure
7004833,2047357000,map_lot,Shadow Realm Rune [1],m61_47_35_00,Land of Shadow (DLC),treasure
7004834,2047367000,map_lot,Grave Glovewort [8],m61_47_36_00,Land of Shadow (DLC),treasure
7004835,2047367010,map_lot,Deep-Purple Lily,m61_47_36_00,Land of Shadow (DLC),treasure
7004836,2047377000,map_lot,Whiteflesh Mushroom,PENDING,Land of Shadow (DLC),flag_prefix
7004837,2047387000,map_lot,Grave Glovewort [7],PENDING,Land of Shadow (DLC),flag_prefix
7004838,2047387010,map_lot,Grave Glovewort [9],PENDING,Land of Shadow (DLC),flag_prefix
7004839,2047397000,map_lot,Spirit Sword,m61_47_39_00,Land of Shadow (DLC),treasure
7004840,2047397040,map_lot,Grave Glovewort [9],m61_47_39_00,Land of Shadow (DLC),treasure
7004841,2047397050,map_lot,Ghostflame Bloom,m61_47_39_00,Land of Shadow (DLC),treasure
7004842,2047397070,map_lot,Scadutree Fragment,PENDING,Global / Filler (scattered by design),global_filler
7004843,2047397080,map_lot,Grave Glovewort [9],m61_47_39_00,Land of Shadow (DLC),treasure
7004844,2047397090,map_lot,Smithing Stone [6],m61_47_39_00,Land of Shadow (DLC),treasure
7004845,2047397995,enemy_lot,Starlight Shards,PENDING,Land of Shadow (DLC),flag_prefix
7004846,2047407000,map_lot,Glass Shard,PENDING,Land of Shadow (DLC),flag_prefix
7004847,2047407010,map_lot,Black Pyrefly,PENDING,Land of Shadow (DLC),flag_prefix
7004848,2047407020,map_lot,Arrow,PENDING,Land of Shadow (DLC),flag_prefix
7004849,2047407030,map_lot,Lump of Flesh,PENDING,Land of Shadow (DLC),flag_prefix
7004850,2047407100,map_lot,Scadutree Fragment,PENDING,Global / Filler (scattered by design),global_filler
7004851,2047407710,map_lot,Herbalist's Bell Bearing,PENDING,Land of Shadow (DLC),flag_prefix
7004852,2047407900,map_lot,Larval Tear,PENDING,Land of Shadow (DLC),flag_prefix
7004853,2047407980,map_lot,,PENDING,Land of Shadow (DLC),flag_prefix
7004854,2047417000,map_lot,Black Pyrefly,PENDING,Land of Shadow (DLC),flag_prefix
7004855,2047417010,map_lot,Shadow Realm Rune [2],PENDING,Land of Shadow (DLC),flag_prefix
7004856,2047417020,map_lot,Furlcalling Finger Remedy,PENDING,Land of Shadow (DLC),flag_prefix
7004857,2047417030,map_lot,Redflesh Mushroom,PENDING,Land of Shadow (DLC),flag_prefix
7004858,2047417060,map_lot,Black Pyrefly,PENDING,Land of Shadow (DLC),flag_prefix
7004859,2047417100,map_lot,Thin Beast Bones,PENDING,Land of Shadow (DLC),flag_prefix
7004860,2047417110,map_lot,Mushroom-Seller's Bell Bearing [2],PENDING,Land of Shadow (DLC),flag_prefix
7004861,2047417700,map_lot,Revered Spirit Ash,PENDING,Land of Shadow (DLC),flag_prefix
7004862,2047417800,map_lot,Blade of Mercy,PENDING,Land of Shadow (DLC),flag_prefix
7004863,2047417995,enemy_lot,Scadutree Fragment,PENDING,Global / Filler (scattered by design),global_filler
7004864,2047427000,map_lot,Grave Glovewort [3],PENDING,Land of Shadow (DLC),flag_prefix
7004865,2047427030,map_lot,Somber Smithing Stone [4],PENDING,Land of Shadow (DLC),flag_prefix
7004866,2047427040,map_lot,Somber Smithing Stone [6],PENDING,Land of Shadow (DLC),flag_prefix
7004867,2047427700,map_lot,,PENDING,Land of Shadow (DLC),flag_prefix
7004868,2047427950,enemy_lot,Smithing Stone [8],PENDING,Land of Shadow (DLC),flag_prefix
7004869,2047437000,map_lot,Grave Glovewort [5],m61_47_43_00,Land of Shadow (DLC),treasure
7004870,2047437010,map_lot,Spread Crossbow,m61_47_43_00,Land of Shadow (DLC),treasure
7004871,2047437020,map_lot,Smithing Stone [5],m61_47_43_00,Land of Shadow (DLC),treasure
7004872,2047437030,map_lot,Swift Spear,m61_47_43_00,Land of Shadow (DLC),treasure
7004873,2047437040,map_lot,Shadow Realm Rune [2],m61_47_43_00,Land of Shadow (DLC),treasure
7004874,2047437050,map_lot,Somber Smithing Stone [4],m61_47_43_00,Land of Shadow (DLC),treasure
7004875,2047437700,map_lot,Revered Spirit Ash,m61_47_43_00,Land of Shadow (DLC),treasure
7004876,2047437980,map_lot,Horned Bairn,PENDING,Land of Shadow (DLC),flag_prefix
7004877,2047447010,map_lot,Black Pyrefly,PENDING,Land of Shadow (DLC),flag_prefix
7004878,2047447020,map_lot,Somber Smithing Stone [1],PENDING,Land of Shadow (DLC),flag_prefix
7004879,2047447030,map_lot,Broken Rune,PENDING,Land of Shadow (DLC),flag_prefix
7004880,2047447040,map_lot,Glintslab Firefly,PENDING,Land of Shadow (DLC),flag_prefix
7004881,2047447050,map_lot,Flight Pinion,PENDING,Land of Shadow (DLC),flag_prefix
7004882,2047447060,map_lot,Silver-Pickled Fowl Foot,PENDING,Land of Shadow (DLC),flag_prefix
7004883,2047447070,map_lot,Somber Smithing Stone [3],PENDING,Land of Shadow (DLC),flag_prefix
7004884,2047447080,map_lot,Somber Smithing Stone [6],PENDING,Land of Shadow (DLC),flag_prefix
7004885,2047447090,map_lot,[Sorcery] Glintblade Trio,PENDING,Land of Shadow (DLC),flag_prefix
7004886,2047447100,map_lot,Somber Smithing Stone [2],PENDING,Land of Shadow (DLC),flag_prefix
7004887,2047447110,map_lot,Glintslab Firefly,PENDING,Land of Shadow (DLC),flag_prefix
7004888,2047447120,map_lot,Dewgem,PENDING,Land of Shadow (DLC),flag_prefix
7004889,2047447130,map_lot,Somber Smithing Stone [1],PENDING,Land of Shadow (DLC),flag_prefix
7004890,2047447140,map_lot,Arrow,PENDING,Land of Shadow (DLC),flag_prefix
7004891,2047447150,map_lot,Bolt,PENDING,Land of Shadow (DLC),flag_prefix
7004892,2047447160,map_lot,Shadow Realm Rune [2],PENDING,Land of Shadow (DLC),flag_prefix
7004893,2047447170,map_lot,Glintslab Firefly,PENDING,Land of Shadow (DLC),flag_prefix
7004894,2047447190,map_lot,Spelldrake Talisman +3,PENDING,Land of Shadow (DLC),flag_prefix
7004895,2047447200,map_lot,Drawstring Royal Magic Grease,PENDING,Land of Shadow (DLC),flag_prefix
7004896,2047447210,map_lot,Knot Resin,PENDING,Land of Shadow (DLC),flag_prefix
7004897,2047447600,map_lot,Shadow Realm Rune [4],PENDING,Land of Shadow (DLC),flag_prefix
7004898,2047447610,map_lot,Starlight Shards,PENDING,Land of Shadow (DLC),flag_prefix
7004899,2047447620,map_lot,Shadow Realm Rune [2],PENDING,Land of Shadow (DLC),flag_prefix
7004900,2047447700,map_lot,Rellana's Cameo,PENDING,Land of Shadow (DLC),flag_prefix
7004901,2047447710,map_lot,Castle Cross Message,PENDING,Land of Shadow (DLC),flag_prefix
7004902,2047447720,map_lot,Scadutree Fragment,PENDING,Global / Filler (scattered by design),global_filler
7004903,2047447730,map_lot,Starlight Shards,PENDING,Land of Shadow (DLC),flag_prefix
7004904,2047447750,map_lot,Scadutree Fragment,PENDING,Global / Filler (scattered by design),global_filler
7004905,2047447800,map_lot,Milady,PENDING,Land of Shadow (DLC),flag_prefix
7004906,2047447820,map_lot,Carian Sorcery Sword,PENDING,Land of Shadow (DLC),flag_prefix
7004907,2047447830,map_lot,Wolf Crest Shield,PENDING,Land of Shadow (DLC),flag_prefix
7004908,2047447840,map_lot,Firespark Perfume Bottle,PENDING,Land of Shadow (DLC),flag_prefix
7004909,2047447900,map_lot,Somber Smithing Stone [9],PENDING,Land of Shadow (DLC),flag_prefix
7004910,2047447901,map_lot,Royal Magic Grease,PENDING,Land of Shadow (DLC),flag_prefix
7004911,2047457000,map_lot,Black Pyrefly,PENDING,Land of Shadow (DLC),flag_prefix
7004912,2047457010,map_lot,Smithing Stone [3],PENDING,Land of Shadow (DLC),flag_prefix
7004913,2047457020,map_lot,Somber Smithing Stone [2],PENDING,Land of Shadow (DLC),flag_prefix
7004914,2047457040,map_lot,Messmerfire Grease,PENDING,Land of Shadow (DLC),flag_prefix
7004915,2047457070,map_lot,Redflesh Mushroom,PENDING,Land of Shadow (DLC),flag_prefix
7004916,2047457080,map_lot,Fire Arrow,PENDING,Land of Shadow (DLC),flag_prefix
7004917,2047457180,map_lot,Grave Glovewort [4],PENDING,Land of Shadow (DLC),flag_prefix
7004918,2047457700,map_lot,Smithing Stone [8],PENDING,Land of Shadow (DLC),flag_prefix
7004919,2047457800,map_lot,Larval Tear,PENDING,Land of Shadow (DLC),flag_prefix
7004920,2047457900,map_lot,Serpent Flail,PENDING,Land of Shadow (DLC),flag_prefix
7004921,2047457910,map_lot,Arrow's Soaring Sting Talisman,PENDING,Land of Shadow (DLC),flag_prefix
7004922,2047457920,map_lot,Smithing Stone [7],PENDING,Global / Filler (scattered by design),global_filler
7004923,2047467000,map_lot,Rune Arc,PENDING,Global / Filler (scattered by design),global_filler
7004924,2047467010,map_lot,Rauh Burrow,PENDING,Land of Shadow (DLC),flag_prefix
7004925,2047467030,map_lot,Rauh Burrow,PENDING,Land of Shadow (DLC),flag_prefix
7004926,2047467500,map_lot,Scadutree Fragment,PENDING,Global / Filler (scattered by design),global_filler
7004927,2047477000,map_lot,Ancient Ruins Cross Message,m61_46_47_00,Land of Shadow (DLC),treasure
7004928,2047477010,map_lot,Golden Horn Tender,PENDING,Land of Shadow (DLC),flag_prefix
7004929,2047477020,map_lot,Spirit Calculus,PENDING,Land of Shadow (DLC),flag_prefix
7004930,2047477030,map_lot,Sacred Bloody Flesh,PENDING,Land of Shadow (DLC),flag_prefix
7004931,2047477040,map_lot,Sanguine Amaryllis,PENDING,Land of Shadow (DLC),flag_prefix
7004932,2047477050,map_lot,Smithing Stone [7],PENDING,Global / Filler (scattered by design),global_filler
7004933,2047477070,map_lot,Shadow Realm Rune [3],PENDING,Land of Shadow (DLC),flag_prefix
7004934,2047477900,map_lot,Pearl Shield Talisman,PENDING,Land of Shadow (DLC),flag_prefix
7004935,2047477950,enemy_lot,Bloodfiend's Sacred Spear,PENDING,Land of Shadow (DLC),flag_prefix
7004936,2047477995,enemy_lot,Sacred Bloody Flesh,PENDING,Land of Shadow (DLC),flag_prefix
7004937,2048377010,map_lot,Grave Glovewort [9],m61_48_37_00,Land of Shadow (DLC),treasure
7004938,2048377020,map_lot,Great Grave Glovewort,m61_48_37_00,Land of Shadow (DLC),treasure
7004939,2048377030,map_lot,Grave Glovewort [9],m61_48_37_00,Land of Shadow (DLC),treasure
7004940,2048377050,map_lot,Scadutree Fragment,m61_48_37_00,Land of Shadow (DLC),treasure
7004941,2048387000,map_lot,Grave Cricket,m61_48_38_00,Land of Shadow (DLC),treasure
7004942,2048387010,map_lot,Great Grave Glovewort,m61_48_38_00,Land of Shadow (DLC),treasure
7004943,2048387030,map_lot,Great Grave Glovewort,m61_48_38_00,Land of Shadow (DLC),treasure
7004944,2048397000,map_lot,Smithing Stone [7],m61_48_39_00,Land of Shadow (DLC),treasure
7004945,2048397010,map_lot,Grave Cricket,m61_48_39_00,Land of Shadow (DLC),treasure
7004946,2048397020,map_lot,Human Bone Shard,m61_48_39_00,Land of Shadow (DLC),treasure
7004947,2048397030,map_lot,Call of Tibia,m61_48_39_00,Land of Shadow (DLC),treasure
7004948,2048397040,map_lot,Grave Glovewort [7],m61_48_39_00,Land of Shadow (DLC),treasure
7004949,2048397050,map_lot,[Sorcery] Rings of Spectral Light,m61_48_39_00,Land of Shadow (DLC),treasure
7004950,2048407000,map_lot,Lightning Perfume Bottle,m61_48_40_00,Land of Shadow (DLC),treasure
7004951,2048407010,map_lot,Spirit Glaive,m61_48_40_00,Land of Shadow (DLC),treasure
7004952,2048407020,map_lot,Furnace Visage,m61_48_40_00,Land of Shadow (DLC),treasure
7004953,2048417000,map_lot,Fire Coil,m61_48_41_00,Land of Shadow (DLC),treasure
7004954,2048417010,map_lot,Blessing of Marika,m61_48_41_00,Land of Shadow (DLC),treasure
7004955,2048417030,map_lot,Smithing Stone [2],m61_48_41_00,Land of Shadow (DLC),treasure
7004956,2048417700,map_lot,Scadutree Fragment,m61_48_41_00,Land of Shadow (DLC),treasure
7004957,2048417800,map_lot,Ancient Dragon Smithing Stone,m61_48_41_00,Land of Shadow (DLC),treasure
7004958,2048417980,map_lot,Black Steel Greathammer,PENDING,Land of Shadow (DLC),flag_prefix
7004959,2048427000,map_lot,Festive Grease,PENDING,Land of Shadow (DLC),flag_prefix
7004960,2048427020,map_lot,Gravebird Bracelets,PENDING,Land of Shadow (DLC),flag_prefix
7004961,2048427900,map_lot,Larval Tear,PENDING,Land of Shadow (DLC),flag_prefix
7004962,2048437000,map_lot,Deep-Purple Lily,m61_48_43_00,Land of Shadow (DLC),treasure
7004963,2048437010,map_lot,Toxic Mossling,m61_48_43_00,Land of Shadow (DLC),treasure
7004964,2048437020,map_lot,Shadow Realm Rune [1],m61_48_43_00,Land of Shadow (DLC),treasure
7004965,2048437030,map_lot,Grave Glovewort [6],m61_48_43_00,Land of Shadow (DLC),treasure
7004966,2048437700,map_lot,Scadutree Fragment,m61_48_43_00,Land of Shadow (DLC),treasure
7004967,2048447000,map_lot,Knot Resin,m61_48_44_00,Land of Shadow (DLC),treasure
7004968,2048447010,map_lot,Shadow Realm Rune [2],m61_48_44_00,Land of Shadow (DLC),treasure
7004969,2048447020,map_lot,Hefty Beast Bone,m61_48_44_00,Land of Shadow (DLC),treasure
7004970,2048447030,map_lot,String,m61_48_44_00,Land of Shadow (DLC),treasure
7004971,2048447040,map_lot,Lump of Flesh,m61_48_44_00,Land of Shadow (DLC),treasure
7004972,2048447050,map_lot,Somber Smithing Stone [5],m61_48_44_00,Land of Shadow (DLC),treasure
7004973,2048447060,map_lot,Somber Smithing Stone [6],m61_48_44_00,Land of Shadow (DLC),treasure
7004974,2048447070,map_lot,Somber Smithing Stone [4],m61_48_44_00,Land of Shadow (DLC),treasure
7004975,2048447080,map_lot,Ghost Glovewort [7],m61_48_44_00,Land of Shadow (DLC),treasure
7004976,2048447500,map_lot,Scadutree Fragment,m61_48_44_00,Land of Shadow (DLC),treasure
7004977,2048447800,map_lot,Imbued Sword Key,m61_48_44_00,Land of Shadow (DLC),treasure
7004978,2048447810,map_lot,Ash of War: Wing Stance,m61_48_44_00,Land of Shadow (DLC),treasure
7004979,2048457000,map_lot,Black Pyrefly,m61_48_45_00,Land of Shadow (DLC),treasure
7004980,2048457510,map_lot,Monk's Missive,m61_48_45_00,Land of Shadow (DLC),treasure
7004981,2048457520,map_lot,Scadutree Fragment,m61_48_45_00,Land of Shadow (DLC),treasure
7004982,2048467010,map_lot,Golden Vow,m61_48_46_00,Land of Shadow (DLC),treasure
7004983,2048467030,map_lot,Somber Smithing Stone [6],m61_48_46_00,Land of Shadow (DLC),treasure
7004984,2048467040,map_lot,Ember of Messmer,m61_48_46_00,Land of Shadow (DLC),treasure
7004985,2048467050,map_lot,Drawstring Messmerfire Grease,m61_48_46_00,Land of Shadow (DLC),treasure
7004986,2048467060,map_lot,Smithing Stone [3],m61_48_46_00,Land of Shadow (DLC),treasure
7004987,2048467090,map_lot,Shadow Sunflower,m61_48_46_00,Land of Shadow (DLC),treasure
7004988,2048467500,map_lot,Shadow Realm Rune [4],m61_48_46_00,Land of Shadow (DLC),treasure
7004989,2048467510,map_lot,Scadutree Fragment,m61_48_46_00,Land of Shadow (DLC),treasure
7004990,2048467701,map_lot,Furnace Visage,PENDING,Land of Shadow (DLC),flag_prefix
7004991,2048467710,map_lot,Black Steel Twinblade,PENDING,Land of Shadow (DLC),flag_prefix
7004992,2049377000,map_lot,Arrow,m61_49_37_00,Land of Shadow (DLC),treasure
7004993,2049387000,map_lot,Dragon Communion Harpoon,m61_49_38_00,Land of Shadow (DLC),treasure
7004994,2049387010,map_lot,Dragon Communion Harpoon,m61_49_38_00,Land of Shadow (DLC),treasure
7004995,2049387020,map_lot,Dragon Communion Grease,m61_49_38_00,Land of Shadow (DLC),treasure
7004996,2049387030,map_lot,Dragon Communion Harpoon,m61_49_38_00,Land of Shadow (DLC),treasure
7004997,2049387060,map_lot,Smithing Stone [2],m61_49_38_00,Land of Shadow (DLC),treasure
7004998,2049397000,map_lot,Red Fulgurbloom,PENDING,Land of Shadow (DLC),flag_prefix
7004999,2049427000,map_lot,Talisman of the Dread,PENDING,Land of Shadow (DLC),flag_prefix
7005000,2049427010,map_lot,Somber Smithing Stone [7],PENDING,Global / Filler (scattered by design),global_filler
7005001,2049427700,map_lot,Swollen Grape,PENDING,Land of Shadow (DLC),flag_prefix
7005002,2049427720,map_lot,Swollen Grape,PENDING,Land of Shadow (DLC),flag_prefix
7005003,2049437000,map_lot,Repeating Crossbow,m61_49_43_00,Land of Shadow (DLC),treasure
7005004,2049437200,map_lot,Rune Arc,m61_49_43_00,Land of Shadow (DLC),treasure
7005005,2049437210,map_lot,Blessed Bone Shard,m61_49_43_00,Land of Shadow (DLC),treasure
7005006,2049437220,map_lot,Broken Rune,m61_49_43_00,Land of Shadow (DLC),treasure
7005007,2049437230,map_lot,Messmer Soldier Ashes,m61_49_43_00,Land of Shadow (DLC),treasure
7005008,2049437240,map_lot,Knot Resin,m61_49_43_00,Land of Shadow (DLC),treasure
7005009,2049437250,map_lot,Marika's Rune,m61_49_43_00,Land of Shadow (DLC),treasure
7005010,2049437260,map_lot,Broken Rune,m61_49_43_00,Land of Shadow (DLC),treasure
7005011,2049437270,map_lot,Flamedrake Talisman +3,m61_49_43_00,Land of Shadow (DLC),treasure
7005012,2049437280,map_lot,Spiritgrave Stone,m61_49_43_00,Land of Shadow (DLC),treasure
7005013,2049437290,map_lot,Dewgem,m61_49_43_00,Land of Shadow (DLC),treasure
7005014,2049437300,map_lot,Fireproof Pickled Liver,m61_49_43_00,Land of Shadow (DLC),treasure
7005015,2049437310,map_lot,Blessed Bone Shard,m61_49_43_00,Land of Shadow (DLC),treasure
7005016,2049437320,map_lot,Broken Rune,m61_49_43_00,Land of Shadow (DLC),treasure
7005017,2049437330,map_lot,Ghost Glovewort [1],m61_49_43_00,Land of Shadow (DLC),treasure
7005018,2049437340,map_lot,Broken Rune,m61_49_43_00,Land of Shadow (DLC),treasure
7005019,2049437350,map_lot,Redflesh Mushroom,m61_49_43_00,Land of Shadow (DLC),treasure
7005020,2049437360,map_lot,Throwing Dagger,m61_49_43_00,Land of Shadow (DLC),treasure
7005021,2049437370,map_lot,Shadow Realm Rune [4],m61_49_43_00,Land of Shadow (DLC),treasure
7005022,2049437380,map_lot,Festive Grease,m61_49_43_00,Land of Shadow (DLC),treasure
7005023,2049437500,map_lot,Smithing Stone [6],m61_49_43_00,Land of Shadow (DLC),treasure
7005024,2049437520,map_lot,Smithing Stone [8],m61_49_43_00,Land of Shadow (DLC),treasure
7005025,2049437600,map_lot,Smithing Stone [5],m61_49_43_00,Land of Shadow (DLC),treasure
7005026,2049437610,map_lot,Fireproof Pickled Liver,PENDING,Land of Shadow (DLC),flag_prefix
7005027,2049437620,map_lot,Blessing of Marika,m61_49_43_00,Land of Shadow (DLC),treasure
7005028,2049437900,map_lot,Broken Rune,PENDING,Land of Shadow (DLC),flag_prefix
7005029,2049437901,map_lot,Shadow Realm Rune [2],PENDING,Land of Shadow (DLC),flag_prefix
7005030,2049437902,map_lot,Shadow Realm Rune [3],PENDING,Land of Shadow (DLC),flag_prefix
7005031,2049437910,map_lot,Broken Rune,PENDING,Land of Shadow (DLC),flag_prefix
7005032,2049437911,map_lot,Shadow Realm Rune [2],PENDING,Land of Shadow (DLC),flag_prefix
7005033,2049437912,map_lot,Shadow Realm Rune [3],PENDING,Land of Shadow (DLC),flag_prefix
7005034,2049437920,map_lot,Blessed Bone Shard,PENDING,Land of Shadow (DLC),flag_prefix
7005035,2049437930,map_lot,Blessed Bone Shard,PENDING,Land of Shadow (DLC),flag_prefix
7005036,2049437940,map_lot,Iris of Occultation,PENDING,Land of Shadow (DLC),flag_prefix
7005037,2049440990,enemy_lot,Scadutree Fragment,PENDING,Global / Filler (scattered by design),global_filler
7005038,2049447020,map_lot,Shadow Sunflower,PENDING,Land of Shadow (DLC),flag_prefix
7005039,2049447030,map_lot,String,PENDING,Land of Shadow (DLC),flag_prefix
7005040,2049447040,map_lot,Shadow Realm Rune [3],PENDING,Land of Shadow (DLC),flag_prefix
7005041,2049447050,map_lot,Golden Horn Tender,PENDING,Land of Shadow (DLC),flag_prefix
7005042,2049447060,map_lot,Whiteflesh Mushroom,PENDING,Land of Shadow (DLC),flag_prefix
7005043,2049447070,map_lot,Smithing Stone [1],PENDING,Global / Filler (scattered by design),global_filler
7005044,2049447090,map_lot,Shattered Stone Talisman,PENDING,Land of Shadow (DLC),flag_prefix
7005045,2049447500,map_lot,Revered Spirit Ash,PENDING,Land of Shadow (DLC),flag_prefix
7005046,2049447530,map_lot,Scadutree Fragment,PENDING,Global / Filler (scattered by design),global_filler
7005047,2049447900,map_lot,[Sorcery] Golden Arcs,PENDING,Land of Shadow (DLC),flag_prefix
7005048,2049457000,map_lot,Shadow Sunflower,PENDING,Land of Shadow (DLC),flag_prefix
7005049,2049457010,map_lot,Shadow Realm Rune [3],PENDING,Land of Shadow (DLC),flag_prefix
7005050,2049457050,map_lot,Four-Toed Fowl Foot,PENDING,Land of Shadow (DLC),flag_prefix
7005051,2049457200,map_lot,Leather Crown,PENDING,Land of Shadow (DLC),flag_prefix
7005052,2049457500,map_lot,[Incantation] Heal from Afar,PENDING,Land of Shadow (DLC),flag_prefix
7005053,2049457510,map_lot,Scadutree Fragment,PENDING,Global / Filler (scattered by design),global_filler
7005054,2049467010,map_lot,Gravebird Anklets,PENDING,Land of Shadow (DLC),flag_prefix
7005055,2049467510,map_lot,Furnace Visage,PENDING,Land of Shadow (DLC),flag_prefix
7005056,2049467520,map_lot,Furnace Visage,PENDING,Land of Shadow (DLC),flag_prefix
7005057,2049467530,map_lot,Furnace Visage,PENDING,Land of Shadow (DLC),flag_prefix
7005058,2049467540,map_lot,Furnace Visage,PENDING,Land of Shadow (DLC),flag_prefix
7005059,2049467550,map_lot,Furnace Visage,PENDING,Land of Shadow (DLC),flag_prefix
7005060,2049467560,map_lot,Furnace Visage,PENDING,Land of Shadow (DLC),flag_prefix
7005061,2049467570,map_lot,Furnace Visage,PENDING,Land of Shadow (DLC),flag_prefix
7005062,2049467580,map_lot,Furnace Visage,PENDING,Land of Shadow (DLC),flag_prefix
7005063,2049467590,map_lot,Furnace Visage,PENDING,Land of Shadow (DLC),flag_prefix
7005064,2049467600,map_lot,Furnace Visage,PENDING,Land of Shadow (DLC),flag_prefix
7005065,2049467900,map_lot,Larval Tear,PENDING,Land of Shadow (DLC),flag_prefix
7005066,2049477000,map_lot,Furnace Keeper's Note,PENDING,Land of Shadow (DLC),flag_prefix
7005067,2049477500,map_lot,Furnace Visage,PENDING,Land of Shadow (DLC),flag_prefix
7005068,2049477510,map_lot,Furnace Visage,PENDING,Land of Shadow (DLC),flag_prefix
7005069,2049487000,map_lot,Scadutree Fragment,PENDING,Global / Filler (scattered by design),global_filler
7005070,2049490900,enemy_lot,Gaius's Greaves,PENDING,Land of Shadow (DLC),flag_prefix
7005071,2049497500,map_lot,Scadutree Fragment,PENDING,Global / Filler (scattered by design),global_filler
7005072,2049497510,map_lot,Sharpshot Talisman,PENDING,Land of Shadow (DLC),flag_prefix
7005073,2049497520,map_lot,Scadutree Fragment,PENDING,Global / Filler (scattered by design),global_filler
7005074,2049497530,map_lot,Scadutree Fragment,PENDING,Global / Filler (scattered by design),global_filler
7005075,2049497540,map_lot,Scadutree Fragment,PENDING,Global / Filler (scattered by design),global_filler
7005076,2049497550,map_lot,Scadutree Fragment,PENDING,Global / Filler (scattered by design),global_filler
7005077,2050387000,map_lot,Shadow Realm Rune [2],m61_50_38_00,Land of Shadow (DLC),treasure
7005078,2050387010,map_lot,Grave Glovewort [9],m61_50_38_00,Land of Shadow (DLC),treasure
7005079,2050407000,map_lot,Crimson Seed Talisman +1,PENDING,Land of Shadow (DLC),flag_prefix
7005080,2050417010,map_lot,Clarifying Boluses,m61_50_41_00,Land of Shadow (DLC),treasure
7005081,2050417700,map_lot,Swollen Grape,PENDING,Land of Shadow (DLC),flag_prefix
7005082,2050427700,map_lot,Swollen Grape,PENDING,Land of Shadow (DLC),flag_prefix
7005083,2050437000,map_lot,Silver Horn Tender,m61_50_43_00,Land of Shadow (DLC),treasure
7005084,2050437010,map_lot,Scadutree Fragment,m61_50_43_00,Land of Shadow (DLC),treasure
7005085,2050437040,map_lot,Smithing Stone [7],m61_50_43_00,Land of Shadow (DLC),treasure
7005086,2050437220,map_lot,Smithing Stone [6],m61_50_43_00,Land of Shadow (DLC),treasure
7005087,2050437500,map_lot,Scadutree Fragment,m61_50_43_00,Land of Shadow (DLC),treasure
7005088,2050437720,map_lot,Revered Spirit Ash,m61_50_43_00,Land of Shadow (DLC),treasure
7005089,2050447000,map_lot,Smithing Stone [3],m61_50_44_00,Land of Shadow (DLC),treasure
7005090,2050447010,map_lot,Shadow Realm Rune [4],m61_50_44_00,Land of Shadow (DLC),treasure
7005091,2050447020,map_lot,Living Jar Shard,m61_50_44_00,Land of Shadow (DLC),treasure
7005092,2050447030,map_lot,Living Jar Shard,m61_50_44_00,Land of Shadow (DLC),treasure
7005093,2050447040,map_lot,Raw Meat Dumpling,m61_50_44_00,Land of Shadow (DLC),treasure
7005094,2050447050,map_lot,Bonny Butchering Knife,m61_50_44_00,Land of Shadow (DLC),treasure
7005095,2050447060,map_lot,Human Bone Shard,m61_50_44_00,Land of Shadow (DLC),treasure
7005096,2050447070,map_lot,Glass Shard,m61_50_44_00,Land of Shadow (DLC),treasure
7005097,2050447090,map_lot,Broken Rune,m61_50_44_00,Land of Shadow (DLC),treasure
7005098,2050447100,map_lot,Kukri,m61_50_44_00,Land of Shadow (DLC),treasure
7005099,2050447120,map_lot,Human Bone Shard,m61_50_44_00,Land of Shadow (DLC),treasure
7005100,2050447140,map_lot,Golden Horn Tender,m61_50_44_00,Land of Shadow (DLC),treasure
7005101,2050447500,map_lot,Revered Spirit Ash,m61_50_44_00,Land of Shadow (DLC),treasure
7005102,2050447710,map_lot,Man-Fly Ashes,m61_50_44_00,Land of Shadow (DLC),treasure
7005103,2050447720,map_lot,Dryleaf Robe,m61_50_44_00,Land of Shadow (DLC),treasure
7005104,2050447730,map_lot,Moldmonger's Bell Bearing,m61_50_44_00,Land of Shadow (DLC),treasure
7005105,2050447740,map_lot,Somber Smithing Stone [8],PENDING,Land of Shadow (DLC),flag_prefix
7005106,2050457000,map_lot,Thin Beast Bones,PENDING,Land of Shadow (DLC),flag_prefix
7005107,2050457020,map_lot,Dryleaf Seal,PENDING,Land of Shadow (DLC),flag_prefix
7005108,2050457060,map_lot,Fly Mold,PENDING,Land of Shadow (DLC),flag_prefix
7005109,2050457080,map_lot,Somber Smithing Stone [7],PENDING,Global / Filler (scattered by design),global_filler
7005110,2050457510,map_lot,O Mother,PENDING,Land of Shadow (DLC),flag_prefix
7005111,2050457730,map_lot,Scadutree Fragment,PENDING,Global / Filler (scattered by design),global_filler
7005112,2050467000,map_lot,Smithing Stone [8],m61_50_46_00,Land of Shadow (DLC),treasure
7005113,2050467020,map_lot,Lost Ashes of War,m61_50_46_00,Land of Shadow (DLC),treasure
7005114,2050467030,map_lot,Ember of Messmer,m61_50_46_00,Land of Shadow (DLC),treasure
7005115,2050467040,map_lot,Whiteflesh Mushroom,m61_50_46_00,Land of Shadow (DLC),treasure
7005116,2050467500,map_lot,Furnace Visage,PENDING,Land of Shadow (DLC),flag_prefix
7005117,2050467510,map_lot,Furnace Visage,PENDING,Land of Shadow (DLC),flag_prefix
7005118,2050467700,map_lot,Revered Spirit Ash,m61_50_46_00,Land of Shadow (DLC),treasure
7005119,2050467710,map_lot,Furnace Visage,m61_50_46_00,Land of Shadow (DLC),treasure
7005120,2050467720,map_lot,Furnace Visage,m61_50_46_00,Land of Shadow (DLC),treasure
7005121,2050467730,map_lot,Furnace Visage,m61_50_46_00,Land of Shadow (DLC),treasure
7005122,2050467800,map_lot,Larval Tear,m61_50_46_00,Land of Shadow (DLC),treasure
7005123,2050467900,map_lot,Stone-Sheathed Sword,m61_50_46_00,Land of Shadow (DLC),treasure
7005124,2050467910,map_lot,[Sorcery] Giant Golden Arc,m61_50_46_00,Land of Shadow (DLC),treasure
7005125,2050477010,map_lot,Grave Glovewort [6],PENDING,Land of Shadow (DLC),flag_prefix
7005126,2050477020,map_lot,Blessed Bone Shard,PENDING,Land of Shadow (DLC),flag_prefix
7005127,2051417000,map_lot,Ghost Glovewort [7],PENDING,Land of Shadow (DLC),flag_prefix
7005128,2051417700,map_lot,Aged One's Exultation,PENDING,Land of Shadow (DLC),flag_prefix
7005129,2051417710,map_lot,Swollen Grape,PENDING,Land of Shadow (DLC),flag_prefix
7005130,2051427000,map_lot,Shadow Realm Rune [7],PENDING,Land of Shadow (DLC),flag_prefix
7005131,2051447000,map_lot,Tooth Whip,PENDING,Land of Shadow (DLC),flag_prefix
7005132,2051447010,map_lot,Nascent Butterfly,PENDING,Land of Shadow (DLC),flag_prefix
7005133,2051447020,map_lot,Smithing Stone [1],PENDING,Global / Filler (scattered by design),global_filler
7005134,2051447030,map_lot,Fly Mold,PENDING,Land of Shadow (DLC),flag_prefix
7005135,2051447040,map_lot,Scorpion Liver,PENDING,Land of Shadow (DLC),flag_prefix
7005136,2051447500,map_lot,Scadutree Fragment,PENDING,Global / Filler (scattered by design),global_filler
7005137,2051447510,map_lot,Scadutree Fragment,PENDING,Global / Filler (scattered by design),global_filler
7005138,2051457000,map_lot,Glinting Nail,PENDING,Land of Shadow (DLC),flag_prefix
7005139,2051457530,map_lot,Starlight Shards,PENDING,Land of Shadow (DLC),flag_prefix
7005140,2051457700,map_lot,Furnace Visage,PENDING,Land of Shadow (DLC),flag_prefix
7005141,2051467020,map_lot,Spellmachinist's Bell Bearing,PENDING,Land of Shadow (DLC),flag_prefix
7005142,2051467500,map_lot,Greasemonger's Bell Bearing,PENDING,Land of Shadow (DLC),flag_prefix
7005143,2051467900,map_lot,Rabbath's Cannon,PENDING,Land of Shadow (DLC),flag_prefix
7005144,2051477010,map_lot,Shadow Sunflower,PENDING,Land of Shadow (DLC),flag_prefix
7005145,2051477020,map_lot,Pearlescent Scale,PENDING,Land of Shadow (DLC),flag_prefix
7005146,2051477030,map_lot,Fingerprint Nostrum,PENDING,Land of Shadow (DLC),flag_prefix
7005147,2051477500,map_lot,[Incantation] Minor Erdtree,PENDING,Land of Shadow (DLC),flag_prefix
7005148,2051477510,map_lot,Golden Braid,PENDING,Land of Shadow (DLC),flag_prefix
7005149,2052407010,map_lot,Somber Smithing Stone [6],m61_52_40_00,Land of Shadow (DLC),treasure
7005150,2052417000,map_lot,Shadow Realm Rune [7],m61_52_41_00,Land of Shadow (DLC),treasure
7005151,2052417010,map_lot,Clarifying Boluses,m61_52_41_00,Land of Shadow (DLC),treasure
7005152,2052427500,map_lot,Madding Hand,PENDING,Land of Shadow (DLC),flag_prefix
7005153,2053397000,map_lot,Ancient Dragon Smithing Stone,m61_54_39_00,Land of Shadow (DLC),treasure
7005154,2053397010,map_lot,Somber Ancient Dragon Smithing Stone,m61_53_39_00,Land of Shadow (DLC),treasure
7005155,2053397020,map_lot,Scadutree Fragment,m61_53_39_00,Land of Shadow (DLC),treasure
7005156,2053407000,map_lot,Red Fulgurbloom,m61_53_40_00,Land of Shadow (DLC),treasure
7005157,2053417000,map_lot,Frenzyflame Perfume Bottle,m61_53_41_00,Land of Shadow (DLC),treasure
7005158,2053417020,map_lot,Clarifying Boluses,m61_53_41_00,Land of Shadow (DLC),treasure
7005159,2053417500,map_lot,Scadutree Fragment,m61_53_41_00,Land of Shadow (DLC),treasure
7005160,2053467600,map_lot,Cerulean Seed Talisman +1,PENDING,Land of Shadow (DLC),flag_prefix
7005161,2053487000,map_lot,Fingercreeper Ashes,m61_53_48_00,Land of Shadow (DLC),treasure
7005162,2053487010,map_lot,Shadow Realm Rune [6],m61_53_48_00,Land of Shadow (DLC),treasure
7005163,1038417020,map_lot,Idus Sword,m60_38_41_00,Liurnia,treasure
7005164,1047427000,map_lot,Ritual Thrusting Shield,m60_47_42_00,Caelid,treasure
7005165,1050407000,map_lot,Reed Great Katana,m60_50_40_00,Caelid,treasure
